2026-09-27T08:35:32.147961Z Normal AddedInterface Add eth0 [10.114.71.189] from eni eni-196e8f1d7606
2026-09-27T08:35:35.147961Z Normal AddedInterface Add eth0 [10.119.13.144] from eni eni-4f47b74b2d2e
2026-09-27T08:35:39.147961Z Normal ScalingReplicaSet Scaled up replica set pay-worker-c8e218a4 to 2 from 0
2026-09-27T08:35:42.147961Z Normal LeaderElection pay-api-f9d1cd became leader
2026-09-27T08:35:46.147961Z Normal Pulled Container image "busybox:1.36" already present on machine
2026-09-27T08:35:50.147961Z Normal Pulled Container image "python:3.11-slim" already present on machine
2026-09-27T08:35:53.147961Z Normal Scheduled Successfully assigned kube-system/aws-node-27606a to ip-10-0-2-10.ec2.internal
2026-09-27T08:35:57.147961Z Normal Synced Successfully synced grafana-58af91
2026-09-27T08:36:00.147961Z Normal Created Created container agent
2026-09-27T08:36:04.147961Z Normal Synced Successfully synced web-77a282
2026-09-27T08:36:08.147961Z Normal Synced Successfully synced auth-api-15dfdc
2026-09-27T08:36:11.147961Z Normal Created Created container sidecar
2026-09-27T08:36:15.147961Z Normal Pulled Container image "nginx:1.25" already present on machine
2026-09-27T08:36:18.147961Z Normal AddedInterface Add eth0 [10.243.84.68] from eni eni-8bf431ca5b2c
2026-09-27T08:36:22.147961Z Warning BackOff Back-off restarting failed container agent in pod observability/grafana-e5a28d
2026-09-27T08:36:26.147961Z Normal ScalingReplicaSet Scaled up replica set metrics-server-2957dedd to 5 from 1
2026-09-27T08:36:29.147961Z Normal Started Started container app
2026-09-27T08:36:33.147961Z Warning NodeNotReady Node ip-10-0-2-10.ec2.internal status is now: NodeNotReady
2026-09-27T08:36:36.147961Z Normal Scheduled Successfully assigned ingress-nginx/ingress-nginx-controller-8c98a8 to ip-10-0-1-50.ec2.internal
2026-09-27T08:36:40.147961Z Normal Started Started container app
2026-09-27T08:36:44.147961Z Normal Started Started container app
2026-09-27T08:36:47.147961Z Normal Pulled Container image "registry.k8s.io/coredns/coredns:v1.11.1" already present on machine
2026-09-27T08:36:51.147961Z Normal AddedInterface Add eth0 [10.125.189.73] from eni eni-3b3dd153c57d
2026-09-27T08:36:54.147961Z Normal AddedInterface Add eth0 [10.53.68.68] from eni eni-bf7d1adb0915
2026-09-27T08:36:58.147961Z Normal LeaderElection loki-f52bb1 became leader
2026-09-27T08:37:02.147961Z Normal LeaderElection worker-51fca8 became leader
2026-09-27T08:37:05.147961Z Normal Scheduled Successfully assigned default/web-bcf06b to ip-10-0-5-30.ec2.internal
2026-09-27T08:37:09.147961Z Normal Created Created container sidecar
2026-09-27T08:37:12.147961Z Normal Pulled Container image "ghcr.io/company/pay-api:2.3.1" already present on machine
2026-09-27T08:37:16.147961Z Normal LeaderElection pay-api-3f7f56 became leader
2026-09-27T08:37:20.147961Z Normal SuccessfulCreate Created pod: worker-8e844d
2026-09-27T08:37:23.147961Z Normal LeaderElection oauth-6bef26 became leader
2026-09-27T08:37:27.147961Z Normal SuccessfulCreate Created pod: auth-api-610373
2026-09-27T08:37:30.147961Z Normal LeaderElection ingress-nginx-controller-528cc1 became leader
2026-09-27T08:37:34.147961Z Normal Synced Successfully synced oauth-3bb88b
2026-09-27T08:37:38.147961Z Normal Started Started container app
2026-09-27T08:37:41.147961Z Normal LeaderElection web-efd779 became leader
2026-09-27T08:37:45.147961Z Normal AddedInterface Add eth0 [10.54.217.57] from eni eni-4d9051c2b2b3
2026-09-27T08:37:48.147961Z Normal AddedInterface Add eth0 [10.237.162.244] from eni eni-1d8e4b2a25bb
2026-09-27T08:37:52.147961Z Normal AddedInterface Add eth0 [10.132.126.216] from eni eni-676308a7b4bc
2026-09-27T08:37:56.147961Z Normal AddedInterface Add eth0 [10.146.120.70] from eni eni-863824daa347
2026-09-27T08:37:59.147961Z Normal Synced Successfully synced aws-node-9299bd
2026-09-27T08:38:03.147961Z Normal LeaderElection metrics-server-bf3b07 became leader
2026-09-27T08:38:06.147961Z Normal LeaderElection ingress-nginx-controller-80bead became leader
2026-09-27T08:38:10.147961Z Normal SuccessfulCreate Created pod: coredns-983994
2026-09-27T08:38:14.147961Z Normal Pulled Container image "ghcr.io/company/auth-api:1.9.0" already present on machine
2026-09-27T08:38:17.147961Z Normal Started Started container sidecar
2026-09-27T08:38:21.147961Z Normal Created Created container proxy
2026-09-27T08:38:24.147961Z Normal LeaderElection ingress-nginx-controller-35a2b2 became leader
2026-09-27T08:38:28.147961Z Normal LeaderElection coredns-b38090 became leader
2026-09-27T08:38:32.147961Z Normal Synced Successfully synced oauth-941a9e
2026-09-27T08:38:35.147961Z Normal Pulled Container image "registry.k8s.io/coredns/coredns:v1.11.1" already present on machine
2026-09-27T08:38:39.147961Z Normal Started Started container proxy
2026-09-27T08:38:42.147961Z Normal Synced Successfully synced grafana-247872
2026-09-27T08:38:46.147961Z Normal Started Started container proxy
2026-09-27T08:38:50.147961Z Normal SuccessfulCreate Created pod: oauth-3790fa
2026-09-27T08:38:53.147961Z Normal AddedInterface Add eth0 [10.94.98.56] from eni eni-336d766acbf2
2026-09-27T08:38:57.147961Z Normal Scheduled Successfully assigned default/api-e5c53c to ip-10-0-2-50.ec2.internal
2026-09-27T08:39:00.147961Z Normal Created Created container proxy
2026-09-27T08:39:04.147961Z Normal SuccessfulCreate Created pod: pay-api-8de7ce
2026-09-27T08:39:08.147961Z Normal LeaderElection frontend-4ae537 became leader
2026-09-27T08:39:11.147961Z Normal Created Created container app
2026-09-27T08:39:15.147961Z Normal SuccessfulCreate Created pod: coredns-112662
2026-09-27T08:39:18.147961Z Normal Created Created container sidecar
2026-09-27T08:39:22.147961Z Normal SuccessfulCreate Created pod: kube-proxy-6e3177
2026-09-27T08:39:26.147961Z Normal Scheduled Successfully assigned payments/pay-worker-71a758 to ip-10-0-1-30.ec2.internal
2026-09-27T08:39:29.147961Z Normal Synced Successfully synced api-09eaa0
2026-09-27T08:39:33.147961Z Normal LeaderElection grafana-e25c17 became leader
2026-09-27T08:39:36.147961Z Normal AddedInterface Add eth0 [10.59.206.222] from eni eni-341a31f4ab74
2026-09-27T08:39:40.147961Z Normal AddedInterface Add eth0 [10.255.226.195] from eni eni-eaecc31d33f3
2026-09-27T08:39:44.147961Z Normal Pulled Container image "ghcr.io/company/pay-api:2.3.1" already present on machine
2026-09-27T08:39:47.147961Z Normal Started Started container sidecar
2026-09-27T08:39:51.147961Z Normal AddedInterface Add eth0 [10.35.141.198] from eni eni-6357451f4d98
2026-09-27T08:39:54.147961Z Normal AddedInterface Add eth0 [10.76.228.138] from eni eni-23c7ecaedbaf
2026-09-27T08:39:58.147961Z Warning FailedCreate Error creating: pods "pay-worker-e1d4ed" is forbidden: error looking up service account payments/default: serviceaccount "default" not found
2026-09-27T08:40:02.147961Z Normal ScalingReplicaSet Scaled up replica set metrics-server-68984fc8 to 6 from 1
2026-09-27T08:40:05.147961Z Normal Pulled Container image "ghcr.io/company/auth-api:1.9.0" already present on machine
2026-09-27T08:40:09.147961Z Normal SuccessfulCreate Created pod: ingress-nginx-controller-7dda3b
2026-09-27T08:40:12.147961Z Normal LeaderElection pay-api-f1c199 became leader
2026-09-27T08:40:16.147961Z Normal Synced Successfully synced metrics-server-aa5d57
2026-09-27T08:40:20.147961Z Normal SuccessfulCreate Created pod: auth-api-ece22c
2026-09-27T08:40:23.147961Z Warning DNSConfigForming Nameserver limits were exceeded, some nameservers have been omitted, the applied nameserver line is: 10.140.4.145 10.25.254.214 10.146.117.156 10.180.112.163 10.97.128.174
2026-09-27T08:40:27.147961Z Normal LeaderElection ingress-nginx-controller-4d8aa1 became leader
2026-09-27T08:40:30.147961Z Normal SuccessfulCreate Created pod: kube-proxy-e9dbb0
2026-09-27T08:40:34.147961Z Warning NodeNotReady Node ip-10-0-1-50.ec2.internal status is now: NodeNotReady
2026-09-27T08:40:38.147961Z Normal Synced Successfully synced ingress-nginx-controller-a01cad
2026-09-27T08:40:41.147961Z Normal Synced Successfully synced aws-node-865971
2026-09-27T08:40:45.147961Z Normal Pulled Container image "python:3.11-slim" already present on machine
2026-09-27T08:40:48.147961Z Normal Started Started container proxy
2026-09-27T08:40:52.147961Z Normal Started Started container sidecar
2026-09-27T08:40:56.147961Z Normal ScalingReplicaSet Scaled up replica set auth-api-0a771abf to 3 from 2
2026-09-27T08:40:59.147961Z Normal Synced Successfully synced prometheus-eb08f0
2026-09-27T08:41:03.147961Z Warning FailedMount Unable to attach or mount volumes: timed out waiting for the condition
2026-09-27T08:41:06.147961Z Normal Synced Successfully synced pay-worker-cab21a
2026-09-27T08:41:10.147961Z Normal Synced Successfully synced ingress-nginx-controller-2ae1f0
2026-09-27T08:41:14.147961Z Normal AddedInterface Add eth0 [10.190.66.143] from eni eni-f2049e065e51
2026-09-27T08:41:17.147961Z Normal ScalingReplicaSet Scaled up replica set ingress-nginx-controller-96d47436 to 2 from 2
2026-09-27T08:41:21.147961Z Normal SuccessfulCreate Created pod: auth-api-d0e07d
2026-09-27T08:41:24.147961Z Normal ScalingReplicaSet Scaled up replica set pay-api-b1a72d4e to 2 from 0
2026-09-27T08:41:28.147961Z Normal Synced Successfully synced metrics-server-6df247
2026-09-27T08:41:32.147961Z Normal Scheduled Successfully assigned observability/grafana-9b0bde to ip-10-0-5-40.ec2.internal
2026-09-27T08:41:35.147961Z Normal Pulled Container image "registry.k8s.io/coredns/coredns:v1.11.1" already present on machine
2026-09-27T08:41:39.147961Z Warning ImagePullBackOff Back-off pulling image "nginx:1.25"
2026-09-27T08:41:42.147961Z Normal LeaderElection pay-api-21a831 became leader
2026-09-27T08:41:46.147961Z Normal Started Started container sidecar
2026-09-27T08:41:50.147961Z Warning MemPressure Node ip-10-0-3-30.ec2.internal status is now: NodeHasMemoryPressure
2026-09-27T08:41:53.147961Z Normal SuccessfulCreate Created pod: oauth-80722c
2026-09-27T08:41:57.147961Z Normal SuccessfulCreate Created pod: worker-4c81ff
2026-09-27T08:42:00.147961Z Normal Scheduled Successfully assigned default/frontend-f3f935 to ip-10-0-3-50.ec2.internal
2026-09-27T08:42:04.147961Z Normal Created Created container sidecar
2026-09-27T08:42:08.147961Z Normal LeaderElection grafana-80ccb2 became leader
2026-09-27T08:42:11.147961Z Normal Pulled Container image "busybox:1.36" already present on machine
2026-09-27T08:42:15.147961Z Normal Started Started container app
2026-09-27T08:42:18.147961Z Normal Created Created container sidecar
2026-09-27T08:42:22.147961Z Normal Started Started container sidecar
2026-09-27T08:42:26.147961Z Normal Started Started container sidecar
2026-09-27T08:42:29.147961Z Normal Created Created container agent
2026-09-27T08:42:33.147961Z Normal AddedInterface Add eth0 [10.63.145.22] from eni eni-692067491a29
2026-09-27T08:42:36.147961Z Normal Pulled Container image "nginx:1.25" already present on machine
2026-09-27T08:42:40.147961Z Normal Synced Successfully synced worker-0edfc5
2026-09-27T08:42:44.147961Z Normal AddedInterface Add eth0 [10.9.131.56] from eni eni-a435f4f2a654
2026-09-27T08:42:47.147961Z Warning DNSConfigForming Nameserver limits were exceeded, some nameservers have been omitted, the applied nameserver line is: 10.8.123.184 10.73.149.110 10.0.180.62 10.213.95.171 10.43.184.18
2026-09-27T08:42:51.147961Z Normal Pulled Container image "nginx:1.25" already present on machine
2026-09-27T08:42:54.147961Z Normal Created Created container agent
2026-09-27T08:42:58.147961Z Warning FailedScheduling 0/6 nodes are available: Insufficient cpu
2026-09-27T08:43:02.147961Z Normal LeaderElection ingress-nginx-controller-1baf0b became leader
2026-09-27T08:43:05.147961Z Normal LeaderElection auth-api-7b6c0f became leader
2026-09-27T08:43:09.147961Z Warning MemPressure Node ip-10-0-3-50.ec2.internal status is now: NodeHasMemoryPressure
2026-09-27T08:43:12.147961Z Normal SuccessfulCreate Created pod: metrics-server-7e3d25
2026-09-27T08:43:16.147961Z Normal Started Started container proxy
2026-09-27T08:43:20.147961Z Normal ScalingReplicaSet Scaled up replica set ingress-nginx-controller-6442b955 to 4 from 2
2026-09-27T08:43:23.147961Z Normal Started Started container sidecar
2026-09-27T08:43:27.147961Z Normal Synced Successfully synced pay-api-d5416b
2026-09-27T08:43:30.147961Z Normal AddedInterface Add eth0 [10.37.230.120] from eni eni-492ff0d8bbb0
2026-09-27T08:43:34.147961Z Normal Started Started container app
2026-09-27T08:43:38.147961Z Normal Pulled Container image "ghcr.io/company/pay-api:2.3.1" already present on machine
2026-09-27T08:43:41.147961Z Normal SuccessfulCreate Created pod: aws-node-43ddd0
2026-09-27T08:43:45.147961Z Normal Pulled Container image "ghcr.io/company/pay-api:2.3.1" already present on machine
2026-09-27T08:43:48.147961Z Normal ScalingReplicaSet Scaled up replica set pay-worker-b7778c1d to 5 from 0
2026-09-27T08:43:52.147961Z Normal Created Created container app
2026-09-27T08:43:56.147961Z Normal Created Created container proxy
2026-09-27T08:43:59.147961Z Normal Started Started container proxy
2026-09-27T08:44:03.147961Z Normal LeaderElection web-36825b became leader
2026-09-27T08:44:06.147961Z Normal SuccessfulCreate Created pod: ingress-nginx-controller-e0b1e3
2026-09-27T08:44:10.147961Z Normal ScalingReplicaSet Scaled up replica set oauth-da680705 to 6 from 1
2026-09-27T08:44:14.147961Z Normal Synced Successfully synced aws-node-a2edf4
2026-09-27T08:44:17.147961Z Normal AddedInterface Add eth0 [10.201.153.152] from eni eni-be94c991030a
2026-09-27T08:44:21.147961Z Normal Scheduled Successfully assigned ingress-nginx/ingress-nginx-controller-272933 to ip-10-0-4-10.ec2.internal
2026-09-27T08:44:24.147961Z Normal Started Started container sidecar
2026-09-27T08:44:28.147961Z Normal LeaderElection ingress-nginx-controller-967687 became leader
2026-09-27T08:44:32.147961Z Normal ScalingReplicaSet Scaled up replica set pay-api-3ae7b61b to 3 from 1
2026-09-27T08:44:35.147961Z Normal SuccessfulCreate Created pod: oauth-8b5ffb
2026-09-27T08:44:39.147961Z Normal AddedInterface Add eth0 [10.245.178.144] from eni eni-26f0f385dc99
2026-09-27T08:44:42.147961Z Normal Synced Successfully synced prometheus-5b11d4
2026-09-27T08:44:46.147961Z Normal AddedInterface Add eth0 [10.55.122.63] from eni eni-3f92de1a3aa4
2026-09-27T08:44:50.147961Z Warning NodeNotReady Node ip-10-0-1-40.ec2.internal status is now: NodeNotReady
2026-09-27T08:44:53.147961Z Normal ScalingReplicaSet Scaled up replica set pay-api-430477f4 to 4 from 1
2026-09-27T08:44:57.147961Z Normal SuccessfulCreate Created pod: ingress-nginx-controller-601bd8
2026-09-27T08:45:00.147961Z Normal Pulled Container image "python:3.11-slim" already present on machine
2026-09-27T08:45:04.147961Z Normal SuccessfulCreate Created pod: pay-worker-92c460
2026-09-27T08:45:08.147961Z Normal Created Created container agent
2026-09-27T08:45:11.147961Z Normal Created Created container app
2026-09-27T08:45:15.147961Z Normal AddedInterface Add eth0 [10.111.126.175] from eni eni-2e68708a9000
2026-09-27T08:45:18.147961Z Normal Started Started container sidecar
2026-09-27T08:45:22.147961Z Normal SuccessfulCreate Created pod: frontend-601b01
2026-09-27T08:45:26.147961Z Normal AddedInterface Add eth0 [10.37.23.109] from eni eni-0da5fc33d994
2026-09-27T08:45:29.147961Z Normal LeaderElection pay-api-d5870c became leader
2026-09-27T08:45:33.147961Z Normal Started Started container agent
2026-09-27T08:45:36.147961Z Normal SuccessfulCreate Created pod: grafana-d17df6
2026-09-27T08:45:40.147961Z Normal Scheduled Successfully assigned default/web-36bd73 to ip-10-0-5-20.ec2.internal
2026-09-27T08:45:44.147961Z Normal Scheduled Successfully assigned ingress-nginx/ingress-nginx-controller-6b6879 to ip-10-0-2-30.ec2.internal
2026-09-27T08:45:47.147961Z Normal AddedInterface Add eth0 [10.164.121.78] from eni eni-c14714b9e250
2026-09-27T08:45:51.147961Z Normal LeaderElection grafana-9d4652 became leader
2026-09-27T08:45:54.147961Z Normal Started Started container sidecar
2026-09-27T08:45:58.147961Z Normal Pulled Container image "registry.k8s.io/coredns/coredns:v1.11.1" already present on machine
2026-09-27T08:46:02.147961Z Normal ScalingReplicaSet Scaled up replica set api-123f2bef to 4 from 0
2026-09-27T08:46:05.147961Z Normal Started Started container app
2026-09-27T08:46:09.147961Z Normal Synced Successfully synced grafana-e268ee
2026-09-27T08:46:12.147961Z Normal LeaderElection grafana-30b9f2 became leader
2026-09-27T08:46:16.147961Z Normal Synced Successfully synced kube-proxy-98df78
2026-09-27T08:46:20.147961Z Normal Pulled Container image "ghcr.io/company/pay-api:2.3.1" already present on machine
2026-09-27T08:46:23.147961Z Normal Synced Successfully synced pay-api-c33475
2026-09-27T08:46:27.147961Z Normal Created Created container app
2026-09-27T08:46:30.147961Z Warning Unhealthy Readiness probe failed: Get "http://10.129.181.69:9090/health": dial tcp 10.129.181.69:9090: i/o timeout
2026-09-27T08:46:34.147961Z Normal SuccessfulCreate Created pod: loki-e34c98
2026-09-27T08:46:38.147961Z Normal SuccessfulCreate Created pod: ingress-nginx-controller-ece3af
2026-09-27T08:46:41.147961Z Warning Unhealthy Readiness probe failed: Get "http://10.71.40.129:8080/health": dial tcp 10.71.40.129:8080: i/o timeout
2026-09-27T08:46:45.147961Z Normal ScalingReplicaSet Scaled up replica set worker-e1dd8d5a to 4 from 0
2026-09-27T08:46:48.147961Z Normal Synced Successfully synced web-834bf9
2026-09-27T08:46:52.147961Z Normal Scheduled Successfully assigned auth/oauth-5efa2f to ip-10-0-1-40.ec2.internal
2026-09-27T08:46:56.147961Z Normal SuccessfulCreate Created pod: pay-api-3eeb83
2026-09-27T08:46:59.147961Z Normal Started Started container agent
2026-09-27T08:47:03.147961Z Normal LeaderElection auth-api-b42abe became leader
2026-09-27T08:47:06.147961Z Normal LeaderElection grafana-d2b96f became leader
2026-09-27T08:47:10.147961Z Normal Started Started container sidecar
2026-09-27T08:47:14.147961Z Normal Pulled Container image "ghcr.io/company/pay-api:2.3.1" already present on machine
2026-09-27T08:47:17.147961Z Normal Pulled Container image "python:3.11-slim" already present on machine
2026-09-27T08:47:21.147961Z Normal Started Started container proxy
2026-09-27T08:47:24.147961Z Normal Started Started container proxy
2026-09-27T08:47:28.147961Z Normal SuccessfulCreate Created pod: auth-api-9e13fb
2026-09-27T08:47:32.147961Z Normal Pulled Container image "public.ecr.aws/eks/aws-node:v1.14.1" already present on machine
2026-09-27T08:47:35.147961Z Normal Created Created container app
2026-09-27T08:47:39.147961Z Normal LeaderElection aws-node-764ce4 became leader
2026-09-27T08:47:42.147961Z Normal Pulled Container image "registry.k8s.io/coredns/coredns:v1.11.1" already present on machine
2026-09-27T08:47:46.147961Z Normal ScalingReplicaSet Scaled up replica set auth-api-5e241eab to 6 from 1
2026-09-27T08:47:50.147961Z Normal SuccessfulCreate Created pod: oauth-8adafb
2026-09-27T08:47:53.147961Z Normal AddedInterface Add eth0 [10.156.59.47] from eni eni-44a1a6178d1b
2026-09-27T08:47:57.147961Z Normal Synced Successfully synced auth-api-132f87
2026-09-27T08:48:00.147961Z Normal LeaderElection kube-proxy-ed2cd6 became leader
2026-09-27T08:48:04.147961Z Normal Started Started container proxy
2026-09-27T08:48:08.147961Z Normal SuccessfulCreate Created pod: prometheus-06732f
2026-09-27T08:48:11.147961Z Normal Scheduled Successfully assigned auth/auth-api-0b7861 to ip-10-0-5-50.ec2.internal
2026-09-27T08:48:15.147961Z Normal LeaderElection prometheus-2b59de became leader
2026-09-27T08:48:18.147961Z Normal SuccessfulCreate Created pod: aws-node-94c76c
2026-09-27T08:48:22.147961Z Normal Created Created container app
2026-09-27T08:48:26.147961Z Normal Pulled Container image "registry.k8s.io/coredns/coredns:v1.11.1" already present on machine
2026-09-27T08:48:29.147961Z Normal Pulled Container image "registry.k8s.io/coredns/coredns:v1.11.1" already present on machine
2026-09-27T08:48:33.147961Z Normal SuccessfulCreate Created pod: ingress-nginx-controller-1e943b
2026-09-27T08:48:36.147961Z Normal Synced Successfully synced auth-api-a44639
2026-09-27T08:48:40.147961Z Normal SuccessfulCreate Created pod: metrics-server-8d6728
2026-09-27T08:48:44.147961Z Normal Started Started container agent
2026-09-27T08:48:47.147961Z Normal Synced Successfully synced web-6e3882
2026-09-27T08:48:51.147961Z Normal Pulled Container image "ghcr.io/company/pay-api:2.3.1" already present on machine
2026-09-27T08:48:54.147961Z Normal Created Created container proxy
2026-09-27T08:48:58.147961Z Normal Pulled Container image "registry.k8s.io/coredns/coredns:v1.11.1" already present on machine
2026-09-27T08:49:02.147961Z Normal SuccessfulCreate Created pod: pay-worker-5bbcf4
2026-09-27T08:49:05.147961Z Normal Started Started container sidecar
2026-09-27T08:49:09.147961Z Normal LeaderElection api-1df5e7 became leader
2026-09-27T08:49:12.147961Z Warning FailedScheduling 0/7 nodes are available: Insufficient cpu
2026-09-27T08:49:16.147961Z Normal LeaderElection grafana-48d4d4 became leader
2026-09-27T08:49:20.147961Z Normal ScalingReplicaSet Scaled up replica set auth-api-2ac97545 to 6 from 2
2026-09-27T08:49:23.147961Z Normal LeaderElection ingress-nginx-controller-33760d became leader
2026-09-27T08:49:27.147961Z Normal Created Created container app
2026-09-27T08:49:30.147961Z Normal Synced Successfully synced prometheus-a3d2c3
2026-09-27T08:49:34.147961Z Normal Pulled Container image "python:3.11-slim" already present on machine
2026-09-27T08:49:38.147961Z Normal SuccessfulCreate Created pod: web-f5953b
2026-09-27T08:49:41.147961Z Normal Synced Successfully synced oauth-6d5c16
2026-09-27T08:49:45.147961Z Normal Scheduled Successfully assigned auth/auth-api-bced00 to ip-10-0-1-50.ec2.internal
2026-09-27T08:49:48.147961Z Normal Created Created container agent
2026-09-27T08:49:52.147961Z Normal AddedInterface Add eth0 [10.190.234.250] from eni eni-71626ba7f08e
2026-09-27T08:49:56.147961Z Normal LeaderElection pay-api-0a1227 became leader
2026-09-27T08:49:59.147961Z Normal Synced Successfully synced pay-worker-8eabf4
2026-09-27T08:50:03.147961Z Normal SuccessfulCreate Created pod: worker-32ea0c
2026-09-27T08:50:06.147961Z Normal SuccessfulCreate Created pod: kube-proxy-c9a9b3
2026-09-27T08:50:10.147961Z Normal Scheduled Successfully assigned payments/pay-worker-d28152 to ip-10-0-4-30.ec2.internal
2026-09-27T08:50:14.147961Z Normal Synced Successfully synced metrics-server-c6dcb7
2026-09-27T08:50:17.147961Z Normal LeaderElection prometheus-8ad3c5 became leader
2026-09-27T08:50:21.147961Z Normal Synced Successfully synced prometheus-068094
2026-09-27T08:50:24.147961Z Normal AddedInterface Add eth0 [10.70.214.52] from eni eni-54601998b802
2026-09-27T08:50:28.147961Z Warning DiskPressure Node ip-10-0-4-10.ec2.internal status is now: NodeHasDiskPressure
2026-09-27T08:50:32.147961Z Normal Created Created container agent
2026-09-27T08:50:35.147961Z Warning FailedMount Unable to attach or mount volumes: timed out waiting for the condition
2026-09-27T08:50:39.147961Z Normal Created Created container proxy
2026-09-27T08:50:42.147961Z Normal Scheduled Successfully assigned payments/pay-worker-08640f to ip-10-0-2-10.ec2.internal
2026-09-27T08:50:46.147961Z Normal Pulled Container image "ghcr.io/company/auth-api:1.9.0" already present on machine
2026-09-27T08:50:50.147961Z Normal Pulled Container image "ghcr.io/company/auth-api:1.9.0" already present on machine
2026-09-27T08:50:53.147961Z Normal LeaderElection web-d0846b became leader
2026-09-27T08:50:57.147961Z Normal ScalingReplicaSet Scaled up replica set pay-api-57f6c2fe to 4 from 0
2026-09-27T08:51:00.147961Z Normal LeaderElection worker-d34f7e became leader
2026-09-27T08:51:04.147961Z Normal SuccessfulCreate Created pod: pay-api-f424de
2026-09-27T08:51:08.147961Z Normal Synced Successfully synced frontend-db3161
2026-09-27T08:51:11.147961Z Normal SuccessfulCreate Created pod: api-3dd1dc
2026-09-27T08:51:15.147961Z Normal Synced Successfully synced oauth-60665b
2026-09-27T08:51:18.147961Z Normal LeaderElection loki-438363 became leader
2026-09-27T08:51:22.147961Z Warning DNSConfigForming Nameserver limits were exceeded, some nameservers have been omitted, the applied nameserver line is: 10.75.61.244 10.229.88.243 10.85.108.207 10.98.64.11 10.216.40.253
2026-09-27T08:51:26.147961Z Normal AddedInterface Add eth0 [10.198.203.142] from eni eni-24fea48993bb
2026-09-27T08:51:29.147961Z Normal Pulled Container image "python:3.11-slim" already present on machine
2026-09-27T08:51:33.147961Z Normal Created Created container proxy
2026-09-27T08:51:36.147961Z Normal ScalingReplicaSet Scaled up replica set ingress-nginx-controller-7d6d60b9 to 2 from 1
2026-09-27T08:51:40.147961Z Normal Synced Successfully synced grafana-dc25d8
2026-09-27T08:51:44.147961Z Normal AddedInterface Add eth0 [10.226.108.234] from eni eni-6e7c5cf940f5
2026-09-27T08:51:47.147961Z Normal Started Started container agent
2026-09-27T08:51:51.147961Z Normal Pulled Container image "ghcr.io/company/pay-api:2.3.1" already present on machine
2026-09-27T08:51:54.147961Z Normal SuccessfulCreate Created pod: grafana-996edd
2026-09-27T08:51:58.147961Z Normal SuccessfulCreate Created pod: frontend-001d47
2026-09-27T08:52:02.147961Z Normal SuccessfulCreate Created pod: web-318747
2026-09-27T08:52:05.147961Z Normal Scheduled Successfully assigned payments/pay-worker-806732 to ip-10-0-3-50.ec2.internal
2026-09-27T08:52:09.147961Z Normal ScalingReplicaSet Scaled up replica set loki-64bd5968 to 4 from 1
2026-09-27T08:52:12.147961Z Normal Created Created container sidecar
2026-09-27T08:52:16.147961Z Normal Started Started container proxy
2026-09-27T08:52:20.147961Z Normal SuccessfulCreate Created pod: pay-worker-4df6fd
2026-09-27T08:52:23.147961Z Normal ScalingReplicaSet Scaled up replica set ingress-nginx-controller-fbfe2f7d to 4 from 1
2026-09-27T08:52:27.147961Z Normal LeaderElection oauth-7f5869 became leader
2026-09-27T08:52:30.147961Z Normal Created Created container sidecar
2026-09-27T08:52:34.147961Z Normal Created Created container agent
2026-09-27T08:52:38.147961Z Normal Scheduled Successfully assigned payments/pay-api-0141f0 to ip-10-0-1-50.ec2.internal
2026-09-27T08:52:41.147961Z Normal Started Started container agent
2026-09-27T08:52:45.147961Z Normal SuccessfulCreate Created pod: grafana-b7c029
2026-09-27T08:52:48.147961Z Normal LeaderElection oauth-d9eb2c became leader
2026-09-27T08:52:52.147961Z Normal SuccessfulCreate Created pod: aws-node-07433f
2026-09-27T08:52:56.147961Z Normal LeaderElection web-5da283 became leader
2026-09-27T08:52:59.147961Z Normal SuccessfulCreate Created pod: grafana-3dfa0c
2026-09-27T08:53:03.147961Z Normal Started Started container app
2026-09-27T08:53:06.147961Z Normal Synced Successfully synced kube-proxy-670f8b
2026-09-27T08:53:10.147961Z Normal Pulled Container image "nginx:1.25" already present on machine
2026-09-27T08:53:14.147961Z Normal SuccessfulCreate Created pod: ingress-nginx-controller-045145
2026-09-27T08:53:17.147961Z Normal Created Created container app
2026-09-27T08:53:21.147961Z Normal Synced Successfully synced pay-worker-71d6d9
2026-09-27T08:53:24.147961Z Normal Synced Successfully synced ingress-nginx-controller-81eacd
2026-09-27T08:53:28.147961Z Normal Synced Successfully synced pay-api-4660ee
2026-09-27T08:53:32.147961Z Normal ScalingReplicaSet Scaled up replica set pay-api-d0c880f9 to 6 from 2
2026-09-27T08:53:35.147961Z Warning OOMKilled Container sidecar in pod ingress-nginx/ingress-nginx-controller-1c48a3 was killed due to OOM
2026-09-27T08:53:39.147961Z Normal Scheduled Successfully assigned payments/pay-worker-0a82f3 to ip-10-0-1-30.ec2.internal
2026-09-27T08:53:42.147961Z Normal Synced Successfully synced pay-api-c2c919
2026-09-27T08:53:46.147961Z Normal Started Started container agent
2026-09-27T08:53:50.147961Z Normal LeaderElection loki-ca3ccf became leader
2026-09-27T08:53:53.147961Z Normal Pulled Container image "ghcr.io/company/auth-api:1.9.0" already present on machine
2026-09-27T08:53:57.147961Z Normal LeaderElection ingress-nginx-controller-d1f39d became leader
2026-09-27T08:54:00.147961Z Normal LeaderElection auth-api-4b5f37 became leader
2026-09-27T08:54:04.147961Z Normal AddedInterface Add eth0 [10.150.231.207] from eni eni-fd1c45f72902
2026-09-27T08:54:08.147961Z Normal Created Created container sidecar
2026-09-27T08:54:11.147961Z Normal AddedInterface Add eth0 [10.180.245.150] from eni eni-5b75fc06b348
2026-09-27T08:54:15.147961Z Normal Created Created container proxy
2026-09-27T08:54:18.147961Z Normal AddedInterface Add eth0 [10.16.183.209] from eni eni-cc1728dc9a6e
2026-09-27T08:54:22.147961Z Normal ScalingReplicaSet Scaled up replica set ingress-nginx-controller-eaf2e998 to 6 from 0
2026-09-27T08:54:26.147961Z Normal Started Started container proxy
2026-09-27T08:54:29.147961Z Normal SuccessfulCreate Created pod: coredns-ba7f30
2026-09-27T08:54:33.147961Z Normal SuccessfulCreate Created pod: oauth-df5396
2026-09-27T08:54:36.147961Z Normal Created Created container agent
2026-09-27T08:54:40.147961Z Normal AddedInterface Add eth0 [10.109.169.85] from eni eni-ff6fe3c25c8a
2026-09-27T08:54:44.147961Z Normal ScalingReplicaSet Scaled up replica set ingress-nginx-controller-84c69563 to 5 from 0
2026-09-27T08:54:47.147961Z Normal Started Started container agent
2026-09-27T08:54:51.147961Z Normal LeaderElection web-be4da2 became leader
2026-09-27T08:54:54.147961Z Warning CrashLoopBackOff pod/oauth-21e406 CrashLoopBackOff
2026-09-27T08:54:58.147961Z Normal SuccessfulCreate Created pod: ingress-nginx-controller-f5c7ab
2026-09-27T08:55:02.147961Z Normal LeaderElection grafana-88646b became leader
2026-09-27T08:55:05.147961Z Normal LeaderElection ingress-nginx-controller-493561 became leader
2026-09-27T08:55:09.147961Z Normal SuccessfulCreate Created pod: worker-adb251
2026-09-27T08:55:12.147961Z Normal Started Started container proxy
2026-09-27T08:55:16.147961Z Normal Synced Successfully synced grafana-3bd5d3
2026-09-27T08:55:20.147961Z Normal ScalingReplicaSet Scaled up replica set ingress-nginx-controller-f3ef7b99 to 3 from 0
2026-09-27T08:55:23.147961Z Normal SuccessfulCreate Created pod: ingress-nginx-controller-989ffc
2026-09-27T08:55:27.147961Z Normal Pulled Container image "ghcr.io/company/auth-api:1.9.0" already present on machine
2026-09-27T08:55:30.147961Z Normal AddedInterface Add eth0 [10.108.18.142] from eni eni-ff9517dff89a
2026-09-27T08:55:34.147961Z Normal AddedInterface Add eth0 [10.148.68.119] from eni eni-5f0b61a11e74
2026-09-27T08:55:38.147961Z Normal Synced Successfully synced aws-node-c24a37
2026-09-27T08:55:41.147961Z Normal ScalingReplicaSet Scaled up replica set metrics-server-75bcb924 to 5 from 1
2026-09-27T08:55:45.147961Z Normal LeaderElection pay-api-afd1db became leader
2026-09-27T08:55:48.147961Z Normal Synced Successfully synced ingress-nginx-controller-544846
2026-09-27T08:55:52.147961Z Normal ScalingReplicaSet Scaled up replica set auth-api-bb293ae5 to 6 from 2
2026-09-27T08:55:56.147961Z Normal Created Created container agent
2026-09-27T08:55:59.147961Z Normal Created Created container sidecar
2026-09-27T08:56:03.147961Z Normal Created Created container agent
2026-09-27T08:56:06.147961Z Normal Pulled Container image "busybox:1.36" already present on machine
2026-09-27T08:56:10.147961Z Normal Scheduled Successfully assigned payments/pay-api-a2b721 to ip-10-0-1-40.ec2.internal
2026-09-27T08:56:14.147961Z Normal Scheduled Successfully assigned default/web-00f568 to ip-10-0-4-10.ec2.internal
2026-09-27T08:56:17.147961Z Normal Started Started container proxy
2026-09-27T08:56:21.147961Z Normal Started Started container sidecar
2026-09-27T08:56:24.147961Z Normal SuccessfulCreate Created pod: prometheus-b16bbc
2026-09-27T08:56:28.147961Z Normal LeaderElection pay-worker-56fb06 became leader
2026-09-27T08:56:32.147961Z Normal Scheduled Successfully assigned default/api-5ce9f7 to ip-10-0-3-50.ec2.internal
2026-09-27T08:56:35.147961Z Normal Pulled Container image "registry.k8s.io/coredns/coredns:v1.11.1" already present on machine
2026-09-27T08:56:39.147961Z Normal Started Started container agent
2026-09-27T08:56:42.147961Z Normal Created Created container sidecar
2026-09-27T08:56:46.147961Z Normal AddedInterface Add eth0 [10.102.7.189] from eni eni-f7bc5ecd5a61
2026-09-27T08:56:50.147961Z Normal SuccessfulCreate Created pod: oauth-f57cf1
2026-09-27T08:56:53.147961Z Normal SuccessfulCreate Created pod: auth-api-b75680
2026-09-27T08:56:57.147961Z Normal Synced Successfully synced loki-3bc49b
2026-09-27T08:57:00.147961Z Normal LeaderElection frontend-d08641 became leader
2026-09-27T08:57:04.147961Z Warning OOMKilled Container agent in pod auth/auth-api-5472e7 was killed due to OOM
2026-09-27T08:57:08.147961Z Normal AddedInterface Add eth0 [10.40.252.158] from eni eni-ba759eb9ef67
2026-09-27T08:57:11.147961Z Normal Created Created container proxy
2026-09-27T08:57:15.147961Z Normal Pulled Container image "busybox:1.36" already present on machine
2026-09-27T08:57:18.147961Z Normal SuccessfulCreate Created pod: loki-edff07
2026-09-27T08:57:22.147961Z Normal LeaderElection prometheus-0e0fca became leader
2026-09-27T08:57:26.147961Z Normal Started Started container sidecar
2026-09-27T08:57:29.147961Z Normal AddedInterface Add eth0 [10.4.90.108] from eni eni-8d48ba71b851
2026-09-27T08:57:33.147961Z Warning DNSConfigForming Nameserver limits were exceeded, some nameservers have been omitted, the applied nameserver line is: 10.243.49.116 10.171.133.93 10.184.131.89 10.10.210.32 10.179.101.148
2026-09-27T08:57:36.147961Z Normal LeaderElection auth-api-8b6ebc became leader
2026-09-27T08:57:40.147961Z Normal ScalingReplicaSet Scaled up replica set pay-api-166bf602 to 4 from 2
2026-09-27T08:57:44.147961Z Normal Created Created container proxy
2026-09-27T08:57:47.147961Z Normal Pulled Container image "ghcr.io/company/pay-api:2.3.1" already present on machine
2026-09-27T08:57:51.147961Z Normal LeaderElection web-7f4f29 became leader
2026-09-27T08:57:54.147961Z Normal ScalingReplicaSet Scaled up replica set kube-proxy-d60f8c3c to 5 from 1
2026-09-27T08:57:58.147961Z Normal AddedInterface Add eth0 [10.90.233.162] from eni eni-ecffeb53daaa
2026-09-27T08:58:02.147961Z Normal Scheduled Successfully assigned payments/pay-api-e4ce1b to ip-10-0-1-30.ec2.internal
2026-09-27T08:58:05.147961Z Normal SuccessfulCreate Created pod: grafana-af41bd
2026-09-27T08:58:09.147961Z Normal LeaderElection worker-61594a became leader
2026-09-27T08:58:12.147961Z Normal Pulled Container image "busybox:1.36" already present on machine
2026-09-27T08:58:16.147961Z Normal Scheduled Successfully assigned observability/prometheus-5d6e46 to ip-10-0-5-10.ec2.internal
2026-09-27T08:58:20.147961Z Normal Started Started container app
2026-09-27T08:58:23.147961Z Normal Scheduled Successfully assigned default/frontend-a270db to ip-10-0-2-20.ec2.internal
2026-09-27T08:58:27.147961Z Normal Scheduled Successfully assigned kube-system/coredns-caa70e to ip-10-0-2-40.ec2.internal
2026-09-27T08:58:30.147961Z Normal Started Started container proxy
2026-09-27T08:58:34.147961Z Normal Started Started container sidecar
2026-09-27T08:58:38.147961Z Normal Pulled Container image "ghcr.io/company/pay-api:2.3.1" already present on machine
2026-09-27T08:58:41.147961Z Normal Synced Successfully synced web-ad68d9
2026-09-27T08:58:45.147961Z Normal Started Started container app
2026-09-27T08:58:48.147961Z Normal Scheduled Successfully assigned ingress-nginx/ingress-nginx-controller-4f6fbe to ip-10-0-3-50.ec2.internal
2026-09-27T08:58:52.147961Z Normal AddedInterface Add eth0 [10.95.178.83] from eni eni-b17dc08c886e
2026-09-27T08:58:56.147961Z Normal AddedInterface Add eth0 [10.134.187.117] from eni eni-25da21282854
2026-09-27T08:58:59.147961Z Normal AddedInterface Add eth0 [10.122.164.185] from eni eni-7111bc265056
2026-09-27T08:59:03.147961Z Normal AddedInterface Add eth0 [10.144.165.105] from eni eni-31ce0a1666bf
2026-09-27T08:59:06.147961Z Normal LeaderElection aws-node-25f8aa became leader
2026-09-27T08:59:10.147961Z Normal Pulled Container image "python:3.11-slim" already present on machine
2026-09-27T08:59:14.147961Z Normal Pulled Container image "ghcr.io/company/auth-api:1.9.0" already present on machine
2026-09-27T08:59:17.147961Z Normal Created Created container sidecar
2026-09-27T08:59:21.147961Z Normal Created Created container app
2026-09-27T08:59:24.147961Z Normal ScalingReplicaSet Scaled up replica set pay-worker-9204b60c to 4 from 1
2026-09-27T08:59:28.147961Z Normal Synced Successfully synced ingress-nginx-controller-fddd80
2026-09-27T08:59:32.147961Z Normal Started Started container app
2026-09-27T08:59:35.147961Z Normal ScalingReplicaSet Scaled up replica set ingress-nginx-controller-1ccc5262 to 6 from 0
2026-09-27T08:59:39.147961Z Normal Synced Successfully synced kube-proxy-564e62
2026-09-27T08:59:42.147961Z Normal ScalingReplicaSet Scaled up replica set ingress-nginx-controller-293391f1 to 4 from 1
2026-09-27T08:59:46.147961Z Normal ScalingReplicaSet Scaled up replica set pay-api-feb60a91 to 6 from 2
2026-09-27T08:59:50.147961Z Normal AddedInterface Add eth0 [10.25.201.249] from eni eni-86a505483ffb
2026-09-27T08:59:53.147961Z Normal SuccessfulCreate Created pod: pay-worker-a38c27
2026-09-27T08:59:57.147961Z Normal Started Started container sidecar
2026-09-27T09:00:00.147961Z Normal LeaderElection ingress-nginx-controller-447d7c became leader
2026-09-27T09:00:04.147961Z Normal Synced Successfully synced prometheus-855620
2026-09-27T09:00:08.147961Z Normal Scheduled Successfully assigned payments/pay-api-c687cd to ip-10-0-2-30.ec2.internal
2026-09-27T09:00:11.147961Z Warning FailedScheduling 0/3 nodes are available: preemption: 0/5 nodes are available: No preemption victims found for incoming pod
2026-09-27T09:00:15.147961Z Warning DNSConfigForming Nameserver limits were exceeded, some nameservers have been omitted, the applied nameserver line is: 10.118.194.131 10.50.161.125 10.45.95.51 10.234.11.11 10.126.156.86
2026-09-27T09:00:18.147961Z Normal SuccessfulCreate Created pod: coredns-2d8db8
2026-09-27T09:00:22.147961Z Normal Started Started container sidecar
2026-09-27T09:00:26.147961Z Normal Created Created container agent
2026-09-27T09:00:29.147961Z Normal Created Created container agent
2026-09-27T09:00:33.147961Z Normal LeaderElection auth-api-d7c746 became leader
2026-09-27T09:00:36.147961Z Normal Started Started container sidecar
2026-09-27T09:00:40.147961Z Normal ScalingReplicaSet Scaled up replica set coredns-0a906d6b to 3 from 1
2026-09-27T09:00:44.147961Z Normal LeaderElection pay-worker-7b9380 became leader
2026-09-27T09:00:47.147961Z Normal Synced Successfully synced ingress-nginx-controller-f044ce
2026-09-27T09:00:51.147961Z Normal Synced Successfully synced pay-api-3fd33e
2026-09-27T09:00:54.147961Z Normal SuccessfulCreate Created pod: metrics-server-e321eb
2026-09-27T09:00:58.147961Z Normal AddedInterface Add eth0 [10.72.237.213] from eni eni-08f18c594b32
2026-09-27T09:01:02.147961Z Normal Started Started container proxy
2026-09-27T09:01:05.147961Z Normal Pulled Container image "ghcr.io/company/pay-api:2.3.1" already present on machine
2026-09-27T09:01:09.147961Z Normal Created Created container proxy
2026-09-27T09:01:12.147961Z Normal Created Created container agent
2026-09-27T09:01:16.147961Z Normal Synced Successfully synced oauth-9eb28a
2026-09-27T09:01:20.147961Z Normal ScalingReplicaSet Scaled up replica set pay-api-195684e9 to 2 from 0
2026-09-27T09:01:23.147961Z Normal AddedInterface Add eth0 [10.55.213.46] from eni eni-3bfd5e086527
2026-09-27T09:01:27.147961Z Normal LeaderElection ingress-nginx-controller-880d41 became leader
2026-09-27T09:01:30.147961Z Normal Started Started container app
2026-09-27T09:01:34.147961Z Normal Synced Successfully synced web-bd47f5
2026-09-27T09:01:38.147961Z Warning BackOff Back-off restarting failed container sidecar in pod ingress-nginx/ingress-nginx-controller-170d31
2026-09-27T09:01:41.147961Z Normal Started Started container app
2026-09-27T09:01:45.147961Z Normal AddedInterface Add eth0 [10.69.246.40] from eni eni-027ce70ddece
2026-09-27T09:01:48.147961Z Normal ScalingReplicaSet Scaled up replica set pay-api-5960b576 to 2 from 0
2026-09-27T09:01:52.147961Z Normal SuccessfulCreate Created pod: prometheus-c8105a
2026-09-27T09:01:56.147961Z Normal SuccessfulCreate Created pod: worker-1ae802
2026-09-27T09:01:59.147961Z Normal Created Created container sidecar
2026-09-27T09:02:03.147961Z Normal AddedInterface Add eth0 [10.50.67.53] from eni eni-3c9db475ae88
2026-09-27T09:02:06.147961Z Warning TLSHandshakeTimeout net/http: TLS handshake timeout
2026-09-27T09:02:10.147961Z Normal Created Created container agent
2026-09-27T09:02:14.147961Z Normal Scheduled Successfully assigned auth/oauth-f2bd3c to ip-10-0-4-30.ec2.internal
2026-09-27T09:02:17.147961Z Normal AddedInterface Add eth0 [10.182.159.86] from eni eni-44e0186c5b0b
2026-09-27T09:02:21.147961Z Normal Started Started container proxy
2026-09-27T09:02:24.147961Z Warning FailedMount Unable to attach or mount volumes: timed out waiting for the condition
2026-09-27T09:02:28.147961Z Normal ScalingReplicaSet Scaled up replica set pay-worker-46bf78ff to 3 from 2
2026-09-27T09:02:32.147961Z Normal Synced Successfully synced oauth-885741
2026-09-27T09:02:35.147961Z Warning CrashLoopBackOff pod/oauth-c41bbc CrashLoopBackOff
2026-09-27T09:02:39.147961Z Normal AddedInterface Add eth0 [10.176.45.150] from eni eni-b593092a8e44
2026-09-27T09:02:42.147961Z Normal Started Started container app
2026-09-27T09:02:46.147961Z Normal Created Created container agent
2026-09-27T09:02:50.147961Z Warning BackOff Back-off restarting failed container proxy in pod kube-system/metrics-server-7e4237
2026-09-27T09:02:53.147961Z Warning BackOff Back-off restarting failed container proxy in pod payments/pay-api-cb6cef
2026-09-27T09:02:57.147961Z Normal SuccessfulCreate Created pod: auth-api-e7752c
2026-09-27T09:03:00.147961Z Normal SuccessfulCreate Created pod: worker-d6b8a9
2026-09-27T09:03:04.147961Z Normal SuccessfulCreate Created pod: grafana-bb9fc6
2026-09-27T09:03:08.147961Z Normal Started Started container sidecar
2026-09-27T09:03:11.147961Z Normal Started Started container app
2026-09-27T09:03:15.147961Z Normal Synced Successfully synced ingress-nginx-controller-71d4d2
2026-09-27T09:03:18.147961Z Warning TLSHandshakeTimeout net/http: TLS handshake timeout
2026-09-27T09:03:22.147961Z Normal Pulled Container image "busybox:1.36" already present on machine
2026-09-27T09:03:26.147961Z Warning DiskPressure Node ip-10-0-5-20.ec2.internal status is now: NodeHasDiskPressure
2026-09-27T09:03:29.147961Z Normal Scheduled Successfully assigned ingress-nginx/ingress-nginx-controller-db43b5 to ip-10-0-2-40.ec2.internal
2026-09-27T09:03:33.147961Z Normal Created Created container agent
2026-09-27T09:03:36.147961Z Warning FailedCreate Error creating: pods "metrics-server-dc014d" is forbidden: error looking up service account kube-system/default: serviceaccount "default" not found
2026-09-27T09:03:40.147961Z Normal Synced Successfully synced pay-worker-540e4e
2026-09-27T09:03:44.147961Z Normal Synced Successfully synced oauth-15b73f
2026-09-27T09:03:47.147961Z Normal ScalingReplicaSet Scaled up replica set aws-node-6ec30b20 to 5 from 0
2026-09-27T09:03:51.147961Z Normal Pulled Container image "python:3.11-slim" already present on machine
2026-09-27T09:03:54.147961Z Normal Scheduled Successfully assigned observability/grafana-d2019b to ip-10-0-4-30.ec2.internal
2026-09-27T09:03:58.147961Z Normal Scheduled Successfully assigned kube-system/metrics-server-334637 to ip-10-0-5-20.ec2.internal
2026-09-27T09:04:02.147961Z Normal Pulled Container image "nginx:1.25" already present on machine
2026-09-27T09:04:05.147961Z Normal LeaderElection coredns-065028 became leader
2026-09-27T09:04:09.147961Z Normal Created Created container sidecar
2026-09-27T09:04:12.147961Z Normal LeaderElection ingress-nginx-controller-0470ce became leader
2026-09-27T09:04:16.147961Z Normal Started Started container app
2026-09-27T09:04:20.147961Z Normal Pulled Container image "python:3.11-slim" already present on machine
2026-09-27T09:04:23.147961Z Normal AddedInterface Add eth0 [10.60.48.159] from eni eni-e0ded8f1a378
2026-09-27T09:04:27.147961Z Normal Created Created container app
2026-09-27T09:04:30.147961Z Warning FailedCreate Error creating: pods "ingress-nginx-controller-0b7d3e" is forbidden: error looking up service account ingress-nginx/default: serviceaccount "default" not found
2026-09-27T09:04:34.147961Z Warning DiskPressure Node ip-10-0-1-40.ec2.internal status is now: NodeHasDiskPressure
2026-09-27T09:04:38.147961Z Normal Started Started container sidecar
2026-09-27T09:04:41.147961Z Normal Synced Successfully synced aws-node-76266b
2026-09-27T09:04:45.147961Z Normal Created Created container sidecar
2026-09-27T09:04:48.147961Z Normal Pulled Container image "ghcr.io/company/pay-api:2.3.1" already present on machine
2026-09-27T09:04:52.147961Z Normal Pulled Container image "ghcr.io/company/pay-api:2.3.1" already present on machine
2026-09-27T09:04:56.147961Z Normal LeaderElection ingress-nginx-controller-0ea237 became leader
2026-09-27T09:04:59.147961Z Normal SuccessfulCreate Created pod: ingress-nginx-controller-c6f47f
2026-09-27T09:05:03.147961Z Normal Pulled Container image "busybox:1.36" already present on machine
2026-09-27T09:05:06.147961Z Normal Pulled Container image "python:3.11-slim" already present on machine
2026-09-27T09:05:10.147961Z Normal Pulled Container image "public.ecr.aws/eks/aws-node:v1.14.1" already present on machine
2026-09-27T09:05:14.147961Z Normal Pulled Container image "registry.k8s.io/coredns/coredns:v1.11.1" already present on machine
2026-09-27T09:05:17.147961Z Normal Created Created container sidecar
2026-09-27T09:05:21.147961Z Normal Scheduled Successfully assigned kube-system/coredns-b144d5 to ip-10-0-2-50.ec2.internal
2026-09-27T09:05:24.147961Z Normal Created Created container agent
2026-09-27T09:05:28.147961Z Normal Created Created container agent
2026-09-27T09:05:32.147961Z Warning ErrImagePull Failed to pull image "ghcr.io/company/auth-api:1.9.0": rpc error: code = Unknown desc = Error response from daemon: pull access denied
2026-09-27T09:05:35.147961Z Normal SuccessfulCreate Created pod: pay-worker-e07ca7
2026-09-27T09:05:39.147961Z Normal AddedInterface Add eth0 [10.57.245.231] from eni eni-c188088e92b5
2026-09-27T09:05:42.147961Z Normal Started Started container sidecar
2026-09-27T09:05:46.147961Z Normal ScalingReplicaSet Scaled up replica set kube-proxy-1406535f to 6 from 2
2026-09-27T09:05:50.147961Z Normal SuccessfulCreate Created pod: auth-api-062594
2026-09-27T09:05:53.147961Z Normal LeaderElection grafana-e23c85 became leader
2026-09-27T09:05:57.147961Z Normal LeaderElection auth-api-dd6381 became leader
2026-09-27T09:06:00.147961Z Warning DNSConfigForming Nameserver limits were exceeded, some nameservers have been omitted, the applied nameserver line is: 10.155.252.144 10.237.114.7 10.1.78.68 10.153.241.32 10.147.213.46
2026-09-27T09:06:04.147961Z Normal SuccessfulCreate Created pod: coredns-d3a102
2026-09-27T09:06:08.147961Z Normal Synced Successfully synced worker-a937c3
2026-09-27T09:06:11.147961Z Normal Pulled Container image "registry.k8s.io/coredns/coredns:v1.11.1" already present on machine
2026-09-27T09:06:15.147961Z Normal SuccessfulCreate Created pod: ingress-nginx-controller-1515d6
2026-09-27T09:06:18.147961Z Normal Synced Successfully synced ingress-nginx-controller-5fbcd3
2026-09-27T09:06:22.147961Z Normal Pulled Container image "busybox:1.36" already present on machine
2026-09-27T09:06:26.147961Z Normal AddedInterface Add eth0 [10.185.71.210] from eni eni-e1faecd25348
2026-09-27T09:06:29.147961Z Normal Started Started container app
2026-09-27T09:06:33.147961Z Normal AddedInterface Add eth0 [10.247.220.11] from eni eni-158a11bfbc06
2026-09-27T09:06:36.147961Z Normal Started Started container app
2026-09-27T09:06:40.147961Z Normal Started Started container app
2026-09-27T09:06:44.147961Z Normal AddedInterface Add eth0 [10.111.98.247] from eni eni-c1d929d513a9
2026-09-27T09:06:47.147961Z Normal ScalingReplicaSet Scaled up replica set api-a6d00b05 to 5 from 1
2026-09-27T09:06:51.147961Z Normal Synced Successfully synced aws-node-d6f3a6
2026-09-27T09:06:54.147961Z Normal SuccessfulCreate Created pod: loki-77b24d
2026-09-27T09:06:58.147961Z Normal Synced Successfully synced oauth-6d88d7
2026-09-27T09:07:02.147961Z Warning FailedScheduling 0/5 nodes are available: node(s) had taint {node.kubernetes.io/not-ready: }
2026-09-27T09:07:05.147961Z Warning FailedCreate Error creating: pods "metrics-server-e4cd2c" is forbidden: error looking up service account kube-system/default: serviceaccount "default" not found
2026-09-27T09:07:09.147961Z Normal Pulled Container image "ghcr.io/company/auth-api:1.9.0" already present on machine
2026-09-27T09:07:12.147961Z Normal Created Created container proxy
2026-09-27T09:07:16.147961Z Normal Created Created container proxy
2026-09-27T09:07:20.147961Z Warning BackOff Back-off restarting failed container proxy in pod payments/pay-worker-7c7e75
2026-09-27T09:07:23.147961Z Warning ErrImagePull Failed to pull image "ghcr.io/company/auth-api:1.9.0": rpc error: code = Unknown desc = Error response from daemon: pull access denied
2026-09-27T09:07:27.147961Z Normal LeaderElection ingress-nginx-controller-c08077 became leader
2026-09-27T09:07:30.147961Z Normal Pulled Container image "public.ecr.aws/eks/aws-node:v1.14.1" already present on machine
2026-09-27T09:07:34.147961Z Normal SuccessfulCreate Created pod: oauth-1e39db
2026-09-27T09:07:38.147961Z Normal AddedInterface Add eth0 [10.128.232.172] from eni eni-af060e7a79f6
2026-09-27T09:07:41.147961Z Normal Created Created container proxy
2026-09-27T09:07:45.147961Z Normal SuccessfulCreate Created pod: ingress-nginx-controller-c42f74
2026-09-27T09:07:48.147961Z Normal SuccessfulCreate Created pod: ingress-nginx-controller-b66961
2026-09-27T09:07:52.147961Z Normal SuccessfulCreate Created pod: oauth-17097b
2026-09-27T09:07:56.147961Z Normal SuccessfulCreate Created pod: ingress-nginx-controller-4ef83f
2026-09-27T09:07:59.147961Z Normal AddedInterface Add eth0 [10.71.120.29] from eni eni-c5f63c875fd8
2026-09-27T09:08:03.147961Z Normal Started Started container app
2026-09-27T09:08:06.147961Z Normal ScalingReplicaSet Scaled up replica set coredns-782f3e17 to 2 from 1
2026-09-27T09:08:10.147961Z Normal Scheduled Successfully assigned auth/oauth-23d6c7 to ip-10-0-4-10.ec2.internal
2026-09-27T09:08:14.147961Z Normal Pulled Container image "public.ecr.aws/eks/aws-node:v1.14.1" already present on machine
2026-09-27T09:08:17.147961Z Normal Created Created container proxy
2026-09-27T09:08:21.147961Z Normal ScalingReplicaSet Scaled up replica set loki-c8fcbf67 to 5 from 0
2026-09-27T09:08:24.147961Z Normal Created Created container app
2026-09-27T09:08:28.147961Z Normal Started Started container sidecar
2026-09-27T09:08:32.147961Z Normal ScalingReplicaSet Scaled up replica set ingress-nginx-controller-ddd75a92 to 4 from 0
2026-09-27T09:08:35.147961Z Normal Started Started container sidecar
2026-09-27T09:08:39.147961Z Normal ScalingReplicaSet Scaled up replica set kube-proxy-2d8d8f26 to 3 from 2
2026-09-27T09:08:42.147961Z Normal Started Started container proxy
2026-09-27T09:08:46.147961Z Normal Started Started container sidecar
2026-09-27T09:08:50.147961Z Normal Synced Successfully synced pay-api-871120
2026-09-27T09:08:53.147961Z Normal SuccessfulCreate Created pod: pay-api-793236
2026-09-27T09:08:57.147961Z Warning NodeNotReady Node ip-10-0-1-20.ec2.internal status is now: NodeNotReady
2026-09-27T09:09:00.147961Z Normal SuccessfulCreate Created pod: oauth-69db93
2026-09-27T09:09:04.147961Z Normal Synced Successfully synced grafana-2f7db6
2026-09-27T09:09:08.147961Z Normal Created Created container sidecar
2026-09-27T09:09:11.147961Z Normal Created Created container proxy
2026-09-27T09:09:15.147961Z Normal Scheduled Successfully assigned default/api-0d148e to ip-10-0-2-50.ec2.internal
2026-09-27T09:09:18.147961Z Warning MemPressure Node ip-10-0-1-30.ec2.internal status is now: NodeHasMemoryPressure
2026-09-27T09:09:22.147961Z Normal AddedInterface Add eth0 [10.24.144.83] from eni eni-7a47a61d63f2
2026-09-27T09:09:26.147961Z Normal LeaderElection frontend-857eb3 became leader
2026-09-27T09:09:29.147961Z Normal Pulled Container image "registry.k8s.io/coredns/coredns:v1.11.1" already present on machine
2026-09-27T09:09:33.147961Z Normal Created Created container proxy
2026-09-27T09:09:36.147961Z Normal AddedInterface Add eth0 [10.114.79.239] from eni eni-f0d81aba3f19
2026-09-27T09:09:40.147961Z Normal AddedInterface Add eth0 [10.76.65.176] from eni eni-c0b90ecf2c66
2026-09-27T09:09:44.147961Z Normal SuccessfulCreate Created pod: auth-api-9cca21
2026-09-27T09:09:47.147961Z Normal Scheduled Successfully assigned auth/auth-api-2aa8ab to ip-10-0-5-50.ec2.internal
2026-09-27T09:09:51.147961Z Normal Pulled Container image "ghcr.io/company/auth-api:1.9.0" already present on machine
2026-09-27T09:09:54.147961Z Normal Synced Successfully synced ingress-nginx-controller-0dc3f9
2026-09-27T09:09:58.147961Z Normal Started Started container agent
2026-09-27T09:10:02.147961Z Normal Synced Successfully synced ingress-nginx-controller-1e176c
2026-09-27T09:10:05.147961Z Normal Started Started container sidecar
2026-09-27T09:10:09.147961Z Normal AddedInterface Add eth0 [10.52.221.251] from eni eni-d891f0186f76
2026-09-27T09:10:12.147961Z Normal SuccessfulCreate Created pod: pay-worker-1cda06
2026-09-27T09:10:16.147961Z Normal Synced Successfully synced frontend-6ce1da
2026-09-27T09:10:20.147961Z Normal LeaderElection aws-node-5bd6cd became leader
2026-09-27T09:10:23.147961Z Normal Created Created container sidecar
2026-09-27T09:10:27.147961Z Normal ScalingReplicaSet Scaled up replica set metrics-server-4a1630d7 to 4 from 1
2026-09-27T09:10:30.147961Z Normal Pulled Container image "ghcr.io/company/auth-api:1.9.0" already present on machine
2026-09-27T09:10:34.147961Z Normal AddedInterface Add eth0 [10.23.136.230] from eni eni-168c71dc7813
2026-09-27T09:10:38.147961Z Normal Scheduled Successfully assigned default/web-bae9c0 to ip-10-0-3-50.ec2.internal
2026-09-27T09:10:41.147961Z Normal Pulled Container image "python:3.11-slim" already present on machine
2026-09-27T09:10:45.147961Z Normal Scheduled Successfully assigned observability/grafana-3b5fd4 to ip-10-0-1-50.ec2.internal
2026-09-27T09:10:48.147961Z Normal Started Started container sidecar
2026-09-27T09:10:52.147961Z Normal Synced Successfully synced pay-api-543d3a
2026-09-27T09:10:56.147961Z Normal Scheduled Successfully assigned ingress-nginx/ingress-nginx-controller-6154d0 to ip-10-0-1-30.ec2.internal
2026-09-27T09:10:59.147961Z Warning ImagePullBackOff Back-off pulling image "ghcr.io/company/pay-api:2.3.1"
2026-09-27T09:11:03.147961Z Normal AddedInterface Add eth0 [10.174.81.6] from eni eni-de8b0fb8627e
2026-09-27T09:11:06.147961Z Normal AddedInterface Add eth0 [10.56.30.216] from eni eni-de261acd1f6b
2026-09-27T09:11:10.147961Z Normal AddedInterface Add eth0 [10.2.232.87] from eni eni-74f2319ec2c8
2026-09-27T09:11:14.147961Z Normal Started Started container sidecar
2026-09-27T09:11:17.147961Z Normal Created Created container proxy
2026-09-27T09:11:21.147961Z Normal Synced Successfully synced pay-api-4fc5ad
2026-09-27T09:11:24.147961Z Normal Synced Successfully synced pay-api-9b4892
2026-09-27T09:11:28.147961Z Normal Scheduled Successfully assigned ingress-nginx/ingress-nginx-controller-b2a3d6 to ip-10-0-4-30.ec2.internal
2026-09-27T09:11:32.147961Z Normal LeaderElection worker-a50419 became leader
2026-09-27T09:11:35.147961Z Normal SuccessfulCreate Created pod: prometheus-f6adba
2026-09-27T09:11:39.147961Z Normal Created Created container sidecar
2026-09-27T09:11:42.147961Z Normal Pulled Container image "registry.k8s.io/coredns/coredns:v1.11.1" already present on machine
2026-09-27T09:11:46.147961Z Normal AddedInterface Add eth0 [10.43.98.245] from eni eni-ca682ad29e37
2026-09-27T09:11:50.147961Z Normal AddedInterface Add eth0 [10.140.105.63] from eni eni-227a1c613aba
2026-09-27T09:11:53.147961Z Normal ScalingReplicaSet Scaled up replica set pay-api-4fa507c9 to 5 from 1
2026-09-27T09:11:57.147961Z Normal LeaderElection web-2b2182 became leader
2026-09-27T09:12:00.147961Z Normal LeaderElection oauth-b16b0e became leader
2026-09-27T09:12:04.147961Z Normal SuccessfulCreate Created pod: pay-api-9b6a72
2026-09-27T09:12:08.147961Z Normal Pulled Container image "nginx:1.25" already present on machine
2026-09-27T09:12:11.147961Z Normal Created Created container proxy
2026-09-27T09:12:15.147961Z Warning FailedMount Unable to attach or mount volumes: timed out waiting for the condition
2026-09-27T09:12:18.147961Z Normal ScalingReplicaSet Scaled up replica set kube-proxy-3b104308 to 4 from 0
2026-09-27T09:12:22.147961Z Normal LeaderElection pay-worker-24d7f9 became leader
2026-09-27T09:12:26.147961Z Normal Synced Successfully synced ingress-nginx-controller-3594b0
2026-09-27T09:12:29.147961Z Normal Synced Successfully synced pay-worker-b3503b
2026-09-27T09:12:33.147961Z Normal Started Started container agent
2026-09-27T09:12:36.147961Z Normal SuccessfulCreate Created pod: prometheus-e15a83
2026-09-27T09:12:40.147961Z Normal Created Created container sidecar
2026-09-27T09:12:44.147961Z Normal Scheduled Successfully assigned kube-system/kube-proxy-6988e8 to ip-10-0-2-20.ec2.internal
2026-09-27T09:12:47.147961Z Warning Unhealthy Readiness probe failed: Get "http://10.185.22.227:443/health": dial tcp 10.185.22.227:443: i/o timeout
2026-09-27T09:12:51.147961Z Normal Synced Successfully synced web-bec255
2026-09-27T09:12:54.147961Z Normal Pulled Container image "nginx:1.25" already present on machine
2026-09-27T09:12:58.147961Z Warning DiskPressure Node ip-10-0-5-30.ec2.internal status is now: NodeHasDiskPressure
2026-09-27T09:13:02.147961Z Warning FailedCreate Error creating: pods "auth-api-ede83e" is forbidden: error looking up service account auth/default: serviceaccount "default" not found
2026-09-27T09:13:05.147961Z Normal Scheduled Successfully assigned auth/oauth-86d802 to ip-10-0-2-50.ec2.internal
2026-09-27T09:13:09.147961Z Normal Started Started container sidecar
2026-09-27T09:13:12.147961Z Normal Created Created container proxy
2026-09-27T09:13:16.147961Z Normal ScalingReplicaSet Scaled up replica set frontend-4066737d to 5 from 0
2026-09-27T09:13:20.147961Z Normal Synced Successfully synced pay-api-2bd0e9
2026-09-27T09:13:23.147961Z Normal Created Created container app
2026-09-27T09:13:27.147961Z Normal Pulled Container image "python:3.11-slim" already present on machine
2026-09-27T09:13:30.147961Z Normal Pulled Container image "ghcr.io/company/auth-api:1.9.0" already present on machine
2026-09-27T09:13:34.147961Z Normal Started Started container proxy
2026-09-27T09:13:38.147961Z Normal SuccessfulCreate Created pod: auth-api-991158
2026-09-27T09:13:41.147961Z Normal AddedInterface Add eth0 [10.240.33.43] from eni eni-3f84ccf997e6
2026-09-27T09:13:45.147961Z Normal LeaderElection oauth-dad45f became leader
2026-09-27T09:13:48.147961Z Normal LeaderElection api-a53d71 became leader
2026-09-27T09:13:52.147961Z Normal Scheduled Successfully assigned observability/grafana-bd5c1d to ip-10-0-4-30.ec2.internal
2026-09-27T09:13:56.147961Z Normal LeaderElection oauth-9b4b05 became leader
2026-09-27T09:13:59.147961Z Normal Started Started container app
2026-09-27T09:14:03.147961Z Normal SuccessfulCreate Created pod: worker-df23bb
2026-09-27T09:14:06.147961Z Normal LeaderElection auth-api-c7dd2b became leader
2026-09-27T09:14:10.147961Z Normal AddedInterface Add eth0 [10.203.116.59] from eni eni-5e38ddc98495
2026-09-27T09:14:14.147961Z Normal Synced Successfully synced pay-worker-d2e62c
2026-09-27T09:14:17.147961Z Normal LeaderElection prometheus-1e2105 became leader
2026-09-27T09:14:21.147961Z Normal LeaderElection pay-worker-049312 became leader
2026-09-27T09:14:24.147961Z Normal SuccessfulCreate Created pod: pay-api-92560a
2026-09-27T09:14:28.147961Z Normal Started Started container proxy
2026-09-27T09:14:32.147961Z Normal Pulled Container image "public.ecr.aws/eks/aws-node:v1.14.1" already present on machine
2026-09-27T09:14:35.147961Z Normal Synced Successfully synced pay-worker-578381
2026-09-27T09:14:39.147961Z Normal Synced Successfully synced oauth-b474cc
2026-09-27T09:14:42.147961Z Normal SuccessfulCreate Created pod: auth-api-c01212
2026-09-27T09:14:46.147961Z Normal Created Created container sidecar
2026-09-27T09:14:50.147961Z Normal LeaderElection pay-api-da52a4 became leader
2026-09-27T09:14:53.147961Z Normal AddedInterface Add eth0 [10.166.209.116] from eni eni-9ba9d1303bfd
2026-09-27T09:14:57.147961Z Normal Scheduled Successfully assigned default/web-1e6896 to ip-10-0-5-10.ec2.internal
2026-09-27T09:15:00.147961Z Normal Synced Successfully synced ingress-nginx-controller-58237f
2026-09-27T09:15:04.147961Z Normal LeaderElection prometheus-28a1d8 became leader
2026-09-27T09:15:08.147961Z Normal AddedInterface Add eth0 [10.225.183.46] from eni eni-7c2ba785a821
2026-09-27T09:15:11.147961Z Warning Unhealthy Readiness probe failed: Get "http://10.157.227.14:80/health": dial tcp 10.157.227.14:80: i/o timeout
2026-09-27T09:15:15.147961Z Normal AddedInterface Add eth0 [10.55.167.83] from eni eni-b101c6e73779
2026-09-27T09:15:18.147961Z Normal Scheduled Successfully assigned default/api-655ed7 to ip-10-0-2-20.ec2.internal
2026-09-27T09:15:22.147961Z Normal Synced Successfully synced pay-api-736252
2026-09-27T09:15:26.147961Z Normal ScalingReplicaSet Scaled up replica set auth-api-d43e8f85 to 5 from 0
2026-09-27T09:15:29.147961Z Normal Pulled Container image "registry.k8s.io/coredns/coredns:v1.11.1" already present on machine
2026-09-27T09:15:33.147961Z Normal Started Started container sidecar
2026-09-27T09:15:36.147961Z Normal Scheduled Successfully assigned kube-system/coredns-f7c1b1 to ip-10-0-2-30.ec2.internal
2026-09-27T09:15:40.147961Z Normal Started Started container app
2026-09-27T09:15:44.147961Z Warning FailedScheduling 0/6 nodes are available: Insufficient cpu
2026-09-27T09:15:47.147961Z Normal ScalingReplicaSet Scaled up replica set aws-node-7b3a221c to 5 from 1
2026-09-27T09:15:51.147961Z Warning Unhealthy Readiness probe failed: Get "http://10.221.79.210:9090/health": dial tcp 10.221.79.210:9090: i/o timeout
2026-09-27T09:15:54.147961Z Normal ScalingReplicaSet Scaled up replica set aws-node-40e14f38 to 5 from 1
2026-09-27T09:15:58.147961Z Normal LeaderElection loki-a0f762 became leader
2026-09-27T09:16:02.147961Z Normal Started Started container proxy
2026-09-27T09:16:05.147961Z Normal Created Created container app
2026-09-27T09:16:09.147961Z Normal Started Started container app
2026-09-27T09:16:12.147961Z Normal Pulled Container image "busybox:1.36" already present on machine
2026-09-27T09:16:16.147961Z Warning OOMKilled Container agent in pod auth/oauth-a7d1c1 was killed due to OOM
2026-09-27T09:16:20.147961Z Normal Pulled Container image "nginx:1.25" already present on machine
2026-09-27T09:16:23.147961Z Normal Pulled Container image "public.ecr.aws/eks/aws-node:v1.14.1" already present on machine
2026-09-27T09:16:27.147961Z Normal Synced Successfully synced prometheus-65fdb2
2026-09-27T09:16:30.147961Z Normal Scheduled Successfully assigned payments/pay-worker-79747f to ip-10-0-3-20.ec2.internal
2026-09-27T09:16:34.147961Z Normal SuccessfulCreate Created pod: web-2aa55c
2026-09-27T09:16:38.147961Z Warning ErrImagePull Failed to pull image "ghcr.io/company/pay-api:2.3.1": rpc error: code = Unknown desc = Error response from daemon: pull access denied
2026-09-27T09:16:41.147961Z Normal Synced Successfully synced auth-api-81c7c7
2026-09-27T09:16:45.147961Z Normal ScalingReplicaSet Scaled up replica set ingress-nginx-controller-33de15f4 to 5 from 1
2026-09-27T09:16:48.147961Z Normal ScalingReplicaSet Scaled up replica set kube-proxy-083bce80 to 3 from 2
2026-09-27T09:16:52.147961Z Normal Pulled Container image "registry.k8s.io/coredns/coredns:v1.11.1" already present on machine
2026-09-27T09:16:56.147961Z Normal Scheduled Successfully assigned default/web-f5c509 to ip-10-0-3-10.ec2.internal
2026-09-27T09:16:59.147961Z Normal Scheduled Successfully assigned auth/auth-api-89e3cf to ip-10-0-3-30.ec2.internal
2026-09-27T09:17:03.147961Z Normal Scheduled Successfully assigned observability/prometheus-a703cf to ip-10-0-2-50.ec2.internal
2026-09-27T09:17:06.147961Z Normal LeaderElection loki-15b07c became leader
2026-09-27T09:17:10.147961Z Normal SuccessfulCreate Created pod: aws-node-38414f
2026-09-27T09:17:14.147961Z Normal AddedInterface Add eth0 [10.242.178.194] from eni eni-7a60574b5d11
2026-09-27T09:17:17.147961Z Normal SuccessfulCreate Created pod: ingress-nginx-controller-e8f9fd
2026-09-27T09:17:21.147961Z Normal Scheduled Successfully assigned kube-system/aws-node-2bba33 to ip-10-0-3-50.ec2.internal
2026-09-27T09:17:24.147961Z Normal Synced Successfully synced auth-api-0aac18
2026-09-27T09:17:28.147961Z Normal Synced Successfully synced worker-874f0b
2026-09-27T09:17:32.147961Z Normal Synced Successfully synced auth-api-cc97a2
2026-09-27T09:17:35.147961Z Normal Pulled Container image "registry.k8s.io/coredns/coredns:v1.11.1" already present on machine
2026-09-27T09:17:39.147961Z Normal AddedInterface Add eth0 [10.64.50.84] from eni eni-097a3a5862c0
2026-09-27T09:17:42.147961Z Normal Created Created container proxy
2026-09-27T09:17:46.147961Z Normal Scheduled Successfully assigned payments/pay-worker-78dbe2 to ip-10-0-1-40.ec2.internal
2026-09-27T09:17:50.147961Z Normal AddedInterface Add eth0 [10.0.127.77] from eni eni-1132071c1e20
2026-09-27T09:17:53.147961Z Normal Scheduled Successfully assigned auth/oauth-271244 to ip-10-0-1-50.ec2.internal
2026-09-27T09:17:57.147961Z Normal LeaderElection aws-node-95456c became leader
2026-09-27T09:18:00.147961Z Normal Created Created container sidecar
2026-09-27T09:18:04.147961Z Normal LeaderElection worker-7c639f became leader
2026-09-27T09:18:08.147961Z Normal ScalingReplicaSet Scaled up replica set auth-api-cc20874b to 4 from 1
2026-09-27T09:18:11.147961Z Normal Pulled Container image "nginx:1.25" already present on machine
2026-09-27T09:18:15.147961Z Normal Scheduled Successfully assigned ingress-nginx/ingress-nginx-controller-da9dbb to ip-10-0-4-40.ec2.internal
2026-09-27T09:18:18.147961Z Normal Created Created container proxy
2026-09-27T09:18:22.147961Z Normal ScalingReplicaSet Scaled up replica set ingress-nginx-controller-aad1ca8e to 5 from 2
2026-09-27T09:18:26.147961Z Normal Pulled Container image "public.ecr.aws/eks/aws-node:v1.14.1" already present on machine
2026-09-27T09:18:29.147961Z Normal LeaderElection coredns-4ddc8e became leader
2026-09-27T09:18:33.147961Z Normal AddedInterface Add eth0 [10.7.97.234] from eni eni-1cf6b294855a
2026-09-27T09:18:36.147961Z Normal AddedInterface Add eth0 [10.115.89.20] from eni eni-2c1fcce1705c
2026-09-27T09:18:40.147961Z Normal Pulled Container image "public.ecr.aws/eks/aws-node:v1.14.1" already present on machine
2026-09-27T09:18:44.147961Z Normal AddedInterface Add eth0 [10.201.111.237] from eni eni-7bcc0ebb26e1
2026-09-27T09:18:47.147961Z Normal ScalingReplicaSet Scaled up replica set oauth-677c645c to 3 from 1
2026-09-27T09:18:51.147961Z Normal Synced Successfully synced prometheus-95f180
2026-09-27T09:18:54.147961Z Normal AddedInterface Add eth0 [10.191.153.94] from eni eni-151dfd571058
2026-09-27T09:18:58.147961Z Normal SuccessfulCreate Created pod: pay-worker-a28b90
2026-09-27T09:19:02.147961Z Normal SuccessfulCreate Created pod: pay-worker-26050a
2026-09-27T09:19:05.147961Z Normal Scheduled Successfully assigned payments/pay-worker-ef4fa5 to ip-10-0-5-20.ec2.internal
2026-09-27T09:19:09.147961Z Normal SuccessfulCreate Created pod: loki-7928e3
2026-09-27T09:19:12.147961Z Normal Started Started container sidecar
2026-09-27T09:19:16.147961Z Normal SuccessfulCreate Created pod: pay-api-671e64
2026-09-27T09:19:20.147961Z Normal Started Started container sidecar
2026-09-27T09:19:23.147961Z Normal ScalingReplicaSet Scaled up replica set pay-worker-c6e71439 to 5 from 0
2026-09-27T09:19:27.147961Z Normal Pulled Container image "nginx:1.25" already present on machine
2026-09-27T09:19:30.147961Z Normal Created Created container agent
2026-09-27T09:19:34.147961Z Normal Pulled Container image "python:3.11-slim" already present on machine
2026-09-27T09:19:38.147961Z Normal Synced Successfully synced ingress-nginx-controller-f4c727
2026-09-27T09:19:41.147961Z Normal Synced Successfully synced ingress-nginx-controller-abb555
2026-09-27T09:19:45.147961Z Normal Scheduled Successfully assigned default/frontend-5c8dec to ip-10-0-3-40.ec2.internal
2026-09-27T09:19:48.147961Z Normal SuccessfulCreate Created pod: pay-worker-f9c9cb
2026-09-27T09:19:52.147961Z Normal Started Started container sidecar
2026-09-27T09:19:56.147961Z Normal SuccessfulCreate Created pod: loki-8b3d21
2026-09-27T09:19:59.147961Z Normal AddedInterface Add eth0 [10.177.188.84] from eni eni-0c7a940b6009
2026-09-27T09:20:03.147961Z Normal SuccessfulCreate Created pod: metrics-server-8f250d
2026-09-27T09:20:06.147961Z Normal SuccessfulCreate Created pod: web-27e8ea
2026-09-27T09:20:10.147961Z Normal Created Created container proxy
2026-09-27T09:20:14.147961Z Normal Created Created container proxy
2026-09-27T09:20:17.147961Z Normal AddedInterface Add eth0 [10.218.125.117] from eni eni-b68680348a30
2026-09-27T09:20:21.147961Z Normal Pulled Container image "nginx:1.25" already present on machine
2026-09-27T09:20:24.147961Z Normal Synced Successfully synced ingress-nginx-controller-4eb0a7
2026-09-27T09:20:28.147961Z Normal SuccessfulCreate Created pod: grafana-9c1345
2026-09-27T09:20:32.147961Z Normal SuccessfulCreate Created pod: pay-api-4ea5ba
2026-09-27T09:20:35.147961Z Normal ScalingReplicaSet Scaled up replica set pay-api-5bff4327 to 2 from 1
2026-09-27T09:20:39.147961Z Normal Created Created container sidecar
2026-09-27T09:20:42.147961Z Normal Created Created container agent
2026-09-27T09:20:46.147961Z Normal SuccessfulCreate Created pod: metrics-server-1fd871
2026-09-27T09:20:50.147961Z Normal LeaderElection prometheus-12f3a4 became leader
2026-09-27T09:20:53.147961Z Normal Started Started container sidecar
2026-09-27T09:20:57.147961Z Normal Scheduled Successfully assigned auth/oauth-dfb783 to ip-10-0-4-20.ec2.internal
2026-09-27T09:21:00.147961Z Normal AddedInterface Add eth0 [10.184.71.76] from eni eni-514eaf9f136d
2026-09-27T09:21:04.147961Z Normal LeaderElection aws-node-1aa496 became leader
2026-09-27T09:21:08.147961Z Normal Started Started container app
2026-09-27T09:21:11.147961Z Normal Synced Successfully synced oauth-30806d
2026-09-27T09:21:15.147961Z Normal Synced Successfully synced api-7ac263
2026-09-27T09:21:18.147961Z Normal Pulled Container image "ghcr.io/company/pay-api:2.3.1" already present on machine
2026-09-27T09:21:22.147961Z Normal Synced Successfully synced aws-node-e11fd9
2026-09-27T09:21:26.147961Z Normal Pulled Container image "nginx:1.25" already present on machine
2026-09-27T09:21:29.147961Z Normal SuccessfulCreate Created pod: prometheus-546a9e
2026-09-27T09:21:33.147961Z Normal SuccessfulCreate Created pod: coredns-28b5a0
2026-09-27T09:21:36.147961Z Normal Pulled Container image "public.ecr.aws/eks/aws-node:v1.14.1" already present on machine
2026-09-27T09:21:40.147961Z Normal Created Created container sidecar
2026-09-27T09:21:44.147961Z Normal Created Created container sidecar
2026-09-27T09:21:47.147961Z Normal Synced Successfully synced loki-a58bd1
2026-09-27T09:21:51.147961Z Normal Created Created container app
2026-09-27T09:21:54.147961Z Normal Synced Successfully synced oauth-6eba58
2026-09-27T09:21:58.147961Z Normal AddedInterface Add eth0 [10.146.205.105] from eni eni-8276875877be
2026-09-27T09:22:02.147961Z Normal Scheduled Successfully assigned observability/prometheus-638e68 to ip-10-0-5-20.ec2.internal
2026-09-27T09:22:05.147961Z Normal Started Started container app
2026-09-27T09:22:09.147961Z Normal LeaderElection ingress-nginx-controller-733a9b became leader
2026-09-27T09:22:12.147961Z Normal Synced Successfully synced pay-worker-b509f5
2026-09-27T09:22:16.147961Z Normal Synced Successfully synced metrics-server-2c0596
2026-09-27T09:22:20.147961Z Warning Unhealthy Readiness probe failed: Get "http://10.129.90.22:443/health": dial tcp 10.129.90.22:443: i/o timeout
2026-09-27T09:22:23.147961Z Normal AddedInterface Add eth0 [10.82.223.91] from eni eni-6dc4bb4b8331
2026-09-27T09:22:27.147961Z Normal ScalingReplicaSet Scaled up replica set api-4145686a to 2 from 2
2026-09-27T09:22:30.147961Z Warning FailedCreate Error creating: pods "pay-worker-06f4f5" is forbidden: error looking up service account payments/default: serviceaccount "default" not found
2026-09-27T09:22:34.147961Z Normal ScalingReplicaSet Scaled up replica set ingress-nginx-controller-de2227a0 to 2 from 0
2026-09-27T09:22:38.147961Z Normal LeaderElection pay-worker-1cdbd8 became leader
2026-09-27T09:22:41.147961Z Normal AddedInterface Add eth0 [10.8.210.27] from eni eni-e9a5f7e0e306
2026-09-27T09:22:45.147961Z Normal Pulled Container image "ghcr.io/company/auth-api:1.9.0" already present on machine
2026-09-27T09:22:48.147961Z Normal AddedInterface Add eth0 [10.202.3.241] from eni eni-5fff237b6376
2026-09-27T09:22:52.147961Z Warning BackOff Back-off restarting failed container proxy in pod ingress-nginx/ingress-nginx-controller-d257c0
2026-09-27T09:22:56.147961Z Normal LeaderElection pay-worker-56b9a1 became leader
2026-09-27T09:22:59.147961Z Warning FailedCreate Error creating: pods "kube-proxy-25f180" is forbidden: error looking up service account kube-system/default: serviceaccount "default" not found
2026-09-27T09:23:03.147961Z Normal SuccessfulCreate Created pod: prometheus-705001
2026-09-27T09:23:06.147961Z Normal LeaderElection web-588fa8 became leader
2026-09-27T09:23:10.147961Z Normal Scheduled Successfully assigned ingress-nginx/ingress-nginx-controller-cf4828 to ip-10-0-2-20.ec2.internal
2026-09-27T09:23:14.147961Z Normal Started Started container agent
2026-09-27T09:23:17.147961Z Warning OOMKilled Container sidecar in pod auth/auth-api-0873ea was killed due to OOM
2026-09-27T09:23:21.147961Z Normal Synced Successfully synced aws-node-e52fe3
2026-09-27T09:23:24.147961Z Normal Pulled Container image "busybox:1.36" already present on machine
2026-09-27T09:23:28.147961Z Normal ScalingReplicaSet Scaled up replica set worker-e999e56f to 5 from 0
2026-09-27T09:23:32.147961Z Normal ScalingReplicaSet Scaled up replica set prometheus-daebf079 to 2 from 2
2026-09-27T09:23:35.147961Z Normal Pulled Container image "python:3.11-slim" already present on machine
2026-09-27T09:23:39.147961Z Normal Scheduled Successfully assigned ingress-nginx/ingress-nginx-controller-124755 to ip-10-0-4-40.ec2.internal
2026-09-27T09:23:42.147961Z Normal Started Started container app
2026-09-27T09:23:46.147961Z Warning NodeNotReady Node ip-10-0-5-10.ec2.internal status is now: NodeNotReady
2026-09-27T09:23:50.147961Z Normal Pulled Container image "ghcr.io/company/pay-api:2.3.1" already present on machine
2026-09-27T09:23:53.147961Z Normal ScalingReplicaSet Scaled up replica set web-6d16d4b9 to 6 from 0
2026-09-27T09:23:57.147961Z Normal LeaderElection ingress-nginx-controller-4fa65c became leader
2026-09-27T09:24:00.147961Z Normal LeaderElection aws-node-426146 became leader
2026-09-27T09:24:04.147961Z Normal SuccessfulCreate Created pod: api-db6850
2026-09-27T09:24:08.147961Z Warning BackOff Back-off restarting failed container sidecar in pod default/worker-893ef6
2026-09-27T09:24:11.147961Z Normal SuccessfulCreate Created pod: pay-worker-17315d
2026-09-27T09:24:15.147961Z Normal Scheduled Successfully assigned default/api-8687d8 to ip-10-0-3-50.ec2.internal
2026-09-27T09:24:18.147961Z Normal AddedInterface Add eth0 [10.43.181.111] from eni eni-00c7fc562db8
2026-09-27T09:24:22.147961Z Normal LeaderElection prometheus-272107 became leader
2026-09-27T09:24:26.147961Z Normal Pulled Container image "busybox:1.36" already present on machine
2026-09-27T09:24:29.147961Z Normal LeaderElection web-81a074 became leader
2026-09-27T09:24:33.147961Z Normal SuccessfulCreate Created pod: api-3caffe
2026-09-27T09:24:36.147961Z Normal Pulled Container image "busybox:1.36" already present on machine
2026-09-27T09:24:40.147961Z Normal SuccessfulCreate Created pod: grafana-7f2d01
2026-09-27T09:24:44.147961Z Normal Scheduled Successfully assigned ingress-nginx/ingress-nginx-controller-fbdf54 to ip-10-0-4-50.ec2.internal
2026-09-27T09:24:47.147961Z Normal ScalingReplicaSet Scaled up replica set ingress-nginx-controller-0e360bad to 5 from 1
2026-09-27T09:24:51.147961Z Warning ErrImagePull Failed to pull image "ghcr.io/company/pay-api:2.3.1": rpc error: code = Unknown desc = Error response from daemon: pull access denied
2026-09-27T09:24:54.147961Z Normal AddedInterface Add eth0 [10.55.140.225] from eni eni-9d6f5f3e8b3f
2026-09-27T09:24:58.147961Z Warning NodeNotReady Node ip-10-0-3-10.ec2.internal status is now: NodeNotReady
2026-09-27T09:25:02.147961Z Normal Pulled Container image "ghcr.io/company/auth-api:1.9.0" already present on machine
2026-09-27T09:25:05.147961Z Normal SuccessfulCreate Created pod: prometheus-4bd854
2026-09-27T09:25:09.147961Z Normal Scheduled Successfully assigned auth/auth-api-240030 to ip-10-0-1-30.ec2.internal
2026-09-27T09:25:12.147961Z Normal LeaderElection metrics-server-d09b67 became leader
2026-09-27T09:25:16.147961Z Normal Synced Successfully synced aws-node-20ae87
2026-09-27T09:25:20.147961Z Normal LeaderElection pay-worker-b97493 became leader
2026-09-27T09:25:23.147961Z Normal SuccessfulCreate Created pod: pay-worker-68a6b9
2026-09-27T09:25:27.147961Z Normal AddedInterface Add eth0 [10.201.64.104] from eni eni-e018a1056b7e
2026-09-27T09:25:30.147961Z Normal Scheduled Successfully assigned default/web-a0632a to ip-10-0-2-40.ec2.internal
2026-09-27T09:25:34.147961Z Normal Created Created container sidecar
2026-09-27T09:25:38.147961Z Normal Pulled Container image "busybox:1.36" already present on machine
2026-09-27T09:25:41.147961Z Normal Synced Successfully synced aws-node-9dda0e
2026-09-27T09:25:45.147961Z Normal Started Started container proxy
2026-09-27T09:25:48.147961Z Normal SuccessfulCreate Created pod: ingress-nginx-controller-fcc55e
2026-09-27T09:25:52.147961Z Normal LeaderElection ingress-nginx-controller-7dc7c3 became leader
2026-09-27T09:25:56.147961Z Normal Created Created container proxy
2026-09-27T09:25:59.147961Z Normal ScalingReplicaSet Scaled up replica set auth-api-86d542d3 to 5 from 2
2026-09-27T09:26:03.147961Z Normal Created Created container agent
2026-09-27T09:26:06.147961Z Warning FailedCreate Error creating: pods "oauth-e148ae" is forbidden: error looking up service account auth/default: serviceaccount "default" not found
2026-09-27T09:26:10.147961Z Normal Scheduled Successfully assigned auth/oauth-9e23e2 to ip-10-0-1-40.ec2.internal
2026-09-27T09:26:14.147961Z Normal SuccessfulCreate Created pod: frontend-593d97
2026-09-27T09:26:17.147961Z Normal Scheduled Successfully assigned ingress-nginx/ingress-nginx-controller-8ca384 to ip-10-0-3-40.ec2.internal
2026-09-27T09:26:21.147961Z Normal Synced Successfully synced auth-api-037281
2026-09-27T09:26:24.147961Z Normal Pulled Container image "ghcr.io/company/auth-api:1.9.0" already present on machine
2026-09-27T09:26:28.147961Z Normal SuccessfulCreate Created pod: prometheus-5d7657
2026-09-27T09:26:32.147961Z Normal Scheduled Successfully assigned ingress-nginx/ingress-nginx-controller-bcac0e to ip-10-0-1-30.ec2.internal
2026-09-27T09:26:35.147961Z Normal Scheduled Successfully assigned default/frontend-df8a4c to ip-10-0-2-40.ec2.internal
2026-09-27T09:26:39.147961Z Normal Pulled Container image "python:3.11-slim" already present on machine
2026-09-27T09:26:42.147961Z Normal Started Started container proxy
2026-09-27T09:26:46.147961Z Normal Scheduled Successfully assigned payments/pay-worker-6d1baa to ip-10-0-2-30.ec2.internal
2026-09-27T09:26:50.147961Z Normal Pulled Container image "ghcr.io/company/pay-api:2.3.1" already present on machine
2026-09-27T09:26:53.147961Z Normal Scheduled Successfully assigned auth/oauth-13bec5 to ip-10-0-3-20.ec2.internal
2026-09-27T09:26:57.147961Z Normal SuccessfulCreate Created pod: ingress-nginx-controller-a7af39
2026-09-27T09:27:00.147961Z Normal Pulled Container image "public.ecr.aws/eks/aws-node:v1.14.1" already present on machine
2026-09-27T09:27:04.147961Z Normal AddedInterface Add eth0 [10.112.227.183] from eni eni-97e5e641df19
2026-09-27T09:27:08.147961Z Normal Started Started container app
2026-09-27T09:27:11.147961Z Normal Synced Successfully synced kube-proxy-7e625a
2026-09-27T09:27:15.147961Z Warning DNSConfigForming Nameserver limits were exceeded, some nameservers have been omitted, the applied nameserver line is: 10.196.253.5 10.195.196.114 10.22.114.53 10.194.94.169 10.220.26.170
2026-09-27T09:27:18.147961Z Normal LeaderElection prometheus-3d14e1 became leader
2026-09-27T09:27:22.147961Z Normal LeaderElection ingress-nginx-controller-6e97c6 became leader
2026-09-27T09:27:26.147961Z Normal LeaderElection aws-node-883a86 became leader
2026-09-27T09:27:29.147961Z Normal Created Created container agent
2026-09-27T09:27:33.147961Z Normal Pulled Container image "nginx:1.25" already present on machine
2026-09-27T09:27:36.147961Z Normal Created Created container proxy
2026-09-27T09:27:40.147961Z Normal Scheduled Successfully assigned ingress-nginx/ingress-nginx-controller-377d69 to ip-10-0-2-30.ec2.internal
2026-09-27T09:27:44.147961Z Normal ScalingReplicaSet Scaled up replica set coredns-01bf305f to 2 from 0
2026-09-27T09:27:47.147961Z Normal LeaderElection oauth-95c2eb became leader
2026-09-27T09:27:51.147961Z Normal ScalingReplicaSet Scaled up replica set pay-worker-d1356a6f to 5 from 1
2026-09-27T09:27:54.147961Z Normal Started Started container agent
2026-09-27T09:27:58.147961Z Normal Started Started container proxy
2026-09-27T09:28:02.147961Z Normal Started Started container app
2026-09-27T09:28:05.147961Z Normal Synced Successfully synced kube-proxy-7a9f26
2026-09-27T09:28:09.147961Z Normal Created Created container app
2026-09-27T09:28:12.147961Z Normal LeaderElection pay-api-54f917 became leader
2026-09-27T09:28:16.147961Z Normal AddedInterface Add eth0 [10.232.7.43] from eni eni-d94c98d52963
2026-09-27T09:28:20.147961Z Normal ScalingReplicaSet Scaled up replica set api-f8096460 to 3 from 1
2026-09-27T09:28:23.147961Z Normal Scheduled Successfully assigned ingress-nginx/ingress-nginx-controller-412597 to ip-10-0-5-30.ec2.internal
2026-09-27T09:28:27.147961Z Normal Created Created container proxy
2026-09-27T09:28:30.147961Z Normal SuccessfulCreate Created pod: api-208102
2026-09-27T09:28:34.147961Z Normal Created Created container app
2026-09-27T09:28:38.147961Z Normal SuccessfulCreate Created pod: ingress-nginx-controller-2a932f
2026-09-27T09:28:41.147961Z Normal Started Started container agent
2026-09-27T09:28:45.147961Z Normal SuccessfulCreate Created pod: coredns-4d1ed1
2026-09-27T09:28:48.147961Z Normal Pulled Container image "ghcr.io/company/auth-api:1.9.0" already present on machine
2026-09-27T09:28:52.147961Z Normal Started Started container sidecar
2026-09-27T09:28:56.147961Z Normal AddedInterface Add eth0 [10.37.161.229] from eni eni-b00966b74af9
2026-09-27T09:28:59.147961Z Normal SuccessfulCreate Created pod: auth-api-e5aabd
2026-09-27T09:29:03.147961Z Normal Started Started container proxy
2026-09-27T09:29:06.147961Z Normal Started Started container sidecar
2026-09-27T09:29:10.147961Z Normal AddedInterface Add eth0 [10.248.250.204] from eni eni-2043812bbc20
2026-09-27T09:29:14.147961Z Normal Synced Successfully synced api-4d6184
2026-09-27T09:29:17.147961Z Normal Started Started container proxy
2026-09-27T09:29:21.147961Z Normal Synced Successfully synced loki-421059
2026-09-27T09:29:24.147961Z Normal LeaderElection prometheus-372d2c became leader
2026-09-27T09:29:28.147961Z Normal Scheduled Successfully assigned kube-system/aws-node-b7a308 to ip-10-0-5-50.ec2.internal
2026-09-27T09:29:32.147961Z Normal AddedInterface Add eth0 [10.25.107.93] from eni eni-1a7c5be8204c
2026-09-27T09:29:35.147961Z Normal Scheduled Successfully assigned kube-system/kube-proxy-1a866f to ip-10-0-2-10.ec2.internal
2026-09-27T09:29:39.147961Z Normal Started Started container app
2026-09-27T09:29:42.147961Z Normal LeaderElection ingress-nginx-controller-94465b became leader
2026-09-27T09:29:46.147961Z Normal Synced Successfully synced ingress-nginx-controller-f9f268
2026-09-27T09:29:50.147961Z Normal AddedInterface Add eth0 [10.149.219.24] from eni eni-215b654b7c49
2026-09-27T09:29:53.147961Z Normal AddedInterface Add eth0 [10.8.254.187] from eni eni-4e8c3b706224
2026-09-27T09:29:57.147961Z Normal ScalingReplicaSet Scaled up replica set coredns-8a6c8cf8 to 3 from 2
2026-09-27T09:30:00.147961Z Normal Synced Successfully synced web-8feaa9
2026-09-27T09:30:04.147961Z Normal Scheduled Successfully assigned auth/auth-api-42051d to ip-10-0-1-20.ec2.internal
2026-09-27T09:30:08.147961Z Normal Started Started container agent
2026-09-27T09:30:11.147961Z Normal Created Created container app
2026-09-27T09:30:15.147961Z Normal AddedInterface Add eth0 [10.58.19.227] from eni eni-7ec0664d7cae
2026-09-27T09:30:18.147961Z Normal ScalingReplicaSet Scaled up replica set ingress-nginx-controller-3aa1ca3f to 6 from 2
2026-09-27T09:30:22.147961Z Normal ScalingReplicaSet Scaled up replica set aws-node-6fab321a to 3 from 0
2026-09-27T09:30:26.147961Z Normal Scheduled Successfully assigned auth/oauth-c77154 to ip-10-0-1-10.ec2.internal
2026-09-27T09:30:29.147961Z Normal Created Created container app
2026-09-27T09:30:33.147961Z Normal SuccessfulCreate Created pod: ingress-nginx-controller-f673fb
2026-09-27T09:30:36.147961Z Normal SuccessfulCreate Created pod: pay-worker-6b5e4f
2026-09-27T09:30:40.147961Z Normal Started Started container agent
2026-09-27T09:30:44.147961Z Normal Synced Successfully synced aws-node-52fb63
2026-09-27T09:30:47.147961Z Normal ScalingReplicaSet Scaled up replica set pay-worker-eddb7199 to 4 from 2
2026-09-27T09:30:51.147961Z Normal Synced Successfully synced loki-82fadf
2026-09-27T09:30:54.147961Z Normal ScalingReplicaSet Scaled up replica set frontend-de2f4df9 to 5 from 0
2026-09-27T09:30:58.147961Z Normal Scheduled Successfully assigned auth/auth-api-46e2b7 to ip-10-0-3-30.ec2.internal
2026-09-27T09:31:02.147961Z Normal LeaderElection prometheus-27192a became leader
2026-09-27T09:31:05.147961Z Normal Synced Successfully synced ingress-nginx-controller-086ea8
2026-09-27T09:31:09.147961Z Normal Pulled Container image "ghcr.io/company/pay-api:2.3.1" already present on machine
2026-09-27T09:31:12.147961Z Normal ScalingReplicaSet Scaled up replica set ingress-nginx-controller-6d80f1bf to 3 from 2
2026-09-27T09:31:16.147961Z Warning DNSConfigForming Nameserver limits were exceeded, some nameservers have been omitted, the applied nameserver line is: 10.75.136.22 10.88.227.12 10.141.101.177 10.209.88.163 10.1.159.71
2026-09-27T09:31:20.147961Z Normal Pulled Container image "busybox:1.36" already present on machine
2026-09-27T09:31:23.147961Z Normal Started Started container sidecar
2026-09-27T09:31:27.147961Z Normal Created Created container sidecar
2026-09-27T09:31:30.147961Z Normal Synced Successfully synced pay-api-6bac9b
2026-09-27T09:31:34.147961Z Normal Started Started container proxy
2026-09-27T09:31:38.147961Z Normal Synced Successfully synced ingress-nginx-controller-4cde12
2026-09-27T09:31:41.147961Z Normal Scheduled Successfully assigned default/api-a0e92a to ip-10-0-4-10.ec2.internal
2026-09-27T09:31:45.147961Z Normal ScalingReplicaSet Scaled up replica set worker-5aead6dd to 4 from 0
2026-09-27T09:31:48.147961Z Normal Started Started container app
2026-09-27T09:31:52.147961Z Normal AddedInterface Add eth0 [10.205.153.11] from eni eni-5d79060d4eac
2026-09-27T09:31:56.147961Z Normal AddedInterface Add eth0 [10.14.83.132] from eni eni-65a497d85887
2026-09-27T09:31:59.147961Z Normal Synced Successfully synced aws-node-280650
2026-09-27T09:32:03.147961Z Normal Started Started container sidecar
2026-09-27T09:32:06.147961Z Normal LeaderElection ingress-nginx-controller-d7d0d7 became leader
2026-09-27T09:32:10.147961Z Normal Created Created container sidecar
2026-09-27T09:32:14.147961Z Normal Scheduled Successfully assigned observability/loki-246061 to ip-10-0-5-40.ec2.internal
2026-09-27T09:32:17.147961Z Normal Created Created container agent
2026-09-27T09:32:21.147961Z Normal SuccessfulCreate Created pod: api-8c4b01
2026-09-27T09:32:24.147961Z Normal Pulled Container image "registry.k8s.io/coredns/coredns:v1.11.1" already present on machine
2026-09-27T09:32:28.147961Z Normal LeaderElection ingress-nginx-controller-ff9df2 became leader
2026-09-27T09:32:32.147961Z Normal Synced Successfully synced pay-worker-30bd6e
2026-09-27T09:32:35.147961Z Normal Pulled Container image "nginx:1.25" already present on machine
2026-09-27T09:32:39.147961Z Normal Pulled Container image "python:3.11-slim" already present on machine
2026-09-27T09:32:42.147961Z Normal Scheduled Successfully assigned observability/prometheus-993d37 to ip-10-0-4-50.ec2.internal
2026-09-27T09:32:46.147961Z Normal ScalingReplicaSet Scaled up replica set kube-proxy-2450b9c3 to 2 from 2
2026-09-27T09:32:50.147961Z Normal LeaderElection ingress-nginx-controller-db379f became leader
2026-09-27T09:32:53.147961Z Normal Pulled Container image "nginx:1.25" already present on machine
2026-09-27T09:32:57.147961Z Normal Pulled Container image "registry.k8s.io/coredns/coredns:v1.11.1" already present on machine
2026-09-27T09:33:00.147961Z Normal LeaderElection kube-proxy-ee99d4 became leader
2026-09-27T09:33:04.147961Z Normal LeaderElection ingress-nginx-controller-719916 became leader
2026-09-27T09:33:08.147961Z Warning ErrImagePull Failed to pull image "registry.k8s.io/coredns/coredns:v1.11.1": rpc error: code = Unknown desc = Error response from daemon: pull access denied
2026-09-27T09:33:11.147961Z Normal Pulled Container image "ghcr.io/company/pay-api:2.3.1" already present on machine
2026-09-27T09:33:15.147961Z Warning DiskPressure Node ip-10-0-2-20.ec2.internal status is now: NodeHasDiskPressure
2026-09-27T09:33:18.147961Z Normal Started Started container agent
2026-09-27T09:33:22.147961Z Normal LeaderElection grafana-9ecad3 became leader
2026-09-27T09:33:26.147961Z Normal Created Created container sidecar
2026-09-27T09:33:29.147961Z Normal LeaderElection oauth-bcb2e1 became leader
2026-09-27T09:33:33.147961Z Normal Started Started container proxy
2026-09-27T09:33:36.147961Z Warning BackOff Back-off restarting failed container sidecar in pod observability/loki-770a2c
2026-09-27T09:33:40.147961Z Normal AddedInterface Add eth0 [10.197.36.201] from eni eni-fa6868556ad6
2026-09-27T09:33:44.147961Z Normal Scheduled Successfully assigned auth/auth-api-faad65 to ip-10-0-3-50.ec2.internal
2026-09-27T09:33:47.147961Z Normal ScalingReplicaSet Scaled up replica set ingress-nginx-controller-cd6d3c32 to 5 from 2
2026-09-27T09:33:51.147961Z Normal Synced Successfully synced prometheus-94fb46
2026-09-27T09:33:54.147961Z Normal Created Created container proxy
2026-09-27T09:33:58.147961Z Normal SuccessfulCreate Created pod: prometheus-e3ad71
2026-09-27T09:34:02.147961Z Warning FailedScheduling 0/6 nodes are available: preemption: 0/5 nodes are available: No preemption victims found for incoming pod
2026-09-27T09:34:05.147961Z Normal SuccessfulCreate Created pod: ingress-nginx-controller-aed2d8
2026-09-27T09:34:09.147961Z Normal Scheduled Successfully assigned kube-system/kube-proxy-919abc to ip-10-0-4-50.ec2.internal
2026-09-27T09:34:12.147961Z Normal AddedInterface Add eth0 [10.50.168.130] from eni eni-c3ed1c377217
2026-09-27T09:34:16.147961Z Normal Synced Successfully synced frontend-8c4e0d
2026-09-27T09:34:20.147961Z Normal Scheduled Successfully assigned auth/oauth-b8b820 to ip-10-0-4-30.ec2.internal
2026-09-27T09:34:23.147961Z Normal Pulled Container image "busybox:1.36" already present on machine
2026-09-27T09:34:27.147961Z Normal Pulled Container image "busybox:1.36" already present on machine
2026-09-27T09:34:30.147961Z Normal Synced Successfully synced metrics-server-531bb1
2026-09-27T09:34:34.147961Z Normal Created Created container sidecar
2026-09-27T09:34:38.147961Z Normal Pulled Container image "python:3.11-slim" already present on machine
2026-09-27T09:34:41.147961Z Normal AddedInterface Add eth0 [10.118.109.79] from eni eni-d3597834950a
2026-09-27T09:34:45.147961Z Normal Created Created container sidecar
2026-09-27T09:34:48.147961Z Normal SuccessfulCreate Created pod: ingress-nginx-controller-7f6a44
2026-09-27T09:34:52.147961Z Normal LeaderElection grafana-bec40e became leader
2026-09-27T09:34:56.147961Z Normal SuccessfulCreate Created pod: frontend-4742f4
2026-09-27T09:34:59.147961Z Normal Pulled Container image "public.ecr.aws/eks/aws-node:v1.14.1" already present on machine
2026-09-27T09:35:03.147961Z Normal Synced Successfully synced kube-proxy-802abc
2026-09-27T09:35:06.147961Z Normal SuccessfulCreate Created pod: oauth-440014
2026-09-27T09:35:10.147961Z Normal AddedInterface Add eth0 [10.77.77.151] from eni eni-6d80131e6b72
2026-09-27T09:35:14.147961Z Normal ScalingReplicaSet Scaled up replica set kube-proxy-3680a6f2 to 4 from 1
2026-09-27T09:35:17.147961Z Normal SuccessfulCreate Created pod: ingress-nginx-controller-5f2165
2026-09-27T09:35:21.147961Z Normal AddedInterface Add eth0 [10.210.218.102] from eni eni-5391ea54464c
2026-09-27T09:35:24.147961Z Normal Pulled Container image "nginx:1.25" already present on machine
2026-09-27T09:35:28.147961Z Normal LeaderElection auth-api-b39f12 became leader
2026-09-27T09:35:32.147961Z Normal LeaderElection pay-api-913762 became leader
2026-09-27T09:35:35.147961Z Normal ScalingReplicaSet Scaled up replica set frontend-cc67ac30 to 6 from 1
2026-09-27T09:35:39.147961Z Normal Created Created container agent
2026-09-27T09:35:42.147961Z Normal Started Started container sidecar
2026-09-27T09:35:46.147961Z Normal LeaderElection metrics-server-45af68 became leader
2026-09-27T09:35:50.147961Z Normal Pulled Container image "registry.k8s.io/coredns/coredns:v1.11.1" already present on machine
2026-09-27T09:35:53.147961Z Normal Started Started container sidecar
2026-09-27T09:35:57.147961Z Normal Pulled Container image "registry.k8s.io/coredns/coredns:v1.11.1" already present on machine
2026-09-27T09:36:00.147961Z Warning ImagePullBackOff Back-off pulling image "python:3.11-slim"
2026-09-27T09:36:04.147961Z Normal Created Created container proxy
2026-09-27T09:36:08.147961Z Normal SuccessfulCreate Created pod: api-8d6122
2026-09-27T09:36:11.147961Z Warning Unhealthy Readiness probe failed: Get "http://10.17.73.234:9090/health": dial tcp 10.17.73.234:9090: i/o timeout
2026-09-27T09:36:15.147961Z Normal Pulled Container image "registry.k8s.io/coredns/coredns:v1.11.1" already present on machine
2026-09-27T09:36:18.147961Z Normal LeaderElection ingress-nginx-controller-23d62b became leader
2026-09-27T09:36:22.147961Z Normal AddedInterface Add eth0 [10.154.168.182] from eni eni-bdb7d1b45f7c
2026-09-27T09:36:26.147961Z Normal Started Started container proxy
2026-09-27T09:36:29.147961Z Normal ScalingReplicaSet Scaled up replica set coredns-f897b881 to 3 from 2
2026-09-27T09:36:33.147961Z Normal AddedInterface Add eth0 [10.134.225.31] from eni eni-4bc838d82d32
2026-09-27T09:36:36.147961Z Normal SuccessfulCreate Created pod: kube-proxy-56c667
2026-09-27T09:36:40.147961Z Normal SuccessfulCreate Created pod: pay-api-ebea5b
2026-09-27T09:36:44.147961Z Normal Started Started container app
2026-09-27T09:36:47.147961Z Normal AddedInterface Add eth0 [10.24.185.139] from eni eni-413f3b71b2ca
2026-09-27T09:36:51.147961Z Normal SuccessfulCreate Created pod: coredns-f78f3c
2026-09-27T09:36:54.147961Z Warning ImagePullBackOff Back-off pulling image "registry.k8s.io/coredns/coredns:v1.11.1"
2026-09-27T09:36:58.147961Z Normal Created Created container agent
2026-09-27T09:37:02.147961Z Normal Synced Successfully synced kube-proxy-13ccfc
2026-09-27T09:37:05.147961Z Normal Scheduled Successfully assigned payments/pay-worker-a60b19 to ip-10-0-1-40.ec2.internal
2026-09-27T09:37:09.147961Z Normal ScalingReplicaSet Scaled up replica set frontend-0c8f45e0 to 3 from 2
2026-09-27T09:37:12.147961Z Normal AddedInterface Add eth0 [10.53.143.216] from eni eni-bae51d247d4b
2026-09-27T09:37:16.147961Z Normal LeaderElection ingress-nginx-controller-34849c became leader
2026-09-27T09:37:20.147961Z Normal Pulled Container image "busybox:1.36" already present on machine
2026-09-27T09:37:23.147961Z Normal AddedInterface Add eth0 [10.201.20.89] from eni eni-0d19bbac2a66
2026-09-27T09:37:27.147961Z Normal LeaderElection ingress-nginx-controller-009b13 became leader
2026-09-27T09:37:30.147961Z Normal SuccessfulCreate Created pod: pay-worker-13e078
2026-09-27T09:37:34.147961Z Normal ScalingReplicaSet Scaled up replica set oauth-c41d58e7 to 4 from 2
2026-09-27T09:37:38.147961Z Normal LeaderElection auth-api-856086 became leader
2026-09-27T09:37:41.147961Z Normal ScalingReplicaSet Scaled up replica set ingress-nginx-controller-3a4669b9 to 2 from 0
2026-09-27T09:37:45.147961Z Normal Pulled Container image "ghcr.io/company/auth-api:1.9.0" already present on machine
2026-09-27T09:37:48.147961Z Normal SuccessfulCreate Created pod: pay-worker-74edb2
2026-09-27T09:37:52.147961Z Normal SuccessfulCreate Created pod: worker-71965d
2026-09-27T09:37:56.147961Z Normal Scheduled Successfully assigned kube-system/aws-node-ce4bd2 to ip-10-0-2-30.ec2.internal
2026-09-27T09:37:59.147961Z Normal ScalingReplicaSet Scaled up replica set pay-worker-ce676c32 to 4 from 1
2026-09-27T09:38:03.147961Z Normal Started Started container agent
2026-09-27T09:38:06.147961Z Normal AddedInterface Add eth0 [10.160.53.207] from eni eni-910a5645faef
2026-09-27T09:38:10.147961Z Warning OOMKilled Container proxy in pod observability/loki-8c89ca was killed due to OOM
2026-09-27T09:38:14.147961Z Normal AddedInterface Add eth0 [10.110.231.80] from eni eni-3c10c98071eb
2026-09-27T09:38:17.147961Z Normal AddedInterface Add eth0 [10.183.61.199] from eni eni-122fa76c218f
2026-09-27T09:38:21.147961Z Normal ScalingReplicaSet Scaled up replica set aws-node-2480b250 to 2 from 0
2026-09-27T09:38:24.147961Z Normal SuccessfulCreate Created pod: pay-worker-6f6fba
2026-09-27T09:38:28.147961Z Normal Pulled Container image "nginx:1.25" already present on machine
2026-09-27T09:38:32.147961Z Warning NodeNotReady Node ip-10-0-1-10.ec2.internal status is now: NodeNotReady
2026-09-27T09:38:35.147961Z Normal Synced Successfully synced ingress-nginx-controller-34e23b
2026-09-27T09:38:39.147961Z Normal Synced Successfully synced web-70cdbe
2026-09-27T09:38:42.147961Z Normal ScalingReplicaSet Scaled up replica set kube-proxy-45432fd3 to 3 from 0
2026-09-27T09:38:46.147961Z Normal Pulled Container image "public.ecr.aws/eks/aws-node:v1.14.1" already present on machine
2026-09-27T09:38:50.147961Z Normal LeaderElection oauth-b81c36 became leader
2026-09-27T09:38:53.147961Z Normal SuccessfulCreate Created pod: pay-api-11270e
2026-09-27T09:38:57.147961Z Normal Scheduled Successfully assigned ingress-nginx/ingress-nginx-controller-78dfc9 to ip-10-0-4-20.ec2.internal
2026-09-27T09:39:00.147961Z Normal Scheduled Successfully assigned default/worker-5fc393 to ip-10-0-3-30.ec2.internal
2026-09-27T09:39:04.147961Z Warning Unhealthy Readiness probe failed: Get "http://10.104.253.53:80/health": dial tcp 10.104.253.53:80: i/o timeout
2026-09-27T09:39:08.147961Z Normal LeaderElection oauth-696e5f became leader
2026-09-27T09:39:11.147961Z Normal Started Started container app
2026-09-27T09:39:15.147961Z Normal LeaderElection web-f4025a became leader
2026-09-27T09:39:18.147961Z Normal AddedInterface Add eth0 [10.61.202.211] from eni eni-8fc494b5e667
2026-09-27T09:39:22.147961Z Normal Pulled Container image "nginx:1.25" already present on machine
2026-09-27T09:39:26.147961Z Normal Scheduled Successfully assigned auth/oauth-21f544 to ip-10-0-3-50.ec2.internal
2026-09-27T09:39:29.147961Z Normal Created Created container sidecar
2026-09-27T09:39:33.147961Z Warning FailedScheduling 0/8 nodes are available: preemption: 0/5 nodes are available: No preemption victims found for incoming pod
2026-09-27T09:39:36.147961Z Normal Scheduled Successfully assigned kube-system/coredns-438009 to ip-10-0-3-30.ec2.internal
2026-09-27T09:39:40.147961Z Normal Started Started container proxy
2026-09-27T09:39:44.147961Z Normal SuccessfulCreate Created pod: grafana-e7c789
2026-09-27T09:39:47.147961Z Normal AddedInterface Add eth0 [10.153.73.11] from eni eni-cd221c2acf49
2026-09-27T09:39:51.147961Z Normal LeaderElection kube-proxy-6373c6 became leader
2026-09-27T09:39:54.147961Z Normal ScalingReplicaSet Scaled up replica set grafana-45e922a5 to 5 from 2
2026-09-27T09:39:58.147961Z Normal Synced Successfully synced pay-worker-c8a414
2026-09-27T09:40:02.147961Z Normal Synced Successfully synced pay-api-516645
2026-09-27T09:40:05.147961Z Normal ScalingReplicaSet Scaled up replica set metrics-server-3e01b1a9 to 5 from 0
2026-09-27T09:40:09.147961Z Normal Scheduled Successfully assigned ingress-nginx/ingress-nginx-controller-3682da to ip-10-0-5-50.ec2.internal
2026-09-27T09:40:12.147961Z Normal ScalingReplicaSet Scaled up replica set worker-b265bff1 to 6 from 1
2026-09-27T09:40:16.147961Z Normal Created Created container sidecar
2026-09-27T09:40:20.147961Z Normal Created Created container proxy
2026-09-27T09:40:23.147961Z Normal ScalingReplicaSet Scaled up replica set api-32e5a7d7 to 5 from 2
2026-09-27T09:40:27.147961Z Normal Pulled Container image "registry.k8s.io/coredns/coredns:v1.11.1" already present on machine
2026-09-27T09:40:30.147961Z Normal Pulled Container image "python:3.11-slim" already present on machine
2026-09-27T09:40:34.147961Z Normal Scheduled Successfully assigned payments/pay-api-cbf591 to ip-10-0-4-50.ec2.internal
2026-09-27T09:40:38.147961Z Normal SuccessfulCreate Created pod: coredns-8228f6
2026-09-27T09:40:41.147961Z Normal Synced Successfully synced worker-a482d5
2026-09-27T09:40:45.147961Z Normal ScalingReplicaSet Scaled up replica set worker-db5d3e57 to 4 from 2
2026-09-27T09:40:48.147961Z Normal Pulled Container image "nginx:1.25" already present on machine
2026-09-27T09:40:52.147961Z Normal Pulled Container image "public.ecr.aws/eks/aws-node:v1.14.1" already present on machine
2026-09-27T09:40:56.147961Z Normal Scheduled Successfully assigned default/worker-5b9630 to ip-10-0-4-50.ec2.internal
2026-09-27T09:40:59.147961Z Normal Pulled Container image "ghcr.io/company/pay-api:2.3.1" already present on machine
2026-09-27T09:41:03.147961Z Normal Scheduled Successfully assigned ingress-nginx/ingress-nginx-controller-742219 to ip-10-0-4-10.ec2.internal
2026-09-27T09:41:06.147961Z Normal Pulled Container image "python:3.11-slim" already present on machine
2026-09-27T09:41:10.147961Z Normal SuccessfulCreate Created pod: prometheus-f6f220
2026-09-27T09:41:14.147961Z Normal Scheduled Successfully assigned kube-system/coredns-c0c902 to ip-10-0-5-10.ec2.internal
2026-09-27T09:41:17.147961Z Normal ScalingReplicaSet Scaled up replica set frontend-eb7ffe7f to 5 from 1
2026-09-27T09:41:21.147961Z Normal Created Created container proxy
2026-09-27T09:41:24.147961Z Normal Created Created container proxy
2026-09-27T09:41:28.147961Z Normal Created Created container proxy
2026-09-27T09:41:32.147961Z Normal Synced Successfully synced aws-node-f0e97d
2026-09-27T09:41:35.147961Z Normal Created Created container sidecar
2026-09-27T09:41:39.147961Z Normal Synced Successfully synced worker-ba9c7f
2026-09-27T09:41:42.147961Z Normal AddedInterface Add eth0 [10.159.219.157] from eni eni-22d3c0d7ae4f
2026-09-27T09:41:46.147961Z Normal Started Started container sidecar
2026-09-27T09:41:50.147961Z Normal Created Created container proxy
2026-09-27T09:41:53.147961Z Normal ScalingReplicaSet Scaled up replica set auth-api-70ea3c1d to 6 from 0
2026-09-27T09:41:57.147961Z Warning Unhealthy Readiness probe failed: Get "http://10.251.236.155:8080/health": dial tcp 10.251.236.155:8080: i/o timeout
2026-09-27T09:42:00.147961Z Normal Started Started container sidecar
2026-09-27T09:42:04.147961Z Normal Scheduled Successfully assigned observability/prometheus-399869 to ip-10-0-3-30.ec2.internal
2026-09-27T09:42:08.147961Z Normal Synced Successfully synced ingress-nginx-controller-780e56
2026-09-27T09:42:11.147961Z Normal Scheduled Successfully assigned observability/grafana-0a5c0a to ip-10-0-2-40.ec2.internal
2026-09-27T09:42:15.147961Z Normal ScalingReplicaSet Scaled up replica set loki-a29b77c0 to 5 from 0
2026-09-27T09:42:18.147961Z Normal Scheduled Successfully assigned observability/loki-1a403d to ip-10-0-5-50.ec2.internal
2026-09-27T09:42:22.147961Z Normal ScalingReplicaSet Scaled up replica set web-4751fa5d to 2 from 1
2026-09-27T09:42:26.147961Z Normal AddedInterface Add eth0 [10.31.213.165] from eni eni-0bb2fca73a9d
2026-09-27T09:42:29.147961Z Warning DNSConfigForming Nameserver limits were exceeded, some nameservers have been omitted, the applied nameserver line is: 10.245.21.11 10.112.119.244 10.78.70.129 10.163.165.100 10.202.9.131
2026-09-27T09:42:33.147961Z Normal Scheduled Successfully assigned ingress-nginx/ingress-nginx-controller-f5ca89 to ip-10-0-4-30.ec2.internal
2026-09-27T09:42:36.147961Z Normal SuccessfulCreate Created pod: worker-38fd0a
2026-09-27T09:42:40.147961Z Normal SuccessfulCreate Created pod: loki-049f38
2026-09-27T09:42:44.147961Z Warning TLSHandshakeTimeout net/http: TLS handshake timeout
2026-09-27T09:42:47.147961Z Normal Created Created container sidecar
2026-09-27T09:42:51.147961Z Normal Scheduled Successfully assigned auth/oauth-92d11f to ip-10-0-5-20.ec2.internal
2026-09-27T09:42:54.147961Z Normal ScalingReplicaSet Scaled up replica set grafana-dcf2cd40 to 2 from 1
2026-09-27T09:42:58.147961Z Normal Started Started container app
2026-09-27T09:43:02.147961Z Normal AddedInterface Add eth0 [10.57.44.186] from eni eni-334b6059db2c
2026-09-27T09:43:05.147961Z Warning FailedMount Unable to attach or mount volumes: timed out waiting for the condition
2026-09-27T09:43:09.147961Z Normal Scheduled Successfully assigned ingress-nginx/ingress-nginx-controller-6efc3e to ip-10-0-1-10.ec2.internal
2026-09-27T09:43:12.147961Z Normal AddedInterface Add eth0 [10.83.191.169] from eni eni-6ef5c17d28eb
2026-09-27T09:43:16.147961Z Normal Created Created container sidecar
2026-09-27T09:43:20.147961Z Normal Synced Successfully synced oauth-7f51b1
2026-09-27T09:43:23.147961Z Normal Started Started container sidecar
2026-09-27T09:43:27.147961Z Normal ScalingReplicaSet Scaled up replica set pay-api-58cd2851 to 5 from 0
2026-09-27T09:43:30.147961Z Normal Pulled Container image "busybox:1.36" already present on machine
2026-09-27T09:43:34.147961Z Normal SuccessfulCreate Created pod: ingress-nginx-controller-150223
2026-09-27T09:43:38.147961Z Normal Started Started container app
2026-09-27T09:43:41.147961Z Warning DiskPressure Node ip-10-0-2-40.ec2.internal status is now: NodeHasDiskPressure
2026-09-27T09:43:45.147961Z Normal Pulled Container image "ghcr.io/company/pay-api:2.3.1" already present on machine
2026-09-27T09:43:48.147961Z Normal Synced Successfully synced auth-api-8583c0
2026-09-27T09:43:52.147961Z Normal Scheduled Successfully assigned observability/loki-2228cb to ip-10-0-5-50.ec2.internal
2026-09-27T09:43:56.147961Z Normal Synced Successfully synced api-4ee819
2026-09-27T09:43:59.147961Z Normal Pulled Container image "busybox:1.36" already present on machine
2026-09-27T09:44:03.147961Z Normal ScalingReplicaSet Scaled up replica set pay-api-2d9ecdeb to 6 from 1
2026-09-27T09:44:06.147961Z Normal ScalingReplicaSet Scaled up replica set metrics-server-26498d28 to 5 from 0
2026-09-27T09:44:10.147961Z Normal LeaderElection ingress-nginx-controller-480539 became leader
2026-09-27T09:44:14.147961Z Normal Created Created container agent
2026-09-27T09:44:17.147961Z Normal Pulled Container image "busybox:1.36" already present on machine
2026-09-27T09:44:21.147961Z Normal Scheduled Successfully assigned kube-system/aws-node-3d1081 to ip-10-0-1-50.ec2.internal
2026-09-27T09:44:24.147961Z Normal Started Started container app
2026-09-27T09:44:28.147961Z Normal Created Created container sidecar
2026-09-27T09:44:32.147961Z Normal ScalingReplicaSet Scaled up replica set frontend-a46a7746 to 3 from 1
2026-09-27T09:44:35.147961Z Normal ScalingReplicaSet Scaled up replica set pay-api-a12711e1 to 5 from 1
2026-09-27T09:44:39.147961Z Normal Pulled Container image "registry.k8s.io/coredns/coredns:v1.11.1" already present on machine
2026-09-27T09:44:42.147961Z Normal Synced Successfully synced frontend-e2f1e7
2026-09-27T09:44:46.147961Z Normal Pulled Container image "busybox:1.36" already present on machine
2026-09-27T09:44:50.147961Z Normal Started Started container agent
2026-09-27T09:44:53.147961Z Normal Created Created container proxy
2026-09-27T09:44:57.147961Z Normal Started Started container agent
2026-09-27T09:45:00.147961Z Normal Synced Successfully synced prometheus-a560ca
2026-09-27T09:45:04.147961Z Warning FailedScheduling 0/3 nodes are available: node(s) had taint {node.kubernetes.io/not-ready: }
2026-09-27T09:45:08.147961Z Normal AddedInterface Add eth0 [10.27.21.217] from eni eni-10e24806e001
2026-09-27T09:45:11.147961Z Normal SuccessfulCreate Created pod: coredns-25b016
2026-09-27T09:45:15.147961Z Normal ScalingReplicaSet Scaled up replica set aws-node-9aea5d07 to 3 from 0
2026-09-27T09:45:18.147961Z Normal Started Started container app
2026-09-27T09:45:22.147961Z Normal SuccessfulCreate Created pod: metrics-server-07ba4e
2026-09-27T09:45:26.147961Z Normal LeaderElection oauth-1ac537 became leader
2026-09-27T09:45:29.147961Z Normal LeaderElection worker-05e474 became leader
2026-09-27T09:45:33.147961Z Normal ScalingReplicaSet Scaled up replica set kube-proxy-2c7248c8 to 4 from 1
2026-09-27T09:45:36.147961Z Normal Started Started container agent
2026-09-27T09:45:40.147961Z Normal LeaderElection ingress-nginx-controller-cc0648 became leader
2026-09-27T09:45:44.147961Z Normal AddedInterface Add eth0 [10.133.245.41] from eni eni-ee66c02dd168
2026-09-27T09:45:47.147961Z Normal AddedInterface Add eth0 [10.117.46.182] from eni eni-d67cbb2096c1
2026-09-27T09:45:51.147961Z Normal SuccessfulCreate Created pod: worker-b9c680
2026-09-27T09:45:54.147961Z Normal Created Created container app
2026-09-27T09:45:58.147961Z Normal ScalingReplicaSet Scaled up replica set coredns-f829275f to 3 from 0
2026-09-27T09:46:02.147961Z Normal Scheduled Successfully assigned auth/auth-api-c9d683 to ip-10-0-2-30.ec2.internal
2026-09-27T09:46:05.147961Z Normal SuccessfulCreate Created pod: coredns-69cd94
2026-09-27T09:46:09.147961Z Warning Unhealthy Readiness probe failed: Get "http://10.127.82.164:80/health": dial tcp 10.127.82.164:80: i/o timeout
2026-09-27T09:46:12.147961Z Normal SuccessfulCreate Created pod: api-6061a8
2026-09-27T09:46:16.147961Z Normal SuccessfulCreate Created pod: grafana-d926b9
2026-09-27T09:46:20.147961Z Normal Started Started container proxy
2026-09-27T09:46:23.147961Z Normal LeaderElection pay-api-be224b became leader
2026-09-27T09:46:27.147961Z Normal AddedInterface Add eth0 [10.245.34.91] from eni eni-e24f2feaecb6
2026-09-27T09:46:30.147961Z Warning Unhealthy Readiness probe failed: Get "http://10.12.111.162:8080/health": dial tcp 10.12.111.162:8080: i/o timeout
2026-09-27T09:46:34.147961Z Normal Started Started container agent
2026-09-27T09:46:38.147961Z Normal SuccessfulCreate Created pod: prometheus-da0753
2026-09-27T09:46:41.147961Z Normal Created Created container agent
2026-09-27T09:46:45.147961Z Normal ScalingReplicaSet Scaled up replica set frontend-79373aba to 6 from 0
2026-09-27T09:46:48.147961Z Normal AddedInterface Add eth0 [10.11.222.124] from eni eni-b8ac65cb2a09
2026-09-27T09:46:52.147961Z Normal Started Started container agent
2026-09-27T09:46:56.147961Z Normal Started Started container agent
2026-09-27T09:46:59.147961Z Normal Synced Successfully synced pay-api-e3a5ee
2026-09-27T09:47:03.147961Z Normal Started Started container sidecar
2026-09-27T09:47:06.147961Z Normal Pulled Container image "busybox:1.36" already present on machine
2026-09-27T09:47:10.147961Z Normal Created Created container app
2026-09-27T09:47:14.147961Z Warning DiskPressure Node ip-10-0-5-20.ec2.internal status is now: NodeHasDiskPressure
2026-09-27T09:47:17.147961Z Normal Created Created container app
2026-09-27T09:47:21.147961Z Normal SuccessfulCreate Created pod: loki-542d5b
2026-09-27T09:47:24.147961Z Normal Synced Successfully synced metrics-server-68ca71
2026-09-27T09:47:28.147961Z Normal Pulled Container image "ghcr.io/company/pay-api:2.3.1" already present on machine
2026-09-27T09:47:32.147961Z Normal Pulled Container image "registry.k8s.io/coredns/coredns:v1.11.1" already present on machine
2026-09-27T09:47:35.147961Z Normal LeaderElection grafana-537756 became leader
2026-09-27T09:47:39.147961Z Normal Created Created container sidecar
2026-09-27T09:47:42.147961Z Normal ScalingReplicaSet Scaled up replica set oauth-88645b26 to 6 from 1
2026-09-27T09:47:46.147961Z Normal AddedInterface Add eth0 [10.103.108.38] from eni eni-d0963e45f150
2026-09-27T09:47:50.147961Z Normal LeaderElection pay-api-f287c3 became leader
2026-09-27T09:47:53.147961Z Normal SuccessfulCreate Created pod: frontend-c6f2f6
2026-09-27T09:47:57.147961Z Normal Scheduled Successfully assigned ingress-nginx/ingress-nginx-controller-f7556e to ip-10-0-3-30.ec2.internal
2026-09-27T09:48:00.147961Z Normal AddedInterface Add eth0 [10.156.26.128] from eni eni-0eb699924570
2026-09-27T09:48:04.147961Z Warning MemPressure Node ip-10-0-4-30.ec2.internal status is now: NodeHasMemoryPressure
2026-09-27T09:48:08.147961Z Warning TLSHandshakeTimeout net/http: TLS handshake timeout
2026-09-27T09:48:11.147961Z Normal AddedInterface Add eth0 [10.83.74.88] from eni eni-1aff8f31bde2
2026-09-27T09:48:15.147961Z Normal Started Started container agent
2026-09-27T09:48:18.147961Z Normal Started Started container sidecar
2026-09-27T09:48:22.147961Z Normal Synced Successfully synced pay-api-6349ed
2026-09-27T09:48:26.147961Z Normal ScalingReplicaSet Scaled up replica set web-f1f2a336 to 3 from 1
2026-09-27T09:48:29.147961Z Normal Created Created container app
2026-09-27T09:48:33.147961Z Normal LeaderElection kube-proxy-1ed0e8 became leader
2026-09-27T09:48:36.147961Z Normal SuccessfulCreate Created pod: grafana-771103
2026-09-27T09:48:40.147961Z Normal AddedInterface Add eth0 [10.40.118.13] from eni eni-44174f6a5327
2026-09-27T09:48:44.147961Z Normal ScalingReplicaSet Scaled up replica set ingress-nginx-controller-873f79eb to 4 from 2
2026-09-27T09:48:47.147961Z Warning TLSHandshakeTimeout net/http: TLS handshake timeout
2026-09-27T09:48:51.147961Z Normal LeaderElection worker-1265ea became leader
2026-09-27T09:48:54.147961Z Normal Pulled Container image "busybox:1.36" already present on machine
2026-09-27T09:48:58.147961Z Normal Pulled Container image "registry.k8s.io/coredns/coredns:v1.11.1" already present on machine
2026-09-27T09:49:02.147961Z Normal Started Started container sidecar
2026-09-27T09:49:05.147961Z Normal Synced Successfully synced auth-api-b4472f
2026-09-27T09:49:09.147961Z Normal Created Created container agent
2026-09-27T09:49:12.147961Z Normal LeaderElection prometheus-cebc45 became leader
2026-09-27T09:49:16.147961Z Normal Created Created container proxy
2026-09-27T09:49:20.147961Z Normal Synced Successfully synced metrics-server-4a49fe
2026-09-27T09:49:23.147961Z Warning FailedScheduling 0/3 nodes are available: 0/5 nodes available: pod has unbound immediate PersistentVolumeClaims
2026-09-27T09:49:27.147961Z Normal Scheduled Successfully assigned kube-system/kube-proxy-3dddb3 to ip-10-0-2-40.ec2.internal
2026-09-27T09:49:30.147961Z Normal LeaderElection oauth-ff2233 became leader
2026-09-27T09:49:34.147961Z Normal Started Started container proxy
2026-09-27T09:49:38.147961Z Normal Scheduled Successfully assigned observability/grafana-ce670d to ip-10-0-4-10.ec2.internal
2026-09-27T09:49:41.147961Z Normal Pulled Container image "ghcr.io/company/auth-api:1.9.0" already present on machine
2026-09-27T09:49:45.147961Z Warning BackOff Back-off restarting failed container sidecar in pod auth/oauth-cd0b96
2026-09-27T09:49:48.147961Z Normal Pulled Container image "ghcr.io/company/auth-api:1.9.0" already present on machine
2026-09-27T09:49:52.147961Z Normal AddedInterface Add eth0 [10.218.178.240] from eni eni-c641a8a06568
2026-09-27T09:49:56.147961Z Normal Scheduled Successfully assigned ingress-nginx/ingress-nginx-controller-00fc8a to ip-10-0-5-10.ec2.internal
2026-09-27T09:49:59.147961Z Warning FailedCreate Error creating: pods "aws-node-89bae6" is forbidden: error looking up service account kube-system/default: serviceaccount "default" not found
2026-09-27T09:50:03.147961Z Normal Created Created container sidecar
2026-09-27T09:50:06.147961Z Normal Synced Successfully synced oauth-5db336
2026-09-27T09:50:10.147961Z Normal Pulled Container image "python:3.11-slim" already present on machine
2026-09-27T09:50:14.147961Z Normal Started Started container proxy
2026-09-27T09:50:17.147961Z Normal Created Created container app
2026-09-27T09:50:21.147961Z Warning FailedCreate Error creating: pods "pay-api-946947" is forbidden: error looking up service account payments/default: serviceaccount "default" not found
2026-09-27T09:50:24.147961Z Warning MemPressure Node ip-10-0-1-30.ec2.internal status is now: NodeHasMemoryPressure
2026-09-27T09:50:28.147961Z Normal Synced Successfully synced grafana-b6c91b
2026-09-27T09:50:32.147961Z Normal LeaderElection pay-worker-b9677b became leader
2026-09-27T09:50:35.147961Z Normal Created Created container agent
2026-09-27T09:50:39.147961Z Normal AddedInterface Add eth0 [10.158.87.201] from eni eni-1fd57433c878
2026-09-27T09:50:42.147961Z Normal Scheduled Successfully assigned payments/pay-api-79bb90 to ip-10-0-3-40.ec2.internal
2026-09-27T09:50:46.147961Z Normal SuccessfulCreate Created pod: auth-api-2eca88
2026-09-27T09:50:50.147961Z Normal LeaderElection auth-api-891380 became leader
2026-09-27T09:50:53.147961Z Normal SuccessfulCreate Created pod: ingress-nginx-controller-1f47f3
2026-09-27T09:50:57.147961Z Normal Created Created container agent
2026-09-27T09:51:00.147961Z Normal SuccessfulCreate Created pod: ingress-nginx-controller-66482f
2026-09-27T09:51:04.147961Z Normal ScalingReplicaSet Scaled up replica set grafana-01e4585d to 4 from 2
2026-09-27T09:51:08.147961Z Normal SuccessfulCreate Created pod: ingress-nginx-controller-8106fd
2026-09-27T09:51:11.147961Z Normal SuccessfulCreate Created pod: auth-api-afa058
2026-09-27T09:51:15.147961Z Normal SuccessfulCreate Created pod: metrics-server-62ea51
2026-09-27T09:51:18.147961Z Normal Started Started container agent
2026-09-27T09:51:22.147961Z Normal Started Started container proxy
2026-09-27T09:51:26.147961Z Normal Scheduled Successfully assigned default/api-4753e0 to ip-10-0-4-10.ec2.internal
2026-09-27T09:51:29.147961Z Normal AddedInterface Add eth0 [10.48.236.246] from eni eni-bbf7ae96eca5
2026-09-27T09:51:33.147961Z Normal Created Created container app
2026-09-27T09:51:36.147961Z Normal Pulled Container image "public.ecr.aws/eks/aws-node:v1.14.1" already present on machine
2026-09-27T09:51:40.147961Z Warning DiskPressure Node ip-10-0-3-30.ec2.internal status is now: NodeHasDiskPressure
2026-09-27T09:51:44.147961Z Warning ImagePullBackOff Back-off pulling image "registry.k8s.io/coredns/coredns:v1.11.1"
2026-09-27T09:51:47.147961Z Normal Scheduled Successfully assigned default/web-fc3db0 to ip-10-0-5-40.ec2.internal
2026-09-27T09:51:51.147961Z Warning FailedCreate Error creating: pods "grafana-26be54" is forbidden: error looking up service account observability/default: serviceaccount "default" not found
2026-09-27T09:51:54.147961Z Normal SuccessfulCreate Created pod: ingress-nginx-controller-a92213
2026-09-27T09:51:58.147961Z Normal Started Started container sidecar
2026-09-27T09:52:02.147961Z Normal Scheduled Successfully assigned observability/loki-42fe2c to ip-10-0-5-40.ec2.internal
2026-09-27T09:52:05.147961Z Normal Created Created container agent
2026-09-27T09:52:09.147961Z Normal ScalingReplicaSet Scaled up replica set ingress-nginx-controller-63571897 to 6 from 1
2026-09-27T09:52:12.147961Z Normal Started Started container agent
2026-09-27T09:52:16.147961Z Normal Scheduled Successfully assigned default/api-adfd02 to ip-10-0-5-50.ec2.internal
2026-09-27T09:52:20.147961Z Normal Started Started container app
2026-09-27T09:52:23.147961Z Normal AddedInterface Add eth0 [10.185.124.231] from eni eni-6cf0c493241c
2026-09-27T09:52:27.147961Z Normal ScalingReplicaSet Scaled up replica set worker-3b4f1272 to 6 from 2
2026-09-27T09:52:30.147961Z Normal Started Started container agent
2026-09-27T09:52:34.147961Z Normal Pulled Container image "ghcr.io/company/auth-api:1.9.0" already present on machine
2026-09-27T09:52:38.147961Z Normal Created Created container sidecar
2026-09-27T09:52:41.147961Z Normal LeaderElection web-e54054 became leader
2026-09-27T09:52:45.147961Z Normal Scheduled Successfully assigned default/web-f2d154 to ip-10-0-5-20.ec2.internal
2026-09-27T09:52:48.147961Z Normal AddedInterface Add eth0 [10.164.27.117] from eni eni-9da145799445
2026-09-27T09:52:52.147961Z Normal Synced Successfully synced pay-worker-764561
2026-09-27T09:52:56.147961Z Normal LeaderElection oauth-a9cd42 became leader
2026-09-27T09:52:59.147961Z Normal Created Created container app
2026-09-27T09:53:03.147961Z Normal Synced Successfully synced auth-api-1bac50
2026-09-27T09:53:06.147961Z Normal Pulled Container image "python:3.11-slim" already present on machine
2026-09-27T09:53:10.147961Z Normal LeaderElection aws-node-923437 became leader
2026-09-27T09:53:14.147961Z Normal Pulled Container image "registry.k8s.io/coredns/coredns:v1.11.1" already present on machine
2026-09-27T09:53:17.147961Z Normal SuccessfulCreate Created pod: grafana-a6d8af
2026-09-27T09:53:21.147961Z Normal LeaderElection frontend-77716e became leader
2026-09-27T09:53:24.147961Z Normal Pulled Container image "ghcr.io/company/pay-api:2.3.1" already present on machine
2026-09-27T09:53:28.147961Z Normal Synced Successfully synced auth-api-05c473
2026-09-27T09:53:32.147961Z Normal Synced Successfully synced metrics-server-9de6e1
2026-09-27T09:53:35.147961Z Normal LeaderElection ingress-nginx-controller-f24b2b became leader
2026-09-27T09:53:39.147961Z Normal ScalingReplicaSet Scaled up replica set worker-5a093d37 to 4 from 2
2026-09-27T09:53:42.147961Z Normal LeaderElection coredns-aa43e6 became leader
2026-09-27T09:53:46.147961Z Normal Scheduled Successfully assigned ingress-nginx/ingress-nginx-controller-0dcddf to ip-10-0-4-20.ec2.internal
2026-09-27T09:53:50.147961Z Normal Scheduled Successfully assigned auth/oauth-e46631 to ip-10-0-2-30.ec2.internal
2026-09-27T09:53:53.147961Z Normal ScalingReplicaSet Scaled up replica set auth-api-e549abc3 to 6 from 2
2026-09-27T09:53:57.147961Z Normal Scheduled Successfully assigned auth/auth-api-f14d22 to ip-10-0-5-10.ec2.internal
2026-09-27T09:54:00.147961Z Warning DiskPressure Node ip-10-0-2-30.ec2.internal status is now: NodeHasDiskPressure
2026-09-27T09:54:04.147961Z Normal Created Created container sidecar
2026-09-27T09:54:08.147961Z Normal Scheduled Successfully assigned default/worker-ce090c to ip-10-0-1-10.ec2.internal
2026-09-27T09:54:11.147961Z Normal AddedInterface Add eth0 [10.175.191.69] from eni eni-7e561c21087a
2026-09-27T09:54:15.147961Z Normal Created Created container sidecar
2026-09-27T09:54:18.147961Z Normal Pulled Container image "ghcr.io/company/auth-api:1.9.0" already present on machine
2026-09-27T09:54:22.147961Z Normal Started Started container proxy
2026-09-27T09:54:26.147961Z Warning MemPressure Node ip-10-0-1-40.ec2.internal status is now: NodeHasMemoryPressure
2026-09-27T09:54:29.147961Z Normal ScalingReplicaSet Scaled up replica set auth-api-68cba0df to 6 from 0
2026-09-27T09:54:33.147961Z Normal Pulled Container image "python:3.11-slim" already present on machine
2026-09-27T09:54:36.147961Z Normal LeaderElection coredns-67d614 became leader
2026-09-27T09:54:40.147961Z Warning ErrImagePull Failed to pull image "ghcr.io/company/auth-api:1.9.0": rpc error: code = Unknown desc = Error response from daemon: pull access denied
2026-09-27T09:54:44.147961Z Normal AddedInterface Add eth0 [10.219.213.15] from eni eni-563844302ec4
2026-09-27T09:54:47.147961Z Normal SuccessfulCreate Created pod: oauth-8a1025
2026-09-27T09:54:51.147961Z Normal Pulled Container image "public.ecr.aws/eks/aws-node:v1.14.1" already present on machine
2026-09-27T09:54:54.147961Z Normal ScalingReplicaSet Scaled up replica set pay-worker-447c03fa to 3 from 2
2026-09-27T09:54:58.147961Z Warning BackOff Back-off restarting failed container sidecar in pod ingress-nginx/ingress-nginx-controller-f1f163
2026-09-27T09:55:02.147961Z Normal Created Created container sidecar
2026-09-27T09:55:05.147961Z Normal Created Created container sidecar
2026-09-27T09:55:09.147961Z Normal Pulled Container image "python:3.11-slim" already present on machine
2026-09-27T09:55:12.147961Z Normal Synced Successfully synced ingress-nginx-controller-5e1d82
2026-09-27T09:55:16.147961Z Normal Synced Successfully synced auth-api-0986ac
2026-09-27T09:55:20.147961Z Normal Pulled Container image "registry.k8s.io/coredns/coredns:v1.11.1" already present on machine
2026-09-27T09:55:23.147961Z Normal Pulled Container image "ghcr.io/company/pay-api:2.3.1" already present on machine
2026-09-27T09:55:27.147961Z Normal Scheduled Successfully assigned default/frontend-faf306 to ip-10-0-5-20.ec2.internal
2026-09-27T09:55:30.147961Z Normal ScalingReplicaSet Scaled up replica set aws-node-bf876f61 to 6 from 0
2026-09-27T09:55:34.147961Z Normal Started Started container sidecar
2026-09-27T09:55:38.147961Z Normal Synced Successfully synced kube-proxy-181bf1
2026-09-27T09:55:41.147961Z Normal Synced Successfully synced pay-worker-9ff425
2026-09-27T09:55:45.147961Z Normal Created Created container proxy
2026-09-27T09:55:48.147961Z Normal AddedInterface Add eth0 [10.57.109.126] from eni eni-d16f01aa7959
2026-09-27T09:55:52.147961Z Normal Created Created container app
2026-09-27T09:55:56.147961Z Normal ScalingReplicaSet Scaled up replica set loki-234e1774 to 6 from 1
2026-09-27T09:55:59.147961Z Normal Started Started container proxy
2026-09-27T09:56:03.147961Z Normal Pulled Container image "nginx:1.25" already present on machine
2026-09-27T09:56:06.147961Z Normal AddedInterface Add eth0 [10.12.47.78] from eni eni-861ce02a6e1b
2026-09-27T09:56:10.147961Z Normal Pulled Container image "registry.k8s.io/coredns/coredns:v1.11.1" already present on machine
2026-09-27T09:56:14.147961Z Normal Created Created container sidecar
2026-09-27T09:56:17.147961Z Warning DiskPressure Node ip-10-0-1-40.ec2.internal status is now: NodeHasDiskPressure
2026-09-27T09:56:21.147961Z Normal Pulled Container image "ghcr.io/company/auth-api:1.9.0" already present on machine
2026-09-27T09:56:24.147961Z Normal SuccessfulCreate Created pod: oauth-82b3e1
2026-09-27T09:56:28.147961Z Normal Started Started container agent
2026-09-27T09:56:32.147961Z Normal SuccessfulCreate Created pod: prometheus-229bab
2026-09-27T09:56:35.147961Z Normal Pulled Container image "registry.k8s.io/coredns/coredns:v1.11.1" already present on machine
2026-09-27T09:56:39.147961Z Normal SuccessfulCreate Created pod: metrics-server-dbc84c
2026-09-27T09:56:42.147961Z Normal SuccessfulCreate Created pod: auth-api-52adfe
2026-09-27T09:56:46.147961Z Warning BackOff Back-off restarting failed container agent in pod default/worker-9230ff
2026-09-27T09:56:50.147961Z Normal AddedInterface Add eth0 [10.128.236.112] from eni eni-4427b09cf67c
2026-09-27T09:56:53.147961Z Normal Pulled Container image "nginx:1.25" already present on machine
2026-09-27T09:56:57.147961Z Normal Scheduled Successfully assigned payments/pay-api-b0ba20 to ip-10-0-4-30.ec2.internal
2026-09-27T09:57:00.147961Z Normal Synced Successfully synced ingress-nginx-controller-7c4468
2026-09-27T09:57:04.147961Z Normal Created Created container agent
2026-09-27T09:57:08.147961Z Normal SuccessfulCreate Created pod: coredns-11f8ea
2026-09-27T09:57:11.147961Z Normal Synced Successfully synced coredns-8b939b
2026-09-27T09:57:15.147961Z Normal Synced Successfully synced pay-worker-4828d2
2026-09-27T09:57:18.147961Z Normal Scheduled Successfully assigned default/worker-c1b414 to ip-10-0-3-30.ec2.internal
2026-09-27T09:57:22.147961Z Warning FailedCreate Error creating: pods "frontend-0e6525" is forbidden: error looking up service account default/default: serviceaccount "default" not found
2026-09-27T09:57:26.147961Z Normal LeaderElection oauth-edab47 became leader
2026-09-27T09:57:29.147961Z Normal Scheduled Successfully assigned auth/oauth-b7d1aa to ip-10-0-1-40.ec2.internal
2026-09-27T09:57:33.147961Z Normal AddedInterface Add eth0 [10.89.165.112] from eni eni-c8682f5b4f59
2026-09-27T09:57:36.147961Z Normal LeaderElection loki-03a979 became leader
2026-09-27T09:57:40.147961Z Warning OOMKilled Container proxy in pod kube-system/metrics-server-0da4b6 was killed due to OOM
2026-09-27T09:57:44.147961Z Normal Created Created container app
2026-09-27T09:57:47.147961Z Normal Scheduled Successfully assigned payments/pay-worker-de09a6 to ip-10-0-4-20.ec2.internal
2026-09-27T09:57:51.147961Z Normal LeaderElection auth-api-40841b became leader
2026-09-27T09:57:54.147961Z Normal SuccessfulCreate Created pod: loki-5d3476
2026-09-27T09:57:58.147961Z Normal ScalingReplicaSet Scaled up replica set ingress-nginx-controller-6032299b to 3 from 2
2026-09-27T09:58:02.147961Z Normal Started Started container proxy
2026-09-27T09:58:05.147961Z Normal LeaderElection loki-144a37 became leader
2026-09-27T09:58:09.147961Z Normal LeaderElection ingress-nginx-controller-c8241d became leader
2026-09-27T09:58:12.147961Z Normal Created Created container app
2026-09-27T09:58:16.147961Z Normal LeaderElection auth-api-488551 became leader
2026-09-27T09:58:20.147961Z Normal AddedInterface Add eth0 [10.70.132.102] from eni eni-d1392d03c16e
2026-09-27T09:58:23.147961Z Normal Pulled Container image "busybox:1.36" already present on machine
2026-09-27T09:58:27.147961Z Normal LeaderElection kube-proxy-fd77aa became leader
2026-09-27T09:58:30.147961Z Normal ScalingReplicaSet Scaled up replica set aws-node-cf046853 to 4 from 1
2026-09-27T09:58:34.147961Z Normal SuccessfulCreate Created pod: pay-api-3ea540
2026-09-27T09:58:38.147961Z Normal AddedInterface Add eth0 [10.247.33.198] from eni eni-ee9416109c25
2026-09-27T09:58:41.147961Z Normal Pulled Container image "ghcr.io/company/auth-api:1.9.0" already present on machine
2026-09-27T09:58:45.147961Z Normal AddedInterface Add eth0 [10.94.201.161] from eni eni-7cac66474035
2026-09-27T09:58:48.147961Z Normal Pulled Container image "ghcr.io/company/pay-api:2.3.1" already present on machine
2026-09-27T09:58:52.147961Z Warning MemPressure Node ip-10-0-3-10.ec2.internal status is now: NodeHasMemoryPressure
2026-09-27T09:58:56.147961Z Normal Scheduled Successfully assigned payments/pay-api-480dd2 to ip-10-0-3-40.ec2.internal
2026-09-27T09:58:59.147961Z Normal SuccessfulCreate Created pod: web-f3535a
2026-09-27T09:59:03.147961Z Normal SuccessfulCreate Created pod: ingress-nginx-controller-4095be
2026-09-27T09:59:06.147961Z Normal SuccessfulCreate Created pod: grafana-b2a311
2026-09-27T09:59:10.147961Z Normal Created Created container sidecar
2026-09-27T09:59:14.147961Z Normal Scheduled Successfully assigned observability/loki-4db21d to ip-10-0-2-50.ec2.internal
2026-09-27T09:59:17.147961Z Normal Synced Successfully synced ingress-nginx-controller-aac230
2026-09-27T09:59:21.147961Z Normal Created Created container proxy
2026-09-27T09:59:24.147961Z Normal AddedInterface Add eth0 [10.198.30.2] from eni eni-b14921672387
2026-09-27T09:59:28.147961Z Normal Scheduled Successfully assigned ingress-nginx/ingress-nginx-controller-d08959 to ip-10-0-4-30.ec2.internal
2026-09-27T09:59:32.147961Z Normal Scheduled Successfully assigned kube-system/metrics-server-f4d661 to ip-10-0-2-40.ec2.internal
2026-09-27T09:59:35.147961Z Normal AddedInterface Add eth0 [10.116.220.89] from eni eni-95a5353598aa
2026-09-27T09:59:39.147961Z Normal AddedInterface Add eth0 [10.135.89.80] from eni eni-5ff926ff146d
2026-09-27T09:59:42.147961Z Normal SuccessfulCreate Created pod: grafana-0d713e
2026-09-27T09:59:46.147961Z Normal AddedInterface Add eth0 [10.71.99.40] from eni eni-aa7c9cee2210
2026-09-27T09:59:50.147961Z Normal SuccessfulCreate Created pod: ingress-nginx-controller-cedbb7
2026-09-27T09:59:53.147961Z Normal Scheduled Successfully assigned kube-system/coredns-390e95 to ip-10-0-2-20.ec2.internal
2026-09-27T09:59:57.147961Z Normal Started Started container app
2026-09-27T10:00:00.147961Z Normal Pulled Container image "public.ecr.aws/eks/aws-node:v1.14.1" already present on machine
2026-09-27T10:00:04.147961Z Normal Created Created container proxy
2026-09-27T10:00:08.147961Z Normal ScalingReplicaSet Scaled up replica set loki-648dd156 to 2 from 1
2026-09-27T10:00:11.147961Z Normal Synced Successfully synced auth-api-dc931f
2026-09-27T10:00:15.147961Z Normal ScalingReplicaSet Scaled up replica set ingress-nginx-controller-7d47cef9 to 5 from 2
2026-09-27T10:00:18.147961Z Normal Pulled Container image "public.ecr.aws/eks/aws-node:v1.14.1" already present on machine
2026-09-27T10:00:22.147961Z Normal Started Started container agent
2026-09-27T10:00:26.147961Z Normal Created Created container app
2026-09-27T10:00:29.147961Z Warning FailedScheduling 0/5 nodes are available: Insufficient memory
2026-09-27T10:00:33.147961Z Normal Started Started container app
2026-09-27T10:00:36.147961Z Normal ScalingReplicaSet Scaled up replica set auth-api-00ee07d5 to 2 from 0
2026-09-27T10:00:40.147961Z Normal SuccessfulCreate Created pod: api-7a3e49
2026-09-27T10:00:44.147961Z Normal LeaderElection oauth-ba468b became leader
2026-09-27T10:00:47.147961Z Normal Started Started container proxy
2026-09-27T10:00:51.147961Z Normal AddedInterface Add eth0 [10.137.240.11] from eni eni-604fd5f88a5f
2026-09-27T10:00:54.147961Z Normal AddedInterface Add eth0 [10.207.81.100] from eni eni-709b9cb3ff4d
2026-09-27T10:00:58.147961Z Normal LeaderElection pay-api-8341d3 became leader
2026-09-27T10:01:02.147961Z Normal Created Created container proxy
2026-09-27T10:01:05.147961Z Normal Scheduled Successfully assigned observability/grafana-28a275 to ip-10-0-5-10.ec2.internal
2026-09-27T10:01:09.147961Z Normal Pulled Container image "public.ecr.aws/eks/aws-node:v1.14.1" already present on machine
2026-09-27T10:01:12.147961Z Normal LeaderElection grafana-36de11 became leader
2026-09-27T10:01:16.147961Z Normal SuccessfulCreate Created pod: prometheus-accfca
2026-09-27T10:01:20.147961Z Normal AddedInterface Add eth0 [10.150.190.125] from eni eni-fa90abe4883d
2026-09-27T10:01:23.147961Z Warning Unhealthy Readiness probe failed: Get "http://10.0.9.241:80/health": dial tcp 10.0.9.241:80: i/o timeout
2026-09-27T10:01:27.147961Z Normal LeaderElection frontend-9a63fc became leader
2026-09-27T10:01:30.147961Z Normal ScalingReplicaSet Scaled up replica set oauth-387246ae to 2 from 2
2026-09-27T10:01:34.147961Z Normal Started Started container app
2026-09-27T10:01:38.147961Z Normal Scheduled Successfully assigned auth/auth-api-5eae03 to ip-10-0-2-20.ec2.internal
2026-09-27T10:01:41.147961Z Normal Created Created container app
2026-09-27T10:01:45.147961Z Normal Synced Successfully synced pay-worker-f3e133
2026-09-27T10:01:48.147961Z Normal Pulled Container image "registry.k8s.io/coredns/coredns:v1.11.1" already present on machine
2026-09-27T10:01:52.147961Z Warning ImagePullBackOff Back-off pulling image "ghcr.io/company/auth-api:1.9.0"
2026-09-27T10:01:56.147961Z Normal Started Started container agent
2026-09-27T10:01:59.147961Z Normal Scheduled Successfully assigned observability/grafana-5bc992 to ip-10-0-1-50.ec2.internal
2026-09-27T10:02:03.147961Z Normal Scheduled Successfully assigned payments/pay-worker-b60db6 to ip-10-0-3-20.ec2.internal
2026-09-27T10:02:06.147961Z Normal Pulled Container image "nginx:1.25" already present on machine
2026-09-27T10:02:10.147961Z Normal Synced Successfully synced web-a36558
2026-09-27T10:02:14.147961Z Normal Pulled Container image "registry.k8s.io/coredns/coredns:v1.11.1" already present on machine
2026-09-27T10:02:17.147961Z Normal Scheduled Successfully assigned default/api-d7138d to ip-10-0-2-10.ec2.internal
2026-09-27T10:02:21.147961Z Warning ImagePullBackOff Back-off pulling image "public.ecr.aws/eks/aws-node:v1.14.1"
2026-09-27T10:02:24.147961Z Normal Pulled Container image "ghcr.io/company/pay-api:2.3.1" already present on machine
2026-09-27T10:02:28.147961Z Normal Pulled Container image "registry.k8s.io/coredns/coredns:v1.11.1" already present on machine
2026-09-27T10:02:32.147961Z Normal ScalingReplicaSet Scaled up replica set loki-49a7a0c0 to 3 from 0
2026-09-27T10:02:35.147961Z Normal LeaderElection grafana-cb09f3 became leader
2026-09-27T10:02:39.147961Z Normal Started Started container proxy
2026-09-27T10:02:42.147961Z Normal ScalingReplicaSet Scaled up replica set loki-14504fd4 to 3 from 0
2026-09-27T10:02:46.147961Z Normal ScalingReplicaSet Scaled up replica set frontend-d997a316 to 2 from 0
2026-09-27T10:02:50.147961Z Normal AddedInterface Add eth0 [10.66.200.48] from eni eni-8e67e05d940d
2026-09-27T10:02:53.147961Z Normal Pulled Container image "ghcr.io/company/pay-api:2.3.1" already present on machine
2026-09-27T10:02:57.147961Z Warning TLSHandshakeTimeout net/http: TLS handshake timeout
2026-09-27T10:03:00.147961Z Normal Started Started container sidecar
2026-09-27T10:03:04.147961Z Warning FailedMount Unable to attach or mount volumes: timed out waiting for the condition
2026-09-27T10:03:08.147961Z Normal LeaderElection coredns-a98fd4 became leader
2026-09-27T10:03:11.147961Z Normal Synced Successfully synced oauth-f9369b
2026-09-27T10:03:15.147961Z Normal Started Started container app
2026-09-27T10:03:18.147961Z Normal Pulled Container image "python:3.11-slim" already present on machine
2026-09-27T10:03:22.147961Z Normal Started Started container app
2026-09-27T10:03:26.147961Z Normal Created Created container app
2026-09-27T10:03:29.147961Z Normal Scheduled Successfully assigned default/web-6d9a2d to ip-10-0-3-40.ec2.internal
2026-09-27T10:03:33.147961Z Normal Synced Successfully synced ingress-nginx-controller-469338
2026-09-27T10:03:36.147961Z Normal LeaderElection coredns-4d1dc4 became leader
2026-09-27T10:03:40.147961Z Normal Synced Successfully synced pay-worker-1306b7
2026-09-27T10:03:44.147961Z Normal Created Created container app
2026-09-27T10:03:47.147961Z Normal Scheduled Successfully assigned payments/pay-api-5baf0b to ip-10-0-4-10.ec2.internal
2026-09-27T10:03:51.147961Z Normal Started Started container proxy
2026-09-27T10:03:54.147961Z Normal LeaderElection pay-api-0655e0 became leader
2026-09-27T10:03:58.147961Z Warning DiskPressure Node ip-10-0-5-30.ec2.internal status is now: NodeHasDiskPressure
2026-09-27T10:04:02.147961Z Normal LeaderElection loki-452a22 became leader
2026-09-27T10:04:05.147961Z Normal AddedInterface Add eth0 [10.210.70.236] from eni eni-99149a1d9352
2026-09-27T10:04:09.147961Z Normal Started Started container app
2026-09-27T10:04:12.147961Z Normal SuccessfulCreate Created pod: frontend-f6adcf
2026-09-27T10:04:16.147961Z Normal Scheduled Successfully assigned observability/loki-10b23f to ip-10-0-1-20.ec2.internal
2026-09-27T10:04:20.147961Z Normal Synced Successfully synced worker-058bd1
2026-09-27T10:04:23.147961Z Normal ScalingReplicaSet Scaled up replica set oauth-35068b1a to 3 from 1
2026-09-27T10:04:27.147961Z Normal Pulled Container image "ghcr.io/company/auth-api:1.9.0" already present on machine
2026-09-27T10:04:30.147961Z Normal SuccessfulCreate Created pod: prometheus-14218e
2026-09-27T10:04:34.147961Z Normal LeaderElection prometheus-a3dd08 became leader
2026-09-27T10:04:38.147961Z Normal Pulled Container image "registry.k8s.io/coredns/coredns:v1.11.1" already present on machine
2026-09-27T10:04:41.147961Z Normal Pulled Container image "ghcr.io/company/pay-api:2.3.1" already present on machine
2026-09-27T10:04:45.147961Z Normal Scheduled Successfully assigned observability/prometheus-777b22 to ip-10-0-5-30.ec2.internal
2026-09-27T10:04:48.147961Z Normal Synced Successfully synced ingress-nginx-controller-ba52e1
2026-09-27T10:04:52.147961Z Normal Synced Successfully synced grafana-208720
2026-09-27T10:04:56.147961Z Normal Created Created container sidecar
2026-09-27T10:04:59.147961Z Normal Pulled Container image "registry.k8s.io/coredns/coredns:v1.11.1" already present on machine
2026-09-27T10:05:03.147961Z Warning ErrImagePull Failed to pull image "ghcr.io/company/auth-api:1.9.0": rpc error: code = Unknown desc = Error response from daemon: pull access denied
2026-09-27T10:05:06.147961Z Normal Created Created container app
2026-09-27T10:05:10.147961Z Normal Created Created container agent
2026-09-27T10:05:14.147961Z Normal Created Created container agent
2026-09-27T10:05:17.147961Z Normal Started Started container sidecar
2026-09-27T10:05:21.147961Z Normal Scheduled Successfully assigned kube-system/aws-node-5d60d8 to ip-10-0-3-40.ec2.internal
2026-09-27T10:05:24.147961Z Normal Pulled Container image "ghcr.io/company/auth-api:1.9.0" already present on machine
2026-09-27T10:05:28.147961Z Normal Synced Successfully synced api-13ec80
2026-09-27T10:05:32.147961Z Normal Started Started container proxy
2026-09-27T10:05:35.147961Z Normal Created Created container app
2026-09-27T10:05:39.147961Z Normal LeaderElection ingress-nginx-controller-64b0d8 became leader
2026-09-27T10:05:42.147961Z Normal Synced Successfully synced ingress-nginx-controller-2c3d03
2026-09-27T10:05:46.147961Z Normal Pulled Container image "python:3.11-slim" already present on machine
2026-09-27T10:05:50.147961Z Normal LeaderElection metrics-server-23888d became leader
2026-09-27T10:05:53.147961Z Normal Pulled Container image "public.ecr.aws/eks/aws-node:v1.14.1" already present on machine
2026-09-27T10:05:57.147961Z Warning MemPressure Node ip-10-0-1-30.ec2.internal status is now: NodeHasMemoryPressure
2026-09-27T10:06:00.147961Z Warning FailedScheduling 0/3 nodes are available: preemption: 0/5 nodes are available: No preemption victims found for incoming pod
2026-09-27T10:06:04.147961Z Normal AddedInterface Add eth0 [10.199.14.118] from eni eni-0aaee5d3d80e
2026-09-27T10:06:08.147961Z Normal LeaderElection pay-worker-4e056d became leader
2026-09-27T10:06:11.147961Z Normal Pulled Container image "python:3.11-slim" already present on machine
2026-09-27T10:06:15.147961Z Normal Scheduled Successfully assigned observability/grafana-4c678b to ip-10-0-3-30.ec2.internal
2026-09-27T10:06:18.147961Z Normal Synced Successfully synced oauth-87f774
2026-09-27T10:06:22.147961Z Warning Unhealthy Readiness probe failed: Get "http://10.17.131.220:8080/health": dial tcp 10.17.131.220:8080: i/o timeout
2026-09-27T10:06:26.147961Z Normal Scheduled Successfully assigned auth/oauth-3333f8 to ip-10-0-1-50.ec2.internal
2026-09-27T10:06:29.147961Z Normal Pulled Container image "registry.k8s.io/coredns/coredns:v1.11.1" already present on machine
2026-09-27T10:06:33.147961Z Normal LeaderElection loki-afb351 became leader
2026-09-27T10:06:36.147961Z Normal LeaderElection grafana-ccbcb8 became leader
2026-09-27T10:06:40.147961Z Normal SuccessfulCreate Created pod: auth-api-3debe7
2026-09-27T10:06:44.147961Z Normal Started Started container sidecar
2026-09-27T10:06:47.147961Z Normal Created Created container sidecar
2026-09-27T10:06:51.147961Z Normal Synced Successfully synced frontend-4a4483
2026-09-27T10:06:54.147961Z Normal LeaderElection coredns-72a539 became leader
2026-09-27T10:06:58.147961Z Normal Pulled Container image "ghcr.io/company/auth-api:1.9.0" already present on machine
2026-09-27T10:07:02.147961Z Normal Synced Successfully synced pay-worker-49af96
2026-09-27T10:07:05.147961Z Normal ScalingReplicaSet Scaled up replica set pay-api-f466a45f to 5 from 1
2026-09-27T10:07:09.147961Z Normal Created Created container sidecar
2026-09-27T10:07:12.147961Z Normal Started Started container sidecar
2026-09-27T10:07:16.147961Z Warning TLSHandshakeTimeout net/http: TLS handshake timeout
2026-09-27T10:07:20.147961Z Normal ScalingReplicaSet Scaled up replica set api-b93eb452 to 3 from 1
2026-09-27T10:07:23.147961Z Normal Started Started container sidecar
2026-09-27T10:07:27.147961Z Normal Started Started container proxy
2026-09-27T10:07:30.147961Z Normal Scheduled Successfully assigned payments/pay-worker-40c7bf to ip-10-0-3-50.ec2.internal
2026-09-27T10:07:34.147961Z Normal ScalingReplicaSet Scaled up replica set metrics-server-c673de11 to 3 from 0
2026-09-27T10:07:38.147961Z Normal Created Created container agent
2026-09-27T10:07:41.147961Z Normal Created Created container app
2026-09-27T10:07:45.147961Z Normal Synced Successfully synced prometheus-576239
2026-09-27T10:07:48.147961Z Normal Synced Successfully synced grafana-5c2fe0
2026-09-27T10:07:52.147961Z Normal ScalingReplicaSet Scaled up replica set pay-api-f7d33169 to 5 from 1
2026-09-27T10:07:56.147961Z Normal Synced Successfully synced oauth-507cca
2026-09-27T10:07:59.147961Z Normal Scheduled Successfully assigned kube-system/coredns-8c90c4 to ip-10-0-1-50.ec2.internal
2026-09-27T10:08:03.147961Z Normal Synced Successfully synced loki-fcfad8
2026-09-27T10:08:06.147961Z Normal ScalingReplicaSet Scaled up replica set api-69e4c689 to 2 from 1
2026-09-27T10:08:10.147961Z Normal Created Created container sidecar
2026-09-27T10:08:14.147961Z Normal SuccessfulCreate Created pod: grafana-8bf7b7
2026-09-27T10:08:17.147961Z Normal Synced Successfully synced pay-api-0fbc7a
2026-09-27T10:08:21.147961Z Warning ErrImagePull Failed to pull image "nginx:1.25": rpc error: code = Unknown desc = Error response from daemon: pull access denied
2026-09-27T10:08:24.147961Z Normal ScalingReplicaSet Scaled up replica set pay-api-2a30d3c3 to 6 from 0
2026-09-27T10:08:28.147961Z Warning ErrImagePull Failed to pull image "public.ecr.aws/eks/aws-node:v1.14.1": rpc error: code = Unknown desc = Error response from daemon: pull access denied
2026-09-27T10:08:32.147961Z Normal Created Created container sidecar
2026-09-27T10:08:35.147961Z Normal Pulled Container image "busybox:1.36" already present on machine
2026-09-27T10:08:39.147961Z Normal Created Created container agent
2026-09-27T10:08:42.147961Z Normal AddedInterface Add eth0 [10.57.190.138] from eni eni-c4bd2bb18aaa
2026-09-27T10:08:46.147961Z Normal SuccessfulCreate Created pod: pay-worker-c82518
2026-09-27T10:08:50.147961Z Normal ScalingReplicaSet Scaled up replica set web-2b7e51f0 to 6 from 1
2026-09-27T10:08:53.147961Z Normal Created Created container proxy
2026-09-27T10:08:57.147961Z Normal Scheduled Successfully assigned ingress-nginx/ingress-nginx-controller-2c2f4b to ip-10-0-1-40.ec2.internal
2026-09-27T10:09:00.147961Z Normal Synced Successfully synced web-efef7e
2026-09-27T10:09:04.147961Z Normal SuccessfulCreate Created pod: ingress-nginx-controller-c7ca1c
2026-09-27T10:09:08.147961Z Warning Unhealthy Readiness probe failed: Get "http://10.101.56.189:80/health": dial tcp 10.101.56.189:80: i/o timeout
2026-09-27T10:09:11.147961Z Normal Scheduled Successfully assigned default/worker-bb5bf7 to ip-10-0-5-10.ec2.internal
2026-09-27T10:09:15.147961Z Normal LeaderElection ingress-nginx-controller-369025 became leader
2026-09-27T10:09:18.147961Z Normal Synced Successfully synced pay-api-4dcfc5
2026-09-27T10:09:22.147961Z Normal LeaderElection worker-76243b became leader
2026-09-27T10:09:26.147961Z Normal Created Created container sidecar
2026-09-27T10:09:29.147961Z Normal Synced Successfully synced auth-api-5e9a89
2026-09-27T10:09:33.147961Z Normal SuccessfulCreate Created pod: web-0f3ee5
2026-09-27T10:09:36.147961Z Normal LeaderElection auth-api-933dbe became leader
2026-09-27T10:09:40.147961Z Normal Created Created container agent
2026-09-27T10:09:44.147961Z Normal Synced Successfully synced loki-75e1ab
2026-09-27T10:09:47.147961Z Normal SuccessfulCreate Created pod: auth-api-3bdff0
2026-09-27T10:09:51.147961Z Normal SuccessfulCreate Created pod: auth-api-4c3d2b
2026-09-27T10:09:54.147961Z Normal ScalingReplicaSet Scaled up replica set oauth-d556af6a to 6 from 2
2026-09-27T10:09:58.147961Z Normal SuccessfulCreate Created pod: grafana-2370f2
2026-09-27T10:10:02.147961Z Normal ScalingReplicaSet Scaled up replica set ingress-nginx-controller-4918dd61 to 2 from 2
2026-09-27T10:10:05.147961Z Normal Synced Successfully synced metrics-server-5cdb35
2026-09-27T10:10:09.147961Z Normal Pulled Container image "nginx:1.25" already present on machine
2026-09-27T10:10:12.147961Z Normal Synced Successfully synced auth-api-28e43f
2026-09-27T10:10:16.147961Z Normal Scheduled Successfully assigned default/worker-088de4 to ip-10-0-3-40.ec2.internal
2026-09-27T10:10:20.147961Z Normal Scheduled Successfully assigned default/worker-58353b to ip-10-0-5-40.ec2.internal
2026-09-27T10:10:23.147961Z Normal Scheduled Successfully assigned observability/prometheus-d5753d to ip-10-0-4-30.ec2.internal
2026-09-27T10:10:27.147961Z Warning MemPressure Node ip-10-0-5-10.ec2.internal status is now: NodeHasMemoryPressure
2026-09-27T10:10:30.147961Z Normal ScalingReplicaSet Scaled up replica set pay-worker-a85780da to 6 from 2
2026-09-27T10:10:34.147961Z Normal Scheduled Successfully assigned payments/pay-worker-a2bfc9 to ip-10-0-1-50.ec2.internal
2026-09-27T10:10:38.147961Z Normal SuccessfulCreate Created pod: kube-proxy-449d77
2026-09-27T10:10:41.147961Z Normal ScalingReplicaSet Scaled up replica set auth-api-124d1d8d to 2 from 1
2026-09-27T10:10:45.147961Z Normal Scheduled Successfully assigned default/api-dd07cc to ip-10-0-2-50.ec2.internal
2026-09-27T10:10:48.147961Z Normal Synced Successfully synced metrics-server-579c96
2026-09-27T10:10:52.147961Z Normal Created Created container sidecar
2026-09-27T10:10:56.147961Z Normal ScalingReplicaSet Scaled up replica set ingress-nginx-controller-417ae847 to 5 from 1
2026-09-27T10:10:59.147961Z Normal Pulled Container image "nginx:1.25" already present on machine
2026-09-27T10:11:03.147961Z Normal AddedInterface Add eth0 [10.187.109.92] from eni eni-5796f97fbbef
2026-09-27T10:11:06.147961Z Normal Started Started container agent
2026-09-27T10:11:10.147961Z Normal Pulled Container image "python:3.11-slim" already present on machine
2026-09-27T10:11:14.147961Z Normal Created Created container app
2026-09-27T10:11:17.147961Z Normal Pulled Container image "ghcr.io/company/auth-api:1.9.0" already present on machine
2026-09-27T10:11:21.147961Z Normal Pulled Container image "public.ecr.aws/eks/aws-node:v1.14.1" already present on machine
2026-09-27T10:11:24.147961Z Normal LeaderElection ingress-nginx-controller-2cd1b4 became leader
2026-09-27T10:11:28.147961Z Normal LeaderElection pay-api-c5a853 became leader
2026-09-27T10:11:32.147961Z Normal AddedInterface Add eth0 [10.24.174.123] from eni eni-018fbf7e94dc
2026-09-27T10:11:35.147961Z Normal Created Created container app
2026-09-27T10:11:39.147961Z Normal ScalingReplicaSet Scaled up replica set loki-4b5faf30 to 5 from 1
2026-09-27T10:11:42.147961Z Warning FailedCreate Error creating: pods "ingress-nginx-controller-0dcffd" is forbidden: error looking up service account ingress-nginx/default: serviceaccount "default" not found
2026-09-27T10:11:46.147961Z Normal Started Started container proxy
2026-09-27T10:11:50.147961Z Normal Synced Successfully synced oauth-126345
2026-09-27T10:11:53.147961Z Normal Scheduled Successfully assigned observability/grafana-147dde to ip-10-0-4-40.ec2.internal
2026-09-27T10:11:57.147961Z Normal AddedInterface Add eth0 [10.191.45.161] from eni eni-66908d40c0c0
2026-09-27T10:12:00.147961Z Normal Started Started container agent
2026-09-27T10:12:04.147961Z Normal Started Started container sidecar
2026-09-27T10:12:08.147961Z Normal Created Created container agent
2026-09-27T10:12:11.147961Z Normal Created Created container proxy
2026-09-27T10:12:15.147961Z Normal Scheduled Successfully assigned kube-system/kube-proxy-ec61fc to ip-10-0-4-20.ec2.internal
2026-09-27T10:12:18.147961Z Normal ScalingReplicaSet Scaled up replica set loki-5763f05d to 5 from 1
2026-09-27T10:12:22.147961Z Normal LeaderElection metrics-server-651a6b became leader
2026-09-27T10:12:26.147961Z Normal AddedInterface Add eth0 [10.248.93.117] from eni eni-fd5fe57de0b8
2026-09-27T10:12:29.147961Z Normal SuccessfulCreate Created pod: ingress-nginx-controller-14e86d
2026-09-27T10:12:33.147961Z Normal SuccessfulCreate Created pod: ingress-nginx-controller-c8ab62
2026-09-27T10:12:36.147961Z Warning OOMKilled Container app in pod default/worker-f13ade was killed due to OOM
2026-09-27T10:12:40.147961Z Normal AddedInterface Add eth0 [10.133.1.146] from eni eni-c0b7526af8ce
2026-09-27T10:12:44.147961Z Normal ScalingReplicaSet Scaled up replica set oauth-160b829b to 6 from 2
2026-09-27T10:12:47.147961Z Normal AddedInterface Add eth0 [10.136.100.6] from eni eni-ba928fd61aee
2026-09-27T10:12:51.147961Z Normal Started Started container app
2026-09-27T10:12:54.147961Z Normal Synced Successfully synced pay-worker-e40800
2026-09-27T10:12:58.147961Z Normal LeaderElection api-353b92 became leader
2026-09-27T10:13:02.147961Z Normal Pulled Container image "public.ecr.aws/eks/aws-node:v1.14.1" already present on machine
2026-09-27T10:13:05.147961Z Normal Pulled Container image "registry.k8s.io/coredns/coredns:v1.11.1" already present on machine
2026-09-27T10:13:09.147961Z Normal Started Started container agent
2026-09-27T10:13:12.147961Z Normal SuccessfulCreate Created pod: web-dcbcaf
2026-09-27T10:13:16.147961Z Normal Synced Successfully synced frontend-cce7a1
2026-09-27T10:13:20.147961Z Normal Scheduled Successfully assigned kube-system/kube-proxy-efba0b to ip-10-0-1-10.ec2.internal
2026-09-27T10:13:23.147961Z Warning NodeNotReady Node ip-10-0-4-20.ec2.internal status is now: NodeNotReady
2026-09-27T10:13:27.147961Z Normal Created Created container proxy
2026-09-27T10:13:30.147961Z Normal Created Created container sidecar
2026-09-27T10:13:34.147961Z Normal Synced Successfully synced api-64e188
2026-09-27T10:13:38.147961Z Normal Pulled Container image "ghcr.io/company/auth-api:1.9.0" already present on machine
2026-09-27T10:13:41.147961Z Warning OOMKilled Container app in pod auth/auth-api-7dbe36 was killed due to OOM
2026-09-27T10:13:45.147961Z Normal Scheduled Successfully assigned kube-system/coredns-8c3a79 to ip-10-0-4-40.ec2.internal
2026-09-27T10:13:48.147961Z Normal Pulled Container image "public.ecr.aws/eks/aws-node:v1.14.1" already present on machine
2026-09-27T10:13:52.147961Z Normal ScalingReplicaSet Scaled up replica set loki-751a5d02 to 6 from 2
2026-09-27T10:13:56.147961Z Normal AddedInterface Add eth0 [10.54.54.148] from eni eni-a23ae94dfc90
2026-09-27T10:13:59.147961Z Normal AddedInterface Add eth0 [10.146.211.66] from eni eni-4354bde2fc18
2026-09-27T10:14:03.147961Z Warning FailedCreate Error creating: pods "metrics-server-bd8249" is forbidden: error looking up service account kube-system/default: serviceaccount "default" not found
2026-09-27T10:14:06.147961Z Normal Scheduled Successfully assigned auth/auth-api-6a384e to ip-10-0-2-20.ec2.internal
2026-09-27T10:14:10.147961Z Normal Scheduled Successfully assigned default/api-02e63a to ip-10-0-4-40.ec2.internal
2026-09-27T10:14:14.147961Z Warning FailedScheduling 0/7 nodes are available: Insufficient memory
2026-09-27T10:14:17.147961Z Normal Created Created container app
2026-09-27T10:14:21.147961Z Normal ScalingReplicaSet Scaled up replica set ingress-nginx-controller-d9969ede to 4 from 2
2026-09-27T10:14:24.147961Z Normal AddedInterface Add eth0 [10.125.20.13] from eni eni-f25cfa9ea914
2026-09-27T10:14:28.147961Z Normal Pulled Container image "nginx:1.25" already present on machine
2026-09-27T10:14:32.147961Z Normal SuccessfulCreate Created pod: ingress-nginx-controller-0e0d96
2026-09-27T10:14:35.147961Z Normal SuccessfulCreate Created pod: prometheus-20d1f2
2026-09-27T10:14:39.147961Z Normal SuccessfulCreate Created pod: ingress-nginx-controller-e62dc9
2026-09-27T10:14:42.147961Z Normal Created Created container sidecar
2026-09-27T10:14:46.147961Z Normal ScalingReplicaSet Scaled up replica set worker-68dcefbb to 3 from 1
2026-09-27T10:14:50.147961Z Normal Pulled Container image "registry.k8s.io/coredns/coredns:v1.11.1" already present on machine
2026-09-27T10:14:53.147961Z Normal ScalingReplicaSet Scaled up replica set oauth-e20b3841 to 4 from 2
2026-09-27T10:14:57.147961Z Normal SuccessfulCreate Created pod: worker-aaab36
2026-09-27T10:15:00.147961Z Warning FailedCreate Error creating: pods "web-d60a04" is forbidden: error looking up service account default/default: serviceaccount "default" not found
2026-09-27T10:15:04.147961Z Normal Started Started container app
2026-09-27T10:15:08.147961Z Normal Started Started container app
2026-09-27T10:15:11.147961Z Normal Created Created container agent
2026-09-27T10:15:15.147961Z Normal LeaderElection ingress-nginx-controller-81cc18 became leader
2026-09-27T10:15:18.147961Z Normal SuccessfulCreate Created pod: pay-api-3cc0dc
2026-09-27T10:15:22.147961Z Warning CrashLoopBackOff pod/pay-worker-c28596 CrashLoopBackOff
2026-09-27T10:15:26.147961Z Normal SuccessfulCreate Created pod: api-790af7
2026-09-27T10:15:29.147961Z Normal Synced Successfully synced frontend-71fa8e
2026-09-27T10:15:33.147961Z Normal Started Started container sidecar
2026-09-27T10:15:36.147961Z Normal LeaderElection oauth-9d026d became leader
2026-09-27T10:15:40.147961Z Normal SuccessfulCreate Created pod: worker-ccc57e
2026-09-27T10:15:44.147961Z Warning FailedScheduling 0/3 nodes are available: 0/5 nodes available: pod has unbound immediate PersistentVolumeClaims
2026-09-27T10:15:47.147961Z Normal Synced Successfully synced api-306cd2
2026-09-27T10:15:51.147961Z Normal SuccessfulCreate Created pod: web-2883ac
2026-09-27T10:15:54.147961Z Normal Created Created container app
2026-09-27T10:15:58.147961Z Normal Scheduled Successfully assigned payments/pay-api-703f2d to ip-10-0-4-30.ec2.internal
2026-09-27T10:16:02.147961Z Normal Started Started container proxy
2026-09-27T10:16:05.147961Z Normal Scheduled Successfully assigned ingress-nginx/ingress-nginx-controller-498743 to ip-10-0-2-40.ec2.internal
2026-09-27T10:16:09.147961Z Normal Synced Successfully synced auth-api-7029b1
2026-09-27T10:16:12.147961Z Normal LeaderElection api-8a909e became leader
2026-09-27T10:16:16.147961Z Normal SuccessfulCreate Created pod: frontend-b236c4
2026-09-27T10:16:20.147961Z Normal ScalingReplicaSet Scaled up replica set pay-api-609fe507 to 3 from 0
2026-09-27T10:16:23.147961Z Normal Scheduled Successfully assigned observability/prometheus-0f7504 to ip-10-0-5-40.ec2.internal
2026-09-27T10:16:27.147961Z Normal Pulled Container image "ghcr.io/company/auth-api:1.9.0" already present on machine
2026-09-27T10:16:30.147961Z Normal Pulled Container image "busybox:1.36" already present on machine
2026-09-27T10:16:34.147961Z Normal ScalingReplicaSet Scaled up replica set web-90f139e4 to 6 from 1
2026-09-27T10:16:38.147961Z Normal ScalingReplicaSet Scaled up replica set ingress-nginx-controller-cddafc14 to 2 from 0
2026-09-27T10:16:41.147961Z Normal Pulled Container image "ghcr.io/company/auth-api:1.9.0" already present on machine
2026-09-27T10:16:45.147961Z Normal Pulled Container image "python:3.11-slim" already present on machine
2026-09-27T10:16:48.147961Z Normal Scheduled Successfully assigned auth/oauth-66cf6e to ip-10-0-5-50.ec2.internal
2026-09-27T10:16:52.147961Z Normal ScalingReplicaSet Scaled up replica set aws-node-07c49b4c to 4 from 1
2026-09-27T10:16:56.147961Z Normal Scheduled Successfully assigned payments/pay-worker-3a35d1 to ip-10-0-1-50.ec2.internal
2026-09-27T10:16:59.147961Z Normal Synced Successfully synced worker-58882d
2026-09-27T10:17:03.147961Z Normal ScalingReplicaSet Scaled up replica set coredns-73a32f45 to 5 from 2
2026-09-27T10:17:06.147961Z Normal LeaderElection metrics-server-7708e8 became leader
2026-09-27T10:17:10.147961Z Normal LeaderElection kube-proxy-1933f2 became leader
2026-09-27T10:17:14.147961Z Normal ScalingReplicaSet Scaled up replica set pay-api-47892d97 to 6 from 0
2026-09-27T10:17:17.147961Z Normal AddedInterface Add eth0 [10.26.208.230] from eni eni-2254a6296159
2026-09-27T10:17:21.147961Z Normal ScalingReplicaSet Scaled up replica set auth-api-b898ae80 to 2 from 2
2026-09-27T10:17:24.147961Z Normal Synced Successfully synced auth-api-a0627a
2026-09-27T10:17:28.147961Z Normal Synced Successfully synced worker-29a07d
2026-09-27T10:17:32.147961Z Normal Created Created container sidecar
2026-09-27T10:17:35.147961Z Normal Pulled Container image "python:3.11-slim" already present on machine
2026-09-27T10:17:39.147961Z Normal SuccessfulCreate Created pod: loki-b50ce0
2026-09-27T10:17:42.147961Z Normal Pulled Container image "public.ecr.aws/eks/aws-node:v1.14.1" already present on machine
2026-09-27T10:17:46.147961Z Normal AddedInterface Add eth0 [10.15.92.192] from eni eni-b01e12fb72cf
2026-09-27T10:17:50.147961Z Normal Pulled Container image "public.ecr.aws/eks/aws-node:v1.14.1" already present on machine
2026-09-27T10:17:53.147961Z Normal Scheduled Successfully assigned default/api-e8e90b to ip-10-0-1-30.ec2.internal
2026-09-27T10:17:57.147961Z Normal Started Started container proxy
2026-09-27T10:18:00.147961Z Normal ScalingReplicaSet Scaled up replica set kube-proxy-4ddaa387 to 4 from 0
2026-09-27T10:18:04.147961Z Normal Synced Successfully synced kube-proxy-de1859
2026-09-27T10:18:08.147961Z Normal LeaderElection api-512870 became leader
2026-09-27T10:18:11.147961Z Normal SuccessfulCreate Created pod: pay-worker-653dd4
2026-09-27T10:18:15.147961Z Normal Scheduled Successfully assigned auth/oauth-96232c to ip-10-0-2-40.ec2.internal
2026-09-27T10:18:18.147961Z Normal Pulled Container image "ghcr.io/company/auth-api:1.9.0" already present on machine
2026-09-27T10:18:22.147961Z Normal Started Started container sidecar
2026-09-27T10:18:26.147961Z Normal Started Started container app
2026-09-27T10:18:29.147961Z Normal ScalingReplicaSet Scaled up replica set coredns-51d1fdd3 to 4 from 0
2026-09-27T10:18:33.147961Z Normal AddedInterface Add eth0 [10.17.115.219] from eni eni-ea483d65981c
2026-09-27T10:18:36.147961Z Normal Started Started container sidecar
2026-09-27T10:18:40.147961Z Normal SuccessfulCreate Created pod: oauth-226985
2026-09-27T10:18:44.147961Z Normal Pulled Container image "ghcr.io/company/auth-api:1.9.0" already present on machine
2026-09-27T10:18:47.147961Z Normal Pulled Container image "registry.k8s.io/coredns/coredns:v1.11.1" already present on machine
2026-09-27T10:18:51.147961Z Normal Created Created container app
2026-09-27T10:18:54.147961Z Normal SuccessfulCreate Created pod: api-61a4b4
2026-09-27T10:18:58.147961Z Normal Started Started container proxy
2026-09-27T10:19:02.147961Z Normal Pulled Container image "public.ecr.aws/eks/aws-node:v1.14.1" already present on machine
2026-09-27T10:19:05.147961Z Normal Created Created container agent
2026-09-27T10:19:09.147961Z Normal SuccessfulCreate Created pod: ingress-nginx-controller-034e4d
2026-09-27T10:19:12.147961Z Normal Started Started container agent
2026-09-27T10:19:16.147961Z Normal LeaderElection ingress-nginx-controller-a3b556 became leader
2026-09-27T10:19:20.147961Z Normal Scheduled Successfully assigned payments/pay-api-999836 to ip-10-0-2-20.ec2.internal
2026-09-27T10:19:23.147961Z Normal AddedInterface Add eth0 [10.170.183.189] from eni eni-90447040eaba
2026-09-27T10:19:27.147961Z Normal Created Created container proxy
2026-09-27T10:19:30.147961Z Normal Created Created container agent
2026-09-27T10:19:34.147961Z Normal SuccessfulCreate Created pod: prometheus-49965f
2026-09-27T10:19:38.147961Z Normal Started Started container agent
2026-09-27T10:19:41.147961Z Normal Synced Successfully synced loki-f7a291
2026-09-27T10:19:45.147961Z Normal Created Created container agent
2026-09-27T10:19:48.147961Z Normal Started Started container app
2026-09-27T10:19:52.147961Z Normal Scheduled Successfully assigned auth/auth-api-53639c to ip-10-0-1-50.ec2.internal
2026-09-27T10:19:56.147961Z Normal LeaderElection api-01b33e became leader
2026-09-27T10:19:59.147961Z Normal Created Created container agent
2026-09-27T10:20:03.147961Z Normal Started Started container proxy
2026-09-27T10:20:06.147961Z Normal LeaderElection worker-436ab3 became leader
2026-09-27T10:20:10.147961Z Normal Synced Successfully synced prometheus-a65228
2026-09-27T10:20:14.147961Z Normal Synced Successfully synced pay-api-047f2c
2026-09-27T10:20:17.147961Z Normal Scheduled Successfully assigned default/frontend-baa037 to ip-10-0-1-10.ec2.internal
2026-09-27T10:20:21.147961Z Normal SuccessfulCreate Created pod: auth-api-024c77
2026-09-27T10:20:24.147961Z Normal SuccessfulCreate Created pod: prometheus-d26632
2026-09-27T10:20:28.147961Z Normal AddedInterface Add eth0 [10.21.143.177] from eni eni-7bdc086f781d
2026-09-27T10:20:32.147961Z Normal ScalingReplicaSet Scaled up replica set ingress-nginx-controller-fcfaac9e to 5 from 2
2026-09-27T10:20:35.147961Z Normal Scheduled Successfully assigned observability/prometheus-3288e2 to ip-10-0-1-30.ec2.internal
2026-09-27T10:20:39.147961Z Normal SuccessfulCreate Created pod: pay-api-f20a58
2026-09-27T10:20:42.147961Z Normal Synced Successfully synced oauth-9d4284
2026-09-27T10:20:46.147961Z Normal SuccessfulCreate Created pod: grafana-b84dbb
2026-09-27T10:20:50.147961Z Normal Pulled Container image "nginx:1.25" already present on machine
2026-09-27T10:20:53.147961Z Normal LeaderElection grafana-5ae02e became leader
2026-09-27T10:20:57.147961Z Normal LeaderElection api-a32bf9 became leader
2026-09-27T10:21:00.147961Z Normal Synced Successfully synced pay-api-b47bc5
2026-09-27T10:21:04.147961Z Normal ScalingReplicaSet Scaled up replica set prometheus-05ed7819 to 6 from 0
2026-09-27T10:21:08.147961Z Normal AddedInterface Add eth0 [10.212.104.78] from eni eni-06f9523536dc
2026-09-27T10:21:11.147961Z Normal Pulled Container image "ghcr.io/company/auth-api:1.9.0" already present on machine
2026-09-27T10:21:15.147961Z Warning Unhealthy Readiness probe failed: Get "http://10.39.205.175:9090/health": dial tcp 10.39.205.175:9090: i/o timeout
2026-09-27T10:21:18.147961Z Normal Scheduled Successfully assigned payments/pay-worker-918a5a to ip-10-0-5-50.ec2.internal
2026-09-27T10:21:22.147961Z Normal AddedInterface Add eth0 [10.149.80.8] from eni eni-3cf575ed0535
2026-09-27T10:21:26.147961Z Normal LeaderElection ingress-nginx-controller-c4efda became leader
2026-09-27T10:21:29.147961Z Normal AddedInterface Add eth0 [10.224.97.1] from eni eni-0e3991914239
2026-09-27T10:21:33.147961Z Normal AddedInterface Add eth0 [10.27.75.201] from eni eni-6809a5a0e728
2026-09-27T10:21:36.147961Z Normal AddedInterface Add eth0 [10.138.113.174] from eni eni-6160a5aa0940
2026-09-27T10:21:40.147961Z Normal Synced Successfully synced frontend-caff64
2026-09-27T10:21:44.147961Z Normal AddedInterface Add eth0 [10.152.21.115] from eni eni-ca781a8e3a44
2026-09-27T10:21:47.147961Z Normal SuccessfulCreate Created pod: auth-api-9b2a4d
2026-09-27T10:21:51.147961Z Normal Synced Successfully synced prometheus-6d0c6b
2026-09-27T10:21:54.147961Z Normal Synced Successfully synced frontend-95c90a
2026-09-27T10:21:58.147961Z Normal Created Created container app
2026-09-27T10:22:02.147961Z Normal ScalingReplicaSet Scaled up replica set ingress-nginx-controller-cb2ee7fe to 6 from 2
2026-09-27T10:22:05.147961Z Normal ScalingReplicaSet Scaled up replica set pay-api-39cf1bd2 to 3 from 1
2026-09-27T10:22:09.147961Z Warning NodeNotReady Node ip-10-0-4-40.ec2.internal status is now: NodeNotReady
2026-09-27T10:22:12.147961Z Normal SuccessfulCreate Created pod: prometheus-b63f92
2026-09-27T10:22:16.147961Z Normal SuccessfulCreate Created pod: pay-worker-3543dc
2026-09-27T10:22:20.147961Z Normal AddedInterface Add eth0 [10.19.195.104] from eni eni-ca66391703ec
2026-09-27T10:22:23.147961Z Normal Scheduled Successfully assigned auth/auth-api-2bb42b to ip-10-0-1-50.ec2.internal
2026-09-27T10:22:27.147961Z Normal Synced Successfully synced oauth-cc7d4e
2026-09-27T10:22:30.147961Z Normal Synced Successfully synced pay-api-f18f22
2026-09-27T10:22:34.147961Z Warning CrashLoopBackOff pod/oauth-f9d465 CrashLoopBackOff
2026-09-27T10:22:38.147961Z Normal Started Started container proxy
2026-09-27T10:22:41.147961Z Normal AddedInterface Add eth0 [10.8.104.133] from eni eni-2a821f6e17ff
2026-09-27T10:22:45.147961Z Normal Scheduled Successfully assigned default/frontend-1d657c to ip-10-0-5-10.ec2.internal
2026-09-27T10:22:48.147961Z Normal LeaderElection ingress-nginx-controller-9dc8ab became leader
2026-09-27T10:22:52.147961Z Normal Pulled Container image "python:3.11-slim" already present on machine
2026-09-27T10:22:56.147961Z Normal Synced Successfully synced prometheus-828ba6
2026-09-27T10:22:59.147961Z Normal ScalingReplicaSet Scaled up replica set ingress-nginx-controller-75573564 to 3 from 0
2026-09-27T10:23:03.147961Z Normal Synced Successfully synced ingress-nginx-controller-4be876
2026-09-27T10:23:06.147961Z Normal Created Created container agent
2026-09-27T10:23:10.147961Z Warning ImagePullBackOff Back-off pulling image "busybox:1.36"
2026-09-27T10:23:14.147961Z Normal AddedInterface Add eth0 [10.36.241.162] from eni eni-0b91db30044b
2026-09-27T10:23:17.147961Z Normal SuccessfulCreate Created pod: pay-api-fec550
2026-09-27T10:23:21.147961Z Normal Synced Successfully synced worker-135a26
2026-09-27T10:23:24.147961Z Normal Scheduled Successfully assigned ingress-nginx/ingress-nginx-controller-8b88d8 to ip-10-0-5-20.ec2.internal
2026-09-27T10:23:28.147961Z Normal Started Started container agent
2026-09-27T10:23:32.147961Z Normal Created Created container app
2026-09-27T10:23:35.147961Z Normal Scheduled Successfully assigned auth/oauth-06912f to ip-10-0-4-30.ec2.internal
2026-09-27T10:23:39.147961Z Normal Started Started container agent
2026-09-27T10:23:42.147961Z Normal Synced Successfully synced kube-proxy-1402e2
2026-09-27T10:23:46.147961Z Normal Scheduled Successfully assigned default/web-1a5f8e to ip-10-0-5-50.ec2.internal
2026-09-27T10:23:50.147961Z Normal Created Created container agent
2026-09-27T10:23:53.147961Z Normal Started Started container agent
2026-09-27T10:23:57.147961Z Normal ScalingReplicaSet Scaled up replica set web-9ef5945f to 3 from 2
2026-09-27T10:24:00.147961Z Normal Scheduled Successfully assigned payments/pay-api-748c32 to ip-10-0-4-10.ec2.internal
2026-09-27T10:24:04.147961Z Normal ScalingReplicaSet Scaled up replica set ingress-nginx-controller-422a9d7f to 3 from 2
2026-09-27T10:24:08.147961Z Normal LeaderElection grafana-73f06d became leader
2026-09-27T10:24:11.147961Z Normal AddedInterface Add eth0 [10.154.8.34] from eni eni-fdd9f9121688
2026-09-27T10:24:15.147961Z Warning Unhealthy Readiness probe failed: Get "http://10.169.26.101:443/health": dial tcp 10.169.26.101:443: i/o timeout
2026-09-27T10:24:18.147961Z Normal Started Started container app
2026-09-27T10:24:22.147961Z Warning DiskPressure Node ip-10-0-5-30.ec2.internal status is now: NodeHasDiskPressure
2026-09-27T10:24:26.147961Z Normal Pulled Container image "public.ecr.aws/eks/aws-node:v1.14.1" already present on machine
2026-09-27T10:24:29.147961Z Normal LeaderElection pay-worker-1e2d0f became leader
2026-09-27T10:24:33.147961Z Normal Started Started container app
2026-09-27T10:24:36.147961Z Normal Created Created container proxy
2026-09-27T10:24:40.147961Z Warning ErrImagePull Failed to pull image "ghcr.io/company/auth-api:1.9.0": rpc error: code = Unknown desc = Error response from daemon: pull access denied
2026-09-27T10:24:44.147961Z Warning Unhealthy Readiness probe failed: Get "http://10.167.157.114:8080/health": dial tcp 10.167.157.114:8080: i/o timeout
2026-09-27T10:24:47.147961Z Normal Synced Successfully synced auth-api-a024cc
2026-09-27T10:24:51.147961Z Normal Synced Successfully synced ingress-nginx-controller-0de27d
2026-09-27T10:24:54.147961Z Normal LeaderElection worker-541e83 became leader
2026-09-27T10:24:58.147961Z Normal Scheduled Successfully assigned kube-system/aws-node-52aafa to ip-10-0-1-50.ec2.internal
2026-09-27T10:25:02.147961Z Normal Synced Successfully synced kube-proxy-d8f9ac
2026-09-27T10:25:05.147961Z Normal Scheduled Successfully assigned auth/auth-api-4d348a to ip-10-0-2-30.ec2.internal
2026-09-27T10:25:09.147961Z Normal SuccessfulCreate Created pod: loki-b704b1
2026-09-27T10:25:12.147961Z Normal ScalingReplicaSet Scaled up replica set grafana-707fd288 to 2 from 1
2026-09-27T10:25:16.147961Z Normal Pulled Container image "registry.k8s.io/coredns/coredns:v1.11.1" already present on machine
2026-09-27T10:25:20.147961Z Normal Created Created container app
2026-09-27T10:25:23.147961Z Normal LeaderElection ingress-nginx-controller-4bee8a became leader
2026-09-27T10:25:27.147961Z Warning NodeNotReady Node ip-10-0-3-30.ec2.internal status is now: NodeNotReady
2026-09-27T10:25:30.147961Z Normal ScalingReplicaSet Scaled up replica set ingress-nginx-controller-33211b2b to 6 from 0
2026-09-27T10:25:34.147961Z Warning BackOff Back-off restarting failed container sidecar in pod payments/pay-worker-0b59e6
2026-09-27T10:25:38.147961Z Normal AddedInterface Add eth0 [10.248.142.216] from eni eni-0403a9dad308
2026-09-27T10:25:41.147961Z Normal LeaderElection oauth-a3c930 became leader
2026-09-27T10:25:45.147961Z Normal AddedInterface Add eth0 [10.131.195.26] from eni eni-67eda3cf1606
2026-09-27T10:25:48.147961Z Warning FailedCreate Error creating: pods "auth-api-2b4d25" is forbidden: error looking up service account auth/default: serviceaccount "default" not found
2026-09-27T10:25:52.147961Z Warning MemPressure Node ip-10-0-1-30.ec2.internal status is now: NodeHasMemoryPressure
2026-09-27T10:25:56.147961Z Normal LeaderElection grafana-88e130 became leader
2026-09-27T10:25:59.147961Z Warning NodeNotReady Node ip-10-0-1-10.ec2.internal status is now: NodeNotReady
2026-09-27T10:26:03.147961Z Normal Created Created container proxy
2026-09-27T10:26:06.147961Z Normal Created Created container app
2026-09-27T10:26:10.147961Z Normal SuccessfulCreate Created pod: worker-ef5ad4
2026-09-27T10:26:14.147961Z Normal LeaderElection frontend-34cbe2 became leader
2026-09-27T10:26:17.147961Z Normal Scheduled Successfully assigned kube-system/kube-proxy-f0be8a to ip-10-0-4-10.ec2.internal
2026-09-27T10:26:21.147961Z Normal AddedInterface Add eth0 [10.88.23.205] from eni eni-e10bd32ab472
2026-09-27T10:26:24.147961Z Normal LeaderElection auth-api-4e9684 became leader
2026-09-27T10:26:28.147961Z Normal Pulled Container image "python:3.11-slim" already present on machine
2026-09-27T10:26:32.147961Z Normal LeaderElection pay-worker-d329ba became leader
2026-09-27T10:26:35.147961Z Normal AddedInterface Add eth0 [10.114.128.174] from eni eni-ae795ad28fba
2026-09-27T10:26:39.147961Z Normal Pulled Container image "ghcr.io/company/pay-api:2.3.1" already present on machine
2026-09-27T10:26:42.147961Z Normal Started Started container agent
2026-09-27T10:26:46.147961Z Normal Pulled Container image "registry.k8s.io/coredns/coredns:v1.11.1" already present on machine
2026-09-27T10:26:50.147961Z Normal ScalingReplicaSet Scaled up replica set oauth-b5a55e48 to 6 from 1
2026-09-27T10:26:53.147961Z Warning MemPressure Node ip-10-0-1-40.ec2.internal status is now: NodeHasMemoryPressure
2026-09-27T10:26:57.147961Z Normal Created Created container app
2026-09-27T10:27:00.147961Z Normal Synced Successfully synced loki-4b5a47
2026-09-27T10:27:04.147961Z Normal Scheduled Successfully assigned ingress-nginx/ingress-nginx-controller-eb5b98 to ip-10-0-1-40.ec2.internal
2026-09-27T10:27:08.147961Z Normal SuccessfulCreate Created pod: pay-worker-da4104
2026-09-27T10:27:11.147961Z Normal Started Started container agent
2026-09-27T10:27:15.147961Z Normal LeaderElection worker-a26144 became leader
2026-09-27T10:27:18.147961Z Normal Scheduled Successfully assigned auth/auth-api-93b863 to ip-10-0-4-20.ec2.internal
2026-09-27T10:27:22.147961Z Normal ScalingReplicaSet Scaled up replica set api-4b256e66 to 2 from 2
2026-09-27T10:27:26.147961Z Normal Synced Successfully synced auth-api-f5f635
2026-09-27T10:27:29.147961Z Normal Created Created container app
2026-09-27T10:27:33.147961Z Normal Started Started container agent
2026-09-27T10:27:36.147961Z Normal Synced Successfully synced pay-worker-559507
2026-09-27T10:27:40.147961Z Normal Scheduled Successfully assigned payments/pay-api-9d032b to ip-10-0-5-40.ec2.internal
2026-09-27T10:27:44.147961Z Normal SuccessfulCreate Created pod: ingress-nginx-controller-1e6ebf
2026-09-27T10:27:47.147961Z Normal Scheduled Successfully assigned observability/grafana-19fe00 to ip-10-0-4-20.ec2.internal
2026-09-27T10:27:51.147961Z Normal AddedInterface Add eth0 [10.227.58.84] from eni eni-9e6e9d3ac0cb
2026-09-27T10:27:54.147961Z Normal Created Created container proxy
2026-09-27T10:27:58.147961Z Normal SuccessfulCreate Created pod: loki-e177a3
2026-09-27T10:28:02.147961Z Normal Synced Successfully synced pay-worker-503bb8
2026-09-27T10:28:05.147961Z Normal Created Created container agent
2026-09-27T10:28:09.147961Z Normal ScalingReplicaSet Scaled up replica set frontend-82844546 to 4 from 2
2026-09-27T10:28:12.147961Z Warning ErrImagePull Failed to pull image "public.ecr.aws/eks/aws-node:v1.14.1": rpc error: code = Unknown desc = Error response from daemon: pull access denied
2026-09-27T10:28:16.147961Z Normal Pulled Container image "busybox:1.36" already present on machine
2026-09-27T10:28:20.147961Z Normal AddedInterface Add eth0 [10.84.39.132] from eni eni-ef65d420dfd5
2026-09-27T10:28:23.147961Z Normal SuccessfulCreate Created pod: prometheus-2aac3e
2026-09-27T10:28:27.147961Z Normal Started Started container agent
2026-09-27T10:28:30.147961Z Normal Started Started container agent
2026-09-27T10:28:34.147961Z Warning ErrImagePull Failed to pull image "registry.k8s.io/coredns/coredns:v1.11.1": rpc error: code = Unknown desc = Error response from daemon: pull access denied
2026-09-27T10:28:38.147961Z Normal ScalingReplicaSet Scaled up replica set pay-api-10e669cc to 3 from 2
2026-09-27T10:28:41.147961Z Normal ScalingReplicaSet Scaled up replica set grafana-af9fa2ae to 2 from 1
2026-09-27T10:28:45.147961Z Normal LeaderElection grafana-4463a0 became leader
2026-09-27T10:28:48.147961Z Normal Created Created container app
2026-09-27T10:28:52.147961Z Warning DNSConfigForming Nameserver limits were exceeded, some nameservers have been omitted, the applied nameserver line is: 10.165.1.250 10.91.171.88 10.32.106.213 10.138.147.237 10.130.204.124
2026-09-27T10:28:56.147961Z Warning ErrImagePull Failed to pull image "public.ecr.aws/eks/aws-node:v1.14.1": rpc error: code = Unknown desc = Error response from daemon: pull access denied
2026-09-27T10:28:59.147961Z Normal LeaderElection coredns-0d2464 became leader
2026-09-27T10:29:03.147961Z Normal Pulled Container image "busybox:1.36" already present on machine
2026-09-27T10:29:06.147961Z Normal Created Created container app
2026-09-27T10:29:10.147961Z Normal Created Created container proxy
2026-09-27T10:29:14.147961Z Normal SuccessfulCreate Created pod: frontend-4a178a
2026-09-27T10:29:17.147961Z Normal AddedInterface Add eth0 [10.27.94.50] from eni eni-167772859902
2026-09-27T10:29:21.147961Z Normal Pulled Container image "ghcr.io/company/pay-api:2.3.1" already present on machine
2026-09-27T10:29:24.147961Z Normal Created Created container proxy
2026-09-27T10:29:28.147961Z Normal Scheduled Successfully assigned payments/pay-worker-86e77a to ip-10-0-2-30.ec2.internal
2026-09-27T10:29:32.147961Z Normal Scheduled Successfully assigned auth/auth-api-dd1790 to ip-10-0-2-10.ec2.internal
2026-09-27T10:29:35.147961Z Normal ScalingReplicaSet Scaled up replica set kube-proxy-bc8fec72 to 3 from 2
2026-09-27T10:29:39.147961Z Normal ScalingReplicaSet Scaled up replica set pay-api-3ac8abd8 to 3 from 0
2026-09-27T10:29:42.147961Z Normal AddedInterface Add eth0 [10.152.226.110] from eni eni-f611c293a217
2026-09-27T10:29:46.147961Z Normal Synced Successfully synced kube-proxy-67e24d
2026-09-27T10:29:50.147961Z Normal Created Created container proxy
2026-09-27T10:29:53.147961Z Normal Started Started container app
2026-09-27T10:29:57.147961Z Normal LeaderElection oauth-99e657 became leader
2026-09-27T10:30:00.147961Z Normal ScalingReplicaSet Scaled up replica set prometheus-37253f2a to 3 from 2
2026-09-27T10:30:04.147961Z Normal LeaderElection oauth-18f2b3 became leader
2026-09-27T10:30:08.147961Z Normal LeaderElection kube-proxy-84e1d3 became leader
2026-09-27T10:30:11.147961Z Normal LeaderElection ingress-nginx-controller-9c0a62 became leader
2026-09-27T10:30:15.147961Z Normal Started Started container app
2026-09-27T10:30:18.147961Z Normal AddedInterface Add eth0 [10.114.42.26] from eni eni-0df4012c9bcd
2026-09-27T10:30:22.147961Z Normal Synced Successfully synced pay-api-853797
2026-09-27T10:30:26.147961Z Normal SuccessfulCreate Created pod: worker-0eb659
2026-09-27T10:30:29.147961Z Normal ScalingReplicaSet Scaled up replica set api-3fb27df8 to 4 from 0
2026-09-27T10:30:33.147961Z Normal Synced Successfully synced ingress-nginx-controller-c1481c
2026-09-27T10:30:36.147961Z Normal LeaderElection oauth-0c66e6 became leader
2026-09-27T10:30:40.147961Z Normal AddedInterface Add eth0 [10.209.231.254] from eni eni-d819c9a5b0c5
2026-09-27T10:30:44.147961Z Normal Scheduled Successfully assigned observability/prometheus-c2313f to ip-10-0-4-50.ec2.internal
2026-09-27T10:30:47.147961Z Normal SuccessfulCreate Created pod: ingress-nginx-controller-7fd0e9
2026-09-27T10:30:51.147961Z Normal AddedInterface Add eth0 [10.140.51.73] from eni eni-cd4187e4ca52
2026-09-27T10:30:54.147961Z Normal Pulled Container image "registry.k8s.io/coredns/coredns:v1.11.1" already present on machine
2026-09-27T10:30:58.147961Z Normal Created Created container app
2026-09-27T10:31:02.147961Z Normal Created Created container app
2026-09-27T10:31:05.147961Z Normal Pulled Container image "public.ecr.aws/eks/aws-node:v1.14.1" already present on machine
2026-09-27T10:31:09.147961Z Warning ErrImagePull Failed to pull image "registry.k8s.io/coredns/coredns:v1.11.1": rpc error: code = Unknown desc = Error response from daemon: pull access denied
2026-09-27T10:31:12.147961Z Normal Synced Successfully synced auth-api-4922c2
2026-09-27T10:31:16.147961Z Normal Pulled Container image "registry.k8s.io/coredns/coredns:v1.11.1" already present on machine
2026-09-27T10:31:20.147961Z Normal Created Created container proxy
2026-09-27T10:31:23.147961Z Normal LeaderElection prometheus-e34b82 became leader
2026-09-27T10:31:27.147961Z Normal Synced Successfully synced frontend-3eca47
2026-09-27T10:31:30.147961Z Normal SuccessfulCreate Created pod: api-b8b65c
2026-09-27T10:31:34.147961Z Normal ScalingReplicaSet Scaled up replica set grafana-57836bf1 to 5 from 1
2026-09-27T10:31:38.147961Z Normal Created Created container sidecar
2026-09-27T10:31:41.147961Z Normal Scheduled Successfully assigned ingress-nginx/ingress-nginx-controller-2ec69d to ip-10-0-3-50.ec2.internal
2026-09-27T10:31:45.147961Z Warning DNSConfigForming Nameserver limits were exceeded, some nameservers have been omitted, the applied nameserver line is: 10.215.92.67 10.20.227.200 10.52.2.1 10.210.209.139 10.30.139.253
2026-09-27T10:31:48.147961Z Normal Created Created container proxy
2026-09-27T10:31:52.147961Z Normal Created Created container sidecar
2026-09-27T10:31:56.147961Z Normal AddedInterface Add eth0 [10.0.139.24] from eni eni-95e416ab7094
2026-09-27T10:31:59.147961Z Normal Scheduled Successfully assigned auth/auth-api-dce258 to ip-10-0-2-30.ec2.internal
2026-09-27T10:32:03.147961Z Normal ScalingReplicaSet Scaled up replica set grafana-0aa33ee6 to 5 from 2
2026-09-27T10:32:06.147961Z Warning ImagePullBackOff Back-off pulling image "nginx:1.25"
2026-09-27T10:32:10.147961Z Normal ScalingReplicaSet Scaled up replica set ingress-nginx-controller-2efc8421 to 5 from 2
2026-09-27T10:32:14.147961Z Normal Synced Successfully synced ingress-nginx-controller-ce11c4
2026-09-27T10:32:17.147961Z Normal ScalingReplicaSet Scaled up replica set ingress-nginx-controller-dbf7194c to 6 from 2
2026-09-27T10:32:21.147961Z Normal LeaderElection loki-7c49ba became leader
2026-09-27T10:32:24.147961Z Normal LeaderElection worker-eb846f became leader
2026-09-27T10:32:28.147961Z Normal ScalingReplicaSet Scaled up replica set pay-api-2b4b8cdc to 3 from 1
2026-09-27T10:32:32.147961Z Normal Started Started container proxy
2026-09-27T10:32:35.147961Z Normal Synced Successfully synced prometheus-f820b8
2026-09-27T10:32:39.147961Z Normal Scheduled Successfully assigned default/worker-7a685e to ip-10-0-5-20.ec2.internal
2026-09-27T10:32:42.147961Z Normal LeaderElection frontend-cacdfd became leader
2026-09-27T10:32:46.147961Z Normal LeaderElection loki-60ed58 became leader
2026-09-27T10:32:50.147961Z Normal ScalingReplicaSet Scaled up replica set prometheus-69e2ecc9 to 6 from 1
2026-09-27T10:32:53.147961Z Normal Created Created container app
2026-09-27T10:32:57.147961Z Normal Created Created container app
2026-09-27T10:33:00.147961Z Normal LeaderElection prometheus-8b115f became leader
2026-09-27T10:33:04.147961Z Normal Pulled Container image "python:3.11-slim" already present on machine
2026-09-27T10:33:08.147961Z Normal Scheduled Successfully assigned kube-system/coredns-e0435a to ip-10-0-2-50.ec2.internal
2026-09-27T10:33:11.147961Z Normal Scheduled Successfully assigned kube-system/aws-node-5ca317 to ip-10-0-2-20.ec2.internal
2026-09-27T10:33:15.147961Z Normal LeaderElection ingress-nginx-controller-630368 became leader
2026-09-27T10:33:18.147961Z Normal Created Created container agent
2026-09-27T10:33:22.147961Z Normal Synced Successfully synced grafana-96663e
2026-09-27T10:33:26.147961Z Normal Pulled Container image "public.ecr.aws/eks/aws-node:v1.14.1" already present on machine
2026-09-27T10:33:29.147961Z Normal ScalingReplicaSet Scaled up replica set prometheus-f4e060bb to 2 from 1
2026-09-27T10:33:33.147961Z Normal ScalingReplicaSet Scaled up replica set metrics-server-1d951a73 to 5 from 2
2026-09-27T10:33:36.147961Z Warning CrashLoopBackOff pod/frontend-1f2fbd CrashLoopBackOff
2026-09-27T10:33:40.147961Z Normal Pulled Container image "ghcr.io/company/auth-api:1.9.0" already present on machine
2026-09-27T10:33:44.147961Z Normal Started Started container app
2026-09-27T10:33:47.147961Z Normal AddedInterface Add eth0 [10.73.132.112] from eni eni-140ad666760e
2026-09-27T10:33:51.147961Z Normal Synced Successfully synced auth-api-be3596
2026-09-27T10:33:54.147961Z Normal Scheduled Successfully assigned auth/auth-api-185b71 to ip-10-0-3-10.ec2.internal
2026-09-27T10:33:58.147961Z Normal ScalingReplicaSet Scaled up replica set metrics-server-0c754806 to 2 from 0
2026-09-27T10:34:02.147961Z Normal ScalingReplicaSet Scaled up replica set pay-api-c0b78291 to 5 from 2
2026-09-27T10:34:05.147961Z Normal SuccessfulCreate Created pod: pay-worker-db9c76
2026-09-27T10:34:09.147961Z Normal LeaderElection worker-a45728 became leader
2026-09-27T10:34:12.147961Z Normal LeaderElection oauth-917406 became leader
2026-09-27T10:34:16.147961Z Normal SuccessfulCreate Created pod: auth-api-361d7c
2026-09-27T10:34:20.147961Z Normal SuccessfulCreate Created pod: coredns-51b04f
2026-09-27T10:34:23.147961Z Normal SuccessfulCreate Created pod: auth-api-17eccc
2026-09-27T10:34:27.147961Z Normal Started Started container sidecar
2026-09-27T10:34:30.147961Z Normal Synced Successfully synced ingress-nginx-controller-7fd7c9
2026-09-27T10:34:34.147961Z Normal Created Created container sidecar
2026-09-27T10:34:38.147961Z Normal Started Started container agent
2026-09-27T10:34:41.147961Z Normal LeaderElection ingress-nginx-controller-28756e became leader
2026-09-27T10:34:45.147961Z Normal SuccessfulCreate Created pod: ingress-nginx-controller-41fc4d
2026-09-27T10:34:48.147961Z Normal Scheduled Successfully assigned default/web-1a571b to ip-10-0-2-20.ec2.internal
2026-09-27T10:34:52.147961Z Normal AddedInterface Add eth0 [10.176.30.139] from eni eni-25d8af9cfa3e
2026-09-27T10:34:56.147961Z Normal Pulled Container image "ghcr.io/company/pay-api:2.3.1" already present on machine
2026-09-27T10:34:59.147961Z Normal Started Started container sidecar
2026-09-27T10:35:03.147961Z Normal ScalingReplicaSet Scaled up replica set pay-worker-c49dc1a3 to 5 from 1
2026-09-27T10:35:06.147961Z Normal Synced Successfully synced pay-api-bdceab
2026-09-27T10:35:10.147961Z Normal AddedInterface Add eth0 [10.47.54.94] from eni eni-b04e854ae7a0
2026-09-27T10:35:14.147961Z Warning DNSConfigForming Nameserver limits were exceeded, some nameservers have been omitted, the applied nameserver line is: 10.164.14.86 10.106.191.49 10.130.182.165 10.34.178.109 10.167.225.181
2026-09-27T10:35:17.147961Z Normal Created Created container sidecar
2026-09-27T10:35:21.147961Z Normal Synced Successfully synced ingress-nginx-controller-b76f13
2026-09-27T10:35:24.147961Z Normal LeaderElection api-1fd611 became leader
2026-09-27T10:35:28.147961Z Normal AddedInterface Add eth0 [10.189.31.43] from eni eni-468cc53d1d47
2026-09-27T10:35:32.147961Z Normal Synced Successfully synced pay-api-9e9d27
2026-09-27T10:35:35.147961Z Normal Pulled Container image "busybox:1.36" already present on machine
2026-09-27T10:35:39.147961Z Normal Scheduled Successfully assigned observability/prometheus-ea5dad to ip-10-0-3-10.ec2.internal
2026-09-27T10:35:42.147961Z Normal SuccessfulCreate Created pod: api-a7d7a8
2026-09-27T10:35:46.147961Z Normal Synced Successfully synced ingress-nginx-controller-29399b
2026-09-27T10:35:50.147961Z Normal Scheduled Successfully assigned observability/loki-a15115 to ip-10-0-4-50.ec2.internal
2026-09-27T10:35:53.147961Z Normal ScalingReplicaSet Scaled up replica set ingress-nginx-controller-0f47d6bd to 3 from 0
2026-09-27T10:35:57.147961Z Normal Created Created container proxy
2026-09-27T10:36:00.147961Z Normal Synced Successfully synced auth-api-3b747d
2026-09-27T10:36:04.147961Z Warning FailedCreate Error creating: pods "web-37a3f6" is forbidden: error looking up service account default/default: serviceaccount "default" not found
2026-09-27T10:36:08.147961Z Normal Pulled Container image "public.ecr.aws/eks/aws-node:v1.14.1" already present on machine
2026-09-27T10:36:11.147961Z Normal LeaderElection pay-worker-2b7610 became leader
2026-09-27T10:36:15.147961Z Normal Created Created container sidecar
2026-09-27T10:36:18.147961Z Normal Scheduled Successfully assigned observability/grafana-8b3155 to ip-10-0-4-30.ec2.internal
2026-09-27T10:36:22.147961Z Normal ScalingReplicaSet Scaled up replica set ingress-nginx-controller-149c08de to 2 from 2
2026-09-27T10:36:26.147961Z Normal Started Started container sidecar
2026-09-27T10:36:29.147961Z Normal Pulled Container image "registry.k8s.io/coredns/coredns:v1.11.1" already present on machine
2026-09-27T10:36:33.147961Z Normal Scheduled Successfully assigned ingress-nginx/ingress-nginx-controller-ca44bd to ip-10-0-4-40.ec2.internal
2026-09-27T10:36:36.147961Z Normal Scheduled Successfully assigned default/api-eab907 to ip-10-0-4-20.ec2.internal
2026-09-27T10:36:40.147961Z Normal LeaderElection coredns-fee86a became leader
2026-09-27T10:36:44.147961Z Normal SuccessfulCreate Created pod: auth-api-107176
2026-09-27T10:36:47.147961Z Warning ErrImagePull Failed to pull image "ghcr.io/company/pay-api:2.3.1": rpc error: code = Unknown desc = Error response from daemon: pull access denied
2026-09-27T10:36:51.147961Z Normal Pulled Container image "ghcr.io/company/pay-api:2.3.1" already present on machine
2026-09-27T10:36:54.147961Z Warning FailedCreate Error creating: pods "pay-worker-284a2c" is forbidden: error looking up service account payments/default: serviceaccount "default" not found
2026-09-27T10:36:58.147961Z Normal Pulled Container image "registry.k8s.io/coredns/coredns:v1.11.1" already present on machine
2026-09-27T10:37:02.147961Z Normal Scheduled Successfully assigned observability/loki-88e3fa to ip-10-0-4-10.ec2.internal
2026-09-27T10:37:05.147961Z Normal Synced Successfully synced oauth-7ebd43
2026-09-27T10:37:09.147961Z Normal ScalingReplicaSet Scaled up replica set grafana-e7d24f33 to 2 from 2
2026-09-27T10:37:12.147961Z Normal ScalingReplicaSet Scaled up replica set oauth-c688593e to 2 from 0
2026-09-27T10:37:16.147961Z Normal Synced Successfully synced ingress-nginx-controller-3cdab9
2026-09-27T10:37:20.147961Z Normal Created Created container sidecar
2026-09-27T10:37:23.147961Z Normal Scheduled Successfully assigned default/web-249c04 to ip-10-0-5-10.ec2.internal
2026-09-27T10:37:27.147961Z Normal AddedInterface Add eth0 [10.116.96.105] from eni eni-da620454ca73
2026-09-27T10:37:30.147961Z Normal Created Created container proxy
2026-09-27T10:37:34.147961Z Normal SuccessfulCreate Created pod: ingress-nginx-controller-d02548
2026-09-27T10:37:38.147961Z Normal Synced Successfully synced grafana-36a75b
2026-09-27T10:37:41.147961Z Normal ScalingReplicaSet Scaled up replica set ingress-nginx-controller-6f5c3bf8 to 3 from 1
2026-09-27T10:37:45.147961Z Normal SuccessfulCreate Created pod: loki-8af548
2026-09-27T10:37:48.147961Z Normal Synced Successfully synced loki-38030d
2026-09-27T10:37:52.147961Z Normal AddedInterface Add eth0 [10.78.15.221] from eni eni-e6a7f78aa6d8
2026-09-27T10:37:56.147961Z Normal LeaderElection oauth-87cdbb became leader
2026-09-27T10:37:59.147961Z Normal Scheduled Successfully assigned observability/loki-f8d8ab to ip-10-0-1-20.ec2.internal
2026-09-27T10:38:03.147961Z Normal Started Started container proxy
2026-09-27T10:38:06.147961Z Normal ScalingReplicaSet Scaled up replica set ingress-nginx-controller-062dd377 to 2 from 0
2026-09-27T10:38:10.147961Z Warning OOMKilled Container proxy in pod auth/auth-api-1341da was killed due to OOM
2026-09-27T10:38:14.147961Z Normal Scheduled Successfully assigned auth/oauth-03bc74 to ip-10-0-2-20.ec2.internal
2026-09-27T10:38:17.147961Z Normal LeaderElection pay-worker-2b36f9 became leader
2026-09-27T10:38:21.147961Z Normal ScalingReplicaSet Scaled up replica set prometheus-9c8996da to 4 from 1
2026-09-27T10:38:24.147961Z Warning MemPressure Node ip-10-0-2-40.ec2.internal status is now: NodeHasMemoryPressure
2026-09-27T10:38:28.147961Z Normal LeaderElection grafana-82bf13 became leader
2026-09-27T10:38:32.147961Z Normal Scheduled Successfully assigned observability/prometheus-64ad9f to ip-10-0-2-10.ec2.internal
2026-09-27T10:38:35.147961Z Normal ScalingReplicaSet Scaled up replica set frontend-74c68ea6 to 2 from 1
2026-09-27T10:38:39.147961Z Normal Created Created container agent
2026-09-27T10:38:42.147961Z Normal Pulled Container image "public.ecr.aws/eks/aws-node:v1.14.1" already present on machine
2026-09-27T10:38:46.147961Z Warning MemPressure Node ip-10-0-1-50.ec2.internal status is now: NodeHasMemoryPressure
2026-09-27T10:38:50.147961Z Normal Started Started container app
2026-09-27T10:38:53.147961Z Normal Pulled Container image "nginx:1.25" already present on machine
2026-09-27T10:38:57.147961Z Normal Synced Successfully synced pay-api-28f91e
2026-09-27T10:39:00.147961Z Normal Created Created container sidecar
2026-09-27T10:39:04.147961Z Normal Synced Successfully synced auth-api-935471
2026-09-27T10:39:08.147961Z Normal Pulled Container image "registry.k8s.io/coredns/coredns:v1.11.1" already present on machine
2026-09-27T10:39:11.147961Z Normal LeaderElection worker-f0d686 became leader
2026-09-27T10:39:15.147961Z Normal ScalingReplicaSet Scaled up replica set oauth-3bacaa62 to 6 from 1
2026-09-27T10:39:18.147961Z Normal Synced Successfully synced pay-worker-49ebbf
2026-09-27T10:39:22.147961Z Normal AddedInterface Add eth0 [10.217.49.12] from eni eni-55f366cbb994
2026-09-27T10:39:26.147961Z Warning NodeNotReady Node ip-10-0-1-20.ec2.internal status is now: NodeNotReady
2026-09-27T10:39:29.147961Z Normal Synced Successfully synced ingress-nginx-controller-ee8c8f
2026-09-27T10:39:33.147961Z Warning BackOff Back-off restarting failed container agent in pod payments/pay-api-854b56
2026-09-27T10:39:36.147961Z Normal Pulled Container image "python:3.11-slim" already present on machine
2026-09-27T10:39:40.147961Z Normal LeaderElection oauth-820770 became leader
2026-09-27T10:39:44.147961Z Normal Pulled Container image "registry.k8s.io/coredns/coredns:v1.11.1" already present on machine
2026-09-27T10:39:47.147961Z Normal LeaderElection pay-api-4543cb became leader
2026-09-27T10:39:51.147961Z Normal AddedInterface Add eth0 [10.106.234.26] from eni eni-4286a5b0e0f6
2026-09-27T10:39:54.147961Z Normal LeaderElection prometheus-2f16ee became leader
2026-09-27T10:39:58.147961Z Normal Pulled Container image "nginx:1.25" already present on machine
2026-09-27T10:40:02.147961Z Normal LeaderElection ingress-nginx-controller-a6200e became leader
2026-09-27T10:40:05.147961Z Normal Synced Successfully synced grafana-82a2a4
2026-09-27T10:40:09.147961Z Normal Started Started container app
2026-09-27T10:40:12.147961Z Normal Started Started container sidecar
2026-09-27T10:40:16.147961Z Normal AddedInterface Add eth0 [10.74.48.21] from eni eni-b05d8de8e0f1
2026-09-27T10:40:20.147961Z Normal Synced Successfully synced pay-api-803e74
2026-09-27T10:40:23.147961Z Normal Created Created container proxy
2026-09-27T10:40:27.147961Z Normal AddedInterface Add eth0 [10.171.213.92] from eni eni-cbe1757df47b
2026-09-27T10:40:30.147961Z Normal LeaderElection pay-api-93676f became leader
2026-09-27T10:40:34.147961Z Normal LeaderElection metrics-server-48ed16 became leader
2026-09-27T10:40:38.147961Z Normal Pulled Container image "busybox:1.36" already present on machine
2026-09-27T10:40:41.147961Z Normal Started Started container proxy
2026-09-27T10:40:45.147961Z Normal Scheduled Successfully assigned default/api-ce19b5 to ip-10-0-1-30.ec2.internal
2026-09-27T10:40:48.147961Z Normal ScalingReplicaSet Scaled up replica set auth-api-a9353112 to 6 from 0
2026-09-27T10:40:52.147961Z Normal Started Started container sidecar
2026-09-27T10:40:56.147961Z Normal Pulled Container image "nginx:1.25" already present on machine
2026-09-27T10:40:59.147961Z Normal AddedInterface Add eth0 [10.96.207.208] from eni eni-93cbec78973c
2026-09-27T10:41:03.147961Z Normal LeaderElection oauth-8ad13d became leader
2026-09-27T10:41:06.147961Z Normal LeaderElection auth-api-e8647f became leader
2026-09-27T10:41:10.147961Z Normal Started Started container agent
2026-09-27T10:41:14.147961Z Normal LeaderElection frontend-60c999 became leader
2026-09-27T10:41:17.147961Z Normal Created Created container proxy
2026-09-27T10:41:21.147961Z Normal Scheduled Successfully assigned ingress-nginx/ingress-nginx-controller-bc93ba to ip-10-0-5-10.ec2.internal
2026-09-27T10:41:24.147961Z Normal AddedInterface Add eth0 [10.160.157.231] from eni eni-663fb606285b
2026-09-27T10:41:28.147961Z Normal SuccessfulCreate Created pod: grafana-cf0841
2026-09-27T10:41:32.147961Z Normal ScalingReplicaSet Scaled up replica set worker-ce14aa2c to 5 from 1
2026-09-27T10:41:35.147961Z Normal Synced Successfully synced worker-cc660d
2026-09-27T10:41:39.147961Z Normal Created Created container agent
2026-09-27T10:41:42.147961Z Normal Created Created container sidecar
2026-09-27T10:41:46.147961Z Normal Created Created container proxy
2026-09-27T10:41:50.147961Z Normal AddedInterface Add eth0 [10.128.47.214] from eni eni-78b616ba25ff
2026-09-27T10:41:53.147961Z Normal LeaderElection ingress-nginx-controller-fa0a61 became leader
2026-09-27T10:41:57.147961Z Normal SuccessfulCreate Created pod: aws-node-82f919
2026-09-27T10:42:00.147961Z Normal ScalingReplicaSet Scaled up replica set prometheus-28decdae to 4 from 0
2026-09-27T10:42:04.147961Z Normal Started Started container sidecar
2026-09-27T10:42:08.147961Z Normal LeaderElection oauth-4d1114 became leader
2026-09-27T10:42:11.147961Z Warning FailedMount Unable to attach or mount volumes: timed out waiting for the condition
2026-09-27T10:42:15.147961Z Normal LeaderElection oauth-feb0fc became leader
2026-09-27T10:42:18.147961Z Normal SuccessfulCreate Created pod: worker-8eba79
2026-09-27T10:42:22.147961Z Warning FailedCreate Error creating: pods "grafana-bd9de1" is forbidden: error looking up service account observability/default: serviceaccount "default" not found
2026-09-27T10:42:26.147961Z Normal Started Started container agent
2026-09-27T10:42:29.147961Z Normal Synced Successfully synced prometheus-079326
2026-09-27T10:42:33.147961Z Normal Created Created container app
2026-09-27T10:42:36.147961Z Normal LeaderElection auth-api-6965af became leader
2026-09-27T10:42:40.147961Z Warning CrashLoopBackOff pod/ingress-nginx-controller-d8ee26 CrashLoopBackOff
2026-09-27T10:42:44.147961Z Normal Started Started container agent
2026-09-27T10:42:47.147961Z Normal Created Created container agent
2026-09-27T10:42:51.147961Z Normal Synced Successfully synced grafana-bf5b9e
2026-09-27T10:42:54.147961Z Normal Synced Successfully synced grafana-c5f9b9
2026-09-27T10:42:58.147961Z Normal ScalingReplicaSet Scaled up replica set ingress-nginx-controller-feb13805 to 6 from 1
2026-09-27T10:43:02.147961Z Normal Synced Successfully synced ingress-nginx-controller-9437e8
2026-09-27T10:43:05.147961Z Normal Created Created container proxy
2026-09-27T10:43:09.147961Z Normal ScalingReplicaSet Scaled up replica set pay-worker-84ad876d to 5 from 0
2026-09-27T10:43:12.147961Z Normal LeaderElection ingress-nginx-controller-337b07 became leader
2026-09-27T10:43:16.147961Z Normal ScalingReplicaSet Scaled up replica set loki-29225287 to 5 from 1
2026-09-27T10:43:20.147961Z Normal Scheduled Successfully assigned kube-system/kube-proxy-9007fd to ip-10-0-2-10.ec2.internal
2026-09-27T10:43:23.147961Z Normal ScalingReplicaSet Scaled up replica set pay-api-8aa9c78e to 5 from 0
2026-09-27T10:43:27.147961Z Normal Synced Successfully synced frontend-333b78
2026-09-27T10:43:30.147961Z Normal LeaderElection pay-api-647999 became leader
2026-09-27T10:43:34.147961Z Normal Created Created container proxy
2026-09-27T10:43:38.147961Z Warning MemPressure Node ip-10-0-5-30.ec2.internal status is now: NodeHasMemoryPressure
2026-09-27T10:43:41.147961Z Normal Started Started container proxy
2026-09-27T10:43:45.147961Z Normal Pulled Container image "registry.k8s.io/coredns/coredns:v1.11.1" already present on machine
2026-09-27T10:43:48.147961Z Warning ErrImagePull Failed to pull image "registry.k8s.io/coredns/coredns:v1.11.1": rpc error: code = Unknown desc = Error response from daemon: pull access denied
2026-09-27T10:43:52.147961Z Warning ErrImagePull Failed to pull image "python:3.11-slim": rpc error: code = Unknown desc = Error response from daemon: pull access denied
2026-09-27T10:43:56.147961Z Normal AddedInterface Add eth0 [10.38.87.249] from eni eni-e1dead87eb4e
2026-09-27T10:43:59.147961Z Normal Pulled Container image "python:3.11-slim" already present on machine
2026-09-27T10:44:03.147961Z Normal Created Created container app
2026-09-27T10:44:06.147961Z Normal AddedInterface Add eth0 [10.123.26.216] from eni eni-2b87c32dda9e
2026-09-27T10:44:10.147961Z Normal ScalingReplicaSet Scaled up replica set pay-api-48ea8983 to 4 from 1
2026-09-27T10:44:14.147961Z Normal Synced Successfully synced coredns-de2f65
2026-09-27T10:44:17.147961Z Normal LeaderElection web-9068f9 became leader
2026-09-27T10:44:21.147961Z Normal SuccessfulCreate Created pod: grafana-b8c893
2026-09-27T10:44:24.147961Z Normal LeaderElection frontend-b80fc6 became leader
2026-09-27T10:44:28.147961Z Normal Pulled Container image "ghcr.io/company/auth-api:1.9.0" already present on machine
2026-09-27T10:44:32.147961Z Normal LeaderElection metrics-server-6908e2 became leader
2026-09-27T10:44:35.147961Z Normal Scheduled Successfully assigned payments/pay-api-a839d8 to ip-10-0-1-10.ec2.internal
2026-09-27T10:44:39.147961Z Warning FailedScheduling 0/7 nodes are available: Insufficient memory
2026-09-27T10:44:42.147961Z Normal Created Created container agent
2026-09-27T10:44:46.147961Z Normal LeaderElection frontend-3ece09 became leader
2026-09-27T10:44:50.147961Z Normal Pulled Container image "ghcr.io/company/pay-api:2.3.1" already present on machine
2026-09-27T10:44:53.147961Z Normal ScalingReplicaSet Scaled up replica set oauth-714e1209 to 4 from 1
2026-09-27T10:44:57.147961Z Normal Started Started container proxy
2026-09-27T10:45:00.147961Z Normal Scheduled Successfully assigned payments/pay-api-8197dd to ip-10-0-3-40.ec2.internal
2026-09-27T10:45:04.147961Z Normal Pulled Container image "nginx:1.25" already present on machine
2026-09-27T10:45:08.147961Z Normal Pulled Container image "busybox:1.36" already present on machine
2026-09-27T10:45:11.147961Z Normal Pulled Container image "public.ecr.aws/eks/aws-node:v1.14.1" already present on machine
2026-09-27T10:45:15.147961Z Normal AddedInterface Add eth0 [10.113.64.169] from eni eni-64d464451fed
2026-09-27T10:45:18.147961Z Normal Created Created container proxy
2026-09-27T10:45:22.147961Z Normal ScalingReplicaSet Scaled up replica set ingress-nginx-controller-bf391d7d to 3 from 0
2026-09-27T10:45:26.147961Z Normal AddedInterface Add eth0 [10.216.248.233] from eni eni-97d866b1d255
2026-09-27T10:45:29.147961Z Normal Synced Successfully synced pay-worker-682a1e
2026-09-27T10:45:33.147961Z Normal ScalingReplicaSet Scaled up replica set api-6b8973aa to 6 from 2
2026-09-27T10:45:36.147961Z Normal LeaderElection metrics-server-a2ceaa became leader
2026-09-27T10:45:40.147961Z Normal SuccessfulCreate Created pod: pay-worker-a9d762
2026-09-27T10:45:44.147961Z Normal Synced Successfully synced grafana-28d8b6
2026-09-27T10:45:47.147961Z Warning CrashLoopBackOff pod/pay-api-070d6c CrashLoopBackOff
2026-09-27T10:45:51.147961Z Normal AddedInterface Add eth0 [10.130.223.168] from eni eni-73c1bcd03734
2026-09-27T10:45:54.147961Z Normal Synced Successfully synced api-c361e1
2026-09-27T10:45:58.147961Z Normal Scheduled Successfully assigned auth/oauth-e82c8a to ip-10-0-3-30.ec2.internal
2026-09-27T10:46:02.147961Z Normal LeaderElection auth-api-b98fa0 became leader
2026-09-27T10:46:05.147961Z Normal Pulled Container image "ghcr.io/company/pay-api:2.3.1" already present on machine
2026-09-27T10:46:09.147961Z Normal Created Created container agent
2026-09-27T10:46:12.147961Z Normal ScalingReplicaSet Scaled up replica set loki-a1c69478 to 6 from 0
2026-09-27T10:46:16.147961Z Normal AddedInterface Add eth0 [10.133.111.242] from eni eni-3482ce06af54
2026-09-27T10:46:20.147961Z Normal Pulled Container image "busybox:1.36" already present on machine
2026-09-27T10:46:23.147961Z Normal SuccessfulCreate Created pod: frontend-705cdc
2026-09-27T10:46:27.147961Z Normal ScalingReplicaSet Scaled up replica set prometheus-88acb92f to 6 from 1
2026-09-27T10:46:30.147961Z Normal ScalingReplicaSet Scaled up replica set grafana-67083e2c to 4 from 1
2026-09-27T10:46:34.147961Z Normal Synced Successfully synced ingress-nginx-controller-491605
2026-09-27T10:46:38.147961Z Normal Started Started container app
2026-09-27T10:46:41.147961Z Normal ScalingReplicaSet Scaled up replica set prometheus-19ea819b to 4 from 1
2026-09-27T10:46:45.147961Z Normal SuccessfulCreate Created pod: pay-api-7f4f48
2026-09-27T10:46:48.147961Z Normal SuccessfulCreate Created pod: aws-node-628075
2026-09-27T10:46:52.147961Z Normal Created Created container agent
2026-09-27T10:46:56.147961Z Normal ScalingReplicaSet Scaled up replica set grafana-71e7a090 to 6 from 0
2026-09-27T10:46:59.147961Z Normal Started Started container app
2026-09-27T10:47:03.147961Z Normal Synced Successfully synced ingress-nginx-controller-4bdc8d
2026-09-27T10:47:06.147961Z Normal ScalingReplicaSet Scaled up replica set ingress-nginx-controller-1aac0727 to 2 from 2
2026-09-27T10:47:10.147961Z Warning DiskPressure Node ip-10-0-4-10.ec2.internal status is now: NodeHasDiskPressure
2026-09-27T10:47:14.147961Z Normal Created Created container proxy
2026-09-27T10:47:17.147961Z Normal Started Started container sidecar
2026-09-27T10:47:21.147961Z Normal Created Created container agent
2026-09-27T10:47:24.147961Z Normal Scheduled Successfully assigned kube-system/kube-proxy-0300c5 to ip-10-0-5-50.ec2.internal
2026-09-27T10:47:28.147961Z Normal Started Started container proxy
2026-09-27T10:47:32.147961Z Normal SuccessfulCreate Created pod: ingress-nginx-controller-63cf52
2026-09-27T10:47:35.147961Z Normal AddedInterface Add eth0 [10.116.186.199] from eni eni-8d95fb689d54
2026-09-27T10:47:39.147961Z Normal SuccessfulCreate Created pod: api-259e85
2026-09-27T10:47:42.147961Z Normal Created Created container app
2026-09-27T10:47:46.147961Z Normal AddedInterface Add eth0 [10.193.42.237] from eni eni-f9db5c4396ca
2026-09-27T10:47:50.147961Z Normal SuccessfulCreate Created pod: loki-bd129b
2026-09-27T10:47:53.147961Z Normal Pulled Container image "ghcr.io/company/pay-api:2.3.1" already present on machine
2026-09-27T10:47:57.147961Z Normal Created Created container sidecar
2026-09-27T10:48:00.147961Z Normal SuccessfulCreate Created pod: auth-api-c47ce9
2026-09-27T10:48:04.147961Z Normal ScalingReplicaSet Scaled up replica set grafana-404ae8fa to 4 from 0
2026-09-27T10:48:08.147961Z Warning FailedMount Unable to attach or mount volumes: timed out waiting for the condition
2026-09-27T10:48:11.147961Z Normal Pulled Container image "ghcr.io/company/pay-api:2.3.1" already present on machine
2026-09-27T10:48:15.147961Z Normal Started Started container proxy
2026-09-27T10:48:18.147961Z Normal Pulled Container image "ghcr.io/company/pay-api:2.3.1" already present on machine
2026-09-27T10:48:22.147961Z Normal Scheduled Successfully assigned default/frontend-fade3a to ip-10-0-1-20.ec2.internal
2026-09-27T10:48:26.147961Z Normal Synced Successfully synced ingress-nginx-controller-89bea3
2026-09-27T10:48:29.147961Z Normal Synced Successfully synced auth-api-91b076
2026-09-27T10:48:33.147961Z Normal ScalingReplicaSet Scaled up replica set prometheus-6d5855a4 to 3 from 1
2026-09-27T10:48:36.147961Z Normal Created Created container app
2026-09-27T10:48:40.147961Z Warning ErrImagePull Failed to pull image "ghcr.io/company/auth-api:1.9.0": rpc error: code = Unknown desc = Error response from daemon: pull access denied
2026-09-27T10:48:44.147961Z Normal Scheduled Successfully assigned default/api-76e5ce to ip-10-0-4-30.ec2.internal
2026-09-27T10:48:47.147961Z Normal ScalingReplicaSet Scaled up replica set oauth-d61cfdb5 to 5 from 2
2026-09-27T10:48:51.147961Z Warning CrashLoopBackOff pod/pay-api-971be5 CrashLoopBackOff
2026-09-27T10:48:54.147961Z Normal Started Started container agent
2026-09-27T10:48:58.147961Z Normal Synced Successfully synced pay-api-f850b7
2026-09-27T10:49:02.147961Z Normal Synced Successfully synced grafana-fcf0d0
2026-09-27T10:49:05.147961Z Warning DiskPressure Node ip-10-0-3-20.ec2.internal status is now: NodeHasDiskPressure
2026-09-27T10:49:09.147961Z Normal Started Started container agent
2026-09-27T10:49:12.147961Z Normal LeaderElection grafana-652003 became leader
2026-09-27T10:49:16.147961Z Normal LeaderElection ingress-nginx-controller-5cab7b became leader
2026-09-27T10:49:20.147961Z Normal LeaderElection frontend-804803 became leader
2026-09-27T10:49:23.147961Z Warning FailedMount Unable to attach or mount volumes: timed out waiting for the condition
2026-09-27T10:49:27.147961Z Normal LeaderElection aws-node-4ddc83 became leader
2026-09-27T10:49:30.147961Z Normal LeaderElection ingress-nginx-controller-753582 became leader
2026-09-27T10:49:34.147961Z Warning Unhealthy Readiness probe failed: Get "http://10.175.124.124:80/health": dial tcp 10.175.124.124:80: i/o timeout
2026-09-27T10:49:38.147961Z Normal Synced Successfully synced worker-e3c453
2026-09-27T10:49:41.147961Z Normal Started Started container proxy
2026-09-27T10:49:45.147961Z Normal Created Created container agent
2026-09-27T10:49:48.147961Z Normal ScalingReplicaSet Scaled up replica set oauth-65afda1d to 5 from 0
2026-09-27T10:49:52.147961Z Normal Created Created container proxy
2026-09-27T10:49:56.147961Z Normal Synced Successfully synced auth-api-d93632
2026-09-27T10:49:59.147961Z Normal ScalingReplicaSet Scaled up replica set ingress-nginx-controller-7e6d34ab to 4 from 0
2026-09-27T10:50:03.147961Z Normal Created Created container proxy
2026-09-27T10:50:06.147961Z Normal Created Created container app
2026-09-27T10:50:10.147961Z Normal ScalingReplicaSet Scaled up replica set ingress-nginx-controller-f830651c to 6 from 1
2026-09-27T10:50:14.147961Z Normal ScalingReplicaSet Scaled up replica set aws-node-d0c079c2 to 5 from 2
2026-09-27T10:50:17.147961Z Normal Pulled Container image "registry.k8s.io/coredns/coredns:v1.11.1" already present on machine
2026-09-27T10:50:21.147961Z Normal Scheduled Successfully assigned payments/pay-api-4087dc to ip-10-0-1-40.ec2.internal
2026-09-27T10:50:24.147961Z Normal Started Started container sidecar
2026-09-27T10:50:28.147961Z Normal Pulled Container image "ghcr.io/company/auth-api:1.9.0" already present on machine
2026-09-27T10:50:32.147961Z Normal Created Created container app
2026-09-27T10:50:35.147961Z Normal LeaderElection grafana-1291f4 became leader
2026-09-27T10:50:39.147961Z Normal Synced Successfully synced kube-proxy-8ba157
2026-09-27T10:50:42.147961Z Normal Started Started container proxy
2026-09-27T10:50:46.147961Z Normal LeaderElection oauth-e08f95 became leader
2026-09-27T10:50:50.147961Z Normal Created Created container app
2026-09-27T10:50:53.147961Z Normal ScalingReplicaSet Scaled up replica set oauth-19ae966f to 5 from 0
2026-09-27T10:50:57.147961Z Normal SuccessfulCreate Created pod: pay-worker-4c8641
2026-09-27T10:51:00.147961Z Normal ScalingReplicaSet Scaled up replica set api-2de67aa1 to 3 from 1
2026-09-27T10:51:04.147961Z Normal Pulled Container image "ghcr.io/company/auth-api:1.9.0" already present on machine
2026-09-27T10:51:08.147961Z Normal ScalingReplicaSet Scaled up replica set grafana-41e19093 to 6 from 2
2026-09-27T10:51:11.147961Z Normal LeaderElection ingress-nginx-controller-afbed1 became leader
2026-09-27T10:51:15.147961Z Normal Synced Successfully synced worker-2c19d3
2026-09-27T10:51:18.147961Z Normal Synced Successfully synced prometheus-742aaf
2026-09-27T10:51:22.147961Z Normal Scheduled Successfully assigned ingress-nginx/ingress-nginx-controller-23c1d6 to ip-10-0-2-50.ec2.internal
2026-09-27T10:51:26.147961Z Normal Synced Successfully synced ingress-nginx-controller-fd3de5
2026-09-27T10:51:29.147961Z Normal Started Started container sidecar
2026-09-27T10:51:33.147961Z Normal AddedInterface Add eth0 [10.113.171.117] from eni eni-35f8ff015bb3
2026-09-27T10:51:36.147961Z Warning FailedScheduling 0/5 nodes are available: 0/5 nodes available: pod has unbound immediate PersistentVolumeClaims
2026-09-27T10:51:40.147961Z Normal Scheduled Successfully assigned default/worker-ab85e8 to ip-10-0-1-30.ec2.internal
2026-09-27T10:51:44.147961Z Normal Scheduled Successfully assigned default/worker-70b127 to ip-10-0-3-20.ec2.internal
2026-09-27T10:51:47.147961Z Normal ScalingReplicaSet Scaled up replica set kube-proxy-80628cfa to 2 from 0
2026-09-27T10:51:51.147961Z Normal ScalingReplicaSet Scaled up replica set prometheus-a8869b98 to 2 from 1
2026-09-27T10:51:54.147961Z Normal Synced Successfully synced ingress-nginx-controller-e170c6
2026-09-27T10:51:58.147961Z Normal LeaderElection pay-api-032dbc became leader
2026-09-27T10:52:02.147961Z Normal Created Created container proxy
2026-09-27T10:52:05.147961Z Normal LeaderElection pay-worker-d28ae4 became leader
2026-09-27T10:52:09.147961Z Normal LeaderElection ingress-nginx-controller-965b1a became leader
2026-09-27T10:52:12.147961Z Normal Started Started container app
2026-09-27T10:52:16.147961Z Normal Started Started container sidecar
2026-09-27T10:52:20.147961Z Normal Scheduled Successfully assigned default/frontend-e97f60 to ip-10-0-4-20.ec2.internal
2026-09-27T10:52:23.147961Z Normal Scheduled Successfully assigned default/frontend-104348 to ip-10-0-3-10.ec2.internal
2026-09-27T10:52:27.147961Z Normal Synced Successfully synced ingress-nginx-controller-88c79d
2026-09-27T10:52:30.147961Z Warning Unhealthy Readiness probe failed: Get "http://10.114.14.246:443/health": dial tcp 10.114.14.246:443: i/o timeout
2026-09-27T10:52:34.147961Z Normal SuccessfulCreate Created pod: pay-worker-8302fc
2026-09-27T10:52:38.147961Z Normal Pulled Container image "ghcr.io/company/auth-api:1.9.0" already present on machine
2026-09-27T10:52:41.147961Z Normal Started Started container sidecar
2026-09-27T10:52:45.147961Z Normal Synced Successfully synced ingress-nginx-controller-af04a3
2026-09-27T10:52:48.147961Z Normal Scheduled Successfully assigned kube-system/metrics-server-4067f4 to ip-10-0-1-40.ec2.internal
2026-09-27T10:52:52.147961Z Normal Scheduled Successfully assigned observability/grafana-f53694 to ip-10-0-3-10.ec2.internal
2026-09-27T10:52:56.147961Z Normal LeaderElection auth-api-85b5f7 became leader
2026-09-27T10:52:59.147961Z Normal SuccessfulCreate Created pod: coredns-f33715
2026-09-27T10:53:03.147961Z Normal LeaderElection kube-proxy-77128f became leader
2026-09-27T10:53:06.147961Z Normal ScalingReplicaSet Scaled up replica set pay-worker-97e5cc76 to 3 from 1
2026-09-27T10:53:10.147961Z Normal SuccessfulCreate Created pod: loki-1aa731
2026-09-27T10:53:14.147961Z Normal Scheduled Successfully assigned payments/pay-worker-3177ed to ip-10-0-3-50.ec2.internal
2026-09-27T10:53:17.147961Z Warning NodeNotReady Node ip-10-0-5-50.ec2.internal status is now: NodeNotReady
2026-09-27T10:53:21.147961Z Normal SuccessfulCreate Created pod: pay-worker-22f5a4
2026-09-27T10:53:24.147961Z Normal Pulled Container image "python:3.11-slim" already present on machine
2026-09-27T10:53:28.147961Z Normal Pulled Container image "busybox:1.36" already present on machine
2026-09-27T10:53:32.147961Z Normal Pulled Container image "nginx:1.25" already present on machine
2026-09-27T10:53:35.147961Z Normal Synced Successfully synced ingress-nginx-controller-bef6a3
2026-09-27T10:53:39.147961Z Normal Pulled Container image "nginx:1.25" already present on machine
2026-09-27T10:53:42.147961Z Normal Synced Successfully synced web-50e569
2026-09-27T10:53:46.147961Z Normal LeaderElection worker-ecd4aa became leader
2026-09-27T10:53:50.147961Z Normal ScalingReplicaSet Scaled up replica set loki-d5051bc5 to 5 from 1
2026-09-27T10:53:53.147961Z Normal Synced Successfully synced grafana-31d086
2026-09-27T10:53:57.147961Z Normal Pulled Container image "public.ecr.aws/eks/aws-node:v1.14.1" already present on machine
2026-09-27T10:54:00.147961Z Normal Scheduled Successfully assigned ingress-nginx/ingress-nginx-controller-6d16f0 to ip-10-0-1-30.ec2.internal
2026-09-27T10:54:04.147961Z Normal Scheduled Successfully assigned payments/pay-worker-b217e5 to ip-10-0-3-20.ec2.internal
2026-09-27T10:54:08.147961Z Normal Scheduled Successfully assigned auth/oauth-c9d4c1 to ip-10-0-5-10.ec2.internal
2026-09-27T10:54:11.147961Z Normal LeaderElection web-1717de became leader
2026-09-27T10:54:15.147961Z Normal Pulled Container image "busybox:1.36" already present on machine
2026-09-27T10:54:18.147961Z Normal SuccessfulCreate Created pod: pay-worker-65f45a
2026-09-27T10:54:22.147961Z Normal Scheduled Successfully assigned kube-system/coredns-f95d2d to ip-10-0-3-50.ec2.internal
2026-09-27T10:54:26.147961Z Normal LeaderElection api-0d078f became leader
2026-09-27T10:54:29.147961Z Normal Pulled Container image "ghcr.io/company/pay-api:2.3.1" already present on machine
2026-09-27T10:54:33.147961Z Normal Created Created container sidecar
2026-09-27T10:54:36.147961Z Normal Synced Successfully synced pay-worker-312618
2026-09-27T10:54:40.147961Z Normal AddedInterface Add eth0 [10.253.77.238] from eni eni-352ab9dc6491
2026-09-27T10:54:44.147961Z Normal Pulled Container image "ghcr.io/company/auth-api:1.9.0" already present on machine
2026-09-27T10:54:47.147961Z Normal Scheduled Successfully assigned default/api-03bf33 to ip-10-0-2-40.ec2.internal
2026-09-27T10:54:51.147961Z Normal Pulled Container image "registry.k8s.io/coredns/coredns:v1.11.1" already present on machine
2026-09-27T10:54:54.147961Z Normal AddedInterface Add eth0 [10.134.201.78] from eni eni-5031de96f973
2026-09-27T10:54:58.147961Z Normal Started Started container agent
2026-09-27T10:55:02.147961Z Normal Created Created container app
2026-09-27T10:55:05.147961Z Normal Pulled Container image "registry.k8s.io/coredns/coredns:v1.11.1" already present on machine
2026-09-27T10:55:09.147961Z Normal AddedInterface Add eth0 [10.235.98.144] from eni eni-1397c2c88f8e
2026-09-27T10:55:12.147961Z Normal LeaderElection api-8e3a7c became leader
2026-09-27T10:55:16.147961Z Normal AddedInterface Add eth0 [10.111.37.16] from eni eni-b0a9bb5f79b5
2026-09-27T10:55:20.147961Z Normal Pulled Container image "ghcr.io/company/pay-api:2.3.1" already present on machine
2026-09-27T10:55:23.147961Z Normal LeaderElection coredns-10eaa5 became leader
2026-09-27T10:55:27.147961Z Normal Pulled Container image "ghcr.io/company/auth-api:1.9.0" already present on machine
2026-09-27T10:55:30.147961Z Normal Scheduled Successfully assigned kube-system/metrics-server-719cc3 to ip-10-0-4-20.ec2.internal
2026-09-27T10:55:34.147961Z Normal LeaderElection coredns-43462f became leader
2026-09-27T10:55:38.147961Z Normal ScalingReplicaSet Scaled up replica set metrics-server-23bfab5c to 3 from 2
2026-09-27T10:55:41.147961Z Normal AddedInterface Add eth0 [10.142.127.206] from eni eni-84785add9702
2026-09-27T10:55:45.147961Z Normal AddedInterface Add eth0 [10.113.113.12] from eni eni-acbe19f3e2e3
2026-09-27T10:55:48.147961Z Normal Scheduled Successfully assigned auth/oauth-cd1097 to ip-10-0-4-10.ec2.internal
2026-09-27T10:55:52.147961Z Normal Created Created container proxy
2026-09-27T10:55:56.147961Z Normal LeaderElection ingress-nginx-controller-cd04cf became leader
2026-09-27T10:55:59.147961Z Normal ScalingReplicaSet Scaled up replica set api-9d3a4fa3 to 4 from 2
2026-09-27T10:56:03.147961Z Normal ScalingReplicaSet Scaled up replica set oauth-2fea862a to 4 from 0
2026-09-27T10:56:06.147961Z Normal LeaderElection auth-api-18dc92 became leader
2026-09-27T10:56:10.147961Z Normal AddedInterface Add eth0 [10.237.220.27] from eni eni-7c88c846db44
2026-09-27T10:56:14.147961Z Normal Scheduled Successfully assigned kube-system/aws-node-66ba88 to ip-10-0-2-20.ec2.internal
2026-09-27T10:56:17.147961Z Normal Scheduled Successfully assigned kube-system/aws-node-b762d9 to ip-10-0-5-10.ec2.internal
2026-09-27T10:56:21.147961Z Normal SuccessfulCreate Created pod: ingress-nginx-controller-81ad4d
2026-09-27T10:56:24.147961Z Normal AddedInterface Add eth0 [10.3.32.158] from eni eni-17ebeba845da
2026-09-27T10:56:28.147961Z Normal Started Started container app
2026-09-27T10:56:32.147961Z Warning ErrImagePull Failed to pull image "public.ecr.aws/eks/aws-node:v1.14.1": rpc error: code = Unknown desc = Error response from daemon: pull access denied
2026-09-27T10:56:35.147961Z Normal Created Created container agent
2026-09-27T10:56:39.147961Z Normal LeaderElection pay-worker-fc13cd became leader
2026-09-27T10:56:42.147961Z Normal Scheduled Successfully assigned payments/pay-worker-a8e8df to ip-10-0-4-50.ec2.internal
2026-09-27T10:56:46.147961Z Normal Scheduled Successfully assigned observability/grafana-79aa81 to ip-10-0-1-30.ec2.internal
2026-09-27T10:56:50.147961Z Normal SuccessfulCreate Created pod: oauth-63708a
2026-09-27T10:56:53.147961Z Normal ScalingReplicaSet Scaled up replica set pay-api-ce09ae5d to 2 from 2
2026-09-27T10:56:57.147961Z Normal ScalingReplicaSet Scaled up replica set oauth-3b7dab65 to 3 from 2
2026-09-27T10:57:00.147961Z Normal Started Started container app
2026-09-27T10:57:04.147961Z Normal Started Started container agent
2026-09-27T10:57:08.147961Z Normal Synced Successfully synced web-057244
2026-09-27T10:57:11.147961Z Normal Scheduled Successfully assigned auth/auth-api-fa6852 to ip-10-0-3-30.ec2.internal
2026-09-27T10:57:15.147961Z Normal Created Created container proxy
2026-09-27T10:57:18.147961Z Warning FailedCreate Error creating: pods "kube-proxy-334df7" is forbidden: error looking up service account kube-system/default: serviceaccount "default" not found
2026-09-27T10:57:22.147961Z Normal ScalingReplicaSet Scaled up replica set pay-api-636abedf to 6 from 2
2026-09-27T10:57:26.147961Z Normal AddedInterface Add eth0 [10.85.92.30] from eni eni-ec5a053762f1
2026-09-27T10:57:29.147961Z Normal AddedInterface Add eth0 [10.234.221.175] from eni eni-01a903f3014e
2026-09-27T10:57:33.147961Z Normal Synced Successfully synced auth-api-772375
2026-09-27T10:57:36.147961Z Normal Synced Successfully synced metrics-server-f7deea
2026-09-27T10:57:40.147961Z Normal Synced Successfully synced ingress-nginx-controller-6f0318
2026-09-27T10:57:44.147961Z Normal SuccessfulCreate Created pod: coredns-ecc139
2026-09-27T10:57:47.147961Z Normal Created Created container agent
2026-09-27T10:57:51.147961Z Normal Scheduled Successfully assigned observability/grafana-9161b4 to ip-10-0-5-10.ec2.internal
2026-09-27T10:57:54.147961Z Normal ScalingReplicaSet Scaled up replica set loki-cd03442b to 5 from 2
2026-09-27T10:57:58.147961Z Normal Started Started container proxy
2026-09-27T10:58:02.147961Z Normal LeaderElection frontend-44acfa became leader
2026-09-27T10:58:05.147961Z Normal Created Created container app
2026-09-27T10:58:09.147961Z Normal AddedInterface Add eth0 [10.96.209.149] from eni eni-c81c06277253
2026-09-27T10:58:12.147961Z Normal Started Started container app
2026-09-27T10:58:16.147961Z Normal Created Created container agent
2026-09-27T10:58:20.147961Z Normal ScalingReplicaSet Scaled up replica set pay-worker-a9a6d94e to 4 from 1
2026-09-27T10:58:23.147961Z Normal Started Started container sidecar
2026-09-27T10:58:27.147961Z Normal Started Started container agent
2026-09-27T10:58:30.147961Z Normal Pulled Container image "ghcr.io/company/auth-api:1.9.0" already present on machine
2026-09-27T10:58:34.147961Z Normal ScalingReplicaSet Scaled up replica set aws-node-091b7f1b to 3 from 2
2026-09-27T10:58:38.147961Z Normal Started Started container agent
2026-09-27T10:58:41.147961Z Normal Started Started container proxy
2026-09-27T10:58:45.147961Z Normal LeaderElection auth-api-eef746 became leader
2026-09-27T10:58:48.147961Z Normal LeaderElection auth-api-7912e0 became leader
2026-09-27T10:58:52.147961Z Normal Scheduled Successfully assigned auth/auth-api-23020b to ip-10-0-3-40.ec2.internal
2026-09-27T10:58:56.147961Z Normal LeaderElection kube-proxy-138411 became leader
2026-09-27T10:58:59.147961Z Normal LeaderElection api-88577c became leader
2026-09-27T10:59:03.147961Z Normal Scheduled Successfully assigned default/web-924d94 to ip-10-0-3-10.ec2.internal
2026-09-27T10:59:06.147961Z Normal Scheduled Successfully assigned kube-system/aws-node-a26477 to ip-10-0-4-20.ec2.internal
2026-09-27T10:59:10.147961Z Normal Created Created container proxy
2026-09-27T10:59:14.147961Z Normal ScalingReplicaSet Scaled up replica set ingress-nginx-controller-4db95017 to 6 from 2
2026-09-27T10:59:17.147961Z Normal Scheduled Successfully assigned observability/prometheus-731802 to ip-10-0-5-40.ec2.internal
2026-09-27T10:59:21.147961Z Normal AddedInterface Add eth0 [10.175.90.93] from eni eni-a208226ace52
2026-09-27T10:59:24.147961Z Normal Synced Successfully synced grafana-162f2b
2026-09-27T10:59:28.147961Z Normal AddedInterface Add eth0 [10.232.78.140] from eni eni-8bc00be02ad7
2026-09-27T10:59:32.147961Z Warning ErrImagePull Failed to pull image "ghcr.io/company/pay-api:2.3.1": rpc error: code = Unknown desc = Error response from daemon: pull access denied
2026-09-27T10:59:35.147961Z Normal SuccessfulCreate Created pod: ingress-nginx-controller-efe438
2026-09-27T10:59:39.147961Z Normal Pulled Container image "ghcr.io/company/pay-api:2.3.1" already present on machine
2026-09-27T10:59:42.147961Z Normal AddedInterface Add eth0 [10.225.1.239] from eni eni-274868c7b357
2026-09-27T10:59:46.147961Z Normal SuccessfulCreate Created pod: worker-06f6d5
2026-09-27T10:59:50.147961Z Normal SuccessfulCreate Created pod: aws-node-99dc5d
2026-09-27T10:59:53.147961Z Warning CrashLoopBackOff pod/ingress-nginx-controller-8f5774 CrashLoopBackOff
2026-09-27T10:59:57.147961Z Normal LeaderElection metrics-server-573117 became leader
2026-09-27T11:00:00.147961Z Normal SuccessfulCreate Created pod: ingress-nginx-controller-c434ea
2026-09-27T11:00:04.147961Z Warning TLSHandshakeTimeout net/http: TLS handshake timeout
2026-09-27T11:00:08.147961Z Normal AddedInterface Add eth0 [10.234.154.154] from eni eni-ffef555f6128
2026-09-27T11:00:11.147961Z Normal ScalingReplicaSet Scaled up replica set ingress-nginx-controller-bdc2614a to 6 from 1
2026-09-27T11:00:15.147961Z Normal AddedInterface Add eth0 [10.182.227.66] from eni eni-d94e2206c5f8
2026-09-27T11:00:18.147961Z Normal Pulled Container image "public.ecr.aws/eks/aws-node:v1.14.1" already present on machine
2026-09-27T11:00:22.147961Z Normal AddedInterface Add eth0 [10.128.210.174] from eni eni-ca742c4e747e
2026-09-27T11:00:26.147961Z Warning MemPressure Node ip-10-0-1-30.ec2.internal status is now: NodeHasMemoryPressure
2026-09-27T11:00:29.147961Z Normal SuccessfulCreate Created pod: grafana-da2c9a
2026-09-27T11:00:33.147961Z Normal Started Started container agent
2026-09-27T11:00:36.147961Z Warning OOMKilled Container proxy in pod payments/pay-worker-adead2 was killed due to OOM
2026-09-27T11:00:40.147961Z Warning DiskPressure Node ip-10-0-4-20.ec2.internal status is now: NodeHasDiskPressure
2026-09-27T11:00:44.147961Z Normal Started Started container sidecar
2026-09-27T11:00:47.147961Z Normal Created Created container app
2026-09-27T11:00:51.147961Z Normal Pulled Container image "public.ecr.aws/eks/aws-node:v1.14.1" already present on machine
2026-09-27T11:00:54.147961Z Normal Created Created container agent
2026-09-27T11:00:58.147961Z Normal Pulled Container image "public.ecr.aws/eks/aws-node:v1.14.1" already present on machine
2026-09-27T11:01:02.147961Z Normal LeaderElection ingress-nginx-controller-6d668c became leader
2026-09-27T11:01:05.147961Z Normal SuccessfulCreate Created pod: ingress-nginx-controller-08ef2e
2026-09-27T11:01:09.147961Z Normal AddedInterface Add eth0 [10.71.38.241] from eni eni-faf81237f91f
2026-09-27T11:01:12.147961Z Normal AddedInterface Add eth0 [10.158.89.138] from eni eni-296c6acfc773
2026-09-27T11:01:16.147961Z Normal AddedInterface Add eth0 [10.40.112.215] from eni eni-ac035ac3dd06
2026-09-27T11:01:20.147961Z Normal SuccessfulCreate Created pod: api-837b25
2026-09-27T11:01:23.147961Z Normal Synced Successfully synced ingress-nginx-controller-180866
2026-09-27T11:01:27.147961Z Normal Synced Successfully synced ingress-nginx-controller-44c047
2026-09-27T11:01:30.147961Z Normal ScalingReplicaSet Scaled up replica set frontend-b94d8b78 to 5 from 0
2026-09-27T11:01:34.147961Z Warning ErrImagePull Failed to pull image "ghcr.io/company/pay-api:2.3.1": rpc error: code = Unknown desc = Error response from daemon: pull access denied
2026-09-27T11:01:38.147961Z Normal Started Started container sidecar
2026-09-27T11:01:41.147961Z Normal LeaderElection pay-api-23b76f became leader
2026-09-27T11:01:45.147961Z Normal SuccessfulCreate Created pod: ingress-nginx-controller-67c0f5
2026-09-27T11:01:48.147961Z Normal Pulled Container image "registry.k8s.io/coredns/coredns:v1.11.1" already present on machine
2026-09-27T11:01:52.147961Z Normal Started Started container proxy
2026-09-27T11:01:56.147961Z Normal AddedInterface Add eth0 [10.215.140.9] from eni eni-ffa12abb6f44
2026-09-27T11:01:59.147961Z Normal Scheduled Successfully assigned kube-system/coredns-45a5d1 to ip-10-0-1-30.ec2.internal
2026-09-27T11:02:03.147961Z Normal Scheduled Successfully assigned ingress-nginx/ingress-nginx-controller-4a204e to ip-10-0-1-30.ec2.internal
2026-09-27T11:02:06.147961Z Normal Started Started container app
2026-09-27T11:02:10.147961Z Normal ScalingReplicaSet Scaled up replica set pay-api-aec583de to 6 from 1
2026-09-27T11:02:14.147961Z Normal ScalingReplicaSet Scaled up replica set ingress-nginx-controller-c0a70072 to 4 from 0
2026-09-27T11:02:17.147961Z Normal SuccessfulCreate Created pod: grafana-138419
2026-09-27T11:02:21.147961Z Normal ScalingReplicaSet Scaled up replica set prometheus-ca32ec66 to 3 from 0
2026-09-27T11:02:24.147961Z Normal Created Created container app
2026-09-27T11:02:28.147961Z Warning TLSHandshakeTimeout net/http: TLS handshake timeout
2026-09-27T11:02:32.147961Z Normal Scheduled Successfully assigned observability/grafana-a9eea6 to ip-10-0-1-10.ec2.internal
2026-09-27T11:02:35.147961Z Normal ScalingReplicaSet Scaled up replica set api-99f883c3 to 6 from 2
2026-09-27T11:02:39.147961Z Normal ScalingReplicaSet Scaled up replica set web-d0dafea6 to 4 from 1
2026-09-27T11:02:42.147961Z Normal Started Started container app
2026-09-27T11:02:46.147961Z Normal LeaderElection ingress-nginx-controller-d611ec became leader
2026-09-27T11:02:50.147961Z Normal Created Created container sidecar
2026-09-27T11:02:53.147961Z Normal Created Created container app
2026-09-27T11:02:57.147961Z Normal Pulled Container image "busybox:1.36" already present on machine
2026-09-27T11:03:00.147961Z Normal Started Started container sidecar
2026-09-27T11:03:04.147961Z Normal Pulled Container image "ghcr.io/company/auth-api:1.9.0" already present on machine
2026-09-27T11:03:08.147961Z Normal Scheduled Successfully assigned default/api-166ce6 to ip-10-0-5-30.ec2.internal
2026-09-27T11:03:11.147961Z Normal LeaderElection ingress-nginx-controller-f25e12 became leader
2026-09-27T11:03:15.147961Z Normal Created Created container proxy
2026-09-27T11:03:18.147961Z Warning FailedScheduling 0/3 nodes are available: 0/5 nodes available: pod has unbound immediate PersistentVolumeClaims
2026-09-27T11:03:22.147961Z Normal Created Created container agent
2026-09-27T11:03:26.147961Z Normal Synced Successfully synced ingress-nginx-controller-d52d0c
2026-09-27T11:03:29.147961Z Normal Scheduled Successfully assigned ingress-nginx/ingress-nginx-controller-61c96c to ip-10-0-4-30.ec2.internal
2026-09-27T11:03:33.147961Z Normal Scheduled Successfully assigned auth/oauth-f43e9e to ip-10-0-2-50.ec2.internal
2026-09-27T11:03:36.147961Z Normal ScalingReplicaSet Scaled up replica set aws-node-28d65ca7 to 4 from 0
2026-09-27T11:03:40.147961Z Normal Created Created container proxy
2026-09-27T11:03:44.147961Z Normal Scheduled Successfully assigned payments/pay-api-d45eda to ip-10-0-4-30.ec2.internal
2026-09-27T11:03:47.147961Z Normal Synced Successfully synced metrics-server-d322d3
2026-09-27T11:03:51.147961Z Normal ScalingReplicaSet Scaled up replica set pay-api-6ac8e907 to 3 from 2
2026-09-27T11:03:54.147961Z Warning CrashLoopBackOff pod/pay-worker-81ab54 CrashLoopBackOff
2026-09-27T11:03:58.147961Z Normal Created Created container proxy
2026-09-27T11:04:02.147961Z Normal Created Created container agent
2026-09-27T11:04:05.147961Z Normal Scheduled Successfully assigned kube-system/metrics-server-08cdd4 to ip-10-0-4-20.ec2.internal
2026-09-27T11:04:09.147961Z Normal Scheduled Successfully assigned ingress-nginx/ingress-nginx-controller-d1e961 to ip-10-0-5-10.ec2.internal
2026-09-27T11:04:12.147961Z Normal AddedInterface Add eth0 [10.70.77.128] from eni eni-3ec617661ee4
2026-09-27T11:04:16.147961Z Normal AddedInterface Add eth0 [10.50.227.191] from eni eni-b23988c7b9ac
2026-09-27T11:04:20.147961Z Normal Pulled Container image "ghcr.io/company/auth-api:1.9.0" already present on machine
2026-09-27T11:04:23.147961Z Normal Scheduled Successfully assigned observability/prometheus-226541 to ip-10-0-4-30.ec2.internal
2026-09-27T11:04:27.147961Z Normal Created Created container agent
2026-09-27T11:04:30.147961Z Normal ScalingReplicaSet Scaled up replica set loki-f7eba412 to 4 from 1
2026-09-27T11:04:34.147961Z Normal ScalingReplicaSet Scaled up replica set oauth-6800ddfa to 5 from 0
2026-09-27T11:04:38.147961Z Normal Synced Successfully synced pay-worker-8e0ec3
2026-09-27T11:04:41.147961Z Normal LeaderElection grafana-5d8b76 became leader
2026-09-27T11:04:45.147961Z Warning FailedMount Unable to attach or mount volumes: timed out waiting for the condition
2026-09-27T11:04:48.147961Z Normal Synced Successfully synced prometheus-1729cb
2026-09-27T11:04:52.147961Z Normal Scheduled Successfully assigned auth/oauth-072f64 to ip-10-0-5-30.ec2.internal
2026-09-27T11:04:56.147961Z Normal AddedInterface Add eth0 [10.241.49.212] from eni eni-1238be1723ed
2026-09-27T11:04:59.147961Z Normal Pulled Container image "nginx:1.25" already present on machine
2026-09-27T11:05:03.147961Z Normal AddedInterface Add eth0 [10.130.195.183] from eni eni-147574cb7fee
2026-09-27T11:05:06.147961Z Normal Created Created container agent
2026-09-27T11:05:10.147961Z Normal ScalingReplicaSet Scaled up replica set ingress-nginx-controller-ea7b6a05 to 3 from 0
2026-09-27T11:05:14.147961Z Normal Scheduled Successfully assigned observability/prometheus-dd3b6d to ip-10-0-2-10.ec2.internal
2026-09-27T11:05:17.147961Z Normal Started Started container app
2026-09-27T11:05:21.147961Z Normal Scheduled Successfully assigned observability/grafana-cf497a to ip-10-0-1-30.ec2.internal
2026-09-27T11:05:24.147961Z Normal AddedInterface Add eth0 [10.23.125.125] from eni eni-fb04c069a9dd
2026-09-27T11:05:28.147961Z Normal AddedInterface Add eth0 [10.18.255.205] from eni eni-493f335f1933
2026-09-27T11:05:32.147961Z Normal LeaderElection oauth-c82703 became leader
2026-09-27T11:05:35.147961Z Normal Synced Successfully synced pay-worker-1806c1
2026-09-27T11:05:39.147961Z Normal ScalingReplicaSet Scaled up replica set pay-worker-3a4c3872 to 2 from 0
2026-09-27T11:05:42.147961Z Normal LeaderElection kube-proxy-0f55e9 became leader
2026-09-27T11:05:46.147961Z Normal Started Started container proxy
2026-09-27T11:05:50.147961Z Normal AddedInterface Add eth0 [10.20.195.59] from eni eni-87a12ca82df1
2026-09-27T11:05:53.147961Z Normal AddedInterface Add eth0 [10.245.188.32] from eni eni-8a9ac56eda66
2026-09-27T11:05:57.147961Z Normal Started Started container agent
2026-09-27T11:06:00.147961Z Normal Created Created container sidecar
2026-09-27T11:06:04.147961Z Normal Started Started container proxy
2026-09-27T11:06:08.147961Z Normal Synced Successfully synced pay-api-a7bc6e
2026-09-27T11:06:11.147961Z Normal Pulled Container image "ghcr.io/company/pay-api:2.3.1" already present on machine
2026-09-27T11:06:15.147961Z Normal ScalingReplicaSet Scaled up replica set ingress-nginx-controller-83917ba2 to 2 from 1
2026-09-27T11:06:18.147961Z Normal Created Created container app
2026-09-27T11:06:22.147961Z Normal Synced Successfully synced pay-api-88cbc7
2026-09-27T11:06:26.147961Z Normal AddedInterface Add eth0 [10.104.134.186] from eni eni-edb7875f4da1
2026-09-27T11:06:29.147961Z Normal ScalingReplicaSet Scaled up replica set auth-api-da86326a to 2 from 0
2026-09-27T11:06:33.147961Z Normal Scheduled Successfully assigned kube-system/coredns-848d99 to ip-10-0-4-50.ec2.internal
2026-09-27T11:06:36.147961Z Normal SuccessfulCreate Created pod: frontend-8d7219
2026-09-27T11:06:40.147961Z Normal Scheduled Successfully assigned payments/pay-api-875a73 to ip-10-0-2-50.ec2.internal
2026-09-27T11:06:44.147961Z Normal ScalingReplicaSet Scaled up replica set prometheus-b5b5d9e2 to 6 from 1
2026-09-27T11:06:47.147961Z Normal SuccessfulCreate Created pod: metrics-server-ae4e2b
2026-09-27T11:06:51.147961Z Normal Synced Successfully synced oauth-42b6db
2026-09-27T11:06:54.147961Z Normal Synced Successfully synced pay-api-462ccf
2026-09-27T11:06:58.147961Z Normal Started Started container sidecar
2026-09-27T11:07:02.147961Z Warning CrashLoopBackOff pod/pay-worker-3eb689 CrashLoopBackOff
2026-09-27T11:07:05.147961Z Normal LeaderElection auth-api-fe6cf4 became leader
2026-09-27T11:07:09.147961Z Normal AddedInterface Add eth0 [10.49.212.75] from eni eni-b4ee9d15129f
2026-09-27T11:07:12.147961Z Normal SuccessfulCreate Created pod: grafana-c602a5
2026-09-27T11:07:16.147961Z Normal LeaderElection aws-node-c8cecd became leader
2026-09-27T11:07:20.147961Z Normal SuccessfulCreate Created pod: api-a70b21
2026-09-27T11:07:23.147961Z Normal ScalingReplicaSet Scaled up replica set prometheus-7eee8393 to 2 from 0
2026-09-27T11:07:27.147961Z Normal Started Started container proxy
2026-09-27T11:07:30.147961Z Normal LeaderElection oauth-8a0fb7 became leader
2026-09-27T11:07:34.147961Z Normal SuccessfulCreate Created pod: oauth-12fc1c
2026-09-27T11:07:38.147961Z Normal LeaderElection worker-2226d4 became leader
2026-09-27T11:07:41.147961Z Warning TLSHandshakeTimeout net/http: TLS handshake timeout
2026-09-27T11:07:45.147961Z Normal Scheduled Successfully assigned payments/pay-worker-f544c2 to ip-10-0-1-10.ec2.internal
2026-09-27T11:07:48.147961Z Normal Synced Successfully synced grafana-dd5d9d
2026-09-27T11:07:52.147961Z Normal LeaderElection worker-b1c9b6 became leader
2026-09-27T11:07:56.147961Z Normal LeaderElection grafana-958fc2 became leader
2026-09-27T11:07:59.147961Z Normal AddedInterface Add eth0 [10.159.75.153] from eni eni-73bbe0ac9623
2026-09-27T11:08:03.147961Z Warning FailedScheduling 0/7 nodes are available: node(s) had taint {node.kubernetes.io/not-ready: }
2026-09-27T11:08:06.147961Z Warning OOMKilled Container proxy in pod observability/grafana-35664c was killed due to OOM
2026-09-27T11:08:10.147961Z Normal Created Created container app
2026-09-27T11:08:14.147961Z Normal ScalingReplicaSet Scaled up replica set oauth-00ececf4 to 6 from 1
2026-09-27T11:08:17.147961Z Normal ScalingReplicaSet Scaled up replica set auth-api-e75fcd19 to 2 from 1
2026-09-27T11:08:21.147961Z Warning CrashLoopBackOff pod/coredns-82371f CrashLoopBackOff
2026-09-27T11:08:24.147961Z Warning MemPressure Node ip-10-0-2-40.ec2.internal status is now: NodeHasMemoryPressure
2026-09-27T11:08:28.147961Z Normal Created Created container app
2026-09-27T11:08:32.147961Z Normal Pulled Container image "ghcr.io/company/auth-api:1.9.0" already present on machine
2026-09-27T11:08:35.147961Z Normal ScalingReplicaSet Scaled up replica set pay-api-33a01a4d to 6 from 0
2026-09-27T11:08:39.147961Z Normal AddedInterface Add eth0 [10.43.61.195] from eni eni-14cb946a25b0
2026-09-27T11:08:42.147961Z Normal ScalingReplicaSet Scaled up replica set api-4f7f7484 to 5 from 0
2026-09-27T11:08:46.147961Z Normal Synced Successfully synced pay-worker-6cbfb0
2026-09-27T11:08:50.147961Z Normal LeaderElection api-4fc9a7 became leader
2026-09-27T11:08:53.147961Z Normal Scheduled Successfully assigned auth/oauth-9b83e0 to ip-10-0-5-40.ec2.internal
2026-09-27T11:08:57.147961Z Normal ScalingReplicaSet Scaled up replica set worker-0c712d5a to 5 from 0
2026-09-27T11:09:00.147961Z Normal Pulled Container image "public.ecr.aws/eks/aws-node:v1.14.1" already present on machine
2026-09-27T11:09:04.147961Z Normal Pulled Container image "public.ecr.aws/eks/aws-node:v1.14.1" already present on machine
2026-09-27T11:09:08.147961Z Normal AddedInterface Add eth0 [10.100.238.225] from eni eni-f717e25bf056
2026-09-27T11:09:11.147961Z Normal Started Started container sidecar
2026-09-27T11:09:15.147961Z Normal SuccessfulCreate Created pod: auth-api-fcaccb
2026-09-27T11:09:18.147961Z Normal SuccessfulCreate Created pod: grafana-a3ccb8
2026-09-27T11:09:22.147961Z Normal Created Created container agent
2026-09-27T11:09:26.147961Z Warning FailedMount Unable to attach or mount volumes: timed out waiting for the condition
2026-09-27T11:09:29.147961Z Normal AddedInterface Add eth0 [10.65.253.77] from eni eni-990e0da40b99
2026-09-27T11:09:33.147961Z Normal LeaderElection ingress-nginx-controller-50e0ba became leader
2026-09-27T11:09:36.147961Z Normal Scheduled Successfully assigned auth/auth-api-54b057 to ip-10-0-1-40.ec2.internal
2026-09-27T11:09:40.147961Z Normal SuccessfulCreate Created pod: ingress-nginx-controller-fb14be
2026-09-27T11:09:44.147961Z Normal Synced Successfully synced oauth-3343b3
2026-09-27T11:09:47.147961Z Normal LeaderElection ingress-nginx-controller-c56c91 became leader
2026-09-27T11:09:51.147961Z Normal Synced Successfully synced web-5ef86b
2026-09-27T11:09:54.147961Z Normal Scheduled Successfully assigned ingress-nginx/ingress-nginx-controller-304609 to ip-10-0-4-30.ec2.internal
2026-09-27T11:09:58.147961Z Normal Started Started container sidecar
2026-09-27T11:10:02.147961Z Normal ScalingReplicaSet Scaled up replica set pay-worker-95a0dcec to 4 from 2
2026-09-27T11:10:05.147961Z Normal AddedInterface Add eth0 [10.105.60.252] from eni eni-6c2d4a576f71
2026-09-27T11:10:09.147961Z Warning Unhealthy Readiness probe failed: Get "http://10.254.130.2:9090/health": dial tcp 10.254.130.2:9090: i/o timeout
2026-09-27T11:10:12.147961Z Normal Created Created container sidecar
2026-09-27T11:10:16.147961Z Normal LeaderElection ingress-nginx-controller-e4fed4 became leader
2026-09-27T11:10:20.147961Z Normal Started Started container proxy
2026-09-27T11:10:23.147961Z Normal AddedInterface Add eth0 [10.174.141.149] from eni eni-691bd90b46dd
2026-09-27T11:10:27.147961Z Normal Synced Successfully synced prometheus-1a0129
2026-09-27T11:10:30.147961Z Normal LeaderElection frontend-67ca97 became leader
2026-09-27T11:10:34.147961Z Normal Started Started container agent
2026-09-27T11:10:38.147961Z Normal AddedInterface Add eth0 [10.254.90.126] from eni eni-5267d8611056
2026-09-27T11:10:41.147961Z Normal SuccessfulCreate Created pod: pay-worker-d7527b
2026-09-27T11:10:45.147961Z Normal Started Started container app
2026-09-27T11:10:48.147961Z Warning CrashLoopBackOff pod/auth-api-0b733b CrashLoopBackOff
2026-09-27T11:10:52.147961Z Normal SuccessfulCreate Created pod: auth-api-12ce88
2026-09-27T11:10:56.147961Z Normal LeaderElection auth-api-4b7024 became leader
2026-09-27T11:10:59.147961Z Normal Synced Successfully synced metrics-server-e18b8e
2026-09-27T11:11:03.147961Z Normal SuccessfulCreate Created pod: prometheus-745795
2026-09-27T11:11:06.147961Z Normal Pulled Container image "public.ecr.aws/eks/aws-node:v1.14.1" already present on machine
2026-09-27T11:11:10.147961Z Normal LeaderElection grafana-6e2de8 became leader
2026-09-27T11:11:14.147961Z Normal Synced Successfully synced pay-worker-7bae77
2026-09-27T11:11:17.147961Z Normal Synced Successfully synced oauth-10ed3b
2026-09-27T11:11:21.147961Z Normal SuccessfulCreate Created pod: pay-api-eac7b9
2026-09-27T11:11:24.147961Z Normal Started Started container agent
2026-09-27T11:11:28.147961Z Normal Synced Successfully synced grafana-cdd4a9
2026-09-27T11:11:32.147961Z Normal SuccessfulCreate Created pod: ingress-nginx-controller-3a39e2
2026-09-27T11:11:35.147961Z Normal AddedInterface Add eth0 [10.16.246.135] from eni eni-53350e313f8d
2026-09-27T11:11:39.147961Z Normal AddedInterface Add eth0 [10.61.126.105] from eni eni-02bce2a392c8
2026-09-27T11:11:42.147961Z Normal Scheduled Successfully assigned observability/prometheus-871fe0 to ip-10-0-4-10.ec2.internal
2026-09-27T11:11:46.147961Z Normal AddedInterface Add eth0 [10.23.72.105] from eni eni-d5ee03800af6
2026-09-27T11:11:50.147961Z Normal LeaderElection oauth-78d9e6 became leader
2026-09-27T11:11:53.147961Z Normal Created Created container sidecar
2026-09-27T11:11:57.147961Z Normal Synced Successfully synced oauth-eb7e2d
2026-09-27T11:12:00.147961Z Normal Started Started container proxy
2026-09-27T11:12:04.147961Z Normal Synced Successfully synced pay-api-1cca80
2026-09-27T11:12:08.147961Z Normal Scheduled Successfully assigned kube-system/kube-proxy-a911f9 to ip-10-0-1-10.ec2.internal
2026-09-27T11:12:11.147961Z Normal Created Created container proxy
2026-09-27T11:12:15.147961Z Normal AddedInterface Add eth0 [10.96.251.119] from eni eni-c14e2697c7a1
2026-09-27T11:12:18.147961Z Normal Pulled Container image "registry.k8s.io/coredns/coredns:v1.11.1" already present on machine
2026-09-27T11:12:22.147961Z Warning FailedMount Unable to attach or mount volumes: timed out waiting for the condition
2026-09-27T11:12:26.147961Z Normal Synced Successfully synced worker-c64337
2026-09-27T11:12:29.147961Z Normal AddedInterface Add eth0 [10.42.219.127] from eni eni-ce08f3ff7269
2026-09-27T11:12:33.147961Z Normal Scheduled Successfully assigned observability/prometheus-07e1bf to ip-10-0-4-30.ec2.internal
2026-09-27T11:12:36.147961Z Normal Scheduled Successfully assigned observability/grafana-f8601d to ip-10-0-1-10.ec2.internal
2026-09-27T11:12:40.147961Z Normal LeaderElection oauth-54ecb3 became leader
2026-09-27T11:12:44.147961Z Normal Synced Successfully synced api-67d60b
2026-09-27T11:12:47.147961Z Normal Started Started container agent
2026-09-27T11:12:51.147961Z Normal Pulled Container image "ghcr.io/company/auth-api:1.9.0" already present on machine
2026-09-27T11:12:54.147961Z Normal Synced Successfully synced coredns-c7f782
2026-09-27T11:12:58.147961Z Normal Pulled Container image "ghcr.io/company/pay-api:2.3.1" already present on machine
2026-09-27T11:13:02.147961Z Normal ScalingReplicaSet Scaled up replica set pay-api-5acef6b6 to 2 from 2
2026-09-27T11:13:05.147961Z Normal ScalingReplicaSet Scaled up replica set prometheus-8cb7884d to 6 from 0
2026-09-27T11:13:09.147961Z Normal AddedInterface Add eth0 [10.216.168.217] from eni eni-bdc9d3a5f196
2026-09-27T11:13:12.147961Z Normal AddedInterface Add eth0 [10.144.58.227] from eni eni-5bb76f06d99e
2026-09-27T11:13:16.147961Z Warning DNSConfigForming Nameserver limits were exceeded, some nameservers have been omitted, the applied nameserver line is: 10.184.177.201 10.180.107.95 10.170.39.220 10.31.68.170 10.78.228.113
2026-09-27T11:13:20.147961Z Normal AddedInterface Add eth0 [10.92.189.73] from eni eni-2be4203cb35c
2026-09-27T11:13:23.147961Z Warning ImagePullBackOff Back-off pulling image "registry.k8s.io/coredns/coredns:v1.11.1"
2026-09-27T11:13:27.147961Z Normal SuccessfulCreate Created pod: grafana-d54d56
2026-09-27T11:13:30.147961Z Normal LeaderElection frontend-9907ac became leader
2026-09-27T11:13:34.147961Z Normal Scheduled Successfully assigned default/worker-37dfff to ip-10-0-3-20.ec2.internal
2026-09-27T11:13:38.147961Z Normal ScalingReplicaSet Scaled up replica set grafana-e17d6ba2 to 5 from 0
2026-09-27T11:13:41.147961Z Normal Scheduled Successfully assigned default/frontend-8b7b71 to ip-10-0-4-30.ec2.internal
2026-09-27T11:13:45.147961Z Warning CrashLoopBackOff pod/prometheus-1c2146 CrashLoopBackOff
2026-09-27T11:13:48.147961Z Normal AddedInterface Add eth0 [10.12.45.9] from eni eni-d1933bc87152
2026-09-27T11:13:52.147961Z Normal Scheduled Successfully assigned default/web-a16f71 to ip-10-0-1-40.ec2.internal
2026-09-27T11:13:56.147961Z Normal Created Created container sidecar
2026-09-27T11:13:59.147961Z Normal SuccessfulCreate Created pod: ingress-nginx-controller-c8fa8f
2026-09-27T11:14:03.147961Z Normal Created Created container proxy
2026-09-27T11:14:06.147961Z Normal Synced Successfully synced kube-proxy-9e7db5
2026-09-27T11:14:10.147961Z Normal Created Created container agent
2026-09-27T11:14:14.147961Z Normal SuccessfulCreate Created pod: pay-worker-1b556b
2026-09-27T11:14:17.147961Z Normal Started Started container proxy
2026-09-27T11:14:21.147961Z Normal Created Created container app
2026-09-27T11:14:24.147961Z Normal AddedInterface Add eth0 [10.5.192.69] from eni eni-f53b0cf8e335
2026-09-27T11:14:28.147961Z Normal Scheduled Successfully assigned ingress-nginx/ingress-nginx-controller-6a78b0 to ip-10-0-1-50.ec2.internal
2026-09-27T11:14:32.147961Z Normal SuccessfulCreate Created pod: aws-node-ff08e9
2026-09-27T11:14:35.147961Z Normal ScalingReplicaSet Scaled up replica set pay-api-7f152ab3 to 5 from 2
2026-09-27T11:14:39.147961Z Normal Created Created container proxy
2026-09-27T11:14:42.147961Z Normal Created Created container proxy
2026-09-27T11:14:46.147961Z Normal Created Created container agent
2026-09-27T11:14:50.147961Z Normal Created Created container proxy
2026-09-27T11:14:53.147961Z Normal Pulled Container image "busybox:1.36" already present on machine
2026-09-27T11:14:57.147961Z Normal Created Created container app
2026-09-27T11:15:00.147961Z Normal Started Started container sidecar
2026-09-27T11:15:04.147961Z Normal Pulled Container image "ghcr.io/company/pay-api:2.3.1" already present on machine
2026-09-27T11:15:08.147961Z Normal Created Created container agent
2026-09-27T11:15:11.147961Z Normal AddedInterface Add eth0 [10.57.148.56] from eni eni-916546a66bdf
2026-09-27T11:15:15.147961Z Normal Scheduled Successfully assigned observability/prometheus-aa1a02 to ip-10-0-5-10.ec2.internal
2026-09-27T11:15:18.147961Z Normal Synced Successfully synced coredns-4a4787
2026-09-27T11:15:22.147961Z Normal Created Created container app
2026-09-27T11:15:26.147961Z Normal ScalingReplicaSet Scaled up replica set pay-worker-c87abf94 to 4 from 2
2026-09-27T11:15:29.147961Z Normal Synced Successfully synced frontend-1e5d85
2026-09-27T11:15:33.147961Z Normal Scheduled Successfully assigned ingress-nginx/ingress-nginx-controller-64f8ea to ip-10-0-3-30.ec2.internal
2026-09-27T11:15:36.147961Z Normal Pulled Container image "nginx:1.25" already present on machine
2026-09-27T11:15:40.147961Z Normal Started Started container proxy
2026-09-27T11:15:44.147961Z Normal LeaderElection ingress-nginx-controller-3ddef0 became leader
2026-09-27T11:15:47.147961Z Warning ImagePullBackOff Back-off pulling image "python:3.11-slim"
2026-09-27T11:15:51.147961Z Normal Started Started container app
2026-09-27T11:15:54.147961Z Normal Scheduled Successfully assigned kube-system/aws-node-5853ef to ip-10-0-1-10.ec2.internal
2026-09-27T11:15:58.147961Z Warning MemPressure Node ip-10-0-1-40.ec2.internal status is now: NodeHasMemoryPressure
2026-09-27T11:16:02.147961Z Normal Pulled Container image "registry.k8s.io/coredns/coredns:v1.11.1" already present on machine
2026-09-27T11:16:05.147961Z Normal AddedInterface Add eth0 [10.177.185.229] from eni eni-63986a059f65
2026-09-27T11:16:09.147961Z Normal Scheduled Successfully assigned ingress-nginx/ingress-nginx-controller-e12c99 to ip-10-0-4-10.ec2.internal
2026-09-27T11:16:12.147961Z Normal Synced Successfully synced ingress-nginx-controller-dc2946
2026-09-27T11:16:16.147961Z Normal Created Created container sidecar
2026-09-27T11:16:20.147961Z Normal LeaderElection auth-api-c6d92b became leader
2026-09-27T11:16:23.147961Z Normal Scheduled Successfully assigned ingress-nginx/ingress-nginx-controller-1ff0d5 to ip-10-0-1-10.ec2.internal
2026-09-27T11:16:27.147961Z Normal AddedInterface Add eth0 [10.100.69.128] from eni eni-98e104792001
2026-09-27T11:16:30.147961Z Normal Synced Successfully synced ingress-nginx-controller-7e1f56
2026-09-27T11:16:34.147961Z Normal Scheduled Successfully assigned payments/pay-api-29fdac to ip-10-0-1-40.ec2.internal
2026-09-27T11:16:38.147961Z Normal Pulled Container image "registry.k8s.io/coredns/coredns:v1.11.1" already present on machine
2026-09-27T11:16:41.147961Z Warning ErrImagePull Failed to pull image "ghcr.io/company/auth-api:1.9.0": rpc error: code = Unknown desc = Error response from daemon: pull access denied
2026-09-27T11:16:45.147961Z Normal SuccessfulCreate Created pod: pay-worker-1c29c8
2026-09-27T11:16:48.147961Z Normal Pulled Container image "ghcr.io/company/auth-api:1.9.0" already present on machine
2026-09-27T11:16:52.147961Z Normal Pulled Container image "ghcr.io/company/pay-api:2.3.1" already present on machine
2026-09-27T11:16:56.147961Z Normal AddedInterface Add eth0 [10.19.108.161] from eni eni-625708376549
2026-09-27T11:16:59.147961Z Normal ScalingReplicaSet Scaled up replica set coredns-2d8cb4dd to 3 from 1
2026-09-27T11:17:03.147961Z Normal Pulled Container image "busybox:1.36" already present on machine
2026-09-27T11:17:06.147961Z Normal Created Created container sidecar
2026-09-27T11:17:10.147961Z Normal SuccessfulCreate Created pod: auth-api-1ee542
2026-09-27T11:17:14.147961Z Normal Started Started container agent
2026-09-27T11:17:17.147961Z Normal Pulled Container image "ghcr.io/company/pay-api:2.3.1" already present on machine
2026-09-27T11:17:21.147961Z Normal AddedInterface Add eth0 [10.72.235.41] from eni eni-00eb85a9def6
2026-09-27T11:17:24.147961Z Normal Pulled Container image "registry.k8s.io/coredns/coredns:v1.11.1" already present on machine
2026-09-27T11:17:28.147961Z Normal SuccessfulCreate Created pod: pay-worker-15838c
2026-09-27T11:17:32.147961Z Normal Created Created container agent
2026-09-27T11:17:35.147961Z Normal Started Started container proxy
2026-09-27T11:17:39.147961Z Normal Scheduled Successfully assigned observability/prometheus-54e1a6 to ip-10-0-4-20.ec2.internal
2026-09-27T11:17:42.147961Z Normal SuccessfulCreate Created pod: pay-worker-a3e0c0
2026-09-27T11:17:46.147961Z Normal Created Created container app
2026-09-27T11:17:50.147961Z Normal LeaderElection kube-proxy-aec0f7 became leader
2026-09-27T11:17:53.147961Z Normal Started Started container proxy
2026-09-27T11:17:57.147961Z Warning MemPressure Node ip-10-0-3-50.ec2.internal status is now: NodeHasMemoryPressure
2026-09-27T11:18:00.147961Z Normal Scheduled Successfully assigned auth/oauth-d04f65 to ip-10-0-2-40.ec2.internal
2026-09-27T11:18:04.147961Z Normal Synced Successfully synced loki-2e4d5e
2026-09-27T11:18:08.147961Z Normal Pulled Container image "python:3.11-slim" already present on machine
2026-09-27T11:18:11.147961Z Warning CrashLoopBackOff pod/prometheus-0903d7 CrashLoopBackOff
2026-09-27T11:18:15.147961Z Normal SuccessfulCreate Created pod: prometheus-15e84e
2026-09-27T11:18:18.147961Z Normal ScalingReplicaSet Scaled up replica set ingress-nginx-controller-7e1baf98 to 6 from 0
2026-09-27T11:18:22.147961Z Normal Scheduled Successfully assigned payments/pay-worker-79c7a3 to ip-10-0-2-40.ec2.internal
2026-09-27T11:18:26.147961Z Normal AddedInterface Add eth0 [10.111.52.92] from eni eni-f2bb421482dc
2026-09-27T11:18:29.147961Z Normal LeaderElection prometheus-1ef618 became leader
2026-09-27T11:18:33.147961Z Normal AddedInterface Add eth0 [10.71.160.64] from eni eni-9c5851b8f015
2026-09-27T11:18:36.147961Z Normal AddedInterface Add eth0 [10.159.68.159] from eni eni-23f29092183f
2026-09-27T11:18:40.147961Z Normal Created Created container proxy
2026-09-27T11:18:44.147961Z Normal ScalingReplicaSet Scaled up replica set pay-worker-9cf73d32 to 2 from 0
2026-09-27T11:18:47.147961Z Normal ScalingReplicaSet Scaled up replica set ingress-nginx-controller-6aea7046 to 4 from 0
2026-09-27T11:18:51.147961Z Normal Started Started container sidecar
2026-09-27T11:18:54.147961Z Normal LeaderElection api-adbf97 became leader
2026-09-27T11:18:58.147961Z Normal Started Started container sidecar
2026-09-27T11:19:02.147961Z Normal Started Started container sidecar
2026-09-27T11:19:05.147961Z Normal ScalingReplicaSet Scaled up replica set loki-e41f2990 to 2 from 2
2026-09-27T11:19:09.147961Z Normal AddedInterface Add eth0 [10.204.101.201] from eni eni-3da9ce331151
2026-09-27T11:19:12.147961Z Warning TLSHandshakeTimeout net/http: TLS handshake timeout
2026-09-27T11:19:16.147961Z Warning Unhealthy Readiness probe failed: Get "http://10.181.56.236:80/health": dial tcp 10.181.56.236:80: i/o timeout
2026-09-27T11:19:20.147961Z Normal Scheduled Successfully assigned kube-system/aws-node-256ec3 to ip-10-0-2-30.ec2.internal
2026-09-27T11:19:23.147961Z Normal SuccessfulCreate Created pod: aws-node-97128f
2026-09-27T11:19:27.147961Z Normal LeaderElection ingress-nginx-controller-187bc2 became leader
2026-09-27T11:19:30.147961Z Normal AddedInterface Add eth0 [10.105.122.254] from eni eni-019c641d4a93
2026-09-27T11:19:34.147961Z Warning DNSConfigForming Nameserver limits were exceeded, some nameservers have been omitted, the applied nameserver line is: 10.48.9.63 10.213.152.141 10.190.47.174 10.19.22.34 10.34.78.78
2026-09-27T11:19:38.147961Z Normal Synced Successfully synced web-377f80
2026-09-27T11:19:41.147961Z Normal SuccessfulCreate Created pod: ingress-nginx-controller-a0855d
2026-09-27T11:19:45.147961Z Normal LeaderElection loki-a56601 became leader
2026-09-27T11:19:48.147961Z Normal Pulled Container image "nginx:1.25" already present on machine
2026-09-27T11:19:52.147961Z Normal Created Created container proxy
2026-09-27T11:19:56.147961Z Normal AddedInterface Add eth0 [10.43.250.97] from eni eni-73b746b397eb
2026-09-27T11:19:59.147961Z Normal Synced Successfully synced pay-worker-75ed1c
2026-09-27T11:20:03.147961Z Warning NodeNotReady Node ip-10-0-2-20.ec2.internal status is now: NodeNotReady
2026-09-27T11:20:06.147961Z Normal Synced Successfully synced ingress-nginx-controller-9b7d7b
2026-09-27T11:20:10.147961Z Normal Scheduled Successfully assigned observability/loki-669173 to ip-10-0-2-20.ec2.internal
2026-09-27T11:20:14.147961Z Normal LeaderElection loki-de8c89 became leader
2026-09-27T11:20:17.147961Z Normal Started Started container app
2026-09-27T11:20:21.147961Z Normal Started Started container app
2026-09-27T11:20:24.147961Z Normal Pulled Container image "registry.k8s.io/coredns/coredns:v1.11.1" already present on machine
2026-09-27T11:20:28.147961Z Normal Pulled Container image "ghcr.io/company/pay-api:2.3.1" already present on machine
2026-09-27T11:20:32.147961Z Normal Scheduled Successfully assigned observability/grafana-b48520 to ip-10-0-1-40.ec2.internal
2026-09-27T11:20:35.147961Z Normal LeaderElection pay-worker-bc785a became leader
2026-09-27T11:20:39.147961Z Normal Pulled Container image "busybox:1.36" already present on machine
2026-09-27T11:20:42.147961Z Normal SuccessfulCreate Created pod: pay-api-c28f03
2026-09-27T11:20:46.147961Z Normal SuccessfulCreate Created pod: pay-api-7618d2
2026-09-27T11:20:50.147961Z Normal AddedInterface Add eth0 [10.116.51.206] from eni eni-4202f134d457
2026-09-27T11:20:53.147961Z Normal Started Started container sidecar
2026-09-27T11:20:57.147961Z Normal LeaderElection oauth-4aaaf1 became leader
2026-09-27T11:21:00.147961Z Normal Started Started container proxy
2026-09-27T11:21:04.147961Z Normal Created Created container proxy
2026-09-27T11:21:08.147961Z Normal Scheduled Successfully assigned ingress-nginx/ingress-nginx-controller-c67bef to ip-10-0-2-20.ec2.internal
2026-09-27T11:21:11.147961Z Normal Created Created container app
2026-09-27T11:21:15.147961Z Normal ScalingReplicaSet Scaled up replica set ingress-nginx-controller-b6dbe797 to 3 from 2
2026-09-27T11:21:18.147961Z Normal ScalingReplicaSet Scaled up replica set loki-efa69da6 to 6 from 2
2026-09-27T11:21:22.147961Z Normal Synced Successfully synced ingress-nginx-controller-f142f2
2026-09-27T11:21:26.147961Z Normal SuccessfulCreate Created pod: metrics-server-cceb31
2026-09-27T11:21:29.147961Z Normal Started Started container agent
2026-09-27T11:21:33.147961Z Normal AddedInterface Add eth0 [10.253.161.12] from eni eni-925aa5b31c72
2026-09-27T11:21:36.147961Z Normal Synced Successfully synced ingress-nginx-controller-90c0c6
2026-09-27T11:21:40.147961Z Warning Unhealthy Readiness probe failed: Get "http://10.199.135.204:443/health": dial tcp 10.199.135.204:443: i/o timeout
2026-09-27T11:21:44.147961Z Normal Scheduled Successfully assigned payments/pay-api-ff731f to ip-10-0-4-30.ec2.internal
2026-09-27T11:21:47.147961Z Warning TLSHandshakeTimeout net/http: TLS handshake timeout
2026-09-27T11:21:51.147961Z Normal AddedInterface Add eth0 [10.30.118.192] from eni eni-a737d5264896
2026-09-27T11:21:54.147961Z Normal SuccessfulCreate Created pod: prometheus-b471b0
2026-09-27T11:21:58.147961Z Normal Pulled Container image "busybox:1.36" already present on machine
2026-09-27T11:22:02.147961Z Normal Created Created container app
2026-09-27T11:22:05.147961Z Normal Pulled Container image "busybox:1.36" already present on machine
2026-09-27T11:22:09.147961Z Normal Created Created container agent
2026-09-27T11:22:12.147961Z Normal Created Created container app
2026-09-27T11:22:16.147961Z Normal LeaderElection ingress-nginx-controller-51fc7f became leader
2026-09-27T11:22:20.147961Z Normal Synced Successfully synced prometheus-1e0b66
2026-09-27T11:22:23.147961Z Normal Scheduled Successfully assigned kube-system/metrics-server-e0d9bb to ip-10-0-4-20.ec2.internal
2026-09-27T11:22:27.147961Z Normal AddedInterface Add eth0 [10.131.99.229] from eni eni-c5fb39023e0d
2026-09-27T11:22:30.147961Z Normal Pulled Container image "ghcr.io/company/auth-api:1.9.0" already present on machine
2026-09-27T11:22:34.147961Z Warning DiskPressure Node ip-10-0-4-30.ec2.internal status is now: NodeHasDiskPressure
2026-09-27T11:22:38.147961Z Warning BackOff Back-off restarting failed container agent in pod ingress-nginx/ingress-nginx-controller-03bcc0
2026-09-27T11:22:41.147961Z Normal Scheduled Successfully assigned kube-system/aws-node-eb3bbd to ip-10-0-1-30.ec2.internal
2026-09-27T11:22:45.147961Z Normal Synced Successfully synced coredns-50b739
2026-09-27T11:22:48.147961Z Normal ScalingReplicaSet Scaled up replica set kube-proxy-51827366 to 6 from 2
2026-09-27T11:22:52.147961Z Warning DiskPressure Node ip-10-0-3-10.ec2.internal status is now: NodeHasDiskPressure
2026-09-27T11:22:56.147961Z Normal SuccessfulCreate Created pod: coredns-8e990d
2026-09-27T11:22:59.147961Z Normal SuccessfulCreate Created pod: frontend-805e0e
2026-09-27T11:23:03.147961Z Normal Synced Successfully synced ingress-nginx-controller-a16626
2026-09-27T11:23:06.147961Z Normal SuccessfulCreate Created pod: web-58ddbf
2026-09-27T11:23:10.147961Z Warning OOMKilled Container proxy in pod payments/pay-api-9f6392 was killed due to OOM
2026-09-27T11:23:14.147961Z Normal Created Created container agent
2026-09-27T11:23:17.147961Z Normal Synced Successfully synced ingress-nginx-controller-cc09dc
2026-09-27T11:23:21.147961Z Normal Pulled Container image "busybox:1.36" already present on machine
2026-09-27T11:23:24.147961Z Normal Scheduled Successfully assigned kube-system/kube-proxy-640906 to ip-10-0-2-10.ec2.internal
2026-09-27T11:23:28.147961Z Warning FailedScheduling 0/6 nodes are available: 0/5 nodes available: pod has unbound immediate PersistentVolumeClaims
2026-09-27T11:23:32.147961Z Warning BackOff Back-off restarting failed container agent in pod observability/grafana-db4033
2026-09-27T11:23:35.147961Z Normal LeaderElection ingress-nginx-controller-564ceb became leader
2026-09-27T11:23:39.147961Z Normal Started Started container proxy
2026-09-27T11:23:42.147961Z Normal Started Started container proxy
2026-09-27T11:23:46.147961Z Normal Created Created container agent
2026-09-27T11:23:50.147961Z Warning DNSConfigForming Nameserver limits were exceeded, some nameservers have been omitted, the applied nameserver line is: 10.56.237.167 10.194.199.2 10.151.161.107 10.118.43.229 10.50.205.176
2026-09-27T11:23:53.147961Z Normal LeaderElection ingress-nginx-controller-b32445 became leader
2026-09-27T11:23:57.147961Z Normal SuccessfulCreate Created pod: pay-worker-41037b
2026-09-27T11:24:00.147961Z Normal AddedInterface Add eth0 [10.147.253.136] from eni eni-e6bc9aa92716
2026-09-27T11:24:04.147961Z Normal AddedInterface Add eth0 [10.85.2.111] from eni eni-ea743d42e28f
2026-09-27T11:24:08.147961Z Normal SuccessfulCreate Created pod: frontend-ccde9f
2026-09-27T11:24:11.147961Z Normal Pulled Container image "registry.k8s.io/coredns/coredns:v1.11.1" already present on machine
2026-09-27T11:24:15.147961Z Normal Pulled Container image "busybox:1.36" already present on machine
2026-09-27T11:24:18.147961Z Normal Created Created container proxy
2026-09-27T11:24:22.147961Z Normal ScalingReplicaSet Scaled up replica set metrics-server-438bb1b5 to 5 from 2
2026-09-27T11:24:26.147961Z Normal ScalingReplicaSet Scaled up replica set auth-api-07ba2e61 to 4 from 1
2026-09-27T11:24:29.147961Z Warning MemPressure Node ip-10-0-2-30.ec2.internal status is now: NodeHasMemoryPressure
2026-09-27T11:24:33.147961Z Normal Synced Successfully synced aws-node-073a0e
2026-09-27T11:24:36.147961Z Normal ScalingReplicaSet Scaled up replica set pay-api-f514a0da to 3 from 0
2026-09-27T11:24:40.147961Z Normal SuccessfulCreate Created pod: metrics-server-f730b9
2026-09-27T11:24:44.147961Z Normal LeaderElection pay-api-2d2a0d became leader
2026-09-27T11:24:47.147961Z Normal Created Created container sidecar
2026-09-27T11:24:51.147961Z Normal AddedInterface Add eth0 [10.7.120.14] from eni eni-e2b398f11322
2026-09-27T11:24:54.147961Z Warning ImagePullBackOff Back-off pulling image "python:3.11-slim"
2026-09-27T11:24:58.147961Z Normal Started Started container proxy
2026-09-27T11:25:02.147961Z Warning OOMKilled Container proxy in pod payments/pay-api-c2a307 was killed due to OOM
2026-09-27T11:25:05.147961Z Normal Pulled Container image "busybox:1.36" already present on machine
2026-09-27T11:25:09.147961Z Normal Synced Successfully synced ingress-nginx-controller-35d960
2026-09-27T11:25:12.147961Z Normal Pulled Container image "public.ecr.aws/eks/aws-node:v1.14.1" already present on machine
2026-09-27T11:25:16.147961Z Normal Started Started container proxy
2026-09-27T11:25:20.147961Z Normal Created Created container app
2026-09-27T11:25:23.147961Z Normal Started Started container agent
2026-09-27T11:25:27.147961Z Normal SuccessfulCreate Created pod: metrics-server-b21e1e
2026-09-27T11:25:30.147961Z Normal AddedInterface Add eth0 [10.76.84.236] from eni eni-82bf56804bae
2026-09-27T11:25:34.147961Z Normal Started Started container app
2026-09-27T11:25:38.147961Z Normal Created Created container app
2026-09-27T11:25:41.147961Z Normal Pulled Container image "registry.k8s.io/coredns/coredns:v1.11.1" already present on machine
2026-09-27T11:25:45.147961Z Normal Started Started container app
2026-09-27T11:25:48.147961Z Normal Started Started container proxy
2026-09-27T11:25:52.147961Z Normal LeaderElection pay-worker-b1e3bb became leader
2026-09-27T11:25:56.147961Z Normal Synced Successfully synced oauth-6f2543
2026-09-27T11:25:59.147961Z Normal Created Created container agent
2026-09-27T11:26:03.147961Z Normal LeaderElection worker-077525 became leader
2026-09-27T11:26:06.147961Z Normal Synced Successfully synced prometheus-073bb9
2026-09-27T11:26:10.147961Z Normal Created Created container sidecar
2026-09-27T11:26:14.147961Z Normal AddedInterface Add eth0 [10.44.156.146] from eni eni-2d3c27c70409
2026-09-27T11:26:17.147961Z Normal SuccessfulCreate Created pod: pay-worker-47a85b
2026-09-27T11:26:21.147961Z Normal LeaderElection pay-api-11f2f6 became leader
2026-09-27T11:26:24.147961Z Normal ScalingReplicaSet Scaled up replica set loki-62f9b642 to 2 from 2
2026-09-27T11:26:28.147961Z Normal LeaderElection grafana-db4faa became leader
2026-09-27T11:26:32.147961Z Normal SuccessfulCreate Created pod: aws-node-95e9ef
2026-09-27T11:26:35.147961Z Normal Started Started container app
2026-09-27T11:26:39.147961Z Normal LeaderElection grafana-772ed5 became leader
2026-09-27T11:26:42.147961Z Normal SuccessfulCreate Created pod: frontend-b85a03
2026-09-27T11:26:46.147961Z Normal SuccessfulCreate Created pod: api-2c189b
2026-09-27T11:26:50.147961Z Normal Started Started container sidecar
2026-09-27T11:26:53.147961Z Normal Created Created container sidecar
2026-09-27T11:26:57.147961Z Normal Started Started container app
2026-09-27T11:27:00.147961Z Normal SuccessfulCreate Created pod: prometheus-84cef0
2026-09-27T11:27:04.147961Z Normal LeaderElection auth-api-2c07f0 became leader
2026-09-27T11:27:08.147961Z Normal ScalingReplicaSet Scaled up replica set web-048ab258 to 5 from 2
2026-09-27T11:27:11.147961Z Normal ScalingReplicaSet Scaled up replica set ingress-nginx-controller-3c8f1379 to 3 from 0
2026-09-27T11:27:15.147961Z Normal ScalingReplicaSet Scaled up replica set grafana-8c2fc00d to 4 from 2
2026-09-27T11:27:18.147961Z Warning FailedMount Unable to attach or mount volumes: timed out waiting for the condition
2026-09-27T11:27:22.147961Z Normal Created Created container agent
2026-09-27T11:27:26.147961Z Normal Pulled Container image "public.ecr.aws/eks/aws-node:v1.14.1" already present on machine
2026-09-27T11:27:29.147961Z Normal Scheduled Successfully assigned payments/pay-worker-f00726 to ip-10-0-5-40.ec2.internal
2026-09-27T11:27:33.147961Z Normal Scheduled Successfully assigned default/frontend-d88193 to ip-10-0-3-50.ec2.internal
2026-09-27T11:27:36.147961Z Normal Scheduled Successfully assigned default/worker-a5dc5e to ip-10-0-2-20.ec2.internal
2026-09-27T11:27:40.147961Z Normal Scheduled Successfully assigned default/worker-0a9925 to ip-10-0-1-30.ec2.internal
2026-09-27T11:27:44.147961Z Normal Scheduled Successfully assigned default/worker-715285 to ip-10-0-5-50.ec2.internal
2026-09-27T11:27:47.147961Z Normal AddedInterface Add eth0 [10.250.228.16] from eni eni-e2fa6d45ca9f
2026-09-27T11:27:51.147961Z Normal SuccessfulCreate Created pod: pay-worker-ce606c
2026-09-27T11:27:54.147961Z Normal Synced Successfully synced auth-api-8d0e90
2026-09-27T11:27:58.147961Z Normal ScalingReplicaSet Scaled up replica set aws-node-9d760798 to 2 from 0
2026-09-27T11:28:02.147961Z Normal Pulled Container image "nginx:1.25" already present on machine
2026-09-27T11:28:05.147961Z Warning FailedMount Unable to attach or mount volumes: timed out waiting for the condition
2026-09-27T11:28:09.147961Z Normal Pulled Container image "registry.k8s.io/coredns/coredns:v1.11.1" already present on machine
2026-09-27T11:28:12.147961Z Normal Synced Successfully synced ingress-nginx-controller-3d13eb
2026-09-27T11:28:16.147961Z Normal Scheduled Successfully assigned payments/pay-worker-6602ee to ip-10-0-1-30.ec2.internal
2026-09-27T11:28:20.147961Z Normal Scheduled Successfully assigned default/frontend-f24fc6 to ip-10-0-3-40.ec2.internal
2026-09-27T11:28:23.147961Z Normal Created Created container app
2026-09-27T11:28:27.147961Z Normal Created Created container sidecar
2026-09-27T11:28:30.147961Z Normal Started Started container agent
2026-09-27T11:28:34.147961Z Warning DNSConfigForming Nameserver limits were exceeded, some nameservers have been omitted, the applied nameserver line is: 10.124.205.171 10.216.100.183 10.157.196.74 10.146.136.35 10.232.127.150
2026-09-27T11:28:38.147961Z Normal LeaderElection ingress-nginx-controller-2e5852 became leader
2026-09-27T11:28:41.147961Z Normal Created Created container sidecar
2026-09-27T11:28:45.147961Z Normal LeaderElection pay-worker-5706f4 became leader
2026-09-27T11:28:48.147961Z Normal Started Started container proxy
2026-09-27T11:28:52.147961Z Normal SuccessfulCreate Created pod: pay-api-3366a7
2026-09-27T11:28:56.147961Z Normal ScalingReplicaSet Scaled up replica set prometheus-1687619b to 5 from 2
2026-09-27T11:28:59.147961Z Normal AddedInterface Add eth0 [10.153.91.220] from eni eni-694c5725c80d
2026-09-27T11:29:03.147961Z Normal Created Created container app
2026-09-27T11:29:06.147961Z Normal AddedInterface Add eth0 [10.129.225.187] from eni eni-8caec398283a
2026-09-27T11:29:10.147961Z Normal SuccessfulCreate Created pod: ingress-nginx-controller-7541e0
2026-09-27T11:29:14.147961Z Normal AddedInterface Add eth0 [10.90.120.13] from eni eni-f3e26bc67a8d
2026-09-27T11:29:17.147961Z Normal Started Started container app
2026-09-27T11:29:21.147961Z Normal Scheduled Successfully assigned ingress-nginx/ingress-nginx-controller-eeb83b to ip-10-0-2-10.ec2.internal
2026-09-27T11:29:24.147961Z Normal Pulled Container image "registry.k8s.io/coredns/coredns:v1.11.1" already present on machine
2026-09-27T11:29:28.147961Z Normal SuccessfulCreate Created pod: oauth-c45aad
2026-09-27T11:29:32.147961Z Normal Started Started container app
2026-09-27T11:29:35.147961Z Normal AddedInterface Add eth0 [10.246.84.143] from eni eni-704704e33ceb
2026-09-27T11:29:39.147961Z Normal Scheduled Successfully assigned kube-system/coredns-52c05e to ip-10-0-2-10.ec2.internal
2026-09-27T11:29:42.147961Z Normal SuccessfulCreate Created pod: pay-worker-ec18db
2026-09-27T11:29:46.147961Z Normal AddedInterface Add eth0 [10.243.114.216] from eni eni-949062908fd2
2026-09-27T11:29:50.147961Z Normal LeaderElection ingress-nginx-controller-8c2544 became leader
2026-09-27T11:29:53.147961Z Normal AddedInterface Add eth0 [10.174.160.128] from eni eni-f340894f7549
2026-09-27T11:29:57.147961Z Normal AddedInterface Add eth0 [10.51.20.95] from eni eni-36338d23373a
2026-09-27T11:30:00.147961Z Normal AddedInterface Add eth0 [10.174.222.190] from eni eni-9b0da0ee8a79
2026-09-27T11:30:04.147961Z Normal Synced Successfully synced ingress-nginx-controller-4e890b
2026-09-27T11:30:08.147961Z Normal Created Created container sidecar
2026-09-27T11:30:11.147961Z Normal SuccessfulCreate Created pod: loki-17824b
2026-09-27T11:30:15.147961Z Normal SuccessfulCreate Created pod: loki-220245
2026-09-27T11:30:18.147961Z Normal Started Started container proxy
2026-09-27T11:30:22.147961Z Normal AddedInterface Add eth0 [10.38.87.44] from eni eni-56ca6a3d1ee2
2026-09-27T11:30:26.147961Z Normal Created Created container proxy
2026-09-27T11:30:29.147961Z Normal Started Started container sidecar
2026-09-27T11:30:33.147961Z Normal SuccessfulCreate Created pod: prometheus-4ac687
2026-09-27T11:30:36.147961Z Normal Synced Successfully synced oauth-44998a
2026-09-27T11:30:40.147961Z Normal Scheduled Successfully assigned kube-system/kube-proxy-f98620 to ip-10-0-2-10.ec2.internal
2026-09-27T11:30:44.147961Z Warning NodeNotReady Node ip-10-0-1-50.ec2.internal status is now: NodeNotReady
2026-09-27T11:30:47.147961Z Warning DNSConfigForming Nameserver limits were exceeded, some nameservers have been omitted, the applied nameserver line is: 10.149.144.23 10.154.127.108 10.220.27.171 10.92.8.162 10.101.44.57
2026-09-27T11:30:51.147961Z Normal Synced Successfully synced api-dbdc3c
2026-09-27T11:30:54.147961Z Normal Scheduled Successfully assigned kube-system/metrics-server-0c3fcb to ip-10-0-3-10.ec2.internal
2026-09-27T11:30:58.147961Z Normal Scheduled Successfully assigned auth/auth-api-5ced54 to ip-10-0-4-50.ec2.internal
2026-09-27T11:31:02.147961Z Normal Created Created container agent
2026-09-27T11:31:05.147961Z Normal Scheduled Successfully assigned kube-system/aws-node-bd29b0 to ip-10-0-5-10.ec2.internal
2026-09-27T11:31:09.147961Z Normal Pulled Container image "registry.k8s.io/coredns/coredns:v1.11.1" already present on machine
2026-09-27T11:31:12.147961Z Normal AddedInterface Add eth0 [10.80.54.239] from eni eni-4807238a7858
2026-09-27T11:31:16.147961Z Normal Scheduled Successfully assigned observability/loki-73a0e2 to ip-10-0-1-50.ec2.internal
2026-09-27T11:31:20.147961Z Normal Started Started container agent
2026-09-27T11:31:23.147961Z Normal ScalingReplicaSet Scaled up replica set api-d35130c1 to 2 from 1
2026-09-27T11:31:27.147961Z Normal SuccessfulCreate Created pod: ingress-nginx-controller-470c60
2026-09-27T11:31:30.147961Z Normal Created Created container sidecar
2026-09-27T11:31:34.147961Z Normal AddedInterface Add eth0 [10.130.252.228] from eni eni-de2f5a62477f
2026-09-27T11:31:38.147961Z Normal Started Started container app
2026-09-27T11:31:41.147961Z Normal Synced Successfully synced kube-proxy-36784f
2026-09-27T11:31:45.147961Z Normal Pulled Container image "ghcr.io/company/pay-api:2.3.1" already present on machine
2026-09-27T11:31:48.147961Z Normal ScalingReplicaSet Scaled up replica set prometheus-2093ca8f to 3 from 1
2026-09-27T11:31:52.147961Z Normal AddedInterface Add eth0 [10.103.64.195] from eni eni-66d170ea4e24
2026-09-27T11:31:56.147961Z Normal ScalingReplicaSet Scaled up replica set loki-09c34201 to 4 from 1
2026-09-27T11:31:59.147961Z Normal Started Started container proxy
2026-09-27T11:32:03.147961Z Normal ScalingReplicaSet Scaled up replica set pay-api-964fd630 to 5 from 0
2026-09-27T11:32:06.147961Z Warning OOMKilled Container agent in pod kube-system/aws-node-bb4026 was killed due to OOM
2026-09-27T11:32:10.147961Z Normal Created Created container proxy
2026-09-27T11:32:14.147961Z Normal SuccessfulCreate Created pod: auth-api-bdb9f4
2026-09-27T11:32:17.147961Z Normal AddedInterface Add eth0 [10.104.55.193] from eni eni-dc2ce73492b7
2026-09-27T11:32:21.147961Z Warning TLSHandshakeTimeout net/http: TLS handshake timeout
2026-09-27T11:32:24.147961Z Normal Created Created container app
2026-09-27T11:32:28.147961Z Normal ScalingReplicaSet Scaled up replica set api-dc3ac68c to 3 from 2
2026-09-27T11:32:32.147961Z Normal AddedInterface Add eth0 [10.59.77.4] from eni eni-bf58f38ecca7
2026-09-27T11:32:35.147961Z Normal Pulled Container image "python:3.11-slim" already present on machine
2026-09-27T11:32:39.147961Z Normal LeaderElection frontend-e52f49 became leader
2026-09-27T11:32:42.147961Z Normal SuccessfulCreate Created pod: pay-api-b45cf3
2026-09-27T11:32:46.147961Z Normal Scheduled Successfully assigned kube-system/aws-node-d11c65 to ip-10-0-5-20.ec2.internal
2026-09-27T11:32:50.147961Z Normal Created Created container sidecar
2026-09-27T11:32:53.147961Z Warning Unhealthy Readiness probe failed: Get "http://10.175.24.209:443/health": dial tcp 10.175.24.209:443: i/o timeout
2026-09-27T11:32:57.147961Z Normal LeaderElection auth-api-3e6e12 became leader
2026-09-27T11:33:00.147961Z Normal Created Created container app
2026-09-27T11:33:04.147961Z Normal AddedInterface Add eth0 [10.137.12.228] from eni eni-c1fbba60efbf
2026-09-27T11:33:08.147961Z Normal Pulled Container image "ghcr.io/company/pay-api:2.3.1" already present on machine
2026-09-27T11:33:11.147961Z Normal LeaderElection oauth-edef6c became leader
2026-09-27T11:33:15.147961Z Normal SuccessfulCreate Created pod: aws-node-86f8d1
2026-09-27T11:33:18.147961Z Normal AddedInterface Add eth0 [10.54.167.172] from eni eni-3b3d513703cf
2026-09-27T11:33:22.147961Z Normal Started Started container app
2026-09-27T11:33:26.147961Z Normal Started Started container app
2026-09-27T11:33:29.147961Z Normal LeaderElection api-3b4697 became leader
2026-09-27T11:33:33.147961Z Normal SuccessfulCreate Created pod: pay-api-2e257f
2026-09-27T11:33:36.147961Z Normal Started Started container app
2026-09-27T11:33:40.147961Z Normal AddedInterface Add eth0 [10.174.138.253] from eni eni-b336a669c2df
2026-09-27T11:33:44.147961Z Normal Pulled Container image "busybox:1.36" already present on machine
2026-09-27T11:33:47.147961Z Normal ScalingReplicaSet Scaled up replica set metrics-server-199ccfac to 6 from 0
2026-09-27T11:33:51.147961Z Normal Scheduled Successfully assigned observability/prometheus-725981 to ip-10-0-1-30.ec2.internal
2026-09-27T11:33:54.147961Z Normal Started Started container proxy
2026-09-27T11:33:58.147961Z Normal Pulled Container image "ghcr.io/company/auth-api:1.9.0" already present on machine
2026-09-27T11:34:02.147961Z Normal ScalingReplicaSet Scaled up replica set loki-39db359a to 4 from 0
2026-09-27T11:34:05.147961Z Normal ScalingReplicaSet Scaled up replica set ingress-nginx-controller-69580301 to 6 from 1
2026-09-27T11:34:09.147961Z Normal Synced Successfully synced ingress-nginx-controller-9427a9
2026-09-27T11:34:12.147961Z Normal Synced Successfully synced ingress-nginx-controller-e84f50
2026-09-27T11:34:16.147961Z Warning FailedScheduling 0/4 nodes are available: preemption: 0/5 nodes are available: No preemption victims found for incoming pod
2026-09-27T11:34:20.147961Z Normal Synced Successfully synced ingress-nginx-controller-eed1ad
2026-09-27T11:34:23.147961Z Warning FailedMount Unable to attach or mount volumes: timed out waiting for the condition
2026-09-27T11:34:27.147961Z Normal Scheduled Successfully assigned observability/grafana-63b0d0 to ip-10-0-2-40.ec2.internal
2026-09-27T11:34:30.147961Z Normal Synced Successfully synced pay-worker-b1bce6
2026-09-27T11:34:34.147961Z Normal Synced Successfully synced pay-worker-5b2fa2
2026-09-27T11:34:38.147961Z Normal LeaderElection grafana-e60de1 became leader
2026-09-27T11:34:41.147961Z Normal Started Started container agent
2026-09-27T11:34:45.147961Z Normal Scheduled Successfully assigned observability/prometheus-1ae808 to ip-10-0-3-10.ec2.internal
2026-09-27T11:34:48.147961Z Normal Created Created container sidecar
2026-09-27T11:34:52.147961Z Normal Started Started container sidecar
2026-09-27T11:34:56.147961Z Normal ScalingReplicaSet Scaled up replica set aws-node-51997542 to 4 from 2
2026-09-27T11:34:59.147961Z Normal Created Created container sidecar
2026-09-27T11:35:03.147961Z Normal SuccessfulCreate Created pod: pay-api-9f9e7f
2026-09-27T11:35:06.147961Z Normal Synced Successfully synced ingress-nginx-controller-fe3ca6
2026-09-27T11:35:10.147961Z Normal Created Created container sidecar
2026-09-27T11:35:14.147961Z Normal Pulled Container image "python:3.11-slim" already present on machine
2026-09-27T11:35:17.147961Z Normal Scheduled Successfully assigned observability/grafana-1b80da to ip-10-0-3-20.ec2.internal
2026-09-27T11:35:21.147961Z Normal SuccessfulCreate Created pod: grafana-267d7a
2026-09-27T11:35:24.147961Z Normal Pulled Container image "public.ecr.aws/eks/aws-node:v1.14.1" already present on machine
2026-09-27T11:35:28.147961Z Normal Started Started container proxy
2026-09-27T11:35:32.147961Z Normal Created Created container sidecar
2026-09-27T11:35:35.147961Z Normal Started Started container proxy
2026-09-27T11:35:39.147961Z Normal Scheduled Successfully assigned observability/grafana-9eb2b4 to ip-10-0-1-20.ec2.internal
2026-09-27T11:35:42.147961Z Normal LeaderElection ingress-nginx-controller-cd9605 became leader
2026-09-27T11:35:46.147961Z Normal Started Started container app
2026-09-27T11:35:50.147961Z Normal AddedInterface Add eth0 [10.162.156.19] from eni eni-7411ace02ac2
2026-09-27T11:35:53.147961Z Normal AddedInterface Add eth0 [10.180.38.196] from eni eni-bf514648523c
2026-09-27T11:35:57.147961Z Normal LeaderElection pay-api-d8b659 became leader
2026-09-27T11:36:00.147961Z Normal LeaderElection pay-api-1731ac became leader
2026-09-27T11:36:04.147961Z Normal Started Started container proxy
2026-09-27T11:36:08.147961Z Normal Started Started container sidecar
2026-09-27T11:36:11.147961Z Normal AddedInterface Add eth0 [10.34.7.176] from eni eni-5a4539b2b3c4
2026-09-27T11:36:15.147961Z Normal AddedInterface Add eth0 [10.15.217.112] from eni eni-4f0b01a2ab62
2026-09-27T11:36:18.147961Z Normal Pulled Container image "registry.k8s.io/coredns/coredns:v1.11.1" already present on machine
2026-09-27T11:36:22.147961Z Normal Created Created container sidecar
2026-09-27T11:36:26.147961Z Normal Created Created container app
2026-09-27T11:36:29.147961Z Normal Created Created container app
2026-09-27T11:36:33.147961Z Normal Created Created container agent
2026-09-27T11:36:36.147961Z Normal Started Started container sidecar
2026-09-27T11:36:40.147961Z Normal Scheduled Successfully assigned payments/pay-worker-54c0c1 to ip-10-0-2-40.ec2.internal
2026-09-27T11:36:44.147961Z Normal Created Created container agent
2026-09-27T11:36:47.147961Z Normal Scheduled Successfully assigned default/worker-d4a54f to ip-10-0-1-10.ec2.internal
2026-09-27T11:36:51.147961Z Normal SuccessfulCreate Created pod: auth-api-8b0648
2026-09-27T11:36:54.147961Z Normal Scheduled Successfully assigned auth/auth-api-cedb25 to ip-10-0-4-40.ec2.internal
2026-09-27T11:36:58.147961Z Normal Synced Successfully synced ingress-nginx-controller-c9e96f
2026-09-27T11:37:02.147961Z Normal Scheduled Successfully assigned auth/oauth-1db2f1 to ip-10-0-3-30.ec2.internal
2026-09-27T11:37:05.147961Z Normal Started Started container app
2026-09-27T11:37:09.147961Z Normal Pulled Container image "nginx:1.25" already present on machine
2026-09-27T11:37:12.147961Z Normal SuccessfulCreate Created pod: metrics-server-74c7ec
2026-09-27T11:37:16.147961Z Normal AddedInterface Add eth0 [10.240.35.118] from eni eni-4d4de5487d29
2026-09-27T11:37:20.147961Z Warning DiskPressure Node ip-10-0-4-10.ec2.internal status is now: NodeHasDiskPressure
2026-09-27T11:37:23.147961Z Normal Scheduled Successfully assigned payments/pay-worker-39992c to ip-10-0-3-50.ec2.internal
2026-09-27T11:37:27.147961Z Normal ScalingReplicaSet Scaled up replica set auth-api-2ceb6402 to 6 from 1
2026-09-27T11:37:30.147961Z Warning FailedMount Unable to attach or mount volumes: timed out waiting for the condition
2026-09-27T11:37:34.147961Z Normal AddedInterface Add eth0 [10.34.217.244] from eni eni-52ee6c19e34b
2026-09-27T11:37:38.147961Z Normal ScalingReplicaSet Scaled up replica set metrics-server-4f54978f to 5 from 2
2026-09-27T11:37:41.147961Z Normal AddedInterface Add eth0 [10.197.167.208] from eni eni-2c437f9e860f
2026-09-27T11:37:45.147961Z Normal LeaderElection coredns-161dfe became leader
2026-09-27T11:37:48.147961Z Normal Scheduled Successfully assigned auth/oauth-b524dc to ip-10-0-1-40.ec2.internal
2026-09-27T11:37:52.147961Z Normal Scheduled Successfully assigned payments/pay-worker-2cdb17 to ip-10-0-2-20.ec2.internal
2026-09-27T11:37:56.147961Z Normal SuccessfulCreate Created pod: pay-worker-fceaa6
2026-09-27T11:37:59.147961Z Normal Scheduled Successfully assigned observability/grafana-1bfd8a to ip-10-0-1-20.ec2.internal
2026-09-27T11:38:03.147961Z Normal SuccessfulCreate Created pod: pay-api-9053a8
2026-09-27T11:38:06.147961Z Normal LeaderElection kube-proxy-0dc6d8 became leader
2026-09-27T11:38:10.147961Z Normal Scheduled Successfully assigned observability/grafana-4868ea to ip-10-0-3-50.ec2.internal
2026-09-27T11:38:14.147961Z Normal Started Started container app
2026-09-27T11:38:17.147961Z Normal Scheduled Successfully assigned ingress-nginx/ingress-nginx-controller-7dfab4 to ip-10-0-4-10.ec2.internal
2026-09-27T11:38:21.147961Z Normal Scheduled Successfully assigned default/api-43a257 to ip-10-0-1-40.ec2.internal
2026-09-27T11:38:24.147961Z Warning DNSConfigForming Nameserver limits were exceeded, some nameservers have been omitted, the applied nameserver line is: 10.91.234.41 10.12.150.54 10.51.249.233 10.208.236.102 10.69.85.218
2026-09-27T11:38:28.147961Z Normal SuccessfulCreate Created pod: ingress-nginx-controller-d565e1
2026-09-27T11:38:32.147961Z Normal AddedInterface Add eth0 [10.144.196.207] from eni eni-769979cf3963
2026-09-27T11:38:35.147961Z Warning DNSConfigForming Nameserver limits were exceeded, some nameservers have been omitted, the applied nameserver line is: 10.201.33.61 10.131.15.180 10.241.115.24 10.69.79.203 10.28.221.99
2026-09-27T11:38:39.147961Z Normal Pulled Container image "public.ecr.aws/eks/aws-node:v1.14.1" already present on machine
2026-09-27T11:38:42.147961Z Normal Scheduled Successfully assigned observability/prometheus-2b0895 to ip-10-0-3-10.ec2.internal
2026-09-27T11:38:46.147961Z Normal Synced Successfully synced api-92bc28
2026-09-27T11:38:50.147961Z Normal Scheduled Successfully assigned auth/oauth-d11750 to ip-10-0-2-50.ec2.internal
2026-09-27T11:38:53.147961Z Normal ScalingReplicaSet Scaled up replica set ingress-nginx-controller-859b96fb to 2 from 2
2026-09-27T11:38:57.147961Z Normal ScalingReplicaSet Scaled up replica set pay-worker-f789dc03 to 6 from 1
2026-09-27T11:39:00.147961Z Normal ScalingReplicaSet Scaled up replica set auth-api-252bbce3 to 4 from 0
2026-09-27T11:39:04.147961Z Normal AddedInterface Add eth0 [10.185.38.222] from eni eni-447af70775b3
2026-09-27T11:39:08.147961Z Normal ScalingReplicaSet Scaled up replica set prometheus-6486ea57 to 6 from 2
2026-09-27T11:39:11.147961Z Normal Pulled Container image "registry.k8s.io/coredns/coredns:v1.11.1" already present on machine
2026-09-27T11:39:15.147961Z Normal Created Created container agent
2026-09-27T11:39:18.147961Z Warning NodeNotReady Node ip-10-0-1-10.ec2.internal status is now: NodeNotReady
2026-09-27T11:39:22.147961Z Normal SuccessfulCreate Created pod: ingress-nginx-controller-00ef69
2026-09-27T11:39:26.147961Z Normal Started Started container app
2026-09-27T11:39:29.147961Z Normal Pulled Container image "ghcr.io/company/pay-api:2.3.1" already present on machine
2026-09-27T11:39:33.147961Z Normal Synced Successfully synced pay-worker-c5ee8f
2026-09-27T11:39:36.147961Z Warning DNSConfigForming Nameserver limits were exceeded, some nameservers have been omitted, the applied nameserver line is: 10.134.164.154 10.38.88.100 10.2.76.1 10.125.114.21 10.132.221.95
2026-09-27T11:39:40.147961Z Normal SuccessfulCreate Created pod: pay-api-49cfc5
2026-09-27T11:39:44.147961Z Normal ScalingReplicaSet Scaled up replica set prometheus-8a0ea607 to 2 from 2
2026-09-27T11:39:47.147961Z Warning OOMKilled Container agent in pod payments/pay-api-d3695a was killed due to OOM
2026-09-27T11:39:51.147961Z Normal ScalingReplicaSet Scaled up replica set ingress-nginx-controller-7f5d9177 to 4 from 2
2026-09-27T11:39:54.147961Z Warning DiskPressure Node ip-10-0-5-20.ec2.internal status is now: NodeHasDiskPressure
2026-09-27T11:39:58.147961Z Normal ScalingReplicaSet Scaled up replica set api-2bcf60b5 to 4 from 2
2026-09-27T11:40:02.147961Z Normal Scheduled Successfully assigned payments/pay-api-2b3ff0 to ip-10-0-2-10.ec2.internal
2026-09-27T11:40:05.147961Z Normal ScalingReplicaSet Scaled up replica set oauth-7d768b9f to 3 from 1
2026-09-27T11:40:09.147961Z Normal Started Started container sidecar
2026-09-27T11:40:12.147961Z Normal Created Created container app
2026-09-27T11:40:16.147961Z Normal Synced Successfully synced web-d57ce5
2026-09-27T11:40:20.147961Z Normal SuccessfulCreate Created pod: pay-api-86ab30
2026-09-27T11:40:23.147961Z Normal Synced Successfully synced prometheus-a61ed0
2026-09-27T11:40:27.147961Z Normal AddedInterface Add eth0 [10.228.173.13] from eni eni-856d7df80ce0
2026-09-27T11:40:30.147961Z Normal Started Started container agent
2026-09-27T11:40:34.147961Z Normal SuccessfulCreate Created pod: oauth-45cd6d
2026-09-27T11:40:38.147961Z Normal Started Started container agent
2026-09-27T11:40:41.147961Z Normal Pulled Container image "ghcr.io/company/pay-api:2.3.1" already present on machine
2026-09-27T11:40:45.147961Z Normal AddedInterface Add eth0 [10.227.231.135] from eni eni-dc58bb1a2d5e
2026-09-27T11:40:48.147961Z Normal ScalingReplicaSet Scaled up replica set ingress-nginx-controller-98794018 to 6 from 0
2026-09-27T11:40:52.147961Z Normal Scheduled Successfully assigned ingress-nginx/ingress-nginx-controller-13a573 to ip-10-0-1-40.ec2.internal
2026-09-27T11:40:56.147961Z Normal LeaderElection grafana-959444 became leader
2026-09-27T11:40:59.147961Z Normal Created Created container proxy
2026-09-27T11:41:03.147961Z Normal Scheduled Successfully assigned auth/auth-api-1a07ac to ip-10-0-1-10.ec2.internal
2026-09-27T11:41:06.147961Z Normal LeaderElection prometheus-0ab68e became leader
2026-09-27T11:41:10.147961Z Normal SuccessfulCreate Created pod: ingress-nginx-controller-eff26b
2026-09-27T11:41:14.147961Z Normal AddedInterface Add eth0 [10.201.216.90] from eni eni-3cd12786ed96
2026-09-27T11:41:17.147961Z Warning MemPressure Node ip-10-0-3-50.ec2.internal status is now: NodeHasMemoryPressure
2026-09-27T11:41:21.147961Z Normal SuccessfulCreate Created pod: oauth-7715ae
2026-09-27T11:41:24.147961Z Normal SuccessfulCreate Created pod: pay-api-4b76dc
2026-09-27T11:41:28.147961Z Normal Created Created container proxy
2026-09-27T11:41:32.147961Z Normal LeaderElection grafana-4873d2 became leader
2026-09-27T11:41:35.147961Z Normal Scheduled Successfully assigned ingress-nginx/ingress-nginx-controller-dff81b to ip-10-0-3-20.ec2.internal
2026-09-27T11:41:39.147961Z Normal SuccessfulCreate Created pod: web-90ed53
2026-09-27T11:41:42.147961Z Normal Started Started container proxy
2026-09-27T11:41:46.147961Z Normal Pulled Container image "registry.k8s.io/coredns/coredns:v1.11.1" already present on machine
2026-09-27T11:41:50.147961Z Normal Pulled Container image "nginx:1.25" already present on machine
2026-09-27T11:41:53.147961Z Normal AddedInterface Add eth0 [10.228.236.223] from eni eni-bcddce284e66
2026-09-27T11:41:57.147961Z Normal Created Created container sidecar
2026-09-27T11:42:00.147961Z Normal SuccessfulCreate Created pod: kube-proxy-bd688c
2026-09-27T11:42:04.147961Z Normal Created Created container app
2026-09-27T11:42:08.147961Z Normal Started Started container sidecar
2026-09-27T11:42:11.147961Z Normal Pulled Container image "python:3.11-slim" already present on machine
2026-09-27T11:42:15.147961Z Normal Pulled Container image "python:3.11-slim" already present on machine
2026-09-27T11:42:18.147961Z Normal ScalingReplicaSet Scaled up replica set ingress-nginx-controller-6746f350 to 6 from 1
2026-09-27T11:42:22.147961Z Normal Started Started container sidecar
2026-09-27T11:42:26.147961Z Normal Created Created container proxy
2026-09-27T11:42:29.147961Z Normal Synced Successfully synced ingress-nginx-controller-4410b6
2026-09-27T11:42:33.147961Z Normal Synced Successfully synced coredns-632150
2026-09-27T11:42:36.147961Z Normal Scheduled Successfully assigned ingress-nginx/ingress-nginx-controller-75e474 to ip-10-0-3-20.ec2.internal
2026-09-27T11:42:40.147961Z Warning FailedScheduling 0/4 nodes are available: 0/5 nodes available: pod has unbound immediate PersistentVolumeClaims
2026-09-27T11:42:44.147961Z Normal Pulled Container image "python:3.11-slim" already present on machine
2026-09-27T11:42:47.147961Z Warning OOMKilled Container agent in pod kube-system/aws-node-ffa313 was killed due to OOM
2026-09-27T11:42:51.147961Z Normal SuccessfulCreate Created pod: metrics-server-8162bc
2026-09-27T11:42:54.147961Z Normal AddedInterface Add eth0 [10.225.179.135] from eni eni-4bcbf4861ecd
2026-09-27T11:42:58.147961Z Normal SuccessfulCreate Created pod: ingress-nginx-controller-d406f6
2026-09-27T11:43:02.147961Z Normal SuccessfulCreate Created pod: frontend-ba5909
2026-09-27T11:43:05.147961Z Normal Pulled Container image "python:3.11-slim" already present on machine
2026-09-27T11:43:09.147961Z Normal Scheduled Successfully assigned auth/oauth-9ca56d to ip-10-0-3-10.ec2.internal
2026-09-27T11:43:12.147961Z Normal AddedInterface Add eth0 [10.179.58.113] from eni eni-ce06a27aea9c
2026-09-27T11:43:16.147961Z Normal Created Created container app
2026-09-27T11:43:20.147961Z Normal Started Started container sidecar
2026-09-27T11:43:23.147961Z Normal Pulled Container image "busybox:1.36" already present on machine
2026-09-27T11:43:27.147961Z Normal Synced Successfully synced frontend-0ab5eb
2026-09-27T11:43:30.147961Z Normal LeaderElection pay-api-0cf8ce became leader
2026-09-27T11:43:34.147961Z Normal ScalingReplicaSet Scaled up replica set pay-worker-86bdea62 to 2 from 1
2026-09-27T11:43:38.147961Z Normal Created Created container proxy
2026-09-27T11:43:41.147961Z Normal SuccessfulCreate Created pod: prometheus-e4f673
2026-09-27T11:43:45.147961Z Normal Synced Successfully synced grafana-f4520f
2026-09-27T11:43:48.147961Z Warning ErrImagePull Failed to pull image "ghcr.io/company/pay-api:2.3.1": rpc error: code = Unknown desc = Error response from daemon: pull access denied
2026-09-27T11:43:52.147961Z Normal AddedInterface Add eth0 [10.65.54.82] from eni eni-072e7b36d1d8
2026-09-27T11:43:56.147961Z Normal Created Created container agent
2026-09-27T11:43:59.147961Z Normal AddedInterface Add eth0 [10.1.218.177] from eni eni-901dfb9613b2
2026-09-27T11:44:03.147961Z Normal Created Created container agent
2026-09-27T11:44:06.147961Z Normal ScalingReplicaSet Scaled up replica set pay-worker-7f27b0ae to 6 from 1
2026-09-27T11:44:10.147961Z Normal Created Created container agent
2026-09-27T11:44:14.147961Z Normal AddedInterface Add eth0 [10.33.13.161] from eni eni-59825467b49d
2026-09-27T11:44:17.147961Z Warning BackOff Back-off restarting failed container agent in pod kube-system/kube-proxy-9cba63
2026-09-27T11:44:21.147961Z Normal SuccessfulCreate Created pod: pay-api-834757
2026-09-27T11:44:24.147961Z Normal SuccessfulCreate Created pod: grafana-aedcd5
2026-09-27T11:44:28.147961Z Normal SuccessfulCreate Created pod: auth-api-fe9c18
2026-09-27T11:44:32.147961Z Normal Started Started container agent
2026-09-27T11:44:35.147961Z Normal Started Started container agent
2026-09-27T11:44:39.147961Z Normal Scheduled Successfully assigned default/worker-14af59 to ip-10-0-5-10.ec2.internal
2026-09-27T11:44:42.147961Z Normal Created Created container sidecar
2026-09-27T11:44:46.147961Z Normal Synced Successfully synced prometheus-e8daae
2026-09-27T11:44:50.147961Z Normal AddedInterface Add eth0 [10.52.114.229] from eni eni-0d22f8f509f6
2026-09-27T11:44:53.147961Z Normal ScalingReplicaSet Scaled up replica set auth-api-e9b6e858 to 4 from 1
2026-09-27T11:44:57.147961Z Normal Pulled Container image "python:3.11-slim" already present on machine
2026-09-27T11:45:00.147961Z Normal SuccessfulCreate Created pod: pay-worker-9dcc27
2026-09-27T11:45:04.147961Z Normal Pulled Container image "ghcr.io/company/pay-api:2.3.1" already present on machine
2026-09-27T11:45:08.147961Z Normal LeaderElection frontend-630c26 became leader
2026-09-27T11:45:11.147961Z Normal AddedInterface Add eth0 [10.94.220.67] from eni eni-ac53f4da6fca
2026-09-27T11:45:15.147961Z Normal Synced Successfully synced pay-worker-8c5faf
2026-09-27T11:45:18.147961Z Normal Started Started container proxy
2026-09-27T11:45:22.147961Z Warning TLSHandshakeTimeout net/http: TLS handshake timeout
2026-09-27T11:45:26.147961Z Normal Pulled Container image "nginx:1.25" already present on machine
2026-09-27T11:45:29.147961Z Normal Created Created container agent
2026-09-27T11:45:33.147961Z Normal Synced Successfully synced pay-worker-244bf1
2026-09-27T11:45:36.147961Z Normal Started Started container sidecar
2026-09-27T11:45:40.147961Z Normal LeaderElection api-eb7248 became leader
2026-09-27T11:45:44.147961Z Normal AddedInterface Add eth0 [10.171.63.149] from eni eni-a0f93dd0c81a
2026-09-27T11:45:47.147961Z Normal Started Started container agent
2026-09-27T11:45:51.147961Z Normal Scheduled Successfully assigned observability/loki-8457db to ip-10-0-4-10.ec2.internal
2026-09-27T11:45:54.147961Z Normal Started Started container sidecar
2026-09-27T11:45:58.147961Z Normal Pulled Container image "public.ecr.aws/eks/aws-node:v1.14.1" already present on machine
2026-09-27T11:46:02.147961Z Normal LeaderElection ingress-nginx-controller-e444fe became leader
2026-09-27T11:46:05.147961Z Normal Started Started container sidecar
2026-09-27T11:46:09.147961Z Normal Pulled Container image "python:3.11-slim" already present on machine
2026-09-27T11:46:12.147961Z Normal SuccessfulCreate Created pod: pay-worker-1c7ee5
2026-09-27T11:46:16.147961Z Normal Created Created container sidecar
2026-09-27T11:46:20.147961Z Normal Scheduled Successfully assigned default/api-8f1d35 to ip-10-0-3-40.ec2.internal
2026-09-27T11:46:23.147961Z Normal AddedInterface Add eth0 [10.254.9.102] from eni eni-6d12c3710967
2026-09-27T11:46:27.147961Z Warning NodeNotReady Node ip-10-0-5-10.ec2.internal status is now: NodeNotReady
2026-09-27T11:46:30.147961Z Normal LeaderElection coredns-4f18cf became leader
2026-09-27T11:46:34.147961Z Normal Synced Successfully synced frontend-43046d
2026-09-27T11:46:38.147961Z Normal Created Created container sidecar
2026-09-27T11:46:41.147961Z Normal Started Started container proxy
2026-09-27T11:46:45.147961Z Normal ScalingReplicaSet Scaled up replica set grafana-b77d943c to 6 from 1
2026-09-27T11:46:48.147961Z Normal LeaderElection pay-api-b7f645 became leader
2026-09-27T11:46:52.147961Z Normal AddedInterface Add eth0 [10.187.8.72] from eni eni-9d63a9657997
2026-09-27T11:46:56.147961Z Normal Pulled Container image "ghcr.io/company/pay-api:2.3.1" already present on machine
2026-09-27T11:46:59.147961Z Normal ScalingReplicaSet Scaled up replica set web-10eb8c69 to 5 from 2
2026-09-27T11:47:03.147961Z Normal Started Started container app
2026-09-27T11:47:06.147961Z Warning Unhealthy Readiness probe failed: Get "http://10.196.27.176:443/health": dial tcp 10.196.27.176:443: i/o timeout
2026-09-27T11:47:10.147961Z Normal ScalingReplicaSet Scaled up replica set pay-api-105d2eda to 2 from 2
2026-09-27T11:47:14.147961Z Normal LeaderElection web-2a1d7f became leader
2026-09-27T11:47:17.147961Z Normal Started Started container proxy
2026-09-27T11:47:21.147961Z Normal LeaderElection ingress-nginx-controller-48c928 became leader
2026-09-27T11:47:24.147961Z Normal SuccessfulCreate Created pod: loki-db684d
2026-09-27T11:47:28.147961Z Normal Synced Successfully synced grafana-efd65d
2026-09-27T11:47:32.147961Z Normal Pulled Container image "busybox:1.36" already present on machine
2026-09-27T11:47:35.147961Z Normal AddedInterface Add eth0 [10.134.59.41] from eni eni-044bb502a980
2026-09-27T11:47:39.147961Z Normal SuccessfulCreate Created pod: grafana-8c8113
2026-09-27T11:47:42.147961Z Normal Scheduled Successfully assigned default/frontend-aa92d2 to ip-10-0-3-30.ec2.internal
2026-09-27T11:47:46.147961Z Normal Started Started container app
2026-09-27T11:47:50.147961Z Normal Scheduled Successfully assigned default/api-0cc8ec to ip-10-0-3-50.ec2.internal
2026-09-27T11:47:53.147961Z Normal ScalingReplicaSet Scaled up replica set pay-worker-03b23c1b to 4 from 0
2026-09-27T11:47:57.147961Z Normal SuccessfulCreate Created pod: pay-api-00af16
2026-09-27T11:48:00.147961Z Normal SuccessfulCreate Created pod: ingress-nginx-controller-ca625e
2026-09-27T11:48:04.147961Z Normal SuccessfulCreate Created pod: kube-proxy-1bafbc
2026-09-27T11:48:08.147961Z Normal ScalingReplicaSet Scaled up replica set web-6818b7a8 to 6 from 0
2026-09-27T11:48:11.147961Z Normal SuccessfulCreate Created pod: kube-proxy-c94c9f
2026-09-27T11:48:15.147961Z Normal SuccessfulCreate Created pod: coredns-8af853
2026-09-27T11:48:18.147961Z Normal Scheduled Successfully assigned ingress-nginx/ingress-nginx-controller-f58bbb to ip-10-0-4-10.ec2.internal
2026-09-27T11:48:22.147961Z Warning NodeNotReady Node ip-10-0-5-10.ec2.internal status is now: NodeNotReady
2026-09-27T11:48:26.147961Z Normal ScalingReplicaSet Scaled up replica set ingress-nginx-controller-b6fd4e4b to 3 from 1
2026-09-27T11:48:29.147961Z Normal Started Started container proxy
2026-09-27T11:48:33.147961Z Normal ScalingReplicaSet Scaled up replica set web-16e39ea4 to 3 from 2
2026-09-27T11:48:36.147961Z Normal AddedInterface Add eth0 [10.179.247.236] from eni eni-fb89d5af7dc6
2026-09-27T11:48:40.147961Z Normal Created Created container proxy
2026-09-27T11:48:44.147961Z Normal Synced Successfully synced pay-api-2b0406
2026-09-27T11:48:47.147961Z Normal Pulled Container image "registry.k8s.io/coredns/coredns:v1.11.1" already present on machine
2026-09-27T11:48:51.147961Z Normal LeaderElection loki-671a4c became leader
2026-09-27T11:48:54.147961Z Normal Synced Successfully synced kube-proxy-53c09e
2026-09-27T11:48:58.147961Z Normal Synced Successfully synced api-03a697
2026-09-27T11:49:02.147961Z Normal Synced Successfully synced pay-worker-10dc8a
2026-09-27T11:49:05.147961Z Normal Scheduled Successfully assigned payments/pay-worker-174b1a to ip-10-0-1-40.ec2.internal
2026-09-27T11:49:09.147961Z Normal Started Started container app
2026-09-27T11:49:12.147961Z Normal Pulled Container image "registry.k8s.io/coredns/coredns:v1.11.1" already present on machine
2026-09-27T11:49:16.147961Z Normal Pulled Container image "nginx:1.25" already present on machine
2026-09-27T11:49:20.147961Z Normal SuccessfulCreate Created pod: coredns-cfcd4b
2026-09-27T11:49:23.147961Z Normal Created Created container agent
2026-09-27T11:49:27.147961Z Warning TLSHandshakeTimeout net/http: TLS handshake timeout
2026-09-27T11:49:30.147961Z Normal ScalingReplicaSet Scaled up replica set auth-api-6e78489b to 2 from 2
2026-09-27T11:49:34.147961Z Normal Synced Successfully synced coredns-09b835
2026-09-27T11:49:38.147961Z Normal SuccessfulCreate Created pod: web-418f46
2026-09-27T11:49:41.147961Z Normal ScalingReplicaSet Scaled up replica set prometheus-b63968c9 to 6 from 2
2026-09-27T11:49:45.147961Z Normal Started Started container app
2026-09-27T11:49:48.147961Z Normal ScalingReplicaSet Scaled up replica set api-5acc2cfd to 3 from 1
2026-09-27T11:49:52.147961Z Normal Scheduled Successfully assigned default/worker-c57ceb to ip-10-0-3-40.ec2.internal
2026-09-27T11:49:56.147961Z Normal Pulled Container image "python:3.11-slim" already present on machine
2026-09-27T11:49:59.147961Z Normal SuccessfulCreate Created pod: grafana-417518
2026-09-27T11:50:03.147961Z Warning CrashLoopBackOff pod/pay-worker-5ba6e7 CrashLoopBackOff
2026-09-27T11:50:06.147961Z Normal ScalingReplicaSet Scaled up replica set prometheus-fb3c37b7 to 2 from 1
2026-09-27T11:50:10.147961Z Normal Pulled Container image "public.ecr.aws/eks/aws-node:v1.14.1" already present on machine
2026-09-27T11:50:14.147961Z Normal ScalingReplicaSet Scaled up replica set pay-api-a001148e to 4 from 0
2026-09-27T11:50:17.147961Z Normal Synced Successfully synced auth-api-d55cc5
2026-09-27T11:50:21.147961Z Normal ScalingReplicaSet Scaled up replica set ingress-nginx-controller-5aca9460 to 2 from 1
2026-09-27T11:50:24.147961Z Warning FailedCreate Error creating: pods "ingress-nginx-controller-59a28e" is forbidden: error looking up service account ingress-nginx/default: serviceaccount "default" not found
2026-09-27T11:50:28.147961Z Normal AddedInterface Add eth0 [10.130.139.245] from eni eni-74dcfe928703
2026-09-27T11:50:32.147961Z Normal ScalingReplicaSet Scaled up replica set web-a66baa34 to 4 from 2
2026-09-27T11:50:35.147961Z Normal SuccessfulCreate Created pod: pay-worker-c299dd
2026-09-27T11:50:39.147961Z Warning FailedScheduling 0/3 nodes are available: preemption: 0/5 nodes are available: No preemption victims found for incoming pod
2026-09-27T11:50:42.147961Z Normal Pulled Container image "public.ecr.aws/eks/aws-node:v1.14.1" already present on machine
2026-09-27T11:50:46.147961Z Normal Pulled Container image "registry.k8s.io/coredns/coredns:v1.11.1" already present on machine
2026-09-27T11:50:50.147961Z Normal SuccessfulCreate Created pod: aws-node-00e737
2026-09-27T11:50:53.147961Z Normal SuccessfulCreate Created pod: pay-worker-f5b809
2026-09-27T11:50:57.147961Z Normal SuccessfulCreate Created pod: auth-api-5c62d2
2026-09-27T11:51:00.147961Z Normal SuccessfulCreate Created pod: ingress-nginx-controller-5ef242
2026-09-27T11:51:04.147961Z Normal Created Created container agent
2026-09-27T11:51:08.147961Z Normal Synced Successfully synced ingress-nginx-controller-9c3688
2026-09-27T11:51:11.147961Z Normal ScalingReplicaSet Scaled up replica set oauth-3f1fda71 to 2 from 2
2026-09-27T11:51:15.147961Z Normal LeaderElection frontend-bc9d6c became leader
2026-09-27T11:51:18.147961Z Normal SuccessfulCreate Created pod: pay-api-22360c
2026-09-27T11:51:22.147961Z Normal Synced Successfully synced auth-api-def7a2
2026-09-27T11:51:26.147961Z Normal SuccessfulCreate Created pod: web-e26cdf
2026-09-27T11:51:29.147961Z Normal Scheduled Successfully assigned payments/pay-worker-b38495 to ip-10-0-1-40.ec2.internal
2026-09-27T11:51:33.147961Z Warning DNSConfigForming Nameserver limits were exceeded, some nameservers have been omitted, the applied nameserver line is: 10.164.234.208 10.165.67.95 10.199.110.126 10.132.136.240 10.137.182.87
2026-09-27T11:51:36.147961Z Normal Scheduled Successfully assigned ingress-nginx/ingress-nginx-controller-8b55a1 to ip-10-0-3-30.ec2.internal
2026-09-27T11:51:40.147961Z Normal Created Created container app
2026-09-27T11:51:44.147961Z Normal Scheduled Successfully assigned auth/oauth-f4b4c2 to ip-10-0-5-20.ec2.internal
2026-09-27T11:51:47.147961Z Normal Created Created container sidecar
2026-09-27T11:51:51.147961Z Normal Synced Successfully synced kube-proxy-71d33d
2026-09-27T11:51:54.147961Z Normal LeaderElection oauth-40121d became leader
2026-09-27T11:51:58.147961Z Normal Pulled Container image "ghcr.io/company/auth-api:1.9.0" already present on machine
2026-09-27T11:52:02.147961Z Normal Synced Successfully synced worker-6b82e1
2026-09-27T11:52:05.147961Z Normal Synced Successfully synced auth-api-0fe08d
2026-09-27T11:52:09.147961Z Normal LeaderElection metrics-server-57c977 became leader
2026-09-27T11:52:12.147961Z Warning CrashLoopBackOff pod/loki-b5dbd0 CrashLoopBackOff
2026-09-27T11:52:16.147961Z Normal AddedInterface Add eth0 [10.129.78.56] from eni eni-ab0d9ed10692
2026-09-27T11:52:20.147961Z Normal Started Started container agent
2026-09-27T11:52:23.147961Z Normal Pulled Container image "nginx:1.25" already present on machine
2026-09-27T11:52:27.147961Z Normal Synced Successfully synced coredns-289140
2026-09-27T11:52:30.147961Z Normal Synced Successfully synced kube-proxy-0d26df
2026-09-27T11:52:34.147961Z Normal Synced Successfully synced kube-proxy-924bf1
2026-09-27T11:52:38.147961Z Normal Created Created container app
2026-09-27T11:52:41.147961Z Normal Pulled Container image "ghcr.io/company/auth-api:1.9.0" already present on machine
2026-09-27T11:52:45.147961Z Normal Created Created container app
2026-09-27T11:52:48.147961Z Normal LeaderElection aws-node-4048cb became leader
2026-09-27T11:52:52.147961Z Warning CrashLoopBackOff pod/prometheus-45eeab CrashLoopBackOff
2026-09-27T11:52:56.147961Z Normal Synced Successfully synced pay-worker-11c5a8
2026-09-27T11:52:59.147961Z Normal SuccessfulCreate Created pod: aws-node-b76e20
2026-09-27T11:53:03.147961Z Normal Started Started container sidecar
2026-09-27T11:53:06.147961Z Normal SuccessfulCreate Created pod: grafana-81b445
2026-09-27T11:53:10.147961Z Normal ScalingReplicaSet Scaled up replica set auth-api-ccdd1037 to 2 from 0
2026-09-27T11:53:14.147961Z Warning OOMKilled Container app in pod observability/loki-53e6da was killed due to OOM
2026-09-27T11:53:17.147961Z Normal SuccessfulCreate Created pod: worker-181519
2026-09-27T11:53:21.147961Z Normal Pulled Container image "nginx:1.25" already present on machine
2026-09-27T11:53:24.147961Z Normal ScalingReplicaSet Scaled up replica set auth-api-ccc18ebe to 4 from 1
2026-09-27T11:53:28.147961Z Normal SuccessfulCreate Created pod: api-4c08da
2026-09-27T11:53:32.147961Z Normal Scheduled Successfully assigned observability/loki-2d2a7d to ip-10-0-1-50.ec2.internal
2026-09-27T11:53:35.147961Z Normal Synced Successfully synced worker-3ae82e
2026-09-27T11:53:39.147961Z Normal LeaderElection kube-proxy-5b8d29 became leader
2026-09-27T11:53:42.147961Z Normal Synced Successfully synced pay-api-13b70c
2026-09-27T11:53:46.147961Z Normal Synced Successfully synced metrics-server-7ef86a
2026-09-27T11:53:50.147961Z Normal AddedInterface Add eth0 [10.41.234.90] from eni eni-8c720757959b
2026-09-27T11:53:53.147961Z Normal AddedInterface Add eth0 [10.145.188.93] from eni eni-52213aad79a1
2026-09-27T11:53:57.147961Z Normal Created Created container proxy
2026-09-27T11:54:00.147961Z Normal Created Created container agent
2026-09-27T11:54:04.147961Z Normal Pulled Container image "ghcr.io/company/auth-api:1.9.0" already present on machine
2026-09-27T11:54:08.147961Z Normal AddedInterface Add eth0 [10.146.238.161] from eni eni-6afe576b9dd8
2026-09-27T11:54:11.147961Z Normal Scheduled Successfully assigned default/api-9a0758 to ip-10-0-5-20.ec2.internal
2026-09-27T11:54:15.147961Z Normal Created Created container proxy
2026-09-27T11:54:18.147961Z Normal ScalingReplicaSet Scaled up replica set ingress-nginx-controller-2da674ec to 6 from 0
2026-09-27T11:54:22.147961Z Normal LeaderElection prometheus-5943b9 became leader
2026-09-27T11:54:26.147961Z Normal Started Started container app
2026-09-27T11:54:29.147961Z Normal SuccessfulCreate Created pod: auth-api-6908e8
2026-09-27T11:54:33.147961Z Normal Scheduled Successfully assigned payments/pay-worker-74f915 to ip-10-0-2-20.ec2.internal
2026-09-27T11:54:36.147961Z Normal Scheduled Successfully assigned payments/pay-worker-f84587 to ip-10-0-4-30.ec2.internal
2026-09-27T11:54:40.147961Z Normal LeaderElection api-85a928 became leader
2026-09-27T11:54:44.147961Z Normal Scheduled Successfully assigned ingress-nginx/ingress-nginx-controller-d34a58 to ip-10-0-4-10.ec2.internal
2026-09-27T11:54:47.147961Z Normal Synced Successfully synced auth-api-12649f
2026-09-27T11:54:51.147961Z Normal Pulled Container image "ghcr.io/company/pay-api:2.3.1" already present on machine
2026-09-27T11:54:54.147961Z Normal SuccessfulCreate Created pod: grafana-61fec5
2026-09-27T11:54:58.147961Z Normal Created Created container agent
2026-09-27T11:55:02.147961Z Normal ScalingReplicaSet Scaled up replica set ingress-nginx-controller-358c7b86 to 3 from 1
2026-09-27T11:55:05.147961Z Normal Pulled Container image "busybox:1.36" already present on machine
2026-09-27T11:55:09.147961Z Warning FailedCreate Error creating: pods "prometheus-c557fa" is forbidden: error looking up service account observability/default: serviceaccount "default" not found
2026-09-27T11:55:12.147961Z Normal Created Created container sidecar
2026-09-27T11:55:16.147961Z Normal Created Created container agent
2026-09-27T11:55:20.147961Z Normal Pulled Container image "busybox:1.36" already present on machine
2026-09-27T11:55:23.147961Z Normal ScalingReplicaSet Scaled up replica set pay-worker-fdd062b3 to 3 from 0
2026-09-27T11:55:27.147961Z Normal Pulled Container image "ghcr.io/company/pay-api:2.3.1" already present on machine
2026-09-27T11:55:30.147961Z Normal Synced Successfully synced oauth-8bddfa
2026-09-27T11:55:34.147961Z Normal Started Started container sidecar
2026-09-27T11:55:38.147961Z Normal SuccessfulCreate Created pod: ingress-nginx-controller-c5900b
2026-09-27T11:55:41.147961Z Normal Created Created container proxy
2026-09-27T11:55:45.147961Z Normal ScalingReplicaSet Scaled up replica set ingress-nginx-controller-c35535b0 to 3 from 1
2026-09-27T11:55:48.147961Z Warning DiskPressure Node ip-10-0-4-30.ec2.internal status is now: NodeHasDiskPressure
2026-09-27T11:55:52.147961Z Normal LeaderElection auth-api-96660b became leader
2026-09-27T11:55:56.147961Z Normal AddedInterface Add eth0 [10.24.159.187] from eni eni-3f45980b7c24
2026-09-27T11:55:59.147961Z Normal SuccessfulCreate Created pod: loki-b0dfe2
2026-09-27T11:56:03.147961Z Normal SuccessfulCreate Created pod: oauth-fd4db3
2026-09-27T11:56:06.147961Z Normal AddedInterface Add eth0 [10.233.22.242] from eni eni-66ce12b60793
2026-09-27T11:56:10.147961Z Normal Started Started container proxy
2026-09-27T11:56:14.147961Z Normal Synced Successfully synced auth-api-5b91cd
2026-09-27T11:56:17.147961Z Normal ScalingReplicaSet Scaled up replica set ingress-nginx-controller-aa9ee05f to 3 from 1
2026-09-27T11:56:21.147961Z Normal Pulled Container image "nginx:1.25" already present on machine
2026-09-27T11:56:24.147961Z Normal LeaderElection ingress-nginx-controller-e4c9c3 became leader
2026-09-27T11:56:28.147961Z Normal Scheduled Successfully assigned payments/pay-worker-2653e9 to ip-10-0-5-40.ec2.internal
2026-09-27T11:56:32.147961Z Normal Synced Successfully synced oauth-cf8b4a
2026-09-27T11:56:35.147961Z Normal LeaderElection ingress-nginx-controller-ff17f2 became leader
2026-09-27T11:56:39.147961Z Normal ScalingReplicaSet Scaled up replica set oauth-2e5014fa to 4 from 0
2026-09-27T11:56:42.147961Z Normal Scheduled Successfully assigned observability/grafana-2f0b8e to ip-10-0-4-30.ec2.internal
2026-09-27T11:56:46.147961Z Normal SuccessfulCreate Created pod: metrics-server-668c77
2026-09-27T11:56:50.147961Z Normal Started Started container sidecar
2026-09-27T11:56:53.147961Z Normal LeaderElection oauth-403a83 became leader
2026-09-27T11:56:57.147961Z Normal SuccessfulCreate Created pod: api-e809fa
2026-09-27T11:57:00.147961Z Normal ScalingReplicaSet Scaled up replica set ingress-nginx-controller-c87e3fbe to 2 from 2
2026-09-27T11:57:04.147961Z Normal Scheduled Successfully assigned payments/pay-api-ebd258 to ip-10-0-1-20.ec2.internal
2026-09-27T11:57:08.147961Z Normal ScalingReplicaSet Scaled up replica set worker-a0507b4c to 6 from 1
2026-09-27T11:57:11.147961Z Normal Created Created container sidecar
2026-09-27T11:57:15.147961Z Normal AddedInterface Add eth0 [10.2.161.47] from eni eni-a2a21d18cb8a
2026-09-27T11:57:18.147961Z Normal ScalingReplicaSet Scaled up replica set pay-api-8cb467c0 to 5 from 2
2026-09-27T11:57:22.147961Z Normal Pulled Container image "nginx:1.25" already present on machine
2026-09-27T11:57:26.147961Z Normal Synced Successfully synced prometheus-0a07a8
2026-09-27T11:57:29.147961Z Normal ScalingReplicaSet Scaled up replica set kube-proxy-ac36ef98 to 2 from 1
2026-09-27T11:57:33.147961Z Warning NodeNotReady Node ip-10-0-4-10.ec2.internal status is now: NodeNotReady
2026-09-27T11:57:36.147961Z Normal Scheduled Successfully assigned ingress-nginx/ingress-nginx-controller-0ec4f1 to ip-10-0-5-50.ec2.internal
2026-09-27T11:57:40.147961Z Normal SuccessfulCreate Created pod: metrics-server-753389
2026-09-27T11:57:44.147961Z Normal Created Created container agent
2026-09-27T11:57:47.147961Z Normal SuccessfulCreate Created pod: ingress-nginx-controller-834d90
2026-09-27T11:57:51.147961Z Normal Created Created container app
2026-09-27T11:57:54.147961Z Normal LeaderElection aws-node-cccdcb became leader
2026-09-27T11:57:58.147961Z Warning MemPressure Node ip-10-0-4-10.ec2.internal status is now: NodeHasMemoryPressure
2026-09-27T11:58:02.147961Z Warning FailedCreate Error creating: pods "ingress-nginx-controller-cd237d" is forbidden: error looking up service account ingress-nginx/default: serviceaccount "default" not found
2026-09-27T11:58:05.147961Z Normal SuccessfulCreate Created pod: web-0e55e6
2026-09-27T11:58:09.147961Z Normal Scheduled Successfully assigned auth/auth-api-fba676 to ip-10-0-5-50.ec2.internal
2026-09-27T11:58:12.147961Z Normal LeaderElection oauth-3330e5 became leader
2026-09-27T11:58:16.147961Z Normal Scheduled Successfully assigned ingress-nginx/ingress-nginx-controller-c7b542 to ip-10-0-1-50.ec2.internal
2026-09-27T11:58:20.147961Z Normal Started Started container sidecar
2026-09-27T11:58:23.147961Z Normal AddedInterface Add eth0 [10.55.153.93] from eni eni-d4b95330cdd5
2026-09-27T11:58:27.147961Z Normal Scheduled Successfully assigned observability/grafana-e2ccf8 to ip-10-0-5-30.ec2.internal
2026-09-27T11:58:30.147961Z Normal ScalingReplicaSet Scaled up replica set prometheus-07a3b8c1 to 4 from 2
2026-09-27T11:58:34.147961Z Normal Synced Successfully synced aws-node-b06caf
2026-09-27T11:58:38.147961Z Normal Scheduled Successfully assigned default/frontend-b9fcfa to ip-10-0-5-40.ec2.internal
2026-09-27T11:58:41.147961Z Normal Created Created container proxy
2026-09-27T11:58:45.147961Z Normal LeaderElection auth-api-0bcffb became leader
2026-09-27T11:58:48.147961Z Normal Created Created container sidecar
2026-09-27T11:58:52.147961Z Normal Started Started container sidecar
2026-09-27T11:58:56.147961Z Normal SuccessfulCreate Created pod: coredns-09d02a
2026-09-27T11:58:59.147961Z Normal AddedInterface Add eth0 [10.196.90.163] from eni eni-02e8c3c71be3
2026-09-27T11:59:03.147961Z Normal LeaderElection auth-api-86c93e became leader
2026-09-27T11:59:06.147961Z Normal Pulled Container image "ghcr.io/company/pay-api:2.3.1" already present on machine
2026-09-27T11:59:10.147961Z Normal ScalingReplicaSet Scaled up replica set frontend-568b49c2 to 5 from 1
2026-09-27T11:59:14.147961Z Normal Scheduled Successfully assigned default/frontend-2d00c1 to ip-10-0-3-30.ec2.internal
2026-09-27T11:59:17.147961Z Normal LeaderElection prometheus-742c9d became leader
2026-09-27T11:59:21.147961Z Normal Synced Successfully synced grafana-e0b5e7
2026-09-27T11:59:24.147961Z Normal Scheduled Successfully assigned default/web-c28fae to ip-10-0-3-10.ec2.internal
2026-09-27T11:59:28.147961Z Normal LeaderElection pay-api-859a9d became leader
2026-09-27T11:59:32.147961Z Normal AddedInterface Add eth0 [10.151.84.140] from eni eni-80890377ac76
2026-09-27T11:59:35.147961Z Normal Scheduled Successfully assigned payments/pay-api-54de8a to ip-10-0-4-40.ec2.internal
2026-09-27T11:59:39.147961Z Normal SuccessfulCreate Created pod: frontend-92b273
2026-09-27T11:59:42.147961Z Normal Scheduled Successfully assigned payments/pay-worker-bfcffc to ip-10-0-3-50.ec2.internal
2026-09-27T11:59:46.147961Z Normal AddedInterface Add eth0 [10.215.35.221] from eni eni-0a49e421c58a
2026-09-27T11:59:50.147961Z Normal Started Started container agent
2026-09-27T11:59:53.147961Z Normal Created Created container proxy
2026-09-27T11:59:57.147961Z Warning TLSHandshakeTimeout net/http: TLS handshake timeout
2026-09-27T12:00:00.147961Z Warning ImagePullBackOff Back-off pulling image "registry.k8s.io/coredns/coredns:v1.11.1"
2026-09-27T12:00:04.147961Z Warning ErrImagePull Failed to pull image "public.ecr.aws/eks/aws-node:v1.14.1": rpc error: code = Unknown desc = Error response from daemon: pull access denied
2026-09-27T12:00:08.147961Z Normal Pulled Container image "ghcr.io/company/pay-api:2.3.1" already present on machine
2026-09-27T12:00:11.147961Z Normal Scheduled Successfully assigned payments/pay-worker-a86705 to ip-10-0-1-40.ec2.internal
2026-09-27T12:00:15.147961Z Normal Synced Successfully synced web-104a63
2026-09-27T12:00:18.147961Z Warning CrashLoopBackOff pod/ingress-nginx-controller-55bc05 CrashLoopBackOff
2026-09-27T12:00:22.147961Z Normal Scheduled Successfully assigned auth/oauth-3213c2 to ip-10-0-4-40.ec2.internal
2026-09-27T12:00:26.147961Z Normal Synced Successfully synced metrics-server-7ecd0c
2026-09-27T12:00:29.147961Z Normal SuccessfulCreate Created pod: loki-ee5bdc
2026-09-27T12:00:33.147961Z Normal ScalingReplicaSet Scaled up replica set grafana-9496042e to 5 from 1
2026-09-27T12:00:36.147961Z Normal Started Started container app
2026-09-27T12:00:40.147961Z Normal Created Created container sidecar
2026-09-27T12:00:44.147961Z Normal Synced Successfully synced ingress-nginx-controller-f23664
2026-09-27T12:00:47.147961Z Warning FailedCreate Error creating: pods "grafana-b8b2bf" is forbidden: error looking up service account observability/default: serviceaccount "default" not found
2026-09-27T12:00:51.147961Z Normal Created Created container sidecar
2026-09-27T12:00:54.147961Z Normal Created Created container app
2026-09-27T12:00:58.147961Z Normal Created Created container proxy
2026-09-27T12:01:02.147961Z Normal AddedInterface Add eth0 [10.146.227.123] from eni eni-0e8098de5804
2026-09-27T12:01:05.147961Z Warning BackOff Back-off restarting failed container proxy in pod ingress-nginx/ingress-nginx-controller-f12c37
2026-09-27T12:01:09.147961Z Normal AddedInterface Add eth0 [10.167.196.40] from eni eni-7b1636e1f891
2026-09-27T12:01:12.147961Z Normal Synced Successfully synced pay-worker-8db2ef
2026-09-27T12:01:16.147961Z Warning Unhealthy Readiness probe failed: Get "http://10.103.134.88:80/health": dial tcp 10.103.134.88:80: i/o timeout
2026-09-27T12:01:20.147961Z Normal ScalingReplicaSet Scaled up replica set pay-api-15f35296 to 2 from 2
2026-09-27T12:01:23.147961Z Normal AddedInterface Add eth0 [10.71.109.82] from eni eni-558a483326d2
2026-09-27T12:01:27.147961Z Normal SuccessfulCreate Created pod: ingress-nginx-controller-e781a8
2026-09-27T12:01:30.147961Z Normal ScalingReplicaSet Scaled up replica set aws-node-df0e0515 to 6 from 2
2026-09-27T12:01:34.147961Z Normal Created Created container agent
2026-09-27T12:01:38.147961Z Normal AddedInterface Add eth0 [10.114.37.184] from eni eni-53c64fe67491
2026-09-27T12:01:41.147961Z Normal SuccessfulCreate Created pod: kube-proxy-413a8e
2026-09-27T12:01:45.147961Z Normal Started Started container app
2026-09-27T12:01:48.147961Z Normal Started Started container proxy
2026-09-27T12:01:52.147961Z Normal Synced Successfully synced frontend-3d9649
2026-09-27T12:01:56.147961Z Warning ImagePullBackOff Back-off pulling image "busybox:1.36"
2026-09-27T12:01:59.147961Z Normal AddedInterface Add eth0 [10.115.203.223] from eni eni-f99bdb0bdc60
2026-09-27T12:02:03.147961Z Normal SuccessfulCreate Created pod: metrics-server-724fbb
2026-09-27T12:02:06.147961Z Normal Synced Successfully synced pay-api-1d7e14
2026-09-27T12:02:10.147961Z Normal ScalingReplicaSet Scaled up replica set ingress-nginx-controller-aa1dcd60 to 3 from 0
2026-09-27T12:02:14.147961Z Normal Scheduled Successfully assigned kube-system/kube-proxy-8ce211 to ip-10-0-1-10.ec2.internal
2026-09-27T12:02:17.147961Z Normal ScalingReplicaSet Scaled up replica set grafana-e47529ef to 2 from 0
2026-09-27T12:02:21.147961Z Normal Scheduled Successfully assigned kube-system/aws-node-50c441 to ip-10-0-1-10.ec2.internal
2026-09-27T12:02:24.147961Z Normal LeaderElection api-8b75a4 became leader
2026-09-27T12:02:28.147961Z Normal Scheduled Successfully assigned auth/oauth-6d742b to ip-10-0-4-10.ec2.internal
2026-09-27T12:02:32.147961Z Normal SuccessfulCreate Created pod: oauth-2f418e
2026-09-27T12:02:35.147961Z Normal ScalingReplicaSet Scaled up replica set coredns-6ad9df8e to 4 from 2
2026-09-27T12:02:39.147961Z Normal Scheduled Successfully assigned ingress-nginx/ingress-nginx-controller-766eba to ip-10-0-3-30.ec2.internal
2026-09-27T12:02:42.147961Z Normal Pulled Container image "public.ecr.aws/eks/aws-node:v1.14.1" already present on machine
2026-09-27T12:02:46.147961Z Normal ScalingReplicaSet Scaled up replica set frontend-0584910b to 2 from 1
2026-09-27T12:02:50.147961Z Normal LeaderElection pay-api-db2f37 became leader
2026-09-27T12:02:53.147961Z Normal Scheduled Successfully assigned auth/oauth-e38ccd to ip-10-0-2-10.ec2.internal
2026-09-27T12:02:57.147961Z Normal Created Created container agent
2026-09-27T12:03:00.147961Z Normal AddedInterface Add eth0 [10.32.151.94] from eni eni-9668894f5133
2026-09-27T12:03:04.147961Z Normal SuccessfulCreate Created pod: coredns-234d52
2026-09-27T12:03:08.147961Z Normal Created Created container agent
2026-09-27T12:03:11.147961Z Normal LeaderElection web-4e1779 became leader
2026-09-27T12:03:15.147961Z Normal ScalingReplicaSet Scaled up replica set prometheus-2d8d51cf to 4 from 0
2026-09-27T12:03:18.147961Z Normal AddedInterface Add eth0 [10.47.230.108] from eni eni-a2b767a060e1
2026-09-27T12:03:22.147961Z Normal Synced Successfully synced grafana-a0c7ed
2026-09-27T12:03:26.147961Z Normal LeaderElection loki-0f2d86 became leader
2026-09-27T12:03:29.147961Z Normal Scheduled Successfully assigned default/web-c060ed to ip-10-0-5-50.ec2.internal
2026-09-27T12:03:33.147961Z Normal ScalingReplicaSet Scaled up replica set pay-worker-aaaf5f3e to 5 from 0
2026-09-27T12:03:36.147961Z Normal Created Created container agent
2026-09-27T12:03:40.147961Z Normal Pulled Container image "nginx:1.25" already present on machine
2026-09-27T12:03:44.147961Z Normal Pulled Container image "python:3.11-slim" already present on machine
2026-09-27T12:03:47.147961Z Normal LeaderElection auth-api-b9e381 became leader
2026-09-27T12:03:51.147961Z Normal Synced Successfully synced api-c5c684
2026-09-27T12:03:54.147961Z Normal Synced Successfully synced coredns-995777
2026-09-27T12:03:58.147961Z Normal Pulled Container image "public.ecr.aws/eks/aws-node:v1.14.1" already present on machine
2026-09-27T12:04:02.147961Z Normal ScalingReplicaSet Scaled up replica set oauth-3e425a79 to 5 from 1
2026-09-27T12:04:05.147961Z Normal Synced Successfully synced pay-worker-da49ab
2026-09-27T12:04:09.147961Z Normal ScalingReplicaSet Scaled up replica set prometheus-9c1fd4ea to 2 from 1
2026-09-27T12:04:12.147961Z Normal AddedInterface Add eth0 [10.229.203.133] from eni eni-d765f28ff78b
2026-09-27T12:04:16.147961Z Normal Scheduled Successfully assigned ingress-nginx/ingress-nginx-controller-2abf94 to ip-10-0-5-10.ec2.internal
2026-09-27T12:04:20.147961Z Normal AddedInterface Add eth0 [10.123.226.65] from eni eni-659d43ac9038
2026-09-27T12:04:23.147961Z Normal Synced Successfully synced coredns-f6dc59
2026-09-27T12:04:27.147961Z Normal Created Created container app
2026-09-27T12:04:30.147961Z Normal ScalingReplicaSet Scaled up replica set kube-proxy-93facf60 to 4 from 1
2026-09-27T12:04:34.147961Z Normal LeaderElection grafana-30004f became leader
2026-09-27T12:04:38.147961Z Normal ScalingReplicaSet Scaled up replica set pay-api-bbcb9e3f to 5 from 2
2026-09-27T12:04:41.147961Z Normal AddedInterface Add eth0 [10.5.24.228] from eni eni-931633ff1481
2026-09-27T12:04:45.147961Z Normal SuccessfulCreate Created pod: ingress-nginx-controller-874ecf
2026-09-27T12:04:48.147961Z Normal AddedInterface Add eth0 [10.103.40.68] from eni eni-de89e02a15cf
2026-09-27T12:04:52.147961Z Warning FailedScheduling 0/3 nodes are available: Insufficient cpu
2026-09-27T12:04:56.147961Z Normal AddedInterface Add eth0 [10.67.82.163] from eni eni-9a4e21c8e674
2026-09-27T12:04:59.147961Z Warning OOMKilled Container sidecar in pod default/worker-6d2cc4 was killed due to OOM
2026-09-27T12:05:03.147961Z Normal Pulled Container image "registry.k8s.io/coredns/coredns:v1.11.1" already present on machine
2026-09-27T12:05:06.147961Z Normal Started Started container app
2026-09-27T12:05:10.147961Z Normal AddedInterface Add eth0 [10.29.79.248] from eni eni-3b810339da58
2026-09-27T12:05:14.147961Z Warning OOMKilled Container agent in pod payments/pay-worker-8356e8 was killed due to OOM
2026-09-27T12:05:17.147961Z Normal Synced Successfully synced pay-api-3557de
2026-09-27T12:05:21.147961Z Normal Started Started container proxy
2026-09-27T12:05:24.147961Z Normal LeaderElection ingress-nginx-controller-b6509f became leader
2026-09-27T12:05:28.147961Z Normal Synced Successfully synced pay-api-93f13e
2026-09-27T12:05:32.147961Z Normal Synced Successfully synced ingress-nginx-controller-3d1d2d
2026-09-27T12:05:35.147961Z Normal ScalingReplicaSet Scaled up replica set worker-82383c32 to 6 from 0
2026-09-27T12:05:39.147961Z Normal Created Created container sidecar
2026-09-27T12:05:42.147961Z Normal LeaderElection pay-api-c0da34 became leader
2026-09-27T12:05:46.147961Z Normal Pulled Container image "ghcr.io/company/auth-api:1.9.0" already present on machine
2026-09-27T12:05:50.147961Z Normal Synced Successfully synced pay-worker-5444a5
2026-09-27T12:05:53.147961Z Warning Unhealthy Readiness probe failed: Get "http://10.192.163.82:80/health": dial tcp 10.192.163.82:80: i/o timeout
2026-09-27T12:05:57.147961Z Normal SuccessfulCreate Created pod: kube-proxy-388b12
2026-09-27T12:06:00.147961Z Normal ScalingReplicaSet Scaled up replica set aws-node-a34c07ae to 4 from 1
2026-09-27T12:06:04.147961Z Normal LeaderElection kube-proxy-42bddb became leader
2026-09-27T12:06:08.147961Z Warning FailedCreate Error creating: pods "ingress-nginx-controller-25871f" is forbidden: error looking up service account ingress-nginx/default: serviceaccount "default" not found
2026-09-27T12:06:11.147961Z Normal Created Created container agent
2026-09-27T12:06:15.147961Z Normal Scheduled Successfully assigned observability/prometheus-2bba4e to ip-10-0-2-30.ec2.internal
2026-09-27T12:06:18.147961Z Normal Scheduled Successfully assigned ingress-nginx/ingress-nginx-controller-c24cbf to ip-10-0-4-20.ec2.internal
2026-09-27T12:06:22.147961Z Normal Started Started container proxy
2026-09-27T12:06:26.147961Z Normal Pulled Container image "nginx:1.25" already present on machine
2026-09-27T12:06:29.147961Z Normal LeaderElection ingress-nginx-controller-262bb7 became leader
2026-09-27T12:06:33.147961Z Normal Started Started container proxy
2026-09-27T12:06:36.147961Z Normal LeaderElection worker-1f3204 became leader
2026-09-27T12:06:40.147961Z Normal Synced Successfully synced loki-888698
2026-09-27T12:06:44.147961Z Warning DiskPressure Node ip-10-0-3-10.ec2.internal status is now: NodeHasDiskPressure
2026-09-27T12:06:47.147961Z Normal Synced Successfully synced ingress-nginx-controller-ed5bd1
2026-09-27T12:06:51.147961Z Normal SuccessfulCreate Created pod: coredns-5fe312
2026-09-27T12:06:54.147961Z Normal ScalingReplicaSet Scaled up replica set ingress-nginx-controller-1d825b7f to 4 from 1
2026-09-27T12:06:58.147961Z Normal Created Created container proxy
2026-09-27T12:07:02.147961Z Normal Scheduled Successfully assigned observability/prometheus-f34f8f to ip-10-0-3-50.ec2.internal
2026-09-27T12:07:05.147961Z Normal Scheduled Successfully assigned auth/auth-api-ca2800 to ip-10-0-4-30.ec2.internal
2026-09-27T12:07:09.147961Z Normal Pulled Container image "registry.k8s.io/coredns/coredns:v1.11.1" already present on machine
2026-09-27T12:07:12.147961Z Normal SuccessfulCreate Created pod: ingress-nginx-controller-56fb60
2026-09-27T12:07:16.147961Z Normal AddedInterface Add eth0 [10.206.92.105] from eni eni-c54e3470b020
2026-09-27T12:07:20.147961Z Normal LeaderElection pay-api-689407 became leader
2026-09-27T12:07:23.147961Z Normal SuccessfulCreate Created pod: ingress-nginx-controller-1c747f
2026-09-27T12:07:27.147961Z Normal ScalingReplicaSet Scaled up replica set pay-api-f6719ef9 to 4 from 0
2026-09-27T12:07:30.147961Z Normal Created Created container proxy
2026-09-27T12:07:34.147961Z Normal ScalingReplicaSet Scaled up replica set kube-proxy-b2c0ed08 to 3 from 1
2026-09-27T12:07:38.147961Z Warning CrashLoopBackOff pod/prometheus-1ac6a3 CrashLoopBackOff
2026-09-27T12:07:41.147961Z Normal Started Started container proxy
2026-09-27T12:07:45.147961Z Normal ScalingReplicaSet Scaled up replica set kube-proxy-6f932649 to 5 from 1
2026-09-27T12:07:48.147961Z Normal Scheduled Successfully assigned payments/pay-api-861ef0 to ip-10-0-3-40.ec2.internal
2026-09-27T12:07:52.147961Z Normal LeaderElection oauth-b47084 became leader
2026-09-27T12:07:56.147961Z Normal LeaderElection grafana-0eba07 became leader
2026-09-27T12:07:59.147961Z Normal AddedInterface Add eth0 [10.26.38.224] from eni eni-fcceae1a62cb
2026-09-27T12:08:03.147961Z Normal LeaderElection loki-b0ba0a became leader
2026-09-27T12:08:06.147961Z Normal Synced Successfully synced ingress-nginx-controller-074378
2026-09-27T12:08:10.147961Z Warning FailedCreate Error creating: pods "kube-proxy-bffac5" is forbidden: error looking up service account kube-system/default: serviceaccount "default" not found
2026-09-27T12:08:14.147961Z Normal Started Started container app
2026-09-27T12:08:17.147961Z Normal Created Created container agent
2026-09-27T12:08:21.147961Z Normal Scheduled Successfully assigned ingress-nginx/ingress-nginx-controller-02f244 to ip-10-0-2-40.ec2.internal
2026-09-27T12:08:24.147961Z Normal SuccessfulCreate Created pod: pay-api-88c418
2026-09-27T12:08:28.147961Z Normal LeaderElection ingress-nginx-controller-6d6d8a became leader
2026-09-27T12:08:32.147961Z Normal Started Started container agent
2026-09-27T12:08:35.147961Z Normal AddedInterface Add eth0 [10.179.40.249] from eni eni-8abf75f5e260
2026-09-27T12:08:39.147961Z Normal Scheduled Successfully assigned kube-system/coredns-bd5615 to ip-10-0-5-20.ec2.internal
2026-09-27T12:08:42.147961Z Normal LeaderElection oauth-ca6ce2 became leader
2026-09-27T12:08:46.147961Z Normal Synced Successfully synced loki-bffe8e
2026-09-27T12:08:50.147961Z Normal Scheduled Successfully assigned ingress-nginx/ingress-nginx-controller-a66509 to ip-10-0-3-20.ec2.internal
2026-09-27T12:08:53.147961Z Normal Scheduled Successfully assigned ingress-nginx/ingress-nginx-controller-96f842 to ip-10-0-1-20.ec2.internal
2026-09-27T12:08:57.147961Z Normal SuccessfulCreate Created pod: oauth-f5864b
2026-09-27T12:09:00.147961Z Normal Created Created container app
2026-09-27T12:09:04.147961Z Normal Pulled Container image "ghcr.io/company/pay-api:2.3.1" already present on machine
2026-09-27T12:09:08.147961Z Normal Synced Successfully synced ingress-nginx-controller-e046a2
2026-09-27T12:09:11.147961Z Warning BackOff Back-off restarting failed container app in pod observability/prometheus-76505a
2026-09-27T12:09:15.147961Z Normal Started Started container app
2026-09-27T12:09:18.147961Z Normal Synced Successfully synced pay-api-736d6e
2026-09-27T12:09:22.147961Z Normal Created Created container app
2026-09-27T12:09:26.147961Z Normal AddedInterface Add eth0 [10.82.13.129] from eni eni-287ac36fd01e
2026-09-27T12:09:29.147961Z Normal LeaderElection web-5c3dc5 became leader
2026-09-27T12:09:33.147961Z Normal Synced Successfully synced ingress-nginx-controller-0fb0da
2026-09-27T12:09:36.147961Z Normal Synced Successfully synced oauth-461b53
2026-09-27T12:09:40.147961Z Normal Started Started container sidecar
2026-09-27T12:09:44.147961Z Normal Synced Successfully synced worker-6df725
2026-09-27T12:09:47.147961Z Normal Started Started container sidecar
2026-09-27T12:09:51.147961Z Normal ScalingReplicaSet Scaled up replica set prometheus-29665e86 to 6 from 0
2026-09-27T12:09:54.147961Z Normal SuccessfulCreate Created pod: frontend-37d793
2026-09-27T12:09:58.147961Z Normal SuccessfulCreate Created pod: ingress-nginx-controller-fe1acd
2026-09-27T12:10:02.147961Z Normal Synced Successfully synced coredns-b3fab0
2026-09-27T12:10:05.147961Z Normal ScalingReplicaSet Scaled up replica set pay-api-5739482d to 3 from 0
2026-09-27T12:10:09.147961Z Normal Scheduled Successfully assigned observability/prometheus-3cdf7f to ip-10-0-3-40.ec2.internal
2026-09-27T12:10:12.147961Z Normal ScalingReplicaSet Scaled up replica set pay-worker-c197536d to 6 from 1
2026-09-27T12:10:16.147961Z Normal LeaderElection pay-worker-5f3c83 became leader
2026-09-27T12:10:20.147961Z Normal LeaderElection oauth-434bba became leader
2026-09-27T12:10:23.147961Z Normal Scheduled Successfully assigned ingress-nginx/ingress-nginx-controller-3e5fc9 to ip-10-0-5-20.ec2.internal
2026-09-27T12:10:27.147961Z Normal LeaderElection ingress-nginx-controller-0450fa became leader
2026-09-27T12:10:30.147961Z Warning CrashLoopBackOff pod/coredns-fb495d CrashLoopBackOff
2026-09-27T12:10:34.147961Z Normal Started Started container app
2026-09-27T12:10:38.147961Z Normal Created Created container app
2026-09-27T12:10:41.147961Z Normal Started Started container proxy
2026-09-27T12:10:45.147961Z Normal AddedInterface Add eth0 [10.102.71.101] from eni eni-271366ae8f79
2026-09-27T12:10:48.147961Z Normal ScalingReplicaSet Scaled up replica set auth-api-28fbddb1 to 4 from 2
2026-09-27T12:10:52.147961Z Normal Pulled Container image "registry.k8s.io/coredns/coredns:v1.11.1" already present on machine
2026-09-27T12:10:56.147961Z Normal SuccessfulCreate Created pod: oauth-8faeb1
2026-09-27T12:10:59.147961Z Normal ScalingReplicaSet Scaled up replica set pay-worker-f17d778f to 2 from 1
2026-09-27T12:11:03.147961Z Normal Created Created container proxy
2026-09-27T12:11:06.147961Z Normal Synced Successfully synced grafana-ba739a
2026-09-27T12:11:10.147961Z Normal Pulled Container image "registry.k8s.io/coredns/coredns:v1.11.1" already present on machine
2026-09-27T12:11:14.147961Z Normal SuccessfulCreate Created pod: ingress-nginx-controller-c24d98
2026-09-27T12:11:17.147961Z Normal ScalingReplicaSet Scaled up replica set ingress-nginx-controller-bb938c62 to 3 from 1
2026-09-27T12:11:21.147961Z Normal Pulled Container image "public.ecr.aws/eks/aws-node:v1.14.1" already present on machine
2026-09-27T12:11:24.147961Z Normal AddedInterface Add eth0 [10.113.40.162] from eni eni-56c77ad4231e
2026-09-27T12:11:28.147961Z Warning FailedMount Unable to attach or mount volumes: timed out waiting for the condition
2026-09-27T12:11:32.147961Z Normal LeaderElection coredns-060a7e became leader
2026-09-27T12:11:35.147961Z Normal LeaderElection ingress-nginx-controller-5651e3 became leader
2026-09-27T12:11:39.147961Z Normal LeaderElection pay-api-6135d4 became leader
2026-09-27T12:11:42.147961Z Warning ErrImagePull Failed to pull image "ghcr.io/company/pay-api:2.3.1": rpc error: code = Unknown desc = Error response from daemon: pull access denied
2026-09-27T12:11:46.147961Z Normal ScalingReplicaSet Scaled up replica set auth-api-749ea2d8 to 4 from 0
2026-09-27T12:11:50.147961Z Normal Created Created container app
2026-09-27T12:11:53.147961Z Normal LeaderElection metrics-server-f85376 became leader
2026-09-27T12:11:57.147961Z Warning OOMKilled Container agent in pod auth/oauth-c81ca6 was killed due to OOM
2026-09-27T12:12:00.147961Z Normal Scheduled Successfully assigned observability/loki-631e8f to ip-10-0-4-10.ec2.internal
2026-09-27T12:12:04.147961Z Normal AddedInterface Add eth0 [10.80.21.48] from eni eni-6b35677922bd
2026-09-27T12:12:08.147961Z Normal Pulled Container image "ghcr.io/company/auth-api:1.9.0" already present on machine
2026-09-27T12:12:11.147961Z Warning BackOff Back-off restarting failed container agent in pod kube-system/kube-proxy-3c0316
2026-09-27T12:12:15.147961Z Normal Created Created container sidecar
2026-09-27T12:12:18.147961Z Warning ErrImagePull Failed to pull image "busybox:1.36": rpc error: code = Unknown desc = Error response from daemon: pull access denied
2026-09-27T12:12:22.147961Z Normal Scheduled Successfully assigned observability/prometheus-90007c to ip-10-0-4-40.ec2.internal
2026-09-27T12:12:26.147961Z Normal Scheduled Successfully assigned payments/pay-worker-a7a585 to ip-10-0-2-10.ec2.internal
2026-09-27T12:12:29.147961Z Normal Synced Successfully synced grafana-85610d
2026-09-27T12:12:33.147961Z Normal Scheduled Successfully assigned ingress-nginx/ingress-nginx-controller-bb6e3f to ip-10-0-4-20.ec2.internal
2026-09-27T12:12:36.147961Z Normal Synced Successfully synced pay-worker-d0cc11
2026-09-27T12:12:40.147961Z Normal ScalingReplicaSet Scaled up replica set grafana-b32da104 to 2 from 2
2026-09-27T12:12:44.147961Z Normal Scheduled Successfully assigned payments/pay-worker-360ed1 to ip-10-0-2-40.ec2.internal
2026-09-27T12:12:47.147961Z Normal Synced Successfully synced kube-proxy-4eebda
2026-09-27T12:12:51.147961Z Normal Pulled Container image "ghcr.io/company/pay-api:2.3.1" already present on machine
2026-09-27T12:12:54.147961Z Normal ScalingReplicaSet Scaled up replica set worker-18318323 to 2 from 0
2026-09-27T12:12:58.147961Z Normal ScalingReplicaSet Scaled up replica set auth-api-3bd8d1d9 to 6 from 1
2026-09-27T12:13:02.147961Z Normal Synced Successfully synced loki-5d0d99
2026-09-27T12:13:05.147961Z Normal Started Started container app
2026-09-27T12:13:09.147961Z Normal Started Started container app
2026-09-27T12:13:12.147961Z Normal LeaderElection grafana-a1031b became leader
2026-09-27T12:13:16.147961Z Normal Scheduled Successfully assigned ingress-nginx/ingress-nginx-controller-b91c34 to ip-10-0-5-30.ec2.internal
2026-09-27T12:13:20.147961Z Normal Synced Successfully synced coredns-18edd0
2026-09-27T12:13:23.147961Z Normal Synced Successfully synced web-189ea5
2026-09-27T12:13:27.147961Z Normal Pulled Container image "busybox:1.36" already present on machine
2026-09-27T12:13:30.147961Z Normal AddedInterface Add eth0 [10.123.230.222] from eni eni-78a7339d6c1a
2026-09-27T12:13:34.147961Z Normal ScalingReplicaSet Scaled up replica set oauth-698cd25b to 6 from 0
2026-09-27T12:13:38.147961Z Normal Created Created container agent
2026-09-27T12:13:41.147961Z Normal Scheduled Successfully assigned kube-system/kube-proxy-84577f to ip-10-0-1-40.ec2.internal
2026-09-27T12:13:45.147961Z Warning MemPressure Node ip-10-0-2-40.ec2.internal status is now: NodeHasMemoryPressure
2026-09-27T12:13:48.147961Z Normal Pulled Container image "busybox:1.36" already present on machine
2026-09-27T12:13:52.147961Z Normal AddedInterface Add eth0 [10.48.243.34] from eni eni-a6d3bc29d89f
2026-09-27T12:13:56.147961Z Normal Created Created container agent
2026-09-27T12:13:59.147961Z Normal ScalingReplicaSet Scaled up replica set loki-87ea3611 to 3 from 0
2026-09-27T12:14:03.147961Z Normal Created Created container sidecar
2026-09-27T12:14:06.147961Z Normal Started Started container agent
2026-09-27T12:14:10.147961Z Normal Started Started container sidecar
2026-09-27T12:14:14.147961Z Normal Synced Successfully synced pay-worker-d62376
2026-09-27T12:14:17.147961Z Warning ImagePullBackOff Back-off pulling image "registry.k8s.io/coredns/coredns:v1.11.1"
2026-09-27T12:14:21.147961Z Warning FailedScheduling 0/7 nodes are available: Insufficient cpu
2026-09-27T12:14:24.147961Z Normal Created Created container sidecar
2026-09-27T12:14:28.147961Z Normal SuccessfulCreate Created pod: oauth-8c9f06
2026-09-27T12:14:32.147961Z Normal Created Created container sidecar
2026-09-27T12:14:35.147961Z Normal Synced Successfully synced web-438efe
2026-09-27T12:14:39.147961Z Normal Synced Successfully synced ingress-nginx-controller-95cb81
2026-09-27T12:14:42.147961Z Normal AddedInterface Add eth0 [10.249.192.74] from eni eni-f3f1eb8ff955
2026-09-27T12:14:46.147961Z Warning FailedMount Unable to attach or mount volumes: timed out waiting for the condition
2026-09-27T12:14:50.147961Z Normal Synced Successfully synced pay-api-1bdd8c
2026-09-27T12:14:53.147961Z Normal Created Created container agent
2026-09-27T12:14:57.147961Z Normal Scheduled Successfully assigned kube-system/aws-node-5cce3d to ip-10-0-2-20.ec2.internal
2026-09-27T12:15:00.147961Z Warning ImagePullBackOff Back-off pulling image "ghcr.io/company/auth-api:1.9.0"
2026-09-27T12:15:04.147961Z Normal AddedInterface Add eth0 [10.57.180.237] from eni eni-248fc0c1366f
2026-09-27T12:15:08.147961Z Normal SuccessfulCreate Created pod: ingress-nginx-controller-9c55a7
2026-09-27T12:15:11.147961Z Normal Created Created container agent
2026-09-27T12:15:15.147961Z Normal SuccessfulCreate Created pod: frontend-ce02f0
2026-09-27T12:15:18.147961Z Normal LeaderElection pay-worker-1319ef became leader
2026-09-27T12:15:22.147961Z Normal ScalingReplicaSet Scaled up replica set oauth-a2935f1a to 3 from 2
2026-09-27T12:15:26.147961Z Normal ScalingReplicaSet Scaled up replica set ingress-nginx-controller-3315b2a1 to 4 from 2
2026-09-27T12:15:29.147961Z Normal AddedInterface Add eth0 [10.73.216.169] from eni eni-6270671c4d1d
2026-09-27T12:15:33.147961Z Normal LeaderElection oauth-d86693 became leader
2026-09-27T12:15:36.147961Z Normal Started Started container sidecar
2026-09-27T12:15:40.147961Z Normal SuccessfulCreate Created pod: ingress-nginx-controller-649b8d
2026-09-27T12:15:44.147961Z Normal Pulled Container image "busybox:1.36" already present on machine
2026-09-27T12:15:47.147961Z Warning FailedMount Unable to attach or mount volumes: timed out waiting for the condition
2026-09-27T12:15:51.147961Z Normal Synced Successfully synced auth-api-aab430
2026-09-27T12:15:54.147961Z Normal Started Started container agent
2026-09-27T12:15:58.147961Z Normal SuccessfulCreate Created pod: loki-30e61d
2026-09-27T12:16:02.147961Z Normal ScalingReplicaSet Scaled up replica set web-533ea0f8 to 2 from 0
2026-09-27T12:16:05.147961Z Warning Unhealthy Readiness probe failed: Get "http://10.162.19.100:9090/health": dial tcp 10.162.19.100:9090: i/o timeout
2026-09-27T12:16:09.147961Z Normal ScalingReplicaSet Scaled up replica set pay-worker-a62a071a to 2 from 0
2026-09-27T12:16:12.147961Z Normal SuccessfulCreate Created pod: frontend-31e234
2026-09-27T12:16:16.147961Z Normal ScalingReplicaSet Scaled up replica set pay-api-52c8280b to 4 from 0
2026-09-27T12:16:20.147961Z Normal ScalingReplicaSet Scaled up replica set web-fef8f171 to 2 from 2
2026-09-27T12:16:23.147961Z Normal LeaderElection ingress-nginx-controller-efdb54 became leader
2026-09-27T12:16:27.147961Z Normal Pulled Container image "nginx:1.25" already present on machine
2026-09-27T12:16:30.147961Z Normal Synced Successfully synced web-14ce06
2026-09-27T12:16:34.147961Z Normal ScalingReplicaSet Scaled up replica set worker-5cf9c5f5 to 2 from 0
2026-09-27T12:16:38.147961Z Normal SuccessfulCreate Created pod: pay-worker-1fb5c3
2026-09-27T12:16:41.147961Z Normal SuccessfulCreate Created pod: web-93eb10
2026-09-27T12:16:45.147961Z Normal Scheduled Successfully assigned ingress-nginx/ingress-nginx-controller-b8d2af to ip-10-0-4-10.ec2.internal
2026-09-27T12:16:48.147961Z Normal Pulled Container image "busybox:1.36" already present on machine
2026-09-27T12:16:52.147961Z Normal LeaderElection auth-api-10ecbd became leader
2026-09-27T12:16:56.147961Z Warning MemPressure Node ip-10-0-1-50.ec2.internal status is now: NodeHasMemoryPressure
2026-09-27T12:16:59.147961Z Normal Synced Successfully synced frontend-6fb639
2026-09-27T12:17:03.147961Z Normal Scheduled Successfully assigned ingress-nginx/ingress-nginx-controller-deac6a to ip-10-0-3-20.ec2.internal
2026-09-27T12:17:06.147961Z Normal SuccessfulCreate Created pod: frontend-6c338f
2026-09-27T12:17:10.147961Z Warning BackOff Back-off restarting failed container app in pod auth/oauth-493c8a
2026-09-27T12:17:14.147961Z Normal Synced Successfully synced api-ca9f0a
2026-09-27T12:17:17.147961Z Normal Pulled Container image "public.ecr.aws/eks/aws-node:v1.14.1" already present on machine
2026-09-27T12:17:21.147961Z Normal LeaderElection loki-a60fd0 became leader
2026-09-27T12:17:24.147961Z Normal Synced Successfully synced auth-api-6ac7bb
2026-09-27T12:17:28.147961Z Normal AddedInterface Add eth0 [10.252.145.52] from eni eni-5a952ab4c05a
2026-09-27T12:17:32.147961Z Normal Pulled Container image "ghcr.io/company/auth-api:1.9.0" already present on machine
2026-09-27T12:17:35.147961Z Normal LeaderElection ingress-nginx-controller-bbd850 became leader
2026-09-27T12:17:39.147961Z Normal Scheduled Successfully assigned ingress-nginx/ingress-nginx-controller-0c04d0 to ip-10-0-4-40.ec2.internal
2026-09-27T12:17:42.147961Z Normal LeaderElection grafana-f508f1 became leader
2026-09-27T12:17:46.147961Z Normal Scheduled Successfully assigned ingress-nginx/ingress-nginx-controller-b2f0d4 to ip-10-0-3-50.ec2.internal
2026-09-27T12:17:50.147961Z Normal Pulled Container image "busybox:1.36" already present on machine
2026-09-27T12:17:53.147961Z Normal ScalingReplicaSet Scaled up replica set grafana-6c2b7a33 to 3 from 2
2026-09-27T12:17:57.147961Z Normal SuccessfulCreate Created pod: web-cda0d8
2026-09-27T12:18:00.147961Z Normal Synced Successfully synced aws-node-a1216f
2026-09-27T12:18:04.147961Z Normal Created Created container agent
2026-09-27T12:18:08.147961Z Normal Pulled Container image "ghcr.io/company/pay-api:2.3.1" already present on machine
2026-09-27T12:18:11.147961Z Warning BackOff Back-off restarting failed container proxy in pod kube-system/coredns-04fdd7
2026-09-27T12:18:15.147961Z Normal AddedInterface Add eth0 [10.150.172.5] from eni eni-1ef01009c7df
2026-09-27T12:18:18.147961Z Normal SuccessfulCreate Created pod: auth-api-025093
2026-09-27T12:18:22.147961Z Normal ScalingReplicaSet Scaled up replica set pay-api-a6339b07 to 3 from 0
2026-09-27T12:18:26.147961Z Normal Scheduled Successfully assigned payments/pay-api-4b5bad to ip-10-0-3-50.ec2.internal
2026-09-27T12:18:29.147961Z Normal SuccessfulCreate Created pod: api-66fd4f
2026-09-27T12:18:33.147961Z Normal SuccessfulCreate Created pod: api-13c2fe
2026-09-27T12:18:36.147961Z Normal Scheduled Successfully assigned default/frontend-4f29bf to ip-10-0-2-50.ec2.internal
2026-09-27T12:18:40.147961Z Normal Started Started container proxy
2026-09-27T12:18:44.147961Z Normal LeaderElection ingress-nginx-controller-6cbdbb became leader
2026-09-27T12:18:47.147961Z Normal Created Created container agent
2026-09-27T12:18:51.147961Z Normal LeaderElection pay-worker-c96e09 became leader
2026-09-27T12:18:54.147961Z Normal Scheduled Successfully assigned observability/prometheus-c2fda8 to ip-10-0-3-50.ec2.internal
2026-09-27T12:18:58.147961Z Normal Scheduled Successfully assigned observability/grafana-4720cc to ip-10-0-1-10.ec2.internal
2026-09-27T12:19:02.147961Z Normal Synced Successfully synced auth-api-46b808
2026-09-27T12:19:05.147961Z Normal Synced Successfully synced ingress-nginx-controller-b8aae1
2026-09-27T12:19:09.147961Z Normal ScalingReplicaSet Scaled up replica set prometheus-c2a6d961 to 5 from 1
2026-09-27T12:19:12.147961Z Normal SuccessfulCreate Created pod: aws-node-8ee5e6
2026-09-27T12:19:16.147961Z Normal LeaderElection prometheus-d94cdd became leader
2026-09-27T12:19:20.147961Z Normal SuccessfulCreate Created pod: aws-node-a5e611
2026-09-27T12:19:23.147961Z Normal Created Created container sidecar
2026-09-27T12:19:27.147961Z Normal AddedInterface Add eth0 [10.75.230.17] from eni eni-b3bbc328d1d4
2026-09-27T12:19:30.147961Z Normal Created Created container app
2026-09-27T12:19:34.147961Z Normal Synced Successfully synced kube-proxy-0284e9
2026-09-27T12:19:38.147961Z Normal ScalingReplicaSet Scaled up replica set loki-5ea638da to 5 from 2
2026-09-27T12:19:41.147961Z Normal Synced Successfully synced pay-api-713263
2026-09-27T12:19:45.147961Z Normal Pulled Container image "python:3.11-slim" already present on machine
2026-09-27T12:19:48.147961Z Normal Pulled Container image "public.ecr.aws/eks/aws-node:v1.14.1" already present on machine
2026-09-27T12:19:52.147961Z Normal Synced Successfully synced kube-proxy-cbdb82
2026-09-27T12:19:56.147961Z Normal AddedInterface Add eth0 [10.183.235.157] from eni eni-50ed14394e51
2026-09-27T12:19:59.147961Z Normal Pulled Container image "busybox:1.36" already present on machine
2026-09-27T12:20:03.147961Z Normal ScalingReplicaSet Scaled up replica set kube-proxy-85151489 to 4 from 2
2026-09-27T12:20:06.147961Z Normal Scheduled Successfully assigned kube-system/aws-node-2a9dde to ip-10-0-1-30.ec2.internal
2026-09-27T12:20:10.147961Z Normal LeaderElection pay-worker-8338b4 became leader
2026-09-27T12:20:14.147961Z Normal ScalingReplicaSet Scaled up replica set aws-node-edc560e2 to 3 from 0
2026-09-27T12:20:17.147961Z Normal Synced Successfully synced ingress-nginx-controller-458455
2026-09-27T12:20:21.147961Z Normal Synced Successfully synced worker-8120c2
2026-09-27T12:20:24.147961Z Normal Started Started container sidecar
2026-09-27T12:20:28.147961Z Normal SuccessfulCreate Created pod: grafana-94f237
2026-09-27T12:20:32.147961Z Normal Synced Successfully synced loki-a287fc
2026-09-27T12:20:35.147961Z Normal Pulled Container image "public.ecr.aws/eks/aws-node:v1.14.1" already present on machine
2026-09-27T12:20:39.147961Z Normal Created Created container sidecar
2026-09-27T12:20:42.147961Z Normal Created Created container proxy
2026-09-27T12:20:46.147961Z Normal SuccessfulCreate Created pod: auth-api-e68a1e
2026-09-27T12:20:50.147961Z Warning FailedCreate Error creating: pods "frontend-90dd12" is forbidden: error looking up service account default/default: serviceaccount "default" not found
2026-09-27T12:20:53.147961Z Normal ScalingReplicaSet Scaled up replica set grafana-709a74d8 to 6 from 2
2026-09-27T12:20:57.147961Z Normal Scheduled Successfully assigned ingress-nginx/ingress-nginx-controller-ef5b30 to ip-10-0-4-40.ec2.internal
2026-09-27T12:21:00.147961Z Warning DNSConfigForming Nameserver limits were exceeded, some nameservers have been omitted, the applied nameserver line is: 10.154.104.202 10.203.12.231 10.13.38.108 10.6.54.194 10.42.174.229
2026-09-27T12:21:04.147961Z Normal Synced Successfully synced frontend-d840e2
2026-09-27T12:21:08.147961Z Normal Scheduled Successfully assigned default/web-fb797d to ip-10-0-4-40.ec2.internal
2026-09-27T12:21:11.147961Z Warning Unhealthy Readiness probe failed: Get "http://10.8.153.153:9090/health": dial tcp 10.8.153.153:9090: i/o timeout
2026-09-27T12:21:15.147961Z Normal LeaderElection ingress-nginx-controller-896cbc became leader
2026-09-27T12:21:18.147961Z Normal Scheduled Successfully assigned ingress-nginx/ingress-nginx-controller-86ff94 to ip-10-0-4-50.ec2.internal
2026-09-27T12:21:22.147961Z Normal Started Started container app
2026-09-27T12:21:26.147961Z Normal Created Created container proxy
2026-09-27T12:21:29.147961Z Normal AddedInterface Add eth0 [10.181.105.178] from eni eni-cc50ea494599
2026-09-27T12:21:33.147961Z Warning BackOff Back-off restarting failed container app in pod default/api-f7498e
2026-09-27T12:21:36.147961Z Normal LeaderElection auth-api-872e8d became leader
2026-09-27T12:21:40.147961Z Warning DNSConfigForming Nameserver limits were exceeded, some nameservers have been omitted, the applied nameserver line is: 10.97.66.32 10.170.74.151 10.130.55.128 10.220.56.29 10.49.157.132
2026-09-27T12:21:44.147961Z Normal Created Created container proxy
2026-09-27T12:21:47.147961Z Normal Started Started container app
2026-09-27T12:21:51.147961Z Normal LeaderElection web-9a63fd became leader
2026-09-27T12:21:54.147961Z Normal LeaderElection aws-node-845eca became leader
2026-09-27T12:21:58.147961Z Normal Scheduled Successfully assigned auth/auth-api-0cbaef to ip-10-0-5-40.ec2.internal
2026-09-27T12:22:02.147961Z Normal ScalingReplicaSet Scaled up replica set oauth-cbe7ada7 to 5 from 1
2026-09-27T12:22:05.147961Z Normal ScalingReplicaSet Scaled up replica set coredns-232513e4 to 6 from 0
2026-09-27T12:22:09.147961Z Normal ScalingReplicaSet Scaled up replica set loki-c11fa7ae to 3 from 2
2026-09-27T12:22:12.147961Z Normal SuccessfulCreate Created pod: pay-worker-67d08e
2026-09-27T12:22:16.147961Z Normal Synced Successfully synced oauth-0102de
2026-09-27T12:22:20.147961Z Normal Synced Successfully synced prometheus-c48e2b
2026-09-27T12:22:23.147961Z Normal Started Started container agent
2026-09-27T12:22:27.147961Z Normal SuccessfulCreate Created pod: prometheus-398287
2026-09-27T12:22:30.147961Z Normal Created Created container proxy
2026-09-27T12:22:34.147961Z Normal Synced Successfully synced pay-api-ac1dac
2026-09-27T12:22:38.147961Z Warning FailedScheduling 0/6 nodes are available: node(s) had taint {node.kubernetes.io/not-ready: }
2026-09-27T12:22:41.147961Z Normal Created Created container agent
2026-09-27T12:22:45.147961Z Normal Started Started container app
2026-09-27T12:22:48.147961Z Normal Pulled Container image "ghcr.io/company/auth-api:1.9.0" already present on machine
2026-09-27T12:22:52.147961Z Normal AddedInterface Add eth0 [10.249.20.125] from eni eni-e668d07c5e76
2026-09-27T12:22:56.147961Z Normal Synced Successfully synced web-f5c93f
2026-09-27T12:22:59.147961Z Normal Created Created container proxy
2026-09-27T12:23:03.147961Z Normal AddedInterface Add eth0 [10.105.228.18] from eni eni-d0a3ea8ddbda
2026-09-27T12:23:06.147961Z Normal SuccessfulCreate Created pod: web-3fb6c8
2026-09-27T12:23:10.147961Z Normal Started Started container proxy
2026-09-27T12:23:14.147961Z Normal Synced Successfully synced metrics-server-427433
2026-09-27T12:23:17.147961Z Normal SuccessfulCreate Created pod: auth-api-25d5fa
2026-09-27T12:23:21.147961Z Normal Started Started container proxy
2026-09-27T12:23:24.147961Z Normal Started Started container app
2026-09-27T12:23:28.147961Z Normal Scheduled Successfully assigned ingress-nginx/ingress-nginx-controller-20d142 to ip-10-0-3-10.ec2.internal
2026-09-27T12:23:32.147961Z Warning FailedScheduling 0/5 nodes are available: Insufficient cpu
2026-09-27T12:23:35.147961Z Normal ScalingReplicaSet Scaled up replica set loki-025fa216 to 5 from 1
2026-09-27T12:23:39.147961Z Normal Created Created container sidecar
2026-09-27T12:23:42.147961Z Warning OOMKilled Container agent in pod kube-system/aws-node-7cf123 was killed due to OOM
2026-09-27T12:23:46.147961Z Normal Scheduled Successfully assigned auth/auth-api-d2e764 to ip-10-0-2-10.ec2.internal
2026-09-27T12:23:50.147961Z Normal ScalingReplicaSet Scaled up replica set frontend-0871411f to 6 from 2
2026-09-27T12:23:53.147961Z Warning FailedCreate Error creating: pods "grafana-fb7c1d" is forbidden: error looking up service account observability/default: serviceaccount "default" not found
2026-09-27T12:23:57.147961Z Normal ScalingReplicaSet Scaled up replica set pay-worker-30f38246 to 3 from 0
2026-09-27T12:24:00.147961Z Normal Started Started container agent
2026-09-27T12:24:04.147961Z Normal Started Started container sidecar
2026-09-27T12:24:08.147961Z Normal Synced Successfully synced prometheus-3758b6
2026-09-27T12:24:11.147961Z Normal Created Created container app
2026-09-27T12:24:15.147961Z Normal AddedInterface Add eth0 [10.238.252.86] from eni eni-ca551490c687
2026-09-27T12:24:18.147961Z Normal SuccessfulCreate Created pod: ingress-nginx-controller-f60797
2026-09-27T12:24:22.147961Z Normal Started Started container proxy
2026-09-27T12:24:26.147961Z Normal Scheduled Successfully assigned auth/oauth-a1fb6d to ip-10-0-1-20.ec2.internal
2026-09-27T12:24:29.147961Z Normal Scheduled Successfully assigned ingress-nginx/ingress-nginx-controller-3d3d6f to ip-10-0-1-30.ec2.internal
2026-09-27T12:24:33.147961Z Normal Started Started container sidecar
2026-09-27T12:24:36.147961Z Normal LeaderElection aws-node-4d634d became leader
2026-09-27T12:24:40.147961Z Normal Created Created container app
2026-09-27T12:24:44.147961Z Normal Pulled Container image "ghcr.io/company/auth-api:1.9.0" already present on machine
2026-09-27T12:24:47.147961Z Normal Created Created container proxy
2026-09-27T12:24:51.147961Z Normal LeaderElection kube-proxy-7cfbe1 became leader
2026-09-27T12:24:54.147961Z Normal AddedInterface Add eth0 [10.81.132.221] from eni eni-a1c8e4784f79
2026-09-27T12:24:58.147961Z Normal Started Started container sidecar
2026-09-27T12:25:02.147961Z Normal AddedInterface Add eth0 [10.93.199.107] from eni eni-b2537e7b1002
2026-09-27T12:25:05.147961Z Warning TLSHandshakeTimeout net/http: TLS handshake timeout
2026-09-27T12:25:09.147961Z Normal Started Started container app
2026-09-27T12:25:12.147961Z Normal LeaderElection ingress-nginx-controller-906854 became leader
2026-09-27T12:25:16.147961Z Normal AddedInterface Add eth0 [10.158.15.174] from eni eni-20f46b2af9cd
2026-09-27T12:25:20.147961Z Normal AddedInterface Add eth0 [10.213.38.171] from eni eni-0f50763bbf45
2026-09-27T12:25:23.147961Z Normal SuccessfulCreate Created pod: auth-api-bd3931
2026-09-27T12:25:27.147961Z Normal Created Created container agent
2026-09-27T12:25:30.147961Z Normal LeaderElection aws-node-5866a6 became leader
2026-09-27T12:25:34.147961Z Normal Pulled Container image "public.ecr.aws/eks/aws-node:v1.14.1" already present on machine
2026-09-27T12:25:38.147961Z Normal LeaderElection oauth-827b8e became leader
2026-09-27T12:25:41.147961Z Normal Synced Successfully synced grafana-672003
2026-09-27T12:25:45.147961Z Normal Pulled Container image "ghcr.io/company/pay-api:2.3.1" already present on machine
2026-09-27T12:25:48.147961Z Normal AddedInterface Add eth0 [10.27.210.240] from eni eni-69ba6ecff386
2026-09-27T12:25:52.147961Z Normal LeaderElection pay-worker-2faab6 became leader
2026-09-27T12:25:56.147961Z Normal ScalingReplicaSet Scaled up replica set pay-worker-b161a2f0 to 2 from 1
2026-09-27T12:25:59.147961Z Normal SuccessfulCreate Created pod: metrics-server-0e2f2d
2026-09-27T12:26:03.147961Z Normal SuccessfulCreate Created pod: pay-api-86756c
2026-09-27T12:26:06.147961Z Normal Scheduled Successfully assigned kube-system/coredns-7d2f0f to ip-10-0-2-10.ec2.internal
2026-09-27T12:26:10.147961Z Normal ScalingReplicaSet Scaled up replica set pay-api-22fe5f6a to 6 from 0
2026-09-27T12:26:14.147961Z Normal Started Started container sidecar
2026-09-27T12:26:17.147961Z Normal Pulled Container image "ghcr.io/company/pay-api:2.3.1" already present on machine
2026-09-27T12:26:21.147961Z Normal ScalingReplicaSet Scaled up replica set ingress-nginx-controller-d3fd24c4 to 4 from 0
2026-09-27T12:26:24.147961Z Normal Created Created container agent
2026-09-27T12:26:28.147961Z Normal Pulled Container image "public.ecr.aws/eks/aws-node:v1.14.1" already present on machine
2026-09-27T12:26:32.147961Z Normal Started Started container app
2026-09-27T12:26:35.147961Z Normal Started Started container proxy
2026-09-27T12:26:39.147961Z Normal Started Started container app
2026-09-27T12:26:42.147961Z Normal Synced Successfully synced ingress-nginx-controller-7ac4e7
2026-09-27T12:26:46.147961Z Normal LeaderElection oauth-06422b became leader
2026-09-27T12:26:50.147961Z Normal Started Started container sidecar
2026-09-27T12:26:53.147961Z Warning TLSHandshakeTimeout net/http: TLS handshake timeout
2026-09-27T12:26:57.147961Z Normal SuccessfulCreate Created pod: oauth-37f377
2026-09-27T12:27:00.147961Z Normal LeaderElection pay-api-9c04e4 became leader
2026-09-27T12:27:04.147961Z Normal Started Started container agent
2026-09-27T12:27:08.147961Z Normal ScalingReplicaSet Scaled up replica set oauth-797afb9c to 6 from 2
2026-09-27T12:27:11.147961Z Normal Created Created container proxy
2026-09-27T12:27:15.147961Z Normal Synced Successfully synced ingress-nginx-controller-20582a
2026-09-27T12:27:18.147961Z Normal Started Started container agent
2026-09-27T12:27:22.147961Z Normal Scheduled Successfully assigned observability/prometheus-87fb03 to ip-10-0-3-40.ec2.internal
2026-09-27T12:27:26.147961Z Normal Started Started container sidecar
2026-09-27T12:27:29.147961Z Normal Scheduled Successfully assigned kube-system/coredns-dacc41 to ip-10-0-2-50.ec2.internal
2026-09-27T12:27:33.147961Z Normal ScalingReplicaSet Scaled up replica set pay-worker-ded6a591 to 3 from 2
2026-09-27T12:27:36.147961Z Normal LeaderElection ingress-nginx-controller-ef5535 became leader
2026-09-27T12:27:40.147961Z Normal LeaderElection frontend-24e55b became leader
2026-09-27T12:27:44.147961Z Normal Scheduled Successfully assigned auth/oauth-2f2ae8 to ip-10-0-1-10.ec2.internal
2026-09-27T12:27:47.147961Z Normal ScalingReplicaSet Scaled up replica set ingress-nginx-controller-e02cb02e to 2 from 2
2026-09-27T12:27:51.147961Z Normal SuccessfulCreate Created pod: coredns-4e44d3
2026-09-27T12:27:54.147961Z Normal Scheduled Successfully assigned auth/auth-api-362a5a to ip-10-0-5-30.ec2.internal
2026-09-27T12:27:58.147961Z Normal Started Started container agent
2026-09-27T12:28:02.147961Z Normal Scheduled Successfully assigned kube-system/kube-proxy-a9c9c1 to ip-10-0-5-40.ec2.internal
2026-09-27T12:28:05.147961Z Normal SuccessfulCreate Created pod: prometheus-c78570
2026-09-27T12:28:09.147961Z Normal Started Started container sidecar
2026-09-27T12:28:12.147961Z Normal Pulled Container image "ghcr.io/company/auth-api:1.9.0" already present on machine
2026-09-27T12:28:16.147961Z Warning Unhealthy Readiness probe failed: Get "http://10.96.84.247:443/health": dial tcp 10.96.84.247:443: i/o timeout
2026-09-27T12:28:20.147961Z Normal Started Started container proxy
2026-09-27T12:28:23.147961Z Normal Started Started container proxy
2026-09-27T12:28:27.147961Z Normal SuccessfulCreate Created pod: loki-3bb9ee
2026-09-27T12:28:30.147961Z Normal LeaderElection auth-api-d63abd became leader
2026-09-27T12:28:34.147961Z Normal AddedInterface Add eth0 [10.196.246.58] from eni eni-b85ffcbdd84c
2026-09-27T12:28:38.147961Z Normal LeaderElection pay-worker-ab0979 became leader
2026-09-27T12:28:41.147961Z Warning BackOff Back-off restarting failed container agent in pod auth/auth-api-662e91
2026-09-27T12:28:45.147961Z Normal AddedInterface Add eth0 [10.168.27.35] from eni eni-04952ce8c855
2026-09-27T12:28:48.147961Z Normal Synced Successfully synced web-1aec8d
2026-09-27T12:28:52.147961Z Normal Pulled Container image "python:3.11-slim" already present on machine
2026-09-27T12:28:56.147961Z Normal Created Created container app
2026-09-27T12:28:59.147961Z Normal LeaderElection pay-worker-99d063 became leader
2026-09-27T12:29:03.147961Z Normal ScalingReplicaSet Scaled up replica set aws-node-b53f3e71 to 5 from 0
2026-09-27T12:29:06.147961Z Warning ImagePullBackOff Back-off pulling image "ghcr.io/company/auth-api:1.9.0"
2026-09-27T12:29:10.147961Z Normal Scheduled Successfully assigned payments/pay-worker-2138d8 to ip-10-0-4-10.ec2.internal
2026-09-27T12:29:14.147961Z Normal Pulled Container image "registry.k8s.io/coredns/coredns:v1.11.1" already present on machine
2026-09-27T12:29:17.147961Z Warning DNSConfigForming Nameserver limits were exceeded, some nameservers have been omitted, the applied nameserver line is: 10.217.134.97 10.255.182.12 10.24.153.177 10.203.208.215 10.3.199.57
2026-09-27T12:29:21.147961Z Normal Created Created container agent
2026-09-27T12:29:24.147961Z Normal Created Created container agent
2026-09-27T12:29:28.147961Z Normal Pulled Container image "ghcr.io/company/auth-api:1.9.0" already present on machine
2026-09-27T12:29:32.147961Z Normal ScalingReplicaSet Scaled up replica set pay-worker-5ee91100 to 4 from 1
2026-09-27T12:29:35.147961Z Normal Pulled Container image "python:3.11-slim" already present on machine
2026-09-27T12:29:39.147961Z Warning BackOff Back-off restarting failed container agent in pod observability/prometheus-f72114
2026-09-27T12:29:42.147961Z Normal LeaderElection auth-api-2b2f5d became leader
2026-09-27T12:29:46.147961Z Normal AddedInterface Add eth0 [10.14.185.158] from eni eni-d0c1de8a3e2a
2026-09-27T12:29:50.147961Z Normal AddedInterface Add eth0 [10.45.8.184] from eni eni-3db0b77822dd
2026-09-27T12:29:53.147961Z Normal Created Created container proxy
2026-09-27T12:29:57.147961Z Normal Synced Successfully synced worker-a3679e
2026-09-27T12:30:00.147961Z Normal Pulled Container image "ghcr.io/company/auth-api:1.9.0" already present on machine
2026-09-27T12:30:04.147961Z Normal ScalingReplicaSet Scaled up replica set api-6edcc4d0 to 6 from 1
2026-09-27T12:30:08.147961Z Normal LeaderElection auth-api-2659b0 became leader
2026-09-27T12:30:11.147961Z Normal Created Created container agent
2026-09-27T12:30:15.147961Z Normal Scheduled Successfully assigned default/web-a04faf to ip-10-0-1-10.ec2.internal
2026-09-27T12:30:18.147961Z Normal SuccessfulCreate Created pod: loki-07e40d
2026-09-27T12:30:22.147961Z Normal Pulled Container image "python:3.11-slim" already present on machine
2026-09-27T12:30:26.147961Z Normal Pulled Container image "ghcr.io/company/auth-api:1.9.0" already present on machine
2026-09-27T12:30:29.147961Z Normal Created Created container agent
2026-09-27T12:30:33.147961Z Normal LeaderElection ingress-nginx-controller-8ca372 became leader
2026-09-27T12:30:36.147961Z Normal Scheduled Successfully assigned ingress-nginx/ingress-nginx-controller-e74da6 to ip-10-0-5-50.ec2.internal
2026-09-27T12:30:40.147961Z Normal Synced Successfully synced coredns-2f19ed
2026-09-27T12:30:44.147961Z Normal ScalingReplicaSet Scaled up replica set frontend-f2631ada to 6 from 2
2026-09-27T12:30:47.147961Z Normal Synced Successfully synced web-0f6d70
2026-09-27T12:30:51.147961Z Normal Scheduled Successfully assigned default/api-ded9ff to ip-10-0-5-10.ec2.internal
2026-09-27T12:30:54.147961Z Normal Started Started container proxy
2026-09-27T12:30:58.147961Z Normal ScalingReplicaSet Scaled up replica set auth-api-9193c84b to 3 from 2
2026-09-27T12:31:02.147961Z Normal LeaderElection ingress-nginx-controller-91f6e6 became leader
2026-09-27T12:31:05.147961Z Normal Synced Successfully synced ingress-nginx-controller-8f945e
2026-09-27T12:31:09.147961Z Normal Started Started container agent
2026-09-27T12:31:12.147961Z Warning OOMKilled Container sidecar in pod ingress-nginx/ingress-nginx-controller-87dfad was killed due to OOM
2026-09-27T12:31:16.147961Z Normal LeaderElection coredns-9d7269 became leader
2026-09-27T12:31:20.147961Z Normal ScalingReplicaSet Scaled up replica set grafana-01d5541f to 3 from 1
2026-09-27T12:31:23.147961Z Normal Pulled Container image "public.ecr.aws/eks/aws-node:v1.14.1" already present on machine
2026-09-27T12:31:27.147961Z Normal Synced Successfully synced prometheus-10252a
2026-09-27T12:31:30.147961Z Normal Synced Successfully synced auth-api-fe0669
2026-09-27T12:31:34.147961Z Normal AddedInterface Add eth0 [10.84.162.249] from eni eni-ea1002ec612e
2026-09-27T12:31:38.147961Z Normal Scheduled Successfully assigned default/api-3e83b3 to ip-10-0-2-50.ec2.internal
2026-09-27T12:31:41.147961Z Normal Started Started container sidecar
2026-09-27T12:31:45.147961Z Normal AddedInterface Add eth0 [10.190.81.25] from eni eni-f7eda722c925
2026-09-27T12:31:48.147961Z Normal SuccessfulCreate Created pod: pay-worker-a56655
2026-09-27T12:31:52.147961Z Normal SuccessfulCreate Created pod: ingress-nginx-controller-0acbac
2026-09-27T12:31:56.147961Z Normal ScalingReplicaSet Scaled up replica set frontend-91697c05 to 4 from 0
2026-09-27T12:31:59.147961Z Normal Scheduled Successfully assigned observability/prometheus-29640b to ip-10-0-2-20.ec2.internal
2026-09-27T12:32:03.147961Z Normal Pulled Container image "python:3.11-slim" already present on machine
2026-09-27T12:32:06.147961Z Normal Created Created container sidecar
2026-09-27T12:32:10.147961Z Normal AddedInterface Add eth0 [10.60.69.22] from eni eni-f5f5d56bf5d8
2026-09-27T12:32:14.147961Z Normal SuccessfulCreate Created pod: auth-api-f7b155
2026-09-27T12:32:17.147961Z Normal Synced Successfully synced coredns-644d3a
2026-09-27T12:32:21.147961Z Normal Scheduled Successfully assigned auth/oauth-6efdd5 to ip-10-0-1-40.ec2.internal
2026-09-27T12:32:24.147961Z Normal Created Created container sidecar
2026-09-27T12:32:28.147961Z Warning Unhealthy Readiness probe failed: Get "http://10.47.12.252:80/health": dial tcp 10.47.12.252:80: i/o timeout
2026-09-27T12:32:32.147961Z Normal Started Started container sidecar
2026-09-27T12:32:35.147961Z Warning Unhealthy Readiness probe failed: Get "http://10.16.105.245:80/health": dial tcp 10.16.105.245:80: i/o timeout
2026-09-27T12:32:39.147961Z Normal ScalingReplicaSet Scaled up replica set ingress-nginx-controller-ef9e261a to 6 from 0
2026-09-27T12:32:42.147961Z Normal SuccessfulCreate Created pod: metrics-server-c49b86
2026-09-27T12:32:46.147961Z Normal Synced Successfully synced pay-worker-894e3a
2026-09-27T12:32:50.147961Z Normal ScalingReplicaSet Scaled up replica set grafana-03a89832 to 6 from 1
2026-09-27T12:32:53.147961Z Normal Pulled Container image "busybox:1.36" already present on machine
2026-09-27T12:32:57.147961Z Normal Pulled Container image "public.ecr.aws/eks/aws-node:v1.14.1" already present on machine
2026-09-27T12:33:00.147961Z Normal Created Created container agent
2026-09-27T12:33:04.147961Z Normal Scheduled Successfully assigned default/worker-b58b2a to ip-10-0-1-10.ec2.internal
2026-09-27T12:33:08.147961Z Normal AddedInterface Add eth0 [10.114.218.67] from eni eni-1e6aa8d5b2d6
2026-09-27T12:33:11.147961Z Normal Scheduled Successfully assigned auth/oauth-5fd827 to ip-10-0-4-40.ec2.internal
2026-09-27T12:33:15.147961Z Warning FailedCreate Error creating: pods "pay-api-83577b" is forbidden: error looking up service account payments/default: serviceaccount "default" not found
2026-09-27T12:33:18.147961Z Normal Synced Successfully synced aws-node-9725ef
2026-09-27T12:33:22.147961Z Normal AddedInterface Add eth0 [10.197.97.82] from eni eni-bc5f3a9a7a19
2026-09-27T12:33:26.147961Z Normal Started Started container sidecar
2026-09-27T12:33:29.147961Z Warning BackOff Back-off restarting failed container agent in pod observability/grafana-e7992d
2026-09-27T12:33:33.147961Z Normal AddedInterface Add eth0 [10.135.210.214] from eni eni-225690897bcf
2026-09-27T12:33:36.147961Z Normal Created Created container sidecar
2026-09-27T12:33:40.147961Z Warning DiskPressure Node ip-10-0-1-30.ec2.internal status is now: NodeHasDiskPressure
2026-09-27T12:33:44.147961Z Normal Created Created container app
2026-09-27T12:33:47.147961Z Normal Pulled Container image "ghcr.io/company/auth-api:1.9.0" already present on machine
2026-09-27T12:33:51.147961Z Normal LeaderElection ingress-nginx-controller-9444fe became leader
2026-09-27T12:33:54.147961Z Normal Created Created container app
2026-09-27T12:33:58.147961Z Normal ScalingReplicaSet Scaled up replica set ingress-nginx-controller-49f6f77e to 6 from 2
2026-09-27T12:34:02.147961Z Warning TLSHandshakeTimeout net/http: TLS handshake timeout
2026-09-27T12:34:05.147961Z Warning OOMKilled Container app in pod observability/grafana-ed36d8 was killed due to OOM
2026-09-27T12:34:09.147961Z Normal Created Created container app
2026-09-27T12:34:12.147961Z Normal Synced Successfully synced frontend-d37659
2026-09-27T12:34:16.147961Z Normal LeaderElection pay-api-a19ff1 became leader
2026-09-27T12:34:20.147961Z Normal Pulled Container image "nginx:1.25" already present on machine
2026-09-27T12:34:23.147961Z Normal SuccessfulCreate Created pod: ingress-nginx-controller-4309dd
2026-09-27T12:34:27.147961Z Normal Synced Successfully synced grafana-aad947
2026-09-27T12:34:30.147961Z Normal LeaderElection auth-api-d9da35 became leader
2026-09-27T12:34:34.147961Z Normal SuccessfulCreate Created pod: loki-42e358
2026-09-27T12:34:38.147961Z Normal Started Started container sidecar
2026-09-27T12:34:41.147961Z Normal ScalingReplicaSet Scaled up replica set loki-bb1a62bb to 3 from 0
2026-09-27T12:34:45.147961Z Normal SuccessfulCreate Created pod: grafana-87fb0e
2026-09-27T12:34:48.147961Z Normal Pulled Container image "nginx:1.25" already present on machine
2026-09-27T12:34:52.147961Z Normal Pulled Container image "nginx:1.25" already present on machine
2026-09-27T12:34:56.147961Z Normal SuccessfulCreate Created pod: auth-api-56046c
2026-09-27T12:34:59.147961Z Normal Synced Successfully synced web-f97f57
2026-09-27T12:35:03.147961Z Warning MemPressure Node ip-10-0-5-40.ec2.internal status is now: NodeHasMemoryPressure
2026-09-27T12:35:06.147961Z Normal LeaderElection pay-worker-9be494 became leader
2026-09-27T12:35:10.147961Z Normal Started Started container app
2026-09-27T12:35:14.147961Z Normal Started Started container app
2026-09-27T12:35:17.147961Z Normal AddedInterface Add eth0 [10.144.101.130] from eni eni-1fa2fcece1aa
2026-09-27T12:35:21.147961Z Normal SuccessfulCreate Created pod: pay-worker-c0ff53
2026-09-27T12:35:24.147961Z Normal Synced Successfully synced kube-proxy-490c32
2026-09-27T12:35:28.147961Z Normal Scheduled Successfully assigned auth/auth-api-8d62c6 to ip-10-0-2-10.ec2.internal
2026-09-27T12:35:32.147961Z Normal ScalingReplicaSet Scaled up replica set loki-30b20758 to 3 from 2
2026-09-27T12:35:35.147961Z Normal LeaderElection ingress-nginx-controller-aa177a became leader
2026-09-27T12:35:39.147961Z Normal ScalingReplicaSet Scaled up replica set aws-node-c14c282a to 3 from 2
2026-09-27T12:35:42.147961Z Normal Started Started container agent
2026-09-27T12:35:46.147961Z Normal Pulled Container image "busybox:1.36" already present on machine
2026-09-27T12:35:50.147961Z Normal SuccessfulCreate Created pod: prometheus-88df84
2026-09-27T12:35:53.147961Z Normal AddedInterface Add eth0 [10.219.158.80] from eni eni-3310615b676a
2026-09-27T12:35:57.147961Z Normal ScalingReplicaSet Scaled up replica set pay-api-d3fdc66c to 4 from 2
2026-09-27T12:36:00.147961Z Normal Started Started container sidecar
2026-09-27T12:36:04.147961Z Normal Created Created container sidecar
2026-09-27T12:36:08.147961Z Normal ScalingReplicaSet Scaled up replica set prometheus-bff4d760 to 2 from 1
2026-09-27T12:36:11.147961Z Normal SuccessfulCreate Created pod: pay-api-4361df
2026-09-27T12:36:15.147961Z Normal AddedInterface Add eth0 [10.50.42.23] from eni eni-eefee55041dc
2026-09-27T12:36:18.147961Z Normal LeaderElection api-13971e became leader
2026-09-27T12:36:22.147961Z Normal ScalingReplicaSet Scaled up replica set kube-proxy-00f987b5 to 5 from 0
2026-09-27T12:36:26.147961Z Normal ScalingReplicaSet Scaled up replica set coredns-2c38ba64 to 4 from 1
2026-09-27T12:36:29.147961Z Normal Synced Successfully synced coredns-745a40
2026-09-27T12:36:33.147961Z Normal Created Created container agent
2026-09-27T12:36:36.147961Z Normal Scheduled Successfully assigned kube-system/metrics-server-f570c1 to ip-10-0-2-20.ec2.internal
2026-09-27T12:36:40.147961Z Normal ScalingReplicaSet Scaled up replica set kube-proxy-8639a101 to 2 from 2
2026-09-27T12:36:44.147961Z Normal Started Started container proxy
2026-09-27T12:36:47.147961Z Warning TLSHandshakeTimeout net/http: TLS handshake timeout
2026-09-27T12:36:51.147961Z Normal AddedInterface Add eth0 [10.110.74.123] from eni eni-10f052de3aed
2026-09-27T12:36:54.147961Z Warning DNSConfigForming Nameserver limits were exceeded, some nameservers have been omitted, the applied nameserver line is: 10.37.238.189 10.185.233.108 10.4.52.131 10.16.220.183 10.225.163.192
2026-09-27T12:36:58.147961Z Normal LeaderElection kube-proxy-962000 became leader
2026-09-27T12:37:02.147961Z Normal Started Started container proxy
2026-09-27T12:37:05.147961Z Normal Started Started container proxy
2026-09-27T12:37:09.147961Z Normal ScalingReplicaSet Scaled up replica set ingress-nginx-controller-4322461c to 2 from 1
2026-09-27T12:37:12.147961Z Normal AddedInterface Add eth0 [10.48.168.65] from eni eni-3dd6aca2b37e
2026-09-27T12:37:16.147961Z Normal Scheduled Successfully assigned kube-system/kube-proxy-598a67 to ip-10-0-1-40.ec2.internal
2026-09-27T12:37:20.147961Z Normal ScalingReplicaSet Scaled up replica set oauth-c2916866 to 4 from 2
2026-09-27T12:37:23.147961Z Normal Created Created container app
2026-09-27T12:37:27.147961Z Normal ScalingReplicaSet Scaled up replica set oauth-de928db0 to 2 from 0
2026-09-27T12:37:30.147961Z Normal LeaderElection loki-dca4a1 became leader
2026-09-27T12:37:34.147961Z Normal Started Started container proxy
2026-09-27T12:37:38.147961Z Normal Created Created container app
2026-09-27T12:37:41.147961Z Normal Synced Successfully synced ingress-nginx-controller-2a308e
2026-09-27T12:37:45.147961Z Normal Scheduled Successfully assigned auth/auth-api-daa8c6 to ip-10-0-2-20.ec2.internal
2026-09-27T12:37:48.147961Z Normal SuccessfulCreate Created pod: metrics-server-e91b8d
2026-09-27T12:37:52.147961Z Normal Scheduled Successfully assigned ingress-nginx/ingress-nginx-controller-c43d0e to ip-10-0-3-10.ec2.internal
2026-09-27T12:37:56.147961Z Normal AddedInterface Add eth0 [10.144.223.180] from eni eni-1f21c0e549fe
2026-09-27T12:37:59.147961Z Normal ScalingReplicaSet Scaled up replica set oauth-8efa221b to 5 from 2
2026-09-27T12:38:03.147961Z Normal Scheduled Successfully assigned auth/oauth-59ed75 to ip-10-0-1-30.ec2.internal
2026-09-27T12:38:06.147961Z Normal AddedInterface Add eth0 [10.10.104.243] from eni eni-8c525962c03c
2026-09-27T12:38:10.147961Z Normal ScalingReplicaSet Scaled up replica set oauth-f72acd0e to 2 from 2
2026-09-27T12:38:14.147961Z Warning FailedMount Unable to attach or mount volumes: timed out waiting for the condition
2026-09-27T12:38:17.147961Z Normal Started Started container agent
2026-09-27T12:38:21.147961Z Normal Started Started container app
2026-09-27T12:38:24.147961Z Normal AddedInterface Add eth0 [10.116.61.89] from eni eni-41829ed0ec2e
2026-09-27T12:38:28.147961Z Warning TLSHandshakeTimeout net/http: TLS handshake timeout
2026-09-27T12:38:32.147961Z Normal Synced Successfully synced aws-node-8f8abe
2026-09-27T12:38:35.147961Z Normal SuccessfulCreate Created pod: oauth-a3e462
2026-09-27T12:38:39.147961Z Normal AddedInterface Add eth0 [10.53.253.35] from eni eni-e5626533acf5
2026-09-27T12:38:42.147961Z Normal LeaderElection ingress-nginx-controller-664333 became leader
2026-09-27T12:38:46.147961Z Normal LeaderElection aws-node-0cfe2e became leader
2026-09-27T12:38:50.147961Z Warning Unhealthy Readiness probe failed: Get "http://10.47.141.90:9090/health": dial tcp 10.47.141.90:9090: i/o timeout
2026-09-27T12:38:53.147961Z Normal Scheduled Successfully assigned ingress-nginx/ingress-nginx-controller-3c486b to ip-10-0-4-10.ec2.internal
2026-09-27T12:38:57.147961Z Normal AddedInterface Add eth0 [10.82.141.79] from eni eni-49042b879907
2026-09-27T12:39:00.147961Z Normal ScalingReplicaSet Scaled up replica set web-95c6250e to 6 from 1
2026-09-27T12:39:04.147961Z Normal Started Started container proxy
2026-09-27T12:39:08.147961Z Normal ScalingReplicaSet Scaled up replica set aws-node-04592e4a to 5 from 2
2026-09-27T12:39:11.147961Z Normal SuccessfulCreate Created pod: grafana-f00793
2026-09-27T12:39:15.147961Z Normal ScalingReplicaSet Scaled up replica set coredns-cf9e6826 to 2 from 1
2026-09-27T12:39:18.147961Z Normal Scheduled Successfully assigned default/api-8899ef to ip-10-0-2-10.ec2.internal
2026-09-27T12:39:22.147961Z Normal LeaderElection grafana-2c60dd became leader
2026-09-27T12:39:26.147961Z Normal AddedInterface Add eth0 [10.1.103.251] from eni eni-ad7528ddb532
2026-09-27T12:39:29.147961Z Normal Started Started container sidecar
2026-09-27T12:39:33.147961Z Normal AddedInterface Add eth0 [10.114.103.63] from eni eni-7cf6bb4c1108
2026-09-27T12:39:36.147961Z Normal Started Started container proxy
2026-09-27T12:39:40.147961Z Normal Started Started container agent
2026-09-27T12:39:44.147961Z Normal LeaderElection pay-api-e8ef73 became leader
2026-09-27T12:39:47.147961Z Normal Created Created container sidecar
2026-09-27T12:39:51.147961Z Normal Synced Successfully synced ingress-nginx-controller-2b5daf
2026-09-27T12:39:54.147961Z Normal LeaderElection pay-api-d72dcb became leader
2026-09-27T12:39:58.147961Z Normal Created Created container app
2026-09-27T12:40:02.147961Z Normal LeaderElection pay-api-00447c became leader
2026-09-27T12:40:05.147961Z Normal SuccessfulCreate Created pod: oauth-bec1ce
2026-09-27T12:40:09.147961Z Normal ScalingReplicaSet Scaled up replica set kube-proxy-222e1b59 to 5 from 0
2026-09-27T12:40:12.147961Z Normal ScalingReplicaSet Scaled up replica set pay-worker-0189888d to 6 from 0
2026-09-27T12:40:16.147961Z Normal Pulled Container image "ghcr.io/company/auth-api:1.9.0" already present on machine
2026-09-27T12:40:20.147961Z Normal Started Started container proxy
2026-09-27T12:40:23.147961Z Normal Created Created container proxy
2026-09-27T12:40:27.147961Z Normal Scheduled Successfully assigned ingress-nginx/ingress-nginx-controller-53b0db to ip-10-0-2-50.ec2.internal
2026-09-27T12:40:30.147961Z Normal Synced Successfully synced pay-api-6e2a6b
2026-09-27T12:40:34.147961Z Normal LeaderElection auth-api-409ea1 became leader
2026-09-27T12:40:38.147961Z Warning Unhealthy Readiness probe failed: Get "http://10.19.254.88:80/health": dial tcp 10.19.254.88:80: i/o timeout
2026-09-27T12:40:41.147961Z Normal Synced Successfully synced coredns-5b65cd
2026-09-27T12:40:45.147961Z Normal Scheduled Successfully assigned auth/auth-api-a7a929 to ip-10-0-2-20.ec2.internal
2026-09-27T12:40:48.147961Z Normal Started Started container proxy
2026-09-27T12:40:52.147961Z Normal Scheduled Successfully assigned ingress-nginx/ingress-nginx-controller-9a5ed0 to ip-10-0-1-50.ec2.internal
2026-09-27T12:40:56.147961Z Normal AddedInterface Add eth0 [10.141.160.34] from eni eni-575acdd220c6
2026-09-27T12:40:59.147961Z Normal AddedInterface Add eth0 [10.95.146.15] from eni eni-a603e020d285
2026-09-27T12:41:03.147961Z Warning FailedCreate Error creating: pods "grafana-bc0edc" is forbidden: error looking up service account observability/default: serviceaccount "default" not found
2026-09-27T12:41:06.147961Z Normal Synced Successfully synced auth-api-fbac0c
2026-09-27T12:41:10.147961Z Normal SuccessfulCreate Created pod: pay-worker-3421c0
2026-09-27T12:41:14.147961Z Normal Scheduled Successfully assigned payments/pay-api-e159e0 to ip-10-0-3-20.ec2.internal
2026-09-27T12:41:17.147961Z Normal AddedInterface Add eth0 [10.28.184.8] from eni eni-9a649c0bd2ab
2026-09-27T12:41:21.147961Z Normal Started Started container proxy
2026-09-27T12:41:24.147961Z Normal ScalingReplicaSet Scaled up replica set oauth-de278986 to 3 from 0
2026-09-27T12:41:28.147961Z Normal SuccessfulCreate Created pod: ingress-nginx-controller-e91fa2
2026-09-27T12:41:32.147961Z Normal Created Created container app
2026-09-27T12:41:35.147961Z Normal SuccessfulCreate Created pod: pay-api-8ca229
2026-09-27T12:41:39.147961Z Normal Created Created container app
2026-09-27T12:41:42.147961Z Normal AddedInterface Add eth0 [10.163.206.247] from eni eni-0cce971cda97
2026-09-27T12:41:46.147961Z Normal Started Started container app
2026-09-27T12:41:50.147961Z Normal Pulled Container image "nginx:1.25" already present on machine
2026-09-27T12:41:53.147961Z Normal Pulled Container image "busybox:1.36" already present on machine
2026-09-27T12:41:57.147961Z Warning DNSConfigForming Nameserver limits were exceeded, some nameservers have been omitted, the applied nameserver line is: 10.186.212.216 10.72.202.101 10.219.185.75 10.160.170.61 10.204.112.128
2026-09-27T12:42:00.147961Z Normal Created Created container agent
2026-09-27T12:42:04.147961Z Normal Pulled Container image "registry.k8s.io/coredns/coredns:v1.11.1" already present on machine
2026-09-27T12:42:08.147961Z Normal Scheduled Successfully assigned payments/pay-api-052917 to ip-10-0-2-50.ec2.internal
2026-09-27T12:42:11.147961Z Normal Pulled Container image "nginx:1.25" already present on machine
2026-09-27T12:42:15.147961Z Normal Started Started container agent
2026-09-27T12:42:18.147961Z Normal Created Created container app
2026-09-27T12:42:22.147961Z Normal Synced Successfully synced oauth-3c41a7
2026-09-27T12:42:26.147961Z Normal LeaderElection oauth-3fd607 became leader
2026-09-27T12:42:29.147961Z Normal Started Started container agent
2026-09-27T12:42:33.147961Z Normal Created Created container app
2026-09-27T12:42:36.147961Z Normal Pulled Container image "python:3.11-slim" already present on machine
2026-09-27T12:42:40.147961Z Normal ScalingReplicaSet Scaled up replica set ingress-nginx-controller-a54e8e4b to 3 from 0
2026-09-27T12:42:44.147961Z Normal ScalingReplicaSet Scaled up replica set worker-40a944bf to 5 from 0
2026-09-27T12:42:47.147961Z Normal AddedInterface Add eth0 [10.45.103.69] from eni eni-b87601366569
2026-09-27T12:42:51.147961Z Normal SuccessfulCreate Created pod: auth-api-f1ae58
2026-09-27T12:42:54.147961Z Normal Started Started container app
2026-09-27T12:42:58.147961Z Normal AddedInterface Add eth0 [10.39.25.137] from eni eni-4561af598b15
2026-09-27T12:43:02.147961Z Normal Scheduled Successfully assigned payments/pay-worker-26fac1 to ip-10-0-4-20.ec2.internal
2026-09-27T12:43:05.147961Z Warning BackOff Back-off restarting failed container agent in pod default/frontend-c35192
2026-09-27T12:43:09.147961Z Normal ScalingReplicaSet Scaled up replica set aws-node-a42fee92 to 2 from 1
2026-09-27T12:43:12.147961Z Normal Started Started container proxy
2026-09-27T12:43:16.147961Z Normal Synced Successfully synced metrics-server-f8987c
2026-09-27T12:43:20.147961Z Warning Unhealthy Readiness probe failed: Get "http://10.222.151.38:9090/health": dial tcp 10.222.151.38:9090: i/o timeout
2026-09-27T12:43:23.147961Z Normal SuccessfulCreate Created pod: api-b602da
2026-09-27T12:43:27.147961Z Normal Synced Successfully synced web-5d6e94
2026-09-27T12:43:30.147961Z Normal SuccessfulCreate Created pod: kube-proxy-81324e
2026-09-27T12:43:34.147961Z Normal AddedInterface Add eth0 [10.181.203.94] from eni eni-e2eb03ba44ca
2026-09-27T12:43:38.147961Z Normal Synced Successfully synced oauth-e58198
2026-09-27T12:43:41.147961Z Normal Started Started container sidecar
2026-09-27T12:43:45.147961Z Normal Synced Successfully synced worker-a59fc3
2026-09-27T12:43:48.147961Z Normal SuccessfulCreate Created pod: auth-api-4a764d
2026-09-27T12:43:52.147961Z Normal Synced Successfully synced auth-api-c2e392
2026-09-27T12:43:56.147961Z Normal ScalingReplicaSet Scaled up replica set grafana-42ac0880 to 5 from 1
2026-09-27T12:43:59.147961Z Normal Created Created container app
2026-09-27T12:44:03.147961Z Normal Started Started container agent
2026-09-27T12:44:06.147961Z Normal LeaderElection kube-proxy-ba9924 became leader
2026-09-27T12:44:10.147961Z Normal Pulled Container image "registry.k8s.io/coredns/coredns:v1.11.1" already present on machine
2026-09-27T12:44:14.147961Z Normal Pulled Container image "ghcr.io/company/auth-api:1.9.0" already present on machine
2026-09-27T12:44:17.147961Z Normal LeaderElection pay-worker-3a07d4 became leader
2026-09-27T12:44:21.147961Z Normal Synced Successfully synced api-164b11
2026-09-27T12:44:24.147961Z Normal Created Created container agent
2026-09-27T12:44:28.147961Z Normal Pulled Container image "public.ecr.aws/eks/aws-node:v1.14.1" already present on machine
2026-09-27T12:44:32.147961Z Normal Pulled Container image "registry.k8s.io/coredns/coredns:v1.11.1" already present on machine
2026-09-27T12:44:35.147961Z Normal Scheduled Successfully assigned auth/oauth-e08747 to ip-10-0-2-40.ec2.internal
2026-09-27T12:44:39.147961Z Normal Synced Successfully synced prometheus-09507e
2026-09-27T12:44:42.147961Z Normal AddedInterface Add eth0 [10.66.205.105] from eni eni-fead4e7323c2
2026-09-27T12:44:46.147961Z Warning MemPressure Node ip-10-0-2-20.ec2.internal status is now: NodeHasMemoryPressure
2026-09-27T12:44:50.147961Z Warning MemPressure Node ip-10-0-2-20.ec2.internal status is now: NodeHasMemoryPressure
2026-09-27T12:44:53.147961Z Normal Scheduled Successfully assigned ingress-nginx/ingress-nginx-controller-0c971d to ip-10-0-2-10.ec2.internal
2026-09-27T12:44:57.147961Z Normal SuccessfulCreate Created pod: web-8899c6
2026-09-27T12:45:00.147961Z Normal LeaderElection worker-9bd5b9 became leader
2026-09-27T12:45:04.147961Z Normal SuccessfulCreate Created pod: prometheus-f12508
2026-09-27T12:45:08.147961Z Normal Scheduled Successfully assigned auth/auth-api-ee76fb to ip-10-0-2-50.ec2.internal
2026-09-27T12:45:11.147961Z Normal ScalingReplicaSet Scaled up replica set pay-worker-cd73f4d2 to 3 from 1
2026-09-27T12:45:15.147961Z Normal LeaderElection pay-api-abf65a became leader
2026-09-27T12:45:18.147961Z Normal Synced Successfully synced prometheus-551aef
2026-09-27T12:45:22.147961Z Warning ErrImagePull Failed to pull image "public.ecr.aws/eks/aws-node:v1.14.1": rpc error: code = Unknown desc = Error response from daemon: pull access denied
2026-09-27T12:45:26.147961Z Normal Scheduled Successfully assigned observability/loki-c19ec7 to ip-10-0-3-50.ec2.internal
2026-09-27T12:45:29.147961Z Normal LeaderElection aws-node-3db82c became leader
2026-09-27T12:45:33.147961Z Normal SuccessfulCreate Created pod: prometheus-381ce6
2026-09-27T12:45:36.147961Z Normal Started Started container proxy
2026-09-27T12:45:40.147961Z Normal ScalingReplicaSet Scaled up replica set auth-api-d2bf3b4e to 3 from 2
2026-09-27T12:45:44.147961Z Normal SuccessfulCreate Created pod: pay-worker-0e284a
2026-09-27T12:45:47.147961Z Normal Synced Successfully synced aws-node-deac8d
2026-09-27T12:45:51.147961Z Normal Started Started container proxy
2026-09-27T12:45:54.147961Z Normal Pulled Container image "public.ecr.aws/eks/aws-node:v1.14.1" already present on machine
2026-09-27T12:45:58.147961Z Normal Scheduled Successfully assigned default/api-56302c to ip-10-0-2-50.ec2.internal
2026-09-27T12:46:02.147961Z Normal ScalingReplicaSet Scaled up replica set aws-node-60eb5559 to 3 from 1
2026-09-27T12:46:05.147961Z Normal Created Created container proxy
2026-09-27T12:46:09.147961Z Normal LeaderElection ingress-nginx-controller-881c10 became leader
2026-09-27T12:46:12.147961Z Normal Started Started container sidecar
2026-09-27T12:46:16.147961Z Normal LeaderElection pay-api-fb9dde became leader
2026-09-27T12:46:20.147961Z Normal Pulled Container image "ghcr.io/company/auth-api:1.9.0" already present on machine
2026-09-27T12:46:23.147961Z Normal AddedInterface Add eth0 [10.167.76.102] from eni eni-fd94df583613
2026-09-27T12:46:27.147961Z Normal LeaderElection oauth-edcae9 became leader
2026-09-27T12:46:30.147961Z Normal Synced Successfully synced ingress-nginx-controller-ad4ee4
2026-09-27T12:46:34.147961Z Normal Synced Successfully synced worker-f3021f
2026-09-27T12:46:38.147961Z Normal ScalingReplicaSet Scaled up replica set coredns-470765b1 to 6 from 1
2026-09-27T12:46:41.147961Z Normal Scheduled Successfully assigned ingress-nginx/ingress-nginx-controller-ac77c3 to ip-10-0-5-30.ec2.internal
2026-09-27T12:46:45.147961Z Normal Started Started container sidecar
2026-09-27T12:46:48.147961Z Normal Synced Successfully synced pay-worker-93aa92
2026-09-27T12:46:52.147961Z Normal SuccessfulCreate Created pod: metrics-server-292768
2026-09-27T12:46:56.147961Z Normal Scheduled Successfully assigned observability/loki-b489d6 to ip-10-0-3-30.ec2.internal
2026-09-27T12:46:59.147961Z Normal AddedInterface Add eth0 [10.63.224.37] from eni eni-d41a0fdf4d01
2026-09-27T12:47:03.147961Z Normal SuccessfulCreate Created pod: coredns-cabd15
2026-09-27T12:47:06.147961Z Warning ErrImagePull Failed to pull image "ghcr.io/company/pay-api:2.3.1": rpc error: code = Unknown desc = Error response from daemon: pull access denied
2026-09-27T12:47:10.147961Z Normal SuccessfulCreate Created pod: prometheus-11c2ae
2026-09-27T12:47:14.147961Z Normal Scheduled Successfully assigned ingress-nginx/ingress-nginx-controller-5bfaf3 to ip-10-0-1-40.ec2.internal
2026-09-27T12:47:17.147961Z Normal ScalingReplicaSet Scaled up replica set ingress-nginx-controller-e512f61a to 6 from 1
2026-09-27T12:47:21.147961Z Normal Synced Successfully synced worker-ac243e
2026-09-27T12:47:24.147961Z Normal Pulled Container image "ghcr.io/company/pay-api:2.3.1" already present on machine
2026-09-27T12:47:28.147961Z Normal Pulled Container image "python:3.11-slim" already present on machine
2026-09-27T12:47:32.147961Z Normal ScalingReplicaSet Scaled up replica set auth-api-183301b8 to 3 from 1
2026-09-27T12:47:35.147961Z Normal AddedInterface Add eth0 [10.7.49.201] from eni eni-47adbcd79518
2026-09-27T12:47:39.147961Z Normal Created Created container proxy
2026-09-27T12:47:42.147961Z Normal Started Started container agent
2026-09-27T12:47:46.147961Z Warning DNSConfigForming Nameserver limits were exceeded, some nameservers have been omitted, the applied nameserver line is: 10.242.119.254 10.0.15.48 10.84.48.56 10.58.40.179 10.152.88.80
2026-09-27T12:47:50.147961Z Normal SuccessfulCreate Created pod: ingress-nginx-controller-8454a1
2026-09-27T12:47:53.147961Z Normal LeaderElection oauth-2fd03c became leader
2026-09-27T12:47:57.147961Z Normal Pulled Container image "public.ecr.aws/eks/aws-node:v1.14.1" already present on machine
2026-09-27T12:48:00.147961Z Warning FailedCreate Error creating: pods "ingress-nginx-controller-5ca76c" is forbidden: error looking up service account ingress-nginx/default: serviceaccount "default" not found
2026-09-27T12:48:04.147961Z Warning ErrImagePull Failed to pull image "python:3.11-slim": rpc error: code = Unknown desc = Error response from daemon: pull access denied
2026-09-27T12:48:08.147961Z Warning BackOff Back-off restarting failed container proxy in pod auth/oauth-8ff230
2026-09-27T12:48:11.147961Z Normal LeaderElection pay-api-0cd532 became leader
2026-09-27T12:48:15.147961Z Normal Created Created container app
2026-09-27T12:48:18.147961Z Normal Synced Successfully synced web-40c9b2
2026-09-27T12:48:22.147961Z Normal Started Started container agent
2026-09-27T12:48:26.147961Z Normal AddedInterface Add eth0 [10.213.33.130] from eni eni-df662a117ab2
2026-09-27T12:48:29.147961Z Normal Pulled Container image "python:3.11-slim" already present on machine
2026-09-27T12:48:33.147961Z Normal LeaderElection ingress-nginx-controller-778226 became leader
2026-09-27T12:48:36.147961Z Normal Scheduled Successfully assigned observability/loki-d66b72 to ip-10-0-5-20.ec2.internal
2026-09-27T12:48:40.147961Z Normal Scheduled Successfully assigned payments/pay-worker-5b063f to ip-10-0-1-20.ec2.internal
2026-09-27T12:48:44.147961Z Normal AddedInterface Add eth0 [10.57.98.197] from eni eni-15aa96eeab72
2026-09-27T12:48:47.147961Z Normal Synced Successfully synced pay-api-97f14e
2026-09-27T12:48:51.147961Z Normal Pulled Container image "busybox:1.36" already present on machine
2026-09-27T12:48:54.147961Z Normal Created Created container app
2026-09-27T12:48:58.147961Z Normal SuccessfulCreate Created pod: worker-1e233f
2026-09-27T12:49:02.147961Z Normal Started Started container agent
2026-09-27T12:49:05.147961Z Normal AddedInterface Add eth0 [10.86.11.26] from eni eni-ae96f75eaf37
2026-09-27T12:49:09.147961Z Normal AddedInterface Add eth0 [10.8.149.100] from eni eni-d7276a335087
2026-09-27T12:49:12.147961Z Normal Started Started container proxy
2026-09-27T12:49:16.147961Z Normal Started Started container agent
2026-09-27T12:49:20.147961Z Normal Started Started container agent
2026-09-27T12:49:23.147961Z Warning BackOff Back-off restarting failed container app in pod auth/auth-api-8132d6
2026-09-27T12:49:27.147961Z Warning BackOff Back-off restarting failed container app in pod auth/auth-api-9fc343
2026-09-27T12:49:30.147961Z Normal Synced Successfully synced api-95d5bb
2026-09-27T12:49:34.147961Z Normal Started Started container proxy
2026-09-27T12:49:38.147961Z Normal Synced Successfully synced loki-716642
2026-09-27T12:49:41.147961Z Normal SuccessfulCreate Created pod: pay-worker-235a7d
2026-09-27T12:49:45.147961Z Normal ScalingReplicaSet Scaled up replica set metrics-server-57960c3d to 6 from 1
2026-09-27T12:49:48.147961Z Normal Synced Successfully synced ingress-nginx-controller-117317
2026-09-27T12:49:52.147961Z Normal AddedInterface Add eth0 [10.185.46.103] from eni eni-939de6a4df38
2026-09-27T12:49:56.147961Z Normal AddedInterface Add eth0 [10.201.123.67] from eni eni-ff7bc90a66c2
2026-09-27T12:49:59.147961Z Normal Scheduled Successfully assigned payments/pay-worker-763b8d to ip-10-0-2-50.ec2.internal
2026-09-27T12:50:03.147961Z Normal AddedInterface Add eth0 [10.249.214.248] from eni eni-a2c2da9479c7
2026-09-27T12:50:06.147961Z Normal ScalingReplicaSet Scaled up replica set ingress-nginx-controller-650f4a17 to 5 from 2
2026-09-27T12:50:10.147961Z Normal ScalingReplicaSet Scaled up replica set grafana-55e8a181 to 2 from 2
2026-09-27T12:50:14.147961Z Normal Pulled Container image "public.ecr.aws/eks/aws-node:v1.14.1" already present on machine
2026-09-27T12:50:17.147961Z Normal Pulled Container image "busybox:1.36" already present on machine
2026-09-27T12:50:21.147961Z Normal Pulled Container image "nginx:1.25" already present on machine
2026-09-27T12:50:24.147961Z Normal ScalingReplicaSet Scaled up replica set ingress-nginx-controller-d26ea2fc to 4 from 0
2026-09-27T12:50:28.147961Z Normal AddedInterface Add eth0 [10.231.100.236] from eni eni-3b1f9c6c759b
2026-09-27T12:50:32.147961Z Normal Scheduled Successfully assigned default/api-761195 to ip-10-0-2-10.ec2.internal
2026-09-27T12:50:35.147961Z Normal ScalingReplicaSet Scaled up replica set ingress-nginx-controller-c2037b1b to 4 from 1
2026-09-27T12:50:39.147961Z Normal Pulled Container image "ghcr.io/company/pay-api:2.3.1" already present on machine
2026-09-27T12:50:42.147961Z Normal AddedInterface Add eth0 [10.199.134.160] from eni eni-8143a8ae07c8
2026-09-27T12:50:46.147961Z Normal ScalingReplicaSet Scaled up replica set grafana-ad938600 to 5 from 0
2026-09-27T12:50:50.147961Z Normal AddedInterface Add eth0 [10.27.73.67] from eni eni-75bf977c7235
2026-09-27T12:50:53.147961Z Normal Started Started container app
2026-09-27T12:50:57.147961Z Normal SuccessfulCreate Created pod: metrics-server-d9b190
2026-09-27T12:51:00.147961Z Normal Started Started container agent
2026-09-27T12:51:04.147961Z Normal Pulled Container image "python:3.11-slim" already present on machine
2026-09-27T12:51:08.147961Z Normal LeaderElection ingress-nginx-controller-c8bf63 became leader
2026-09-27T12:51:11.147961Z Warning BackOff Back-off restarting failed container app in pod kube-system/metrics-server-d2ca7f
2026-09-27T12:51:15.147961Z Normal AddedInterface Add eth0 [10.31.106.36] from eni eni-bf5134cdc352
2026-09-27T12:51:18.147961Z Normal AddedInterface Add eth0 [10.120.28.192] from eni eni-233c82d5709c
2026-09-27T12:51:22.147961Z Normal Started Started container agent
2026-09-27T12:51:26.147961Z Warning NodeNotReady Node ip-10-0-1-50.ec2.internal status is now: NodeNotReady
2026-09-27T12:51:29.147961Z Normal LeaderElection pay-worker-b5f530 became leader
2026-09-27T12:51:33.147961Z Normal LeaderElection coredns-a11d69 became leader
2026-09-27T12:51:36.147961Z Normal Scheduled Successfully assigned observability/grafana-0e151b to ip-10-0-4-20.ec2.internal
2026-09-27T12:51:40.147961Z Normal Synced Successfully synced oauth-0e8e7f
2026-09-27T12:51:44.147961Z Normal Scheduled Successfully assigned kube-system/metrics-server-589999 to ip-10-0-5-10.ec2.internal
2026-09-27T12:51:47.147961Z Normal SuccessfulCreate Created pod: oauth-b29e94
2026-09-27T12:51:51.147961Z Normal SuccessfulCreate Created pod: frontend-acb303
2026-09-27T12:51:54.147961Z Normal Pulled Container image "python:3.11-slim" already present on machine
2026-09-27T12:51:58.147961Z Normal ScalingReplicaSet Scaled up replica set pay-api-21f0a9dd to 3 from 0
2026-09-27T12:52:02.147961Z Normal AddedInterface Add eth0 [10.183.196.253] from eni eni-b2e74835d532
2026-09-27T12:52:05.147961Z Normal Created Created container proxy
2026-09-27T12:52:09.147961Z Normal LeaderElection loki-6ed0af became leader
2026-09-27T12:52:12.147961Z Normal Started Started container agent
2026-09-27T12:52:16.147961Z Normal Started Started container app
2026-09-27T12:52:20.147961Z Normal SuccessfulCreate Created pod: pay-api-ec14e2
2026-09-27T12:52:23.147961Z Normal Pulled Container image "registry.k8s.io/coredns/coredns:v1.11.1" already present on machine
2026-09-27T12:52:27.147961Z Normal Synced Successfully synced ingress-nginx-controller-d5ef83
2026-09-27T12:52:30.147961Z Normal AddedInterface Add eth0 [10.91.97.246] from eni eni-39a0f23165b9
2026-09-27T12:52:34.147961Z Normal Scheduled Successfully assigned payments/pay-worker-1bb84e to ip-10-0-5-50.ec2.internal
2026-09-27T12:52:38.147961Z Normal LeaderElection prometheus-7abc82 became leader
2026-09-27T12:52:41.147961Z Normal SuccessfulCreate Created pod: ingress-nginx-controller-9474a4
2026-09-27T12:52:45.147961Z Normal LeaderElection aws-node-0bf556 became leader
2026-09-27T12:52:48.147961Z Normal ScalingReplicaSet Scaled up replica set loki-7843f38b to 5 from 1
2026-09-27T12:52:52.147961Z Normal AddedInterface Add eth0 [10.69.98.126] from eni eni-f43299a8d23e
2026-09-27T12:52:56.147961Z Normal ScalingReplicaSet Scaled up replica set grafana-d62d1b7e to 4 from 0
2026-09-27T12:52:59.147961Z Normal Pulled Container image "python:3.11-slim" already present on machine
2026-09-27T12:53:03.147961Z Normal ScalingReplicaSet Scaled up replica set aws-node-f96af3e8 to 4 from 2
2026-09-27T12:53:06.147961Z Normal LeaderElection oauth-0b4c38 became leader
2026-09-27T12:53:10.147961Z Normal AddedInterface Add eth0 [10.0.222.178] from eni eni-19ee4c6f1b2a
2026-09-27T12:53:14.147961Z Normal Created Created container agent
2026-09-27T12:53:17.147961Z Warning FailedMount Unable to attach or mount volumes: timed out waiting for the condition
2026-09-27T12:53:21.147961Z Normal Created Created container agent
2026-09-27T12:53:24.147961Z Normal ScalingReplicaSet Scaled up replica set pay-api-eafaf56a to 6 from 0
2026-09-27T12:53:28.147961Z Normal Scheduled Successfully assigned ingress-nginx/ingress-nginx-controller-cff18e to ip-10-0-3-20.ec2.internal
2026-09-27T12:53:32.147961Z Normal Synced Successfully synced prometheus-a7d911
2026-09-27T12:53:35.147961Z Normal Synced Successfully synced prometheus-89768b
2026-09-27T12:53:39.147961Z Normal LeaderElection web-9513dd became leader
2026-09-27T12:53:42.147961Z Normal Scheduled Successfully assigned observability/grafana-fd13f9 to ip-10-0-3-50.ec2.internal
2026-09-27T12:53:46.147961Z Normal AddedInterface Add eth0 [10.30.86.185] from eni eni-a1278a81cd00
2026-09-27T12:53:50.147961Z Normal AddedInterface Add eth0 [10.126.82.28] from eni eni-7869ed388698
2026-09-27T12:53:53.147961Z Normal SuccessfulCreate Created pod: metrics-server-b212e8
2026-09-27T12:53:57.147961Z Normal Synced Successfully synced worker-33dd97
2026-09-27T12:54:00.147961Z Normal Started Started container proxy
2026-09-27T12:54:04.147961Z Normal LeaderElection metrics-server-3e8042 became leader
2026-09-27T12:54:08.147961Z Normal AddedInterface Add eth0 [10.234.231.173] from eni eni-0e8ef7038909
2026-09-27T12:54:11.147961Z Normal ScalingReplicaSet Scaled up replica set pay-worker-4ec03f5f to 6 from 1
2026-09-27T12:54:15.147961Z Normal LeaderElection pay-worker-1dc77c became leader
2026-09-27T12:54:18.147961Z Normal Pulled Container image "python:3.11-slim" already present on machine
2026-09-27T12:54:22.147961Z Normal LeaderElection pay-worker-8aad19 became leader
2026-09-27T12:54:26.147961Z Normal ScalingReplicaSet Scaled up replica set ingress-nginx-controller-297ea681 to 6 from 1
2026-09-27T12:54:29.147961Z Normal Started Started container app
2026-09-27T12:54:33.147961Z Normal Pulled Container image "registry.k8s.io/coredns/coredns:v1.11.1" already present on machine
2026-09-27T12:54:36.147961Z Warning NodeNotReady Node ip-10-0-5-50.ec2.internal status is now: NodeNotReady
2026-09-27T12:54:40.147961Z Warning DiskPressure Node ip-10-0-1-40.ec2.internal status is now: NodeHasDiskPressure
2026-09-27T12:54:44.147961Z Normal Scheduled Successfully assigned payments/pay-api-af862a to ip-10-0-3-50.ec2.internal
2026-09-27T12:54:47.147961Z Warning BackOff Back-off restarting failed container sidecar in pod auth/auth-api-176529
2026-09-27T12:54:51.147961Z Normal SuccessfulCreate Created pod: prometheus-07cfc5
2026-09-27T12:54:54.147961Z Normal LeaderElection loki-118961 became leader
2026-09-27T12:54:58.147961Z Normal ScalingReplicaSet Scaled up replica set pay-worker-349f91c8 to 2 from 0
2026-09-27T12:55:02.147961Z Normal LeaderElection auth-api-48948d became leader
2026-09-27T12:55:05.147961Z Normal Created Created container app
2026-09-27T12:55:09.147961Z Normal SuccessfulCreate Created pod: oauth-3aa3e9
2026-09-27T12:55:12.147961Z Normal SuccessfulCreate Created pod: ingress-nginx-controller-4082a0
2026-09-27T12:55:16.147961Z Normal LeaderElection api-836430 became leader
2026-09-27T12:55:20.147961Z Normal ScalingReplicaSet Scaled up replica set oauth-ecb85c07 to 2 from 2
2026-09-27T12:55:23.147961Z Normal Started Started container sidecar
2026-09-27T12:55:27.147961Z Normal Started Started container app
2026-09-27T12:55:30.147961Z Normal Synced Successfully synced pay-api-fc0223
2026-09-27T12:55:34.147961Z Normal Created Created container app
2026-09-27T12:55:38.147961Z Normal Pulled Container image "busybox:1.36" already present on machine
2026-09-27T12:55:41.147961Z Normal Scheduled Successfully assigned observability/grafana-82e0ff to ip-10-0-2-10.ec2.internal
2026-09-27T12:55:45.147961Z Normal LeaderElection ingress-nginx-controller-d81f84 became leader
2026-09-27T12:55:48.147961Z Normal Pulled Container image "public.ecr.aws/eks/aws-node:v1.14.1" already present on machine
2026-09-27T12:55:52.147961Z Normal Synced Successfully synced pay-api-52c1c0
2026-09-27T12:55:56.147961Z Normal AddedInterface Add eth0 [10.129.81.220] from eni eni-a8e3da3135f0
2026-09-27T12:55:59.147961Z Normal Synced Successfully synced auth-api-22267a
2026-09-27T12:56:03.147961Z Normal SuccessfulCreate Created pod: pay-worker-ec1675
2026-09-27T12:56:06.147961Z Normal ScalingReplicaSet Scaled up replica set prometheus-d0d45a97 to 3 from 0
2026-09-27T12:56:10.147961Z Normal ScalingReplicaSet Scaled up replica set auth-api-2532e766 to 2 from 2
2026-09-27T12:56:14.147961Z Normal AddedInterface Add eth0 [10.230.247.82] from eni eni-1c5d9f049a8b
2026-09-27T12:56:17.147961Z Normal LeaderElection loki-64b785 became leader
2026-09-27T12:56:21.147961Z Normal Synced Successfully synced worker-2b0632
2026-09-27T12:56:24.147961Z Warning TLSHandshakeTimeout net/http: TLS handshake timeout
2026-09-27T12:56:28.147961Z Normal Created Created container sidecar
2026-09-27T12:56:32.147961Z Normal AddedInterface Add eth0 [10.11.7.204] from eni eni-7bb70365ca83
2026-09-27T12:56:35.147961Z Normal Created Created container agent
2026-09-27T12:56:39.147961Z Normal Pulled Container image "registry.k8s.io/coredns/coredns:v1.11.1" already present on machine
2026-09-27T12:56:42.147961Z Normal Created Created container agent
2026-09-27T12:56:46.147961Z Normal Scheduled Successfully assigned observability/prometheus-28b267 to ip-10-0-3-20.ec2.internal
2026-09-27T12:56:50.147961Z Normal Scheduled Successfully assigned auth/oauth-b572c0 to ip-10-0-5-30.ec2.internal
2026-09-27T12:56:53.147961Z Normal Scheduled Successfully assigned observability/loki-20719d to ip-10-0-5-40.ec2.internal
2026-09-27T12:56:57.147961Z Normal Synced Successfully synced loki-1d5990
2026-09-27T12:57:00.147961Z Normal Pulled Container image "public.ecr.aws/eks/aws-node:v1.14.1" already present on machine
2026-09-27T12:57:04.147961Z Normal Started Started container app
2026-09-27T12:57:08.147961Z Warning ErrImagePull Failed to pull image "nginx:1.25": rpc error: code = Unknown desc = Error response from daemon: pull access denied
2026-09-27T12:57:11.147961Z Normal LeaderElection web-371e06 became leader
2026-09-27T12:57:15.147961Z Normal AddedInterface Add eth0 [10.119.201.168] from eni eni-0173b3c7b014
2026-09-27T12:57:18.147961Z Normal Scheduled Successfully assigned kube-system/coredns-896477 to ip-10-0-2-20.ec2.internal
2026-09-27T12:57:22.147961Z Normal SuccessfulCreate Created pod: frontend-a89780
2026-09-27T12:57:26.147961Z Warning FailedMount Unable to attach or mount volumes: timed out waiting for the condition
2026-09-27T12:57:29.147961Z Normal AddedInterface Add eth0 [10.2.213.151] from eni eni-6304cfc84d74
2026-09-27T12:57:33.147961Z Normal LeaderElection auth-api-14adbb became leader
2026-09-27T12:57:36.147961Z Normal LeaderElection ingress-nginx-controller-77792a became leader
2026-09-27T12:57:40.147961Z Normal LeaderElection auth-api-daeae3 became leader
2026-09-27T12:57:44.147961Z Normal SuccessfulCreate Created pod: worker-cc8eb1
2026-09-27T12:57:47.147961Z Normal LeaderElection loki-9289d4 became leader
2026-09-27T12:57:51.147961Z Normal LeaderElection ingress-nginx-controller-c0a362 became leader
2026-09-27T12:57:54.147961Z Normal Synced Successfully synced auth-api-aef67e
2026-09-27T12:57:58.147961Z Normal AddedInterface Add eth0 [10.216.65.64] from eni eni-16a934389acc
2026-09-27T12:58:02.147961Z Normal AddedInterface Add eth0 [10.214.50.226] from eni eni-04dc17429e52
2026-09-27T12:58:05.147961Z Warning DNSConfigForming Nameserver limits were exceeded, some nameservers have been omitted, the applied nameserver line is: 10.176.227.226 10.210.161.128 10.47.94.87 10.131.152.224 10.179.154.205
2026-09-27T12:58:09.147961Z Normal SuccessfulCreate Created pod: prometheus-139b91
2026-09-27T12:58:12.147961Z Normal ScalingReplicaSet Scaled up replica set auth-api-53116982 to 3 from 0
2026-09-27T12:58:16.147961Z Normal LeaderElection pay-worker-1f06ea became leader
2026-09-27T12:58:20.147961Z Normal Synced Successfully synced ingress-nginx-controller-8b1053
2026-09-27T12:58:23.147961Z Normal Synced Successfully synced loki-335d21
2026-09-27T12:58:27.147961Z Normal Created Created container app
2026-09-27T12:58:30.147961Z Warning FailedMount Unable to attach or mount volumes: timed out waiting for the condition
2026-09-27T12:58:34.147961Z Normal Started Started container sidecar
2026-09-27T12:58:38.147961Z Normal Pulled Container image "nginx:1.25" already present on machine
2026-09-27T12:58:41.147961Z Normal Pulled Container image "public.ecr.aws/eks/aws-node:v1.14.1" already present on machine
2026-09-27T12:58:45.147961Z Normal LeaderElection auth-api-84e2b5 became leader
2026-09-27T12:58:48.147961Z Normal Started Started container app
2026-09-27T12:58:52.147961Z Normal Pulled Container image "registry.k8s.io/coredns/coredns:v1.11.1" already present on machine
2026-09-27T12:58:56.147961Z Normal Started Started container app
2026-09-27T12:58:59.147961Z Normal Synced Successfully synced web-c0144b
2026-09-27T12:59:03.147961Z Normal Pulled Container image "python:3.11-slim" already present on machine
2026-09-27T12:59:06.147961Z Normal ScalingReplicaSet Scaled up replica set kube-proxy-ef74d6b8 to 6 from 2
2026-09-27T12:59:10.147961Z Normal Synced Successfully synced aws-node-f3a751
2026-09-27T12:59:14.147961Z Normal Synced Successfully synced pay-worker-fd9dee
2026-09-27T12:59:17.147961Z Normal Started Started container sidecar
2026-09-27T12:59:21.147961Z Normal Started Started container agent
2026-09-27T12:59:24.147961Z Normal Created Created container app
2026-09-27T12:59:28.147961Z Normal ScalingReplicaSet Scaled up replica set oauth-be3cfa60 to 3 from 1
2026-09-27T12:59:32.147961Z Normal Started Started container proxy
2026-09-27T12:59:35.147961Z Normal LeaderElection loki-5bbd59 became leader
2026-09-27T12:59:39.147961Z Normal Created Created container sidecar
2026-09-27T12:59:42.147961Z Normal SuccessfulCreate Created pod: ingress-nginx-controller-5a3ca5
2026-09-27T12:59:46.147961Z Normal SuccessfulCreate Created pod: ingress-nginx-controller-620adc
2026-09-27T12:59:50.147961Z Normal ScalingReplicaSet Scaled up replica set ingress-nginx-controller-2a5c917b to 2 from 2
2026-09-27T12:59:53.147961Z Normal Scheduled Successfully assigned observability/prometheus-ef993a to ip-10-0-1-40.ec2.internal
2026-09-27T12:59:57.147961Z Normal LeaderElection aws-node-20db25 became leader
2026-09-27T13:00:00.147961Z Normal Synced Successfully synced kube-proxy-92cc21
2026-09-27T13:00:04.147961Z Normal AddedInterface Add eth0 [10.235.13.62] from eni eni-ae7c774f276d
2026-09-27T13:00:08.147961Z Normal Created Created container sidecar
2026-09-27T13:00:11.147961Z Normal SuccessfulCreate Created pod: auth-api-f5fadf
2026-09-27T13:00:15.147961Z Normal SuccessfulCreate Created pod: grafana-03de11
2026-09-27T13:00:18.147961Z Normal Synced Successfully synced pay-worker-607954
2026-09-27T13:00:22.147961Z Normal SuccessfulCreate Created pod: coredns-9aa4de
2026-09-27T13:00:26.147961Z Normal SuccessfulCreate Created pod: pay-worker-1547d0
2026-09-27T13:00:29.147961Z Normal Started Started container app
2026-09-27T13:00:33.147961Z Normal Created Created container sidecar
2026-09-27T13:00:36.147961Z Warning TLSHandshakeTimeout net/http: TLS handshake timeout
2026-09-27T13:00:40.147961Z Normal Created Created container proxy
2026-09-27T13:00:44.147961Z Normal Started Started container app
2026-09-27T13:00:47.147961Z Normal SuccessfulCreate Created pod: grafana-dd6d67
2026-09-27T13:00:51.147961Z Normal ScalingReplicaSet Scaled up replica set coredns-1ca8379d to 5 from 0
2026-09-27T13:00:54.147961Z Normal ScalingReplicaSet Scaled up replica set worker-41cfebd1 to 4 from 0
2026-09-27T13:00:58.147961Z Normal Scheduled Successfully assigned kube-system/metrics-server-1a57db to ip-10-0-4-50.ec2.internal
2026-09-27T13:01:02.147961Z Normal AddedInterface Add eth0 [10.76.208.225] from eni eni-17c4aca19c36
2026-09-27T13:01:05.147961Z Normal Scheduled Successfully assigned default/frontend-1d9b16 to ip-10-0-5-10.ec2.internal
2026-09-27T13:01:09.147961Z Normal Scheduled Successfully assigned ingress-nginx/ingress-nginx-controller-c8f6ac to ip-10-0-5-40.ec2.internal
2026-09-27T13:01:12.147961Z Normal SuccessfulCreate Created pod: metrics-server-94d6e0
2026-09-27T13:01:16.147961Z Normal Pulled Container image "registry.k8s.io/coredns/coredns:v1.11.1" already present on machine
2026-09-27T13:01:20.147961Z Normal SuccessfulCreate Created pod: worker-8a6e49
2026-09-27T13:01:23.147961Z Normal Pulled Container image "ghcr.io/company/pay-api:2.3.1" already present on machine
2026-09-27T13:01:27.147961Z Normal LeaderElection pay-api-a69558 became leader
2026-09-27T13:01:30.147961Z Normal SuccessfulCreate Created pod: loki-1eae25
2026-09-27T13:01:34.147961Z Normal LeaderElection auth-api-2f4d69 became leader
2026-09-27T13:01:38.147961Z Normal Synced Successfully synced prometheus-de31fc
2026-09-27T13:01:41.147961Z Warning FailedCreate Error creating: pods "pay-api-7f6b16" is forbidden: error looking up service account payments/default: serviceaccount "default" not found
2026-09-27T13:01:45.147961Z Normal Scheduled Successfully assigned payments/pay-api-e8ba5c to ip-10-0-2-40.ec2.internal
2026-09-27T13:01:48.147961Z Warning CrashLoopBackOff pod/auth-api-15ebf9 CrashLoopBackOff
2026-09-27T13:01:52.147961Z Normal AddedInterface Add eth0 [10.78.134.220] from eni eni-21f4b32f05cd
2026-09-27T13:01:56.147961Z Normal SuccessfulCreate Created pod: pay-api-0390b8
2026-09-27T13:01:59.147961Z Normal Pulled Container image "ghcr.io/company/pay-api:2.3.1" already present on machine
2026-09-27T13:02:03.147961Z Normal Created Created container proxy
2026-09-27T13:02:06.147961Z Normal SuccessfulCreate Created pod: ingress-nginx-controller-c83f9c
2026-09-27T13:02:10.147961Z Normal ScalingReplicaSet Scaled up replica set oauth-23632e1b to 5 from 2
2026-09-27T13:02:14.147961Z Normal Created Created container agent
2026-09-27T13:02:17.147961Z Normal Synced Successfully synced ingress-nginx-controller-b005b6
2026-09-27T13:02:21.147961Z Normal AddedInterface Add eth0 [10.9.220.6] from eni eni-aac5b2c95e3a
2026-09-27T13:02:24.147961Z Normal AddedInterface Add eth0 [10.241.4.108] from eni eni-b4d0f3ac99d0
2026-09-27T13:02:28.147961Z Normal Pulled Container image "python:3.11-slim" already present on machine
2026-09-27T13:02:32.147961Z Normal Created Created container app
2026-09-27T13:02:35.147961Z Normal AddedInterface Add eth0 [10.70.137.19] from eni eni-23a3c3ad2b6f
2026-09-27T13:02:39.147961Z Normal AddedInterface Add eth0 [10.85.84.55] from eni eni-8a7420e04578
2026-09-27T13:02:42.147961Z Normal Pulled Container image "nginx:1.25" already present on machine
2026-09-27T13:02:46.147961Z Normal ScalingReplicaSet Scaled up replica set metrics-server-aef666dd to 4 from 1
2026-09-27T13:02:50.147961Z Normal SuccessfulCreate Created pod: pay-api-b48410
2026-09-27T13:02:53.147961Z Normal ScalingReplicaSet Scaled up replica set ingress-nginx-controller-72b48fa6 to 2 from 2
2026-09-27T13:02:57.147961Z Normal AddedInterface Add eth0 [10.25.26.103] from eni eni-901f69400f6c
2026-09-27T13:03:00.147961Z Normal ScalingReplicaSet Scaled up replica set ingress-nginx-controller-2b8047b3 to 6 from 2
2026-09-27T13:03:04.147961Z Normal AddedInterface Add eth0 [10.119.115.60] from eni eni-3a380e30c0e9
2026-09-27T13:03:08.147961Z Normal SuccessfulCreate Created pod: auth-api-c71469
2026-09-27T13:03:11.147961Z Normal AddedInterface Add eth0 [10.22.236.156] from eni eni-fe0d21089e25
2026-09-27T13:03:15.147961Z Normal Synced Successfully synced oauth-b293aa
2026-09-27T13:03:18.147961Z Normal ScalingReplicaSet Scaled up replica set coredns-164fb298 to 4 from 2
2026-09-27T13:03:22.147961Z Normal Synced Successfully synced pay-worker-515376
2026-09-27T13:03:26.147961Z Normal Synced Successfully synced loki-d5f063
2026-09-27T13:03:29.147961Z Normal Scheduled Successfully assigned ingress-nginx/ingress-nginx-controller-7265fa to ip-10-0-2-30.ec2.internal
2026-09-27T13:03:33.147961Z Normal Scheduled Successfully assigned kube-system/aws-node-5eba9e to ip-10-0-2-50.ec2.internal
2026-09-27T13:03:36.147961Z Normal Pulled Container image "busybox:1.36" already present on machine
2026-09-27T13:03:40.147961Z Normal AddedInterface Add eth0 [10.189.14.204] from eni eni-d598d0621896
2026-09-27T13:03:44.147961Z Normal Created Created container agent
2026-09-27T13:03:47.147961Z Normal LeaderElection api-f3b4b1 became leader
2026-09-27T13:03:51.147961Z Normal Pulled Container image "python:3.11-slim" already present on machine
2026-09-27T13:03:54.147961Z Normal SuccessfulCreate Created pod: oauth-ec8c1f
2026-09-27T13:03:58.147961Z Normal Created Created container app
2026-09-27T13:04:02.147961Z Normal Created Created container app
2026-09-27T13:04:05.147961Z Normal ScalingReplicaSet Scaled up replica set aws-node-f7dc0add to 3 from 1
2026-09-27T13:04:09.147961Z Warning Unhealthy Readiness probe failed: Get "http://10.61.136.57:8080/health": dial tcp 10.61.136.57:8080: i/o timeout
2026-09-27T13:04:12.147961Z Normal AddedInterface Add eth0 [10.225.146.230] from eni eni-e4522bace718
2026-09-27T13:04:16.147961Z Normal Created Created container proxy
2026-09-27T13:04:20.147961Z Normal AddedInterface Add eth0 [10.9.166.62] from eni eni-f138305de415
2026-09-27T13:04:23.147961Z Normal AddedInterface Add eth0 [10.241.121.250] from eni eni-1ac6286fd768
2026-09-27T13:04:27.147961Z Normal Scheduled Successfully assigned payments/pay-api-6e629c to ip-10-0-4-10.ec2.internal
2026-09-27T13:04:30.147961Z Normal SuccessfulCreate Created pod: auth-api-0b9603
2026-09-27T13:04:34.147961Z Normal Synced Successfully synced grafana-ab3dfa
2026-09-27T13:04:38.147961Z Normal Scheduled Successfully assigned observability/prometheus-ef00ef to ip-10-0-3-40.ec2.internal
2026-09-27T13:04:41.147961Z Normal Started Started container sidecar
2026-09-27T13:04:45.147961Z Normal Pulled Container image "busybox:1.36" already present on machine
2026-09-27T13:04:48.147961Z Normal LeaderElection kube-proxy-cc2313 became leader
2026-09-27T13:04:52.147961Z Normal AddedInterface Add eth0 [10.102.98.82] from eni eni-33cb3e028a3d
2026-09-27T13:04:56.147961Z Normal ScalingReplicaSet Scaled up replica set metrics-server-86c3c301 to 3 from 0
2026-09-27T13:04:59.147961Z Normal Synced Successfully synced worker-2ab83f
2026-09-27T13:05:03.147961Z Normal SuccessfulCreate Created pod: ingress-nginx-controller-630c24
2026-09-27T13:05:06.147961Z Normal SuccessfulCreate Created pod: auth-api-00fe0e
2026-09-27T13:05:10.147961Z Warning FailedCreate Error creating: pods "oauth-ab2219" is forbidden: error looking up service account auth/default: serviceaccount "default" not found
2026-09-27T13:05:14.147961Z Normal ScalingReplicaSet Scaled up replica set frontend-75bbeb02 to 5 from 2
2026-09-27T13:05:17.147961Z Normal Created Created container sidecar
2026-09-27T13:05:21.147961Z Normal ScalingReplicaSet Scaled up replica set grafana-92e13279 to 6 from 0
2026-09-27T13:05:24.147961Z Normal Synced Successfully synced grafana-ce8105
2026-09-27T13:05:28.147961Z Normal Created Created container agent
2026-09-27T13:05:32.147961Z Normal Pulled Container image "registry.k8s.io/coredns/coredns:v1.11.1" already present on machine
2026-09-27T13:05:35.147961Z Normal Scheduled Successfully assigned observability/loki-3a1a28 to ip-10-0-1-10.ec2.internal
2026-09-27T13:05:39.147961Z Warning MemPressure Node ip-10-0-3-30.ec2.internal status is now: NodeHasMemoryPressure
2026-09-27T13:05:42.147961Z Normal SuccessfulCreate Created pod: pay-worker-ea3262
2026-09-27T13:05:46.147961Z Normal Pulled Container image "python:3.11-slim" already present on machine
2026-09-27T13:05:50.147961Z Normal SuccessfulCreate Created pod: pay-api-8f639c
2026-09-27T13:05:53.147961Z Normal ScalingReplicaSet Scaled up replica set oauth-3f343e81 to 6 from 1
2026-09-27T13:05:57.147961Z Normal Scheduled Successfully assigned kube-system/metrics-server-4da07b to ip-10-0-4-40.ec2.internal
2026-09-27T13:06:00.147961Z Normal Synced Successfully synced prometheus-4992f4
2026-09-27T13:06:04.147961Z Normal ScalingReplicaSet Scaled up replica set grafana-cb1c991f to 4 from 2
2026-09-27T13:06:08.147961Z Normal Synced Successfully synced ingress-nginx-controller-982186
2026-09-27T13:06:11.147961Z Warning CrashLoopBackOff pod/web-e80dcd CrashLoopBackOff
2026-09-27T13:06:15.147961Z Normal Started Started container proxy
2026-09-27T13:06:18.147961Z Normal Started Started container sidecar
2026-09-27T13:06:22.147961Z Normal ScalingReplicaSet Scaled up replica set loki-578c5432 to 3 from 1
2026-09-27T13:06:26.147961Z Warning BackOff Back-off restarting failed container app in pod payments/pay-worker-6e829b
2026-09-27T13:06:29.147961Z Normal Created Created container app
2026-09-27T13:06:33.147961Z Normal Pulled Container image "python:3.11-slim" already present on machine
2026-09-27T13:06:36.147961Z Normal Scheduled Successfully assigned payments/pay-worker-59ce0a to ip-10-0-1-40.ec2.internal
2026-09-27T13:06:40.147961Z Normal Scheduled Successfully assigned default/frontend-66aade to ip-10-0-5-20.ec2.internal
2026-09-27T13:06:44.147961Z Warning NodeNotReady Node ip-10-0-3-30.ec2.internal status is now: NodeNotReady
2026-09-27T13:06:47.147961Z Normal LeaderElection ingress-nginx-controller-b92508 became leader
2026-09-27T13:06:51.147961Z Warning TLSHandshakeTimeout net/http: TLS handshake timeout
2026-09-27T13:06:54.147961Z Normal LeaderElection prometheus-59c706 became leader
2026-09-27T13:06:58.147961Z Normal Created Created container agent
2026-09-27T13:07:02.147961Z Warning DNSConfigForming Nameserver limits were exceeded, some nameservers have been omitted, the applied nameserver line is: 10.11.147.242 10.67.34.37 10.50.3.9 10.146.208.139 10.248.241.91
2026-09-27T13:07:05.147961Z Normal AddedInterface Add eth0 [10.153.89.89] from eni eni-236a43327d30
2026-09-27T13:07:09.147961Z Normal Scheduled Successfully assigned kube-system/aws-node-feceb4 to ip-10-0-4-50.ec2.internal
2026-09-27T13:07:12.147961Z Normal Scheduled Successfully assigned payments/pay-api-5ab669 to ip-10-0-4-50.ec2.internal
2026-09-27T13:07:16.147961Z Normal Created Created container sidecar
2026-09-27T13:07:20.147961Z Normal Synced Successfully synced pay-worker-9fb699
2026-09-27T13:07:23.147961Z Normal LeaderElection grafana-349f55 became leader
2026-09-27T13:07:27.147961Z Normal Started Started container sidecar
2026-09-27T13:07:30.147961Z Normal ScalingReplicaSet Scaled up replica set grafana-af1374b9 to 4 from 0
2026-09-27T13:07:34.147961Z Normal Pulled Container image "nginx:1.25" already present on machine
2026-09-27T13:07:38.147961Z Normal Scheduled Successfully assigned observability/prometheus-1929f6 to ip-10-0-2-20.ec2.internal
2026-09-27T13:07:41.147961Z Normal SuccessfulCreate Created pod: ingress-nginx-controller-9597f9
2026-09-27T13:07:45.147961Z Normal SuccessfulCreate Created pod: prometheus-6e25c3
2026-09-27T13:07:48.147961Z Normal ScalingReplicaSet Scaled up replica set auth-api-12389bda to 3 from 2
2026-09-27T13:07:52.147961Z Normal ScalingReplicaSet Scaled up replica set pay-worker-a684ad4c to 3 from 0
2026-09-27T13:07:56.147961Z Normal Started Started container proxy
2026-09-27T13:07:59.147961Z Normal AddedInterface Add eth0 [10.90.129.13] from eni eni-b1b88b6fbb25
2026-09-27T13:08:03.147961Z Normal Synced Successfully synced metrics-server-4d1e7c
2026-09-27T13:08:06.147961Z Normal Synced Successfully synced grafana-e079f1
2026-09-27T13:08:10.147961Z Normal Synced Successfully synced loki-f44b4f
2026-09-27T13:08:14.147961Z Normal Scheduled Successfully assigned auth/auth-api-f4b00e to ip-10-0-2-40.ec2.internal
2026-09-27T13:08:17.147961Z Warning ImagePullBackOff Back-off pulling image "nginx:1.25"
2026-09-27T13:08:21.147961Z Normal SuccessfulCreate Created pod: ingress-nginx-controller-67474e
2026-09-27T13:08:24.147961Z Normal Scheduled Successfully assigned payments/pay-api-0dd4c6 to ip-10-0-3-20.ec2.internal
2026-09-27T13:08:28.147961Z Normal SuccessfulCreate Created pod: kube-proxy-7bd468
2026-09-27T13:08:32.147961Z Warning DNSConfigForming Nameserver limits were exceeded, some nameservers have been omitted, the applied nameserver line is: 10.126.64.88 10.231.187.160 10.71.61.241 10.92.122.208 10.18.103.221
2026-09-27T13:08:35.147961Z Normal Pulled Container image "ghcr.io/company/pay-api:2.3.1" already present on machine
2026-09-27T13:08:39.147961Z Normal Synced Successfully synced ingress-nginx-controller-9405df
2026-09-27T13:08:42.147961Z Normal Started Started container sidecar
2026-09-27T13:08:46.147961Z Normal Pulled Container image "public.ecr.aws/eks/aws-node:v1.14.1" already present on machine
2026-09-27T13:08:50.147961Z Normal Synced Successfully synced ingress-nginx-controller-b9e32d
2026-09-27T13:08:53.147961Z Normal SuccessfulCreate Created pod: oauth-aa1b19
2026-09-27T13:08:57.147961Z Normal Synced Successfully synced oauth-5baffa
2026-09-27T13:09:00.147961Z Normal Synced Successfully synced ingress-nginx-controller-3d95de
2026-09-27T13:09:04.147961Z Normal Started Started container app
2026-09-27T13:09:08.147961Z Warning DNSConfigForming Nameserver limits were exceeded, some nameservers have been omitted, the applied nameserver line is: 10.98.7.107 10.106.141.76 10.102.250.27 10.9.131.43 10.169.227.225
2026-09-27T13:09:11.147961Z Normal LeaderElection metrics-server-5ab910 became leader
2026-09-27T13:09:15.147961Z Normal Created Created container sidecar
2026-09-27T13:09:18.147961Z Normal Synced Successfully synced loki-beba1c
2026-09-27T13:09:22.147961Z Normal Created Created container proxy
2026-09-27T13:09:26.147961Z Normal AddedInterface Add eth0 [10.143.68.248] from eni eni-6b978df74017
2026-09-27T13:09:29.147961Z Normal LeaderElection kube-proxy-6fb6bb became leader
2026-09-27T13:09:33.147961Z Normal SuccessfulCreate Created pod: metrics-server-d4815a
2026-09-27T13:09:36.147961Z Normal ScalingReplicaSet Scaled up replica set oauth-e3fc92cd to 4 from 0
2026-09-27T13:09:40.147961Z Normal Created Created container proxy
2026-09-27T13:09:44.147961Z Normal AddedInterface Add eth0 [10.204.117.63] from eni eni-bc08155c20bc
2026-09-27T13:09:47.147961Z Normal Synced Successfully synced web-99d267
2026-09-27T13:09:51.147961Z Normal SuccessfulCreate Created pod: loki-0bdf25
2026-09-27T13:09:54.147961Z Normal ScalingReplicaSet Scaled up replica set prometheus-68047d9d to 2 from 0
2026-09-27T13:09:58.147961Z Normal ScalingReplicaSet Scaled up replica set auth-api-048a3b0f to 5 from 1
2026-09-27T13:10:02.147961Z Normal Scheduled Successfully assigned default/worker-6c1457 to ip-10-0-5-30.ec2.internal
2026-09-27T13:10:05.147961Z Normal AddedInterface Add eth0 [10.221.42.43] from eni eni-d86b18c0e66f
2026-09-27T13:10:09.147961Z Normal Created Created container agent
2026-09-27T13:10:12.147961Z Normal AddedInterface Add eth0 [10.109.173.164] from eni eni-c801a9c29fdb
2026-09-27T13:10:16.147961Z Normal SuccessfulCreate Created pod: ingress-nginx-controller-db8006
2026-09-27T13:10:20.147961Z Normal LeaderElection pay-worker-62c9eb became leader
2026-09-27T13:10:23.147961Z Normal Pulled Container image "registry.k8s.io/coredns/coredns:v1.11.1" already present on machine
2026-09-27T13:10:27.147961Z Normal SuccessfulCreate Created pod: ingress-nginx-controller-a0698a
2026-09-27T13:10:30.147961Z Normal SuccessfulCreate Created pod: ingress-nginx-controller-eb5e7d
2026-09-27T13:10:34.147961Z Normal ScalingReplicaSet Scaled up replica set pay-worker-30ae884d to 6 from 2
2026-09-27T13:10:38.147961Z Normal SuccessfulCreate Created pod: ingress-nginx-controller-90e47b
2026-09-27T13:10:41.147961Z Normal Pulled Container image "public.ecr.aws/eks/aws-node:v1.14.1" already present on machine
2026-09-27T13:10:45.147961Z Warning CrashLoopBackOff pod/ingress-nginx-controller-85e3c8 CrashLoopBackOff
2026-09-27T13:10:48.147961Z Normal LeaderElection aws-node-8d5a65 became leader
2026-09-27T13:10:52.147961Z Warning DiskPressure Node ip-10-0-1-30.ec2.internal status is now: NodeHasDiskPressure
2026-09-27T13:10:56.147961Z Normal ScalingReplicaSet Scaled up replica set oauth-be355a9a to 4 from 2
2026-09-27T13:10:59.147961Z Normal SuccessfulCreate Created pod: pay-api-2ffc54
2026-09-27T13:11:03.147961Z Normal LeaderElection oauth-56d700 became leader
2026-09-27T13:11:06.147961Z Normal Scheduled Successfully assigned auth/oauth-a9f65f to ip-10-0-2-30.ec2.internal
2026-09-27T13:11:10.147961Z Normal ScalingReplicaSet Scaled up replica set pay-api-71d2bef9 to 5 from 2
2026-09-27T13:11:14.147961Z Normal Synced Successfully synced prometheus-d6c144
2026-09-27T13:11:17.147961Z Normal Scheduled Successfully assigned default/frontend-69ba3c to ip-10-0-3-10.ec2.internal
2026-09-27T13:11:21.147961Z Normal Started Started container proxy
2026-09-27T13:11:24.147961Z Normal Created Created container sidecar
2026-09-27T13:11:28.147961Z Normal Scheduled Successfully assigned kube-system/metrics-server-ac83db to ip-10-0-4-50.ec2.internal
2026-09-27T13:11:32.147961Z Normal ScalingReplicaSet Scaled up replica set aws-node-303ed54c to 6 from 0
2026-09-27T13:11:35.147961Z Warning FailedScheduling 0/4 nodes are available: 0/5 nodes available: pod has unbound immediate PersistentVolumeClaims
2026-09-27T13:11:39.147961Z Normal Created Created container proxy
2026-09-27T13:11:42.147961Z Normal Started Started container app
2026-09-27T13:11:46.147961Z Normal Pulled Container image "nginx:1.25" already present on machine
2026-09-27T13:11:50.147961Z Warning FailedCreate Error creating: pods "grafana-89c17f" is forbidden: error looking up service account observability/default: serviceaccount "default" not found
2026-09-27T13:11:53.147961Z Normal Synced Successfully synced auth-api-1bd32e
2026-09-27T13:11:57.147961Z Normal AddedInterface Add eth0 [10.158.136.32] from eni eni-8b9df12d882a
2026-09-27T13:12:00.147961Z Normal SuccessfulCreate Created pod: grafana-8701e6
2026-09-27T13:12:04.147961Z Normal AddedInterface Add eth0 [10.255.22.40] from eni eni-9d4b15f619fd
2026-09-27T13:12:08.147961Z Normal Synced Successfully synced web-bf9749
2026-09-27T13:12:11.147961Z Warning DiskPressure Node ip-10-0-2-50.ec2.internal status is now: NodeHasDiskPressure
2026-09-27T13:12:15.147961Z Normal Synced Successfully synced frontend-9b4544
2026-09-27T13:12:18.147961Z Normal Created Created container app
2026-09-27T13:12:22.147961Z Normal Created Created container app
2026-09-27T13:12:26.147961Z Normal SuccessfulCreate Created pod: prometheus-70fba5
2026-09-27T13:12:29.147961Z Normal Created Created container agent
2026-09-27T13:12:33.147961Z Normal Created Created container proxy
2026-09-27T13:12:36.147961Z Normal Pulled Container image "python:3.11-slim" already present on machine
2026-09-27T13:12:40.147961Z Normal Scheduled Successfully assigned payments/pay-worker-3f3c75 to ip-10-0-1-10.ec2.internal
2026-09-27T13:12:44.147961Z Normal AddedInterface Add eth0 [10.189.242.230] from eni eni-a8cba3de1081
2026-09-27T13:12:47.147961Z Normal SuccessfulCreate Created pod: oauth-dd6d6f
2026-09-27T13:12:51.147961Z Normal SuccessfulCreate Created pod: loki-8491d2
2026-09-27T13:12:54.147961Z Normal Scheduled Successfully assigned observability/loki-8b0144 to ip-10-0-2-30.ec2.internal
2026-09-27T13:12:58.147961Z Normal Created Created container agent
2026-09-27T13:13:02.147961Z Normal Started Started container agent
2026-09-27T13:13:05.147961Z Normal ScalingReplicaSet Scaled up replica set api-d655d87c to 2 from 0
2026-09-27T13:13:09.147961Z Normal Created Created container app
2026-09-27T13:13:12.147961Z Normal ScalingReplicaSet Scaled up replica set prometheus-29931a3f to 6 from 0
2026-09-27T13:13:16.147961Z Normal AddedInterface Add eth0 [10.58.135.11] from eni eni-88cac3f03f56
2026-09-27T13:13:20.147961Z Normal Scheduled Successfully assigned default/web-15be7a to ip-10-0-3-50.ec2.internal
2026-09-27T13:13:23.147961Z Normal Pulled Container image "ghcr.io/company/auth-api:1.9.0" already present on machine
2026-09-27T13:13:27.147961Z Normal Created Created container proxy
2026-09-27T13:13:30.147961Z Normal Started Started container sidecar
2026-09-27T13:13:34.147961Z Normal SuccessfulCreate Created pod: loki-87f48d
2026-09-27T13:13:38.147961Z Normal AddedInterface Add eth0 [10.133.69.235] from eni eni-be256a2b21c6
2026-09-27T13:13:41.147961Z Warning FailedCreate Error creating: pods "metrics-server-127e8b" is forbidden: error looking up service account kube-system/default: serviceaccount "default" not found
2026-09-27T13:13:45.147961Z Normal SuccessfulCreate Created pod: pay-api-1ec8e3
2026-09-27T13:13:48.147961Z Normal Synced Successfully synced loki-525aae
2026-09-27T13:13:52.147961Z Warning CrashLoopBackOff pod/loki-dc4483 CrashLoopBackOff
2026-09-27T13:13:56.147961Z Normal Synced Successfully synced loki-7044ef
2026-09-27T13:13:59.147961Z Normal Pulled Container image "busybox:1.36" already present on machine
2026-09-27T13:14:03.147961Z Normal ScalingReplicaSet Scaled up replica set ingress-nginx-controller-f7cfa5db to 4 from 1
2026-09-27T13:14:06.147961Z Normal Created Created container proxy
2026-09-27T13:14:10.147961Z Normal Created Created container sidecar
2026-09-27T13:14:14.147961Z Normal AddedInterface Add eth0 [10.175.165.158] from eni eni-a7a3f259822c
2026-09-27T13:14:17.147961Z Normal Scheduled Successfully assigned kube-system/aws-node-da76d6 to ip-10-0-1-40.ec2.internal
2026-09-27T13:14:21.147961Z Normal SuccessfulCreate Created pod: ingress-nginx-controller-fb7935
2026-09-27T13:14:24.147961Z Normal Created Created container agent
2026-09-27T13:14:28.147961Z Normal Started Started container agent
2026-09-27T13:14:32.147961Z Normal Pulled Container image "public.ecr.aws/eks/aws-node:v1.14.1" already present on machine
2026-09-27T13:14:35.147961Z Normal Created Created container proxy
2026-09-27T13:14:39.147961Z Normal SuccessfulCreate Created pod: ingress-nginx-controller-70d38a
2026-09-27T13:14:42.147961Z Normal Created Created container proxy
2026-09-27T13:14:46.147961Z Normal Started Started container sidecar
2026-09-27T13:14:50.147961Z Normal ScalingReplicaSet Scaled up replica set coredns-f4513ebc to 6 from 0
2026-09-27T13:14:53.147961Z Normal ScalingReplicaSet Scaled up replica set worker-07bcd560 to 4 from 1
2026-09-27T13:14:57.147961Z Normal Created Created container agent
2026-09-27T13:15:00.147961Z Normal Started Started container app
2026-09-27T13:15:04.147961Z Normal Created Created container proxy
2026-09-27T13:15:08.147961Z Normal AddedInterface Add eth0 [10.211.232.217] from eni eni-b18a5e1eb618
2026-09-27T13:15:11.147961Z Normal LeaderElection metrics-server-3c2584 became leader
2026-09-27T13:15:15.147961Z Normal Pulled Container image "ghcr.io/company/pay-api:2.3.1" already present on machine
2026-09-27T13:15:18.147961Z Normal Synced Successfully synced pay-worker-9db3c0
2026-09-27T13:15:22.147961Z Normal LeaderElection pay-api-48be99 became leader
2026-09-27T13:15:26.147961Z Normal AddedInterface Add eth0 [10.88.106.182] from eni eni-2b40914bdc84
2026-09-27T13:15:29.147961Z Warning NodeNotReady Node ip-10-0-5-50.ec2.internal status is now: NodeNotReady
2026-09-27T13:15:33.147961Z Normal LeaderElection prometheus-3581d1 became leader
2026-09-27T13:15:36.147961Z Normal LeaderElection pay-api-1710b9 became leader
2026-09-27T13:15:40.147961Z Normal Started Started container proxy
2026-09-27T13:15:44.147961Z Normal Started Started container agent
2026-09-27T13:15:47.147961Z Warning MemPressure Node ip-10-0-1-40.ec2.internal status is now: NodeHasMemoryPressure
2026-09-27T13:15:51.147961Z Normal LeaderElection api-6359f0 became leader
2026-09-27T13:15:54.147961Z Normal LeaderElection ingress-nginx-controller-d1279b became leader
2026-09-27T13:15:58.147961Z Warning DiskPressure Node ip-10-0-2-20.ec2.internal status is now: NodeHasDiskPressure
2026-09-27T13:16:02.147961Z Warning DiskPressure Node ip-10-0-5-20.ec2.internal status is now: NodeHasDiskPressure
2026-09-27T13:16:05.147961Z Normal LeaderElection coredns-0fdee2 became leader
2026-09-27T13:16:09.147961Z Normal Created Created container app
2026-09-27T13:16:12.147961Z Normal LeaderElection grafana-eab54f became leader
2026-09-27T13:16:16.147961Z Normal Pulled Container image "python:3.11-slim" already present on machine
2026-09-27T13:16:20.147961Z Normal LeaderElection oauth-3de410 became leader
2026-09-27T13:16:23.147961Z Normal AddedInterface Add eth0 [10.165.13.213] from eni eni-eb3b70ebe596
2026-09-27T13:16:27.147961Z Normal LeaderElection loki-78263e became leader
2026-09-27T13:16:30.147961Z Normal AddedInterface Add eth0 [10.148.231.11] from eni eni-e8c28c1ae277
2026-09-27T13:16:34.147961Z Normal Pulled Container image "nginx:1.25" already present on machine
2026-09-27T13:16:38.147961Z Normal Pulled Container image "registry.k8s.io/coredns/coredns:v1.11.1" already present on machine
2026-09-27T13:16:41.147961Z Normal AddedInterface Add eth0 [10.97.255.86] from eni eni-abbb1f9cd7c2
2026-09-27T13:16:45.147961Z Normal Synced Successfully synced kube-proxy-89c99c
2026-09-27T13:16:48.147961Z Normal SuccessfulCreate Created pod: auth-api-eb322e
2026-09-27T13:16:52.147961Z Normal LeaderElection worker-1489f7 became leader
2026-09-27T13:16:56.147961Z Normal Created Created container agent
2026-09-27T13:16:59.147961Z Normal ScalingReplicaSet Scaled up replica set grafana-e8f801d2 to 2 from 2
2026-09-27T13:17:03.147961Z Normal Created Created container agent
2026-09-27T13:17:06.147961Z Normal LeaderElection coredns-7a84c9 became leader
2026-09-27T13:17:10.147961Z Normal AddedInterface Add eth0 [10.104.19.11] from eni eni-28e18b6c8341
2026-09-27T13:17:14.147961Z Normal SuccessfulCreate Created pod: pay-api-38f7de
2026-09-27T13:17:17.147961Z Normal AddedInterface Add eth0 [10.52.163.238] from eni eni-ac3868ba53fb
2026-09-27T13:17:21.147961Z Warning MemPressure Node ip-10-0-1-20.ec2.internal status is now: NodeHasMemoryPressure
2026-09-27T13:17:24.147961Z Normal Started Started container proxy
2026-09-27T13:17:28.147961Z Normal ScalingReplicaSet Scaled up replica set api-add4f3d0 to 5 from 2
2026-09-27T13:17:32.147961Z Normal Pulled Container image "registry.k8s.io/coredns/coredns:v1.11.1" already present on machine
2026-09-27T13:17:35.147961Z Normal AddedInterface Add eth0 [10.56.171.98] from eni eni-c52ef892a288
2026-09-27T13:17:39.147961Z Normal AddedInterface Add eth0 [10.58.66.156] from eni eni-d96b05da9243
2026-09-27T13:17:42.147961Z Normal ScalingReplicaSet Scaled up replica set prometheus-612ff602 to 4 from 1
2026-09-27T13:17:46.147961Z Normal AddedInterface Add eth0 [10.171.22.100] from eni eni-c54497aa8242
2026-09-27T13:17:50.147961Z Normal LeaderElection oauth-0443db became leader
2026-09-27T13:17:53.147961Z Normal Scheduled Successfully assigned auth/oauth-bd76f8 to ip-10-0-4-50.ec2.internal
2026-09-27T13:17:57.147961Z Normal LeaderElection pay-api-1da7b5 became leader
2026-09-27T13:18:00.147961Z Normal Created Created container proxy
2026-09-27T13:18:04.147961Z Normal AddedInterface Add eth0 [10.112.127.36] from eni eni-b53adedde932
2026-09-27T13:18:08.147961Z Normal Created Created container app
2026-09-27T13:18:11.147961Z Normal Pulled Container image "public.ecr.aws/eks/aws-node:v1.14.1" already present on machine
2026-09-27T13:18:15.147961Z Normal Synced Successfully synced ingress-nginx-controller-0a9b97
2026-09-27T13:18:18.147961Z Normal Created Created container agent
2026-09-27T13:18:22.147961Z Normal Pulled Container image "ghcr.io/company/pay-api:2.3.1" already present on machine
2026-09-27T13:18:26.147961Z Normal ScalingReplicaSet Scaled up replica set pay-worker-84a45250 to 2 from 0
2026-09-27T13:18:29.147961Z Normal Synced Successfully synced coredns-54c1a9
2026-09-27T13:18:33.147961Z Warning ImagePullBackOff Back-off pulling image "registry.k8s.io/coredns/coredns:v1.11.1"
2026-09-27T13:18:36.147961Z Normal Started Started container sidecar
2026-09-27T13:18:40.147961Z Normal Started Started container sidecar
2026-09-27T13:18:44.147961Z Normal Created Created container agent
2026-09-27T13:18:47.147961Z Normal Scheduled Successfully assigned ingress-nginx/ingress-nginx-controller-cb974e to ip-10-0-4-50.ec2.internal
2026-09-27T13:18:51.147961Z Normal SuccessfulCreate Created pod: oauth-c69774
2026-09-27T13:18:54.147961Z Normal LeaderElection loki-0cdc07 became leader
2026-09-27T13:18:58.147961Z Normal Created Created container app
2026-09-27T13:19:02.147961Z Normal Pulled Container image "nginx:1.25" already present on machine
2026-09-27T13:19:05.147961Z Warning Unhealthy Readiness probe failed: Get "http://10.216.36.223:9090/health": dial tcp 10.216.36.223:9090: i/o timeout
2026-09-27T13:19:09.147961Z Normal Started Started container sidecar
2026-09-27T13:19:12.147961Z Normal Pulled Container image "ghcr.io/company/auth-api:1.9.0" already present on machine
2026-09-27T13:19:16.147961Z Normal Pulled Container image "ghcr.io/company/auth-api:1.9.0" already present on machine
2026-09-27T13:19:20.147961Z Normal AddedInterface Add eth0 [10.37.159.178] from eni eni-2c49a7761e67
2026-09-27T13:19:23.147961Z Normal Synced Successfully synced pay-worker-2289a7
2026-09-27T13:19:27.147961Z Normal Pulled Container image "busybox:1.36" already present on machine
2026-09-27T13:19:30.147961Z Normal ScalingReplicaSet Scaled up replica set pay-api-9d8195a7 to 3 from 2
2026-09-27T13:19:34.147961Z Warning Unhealthy Readiness probe failed: Get "http://10.153.237.197:9090/health": dial tcp 10.153.237.197:9090: i/o timeout
2026-09-27T13:19:38.147961Z Normal ScalingReplicaSet Scaled up replica set api-fb70bdd3 to 2 from 0
2026-09-27T13:19:41.147961Z Normal ScalingReplicaSet Scaled up replica set auth-api-eaf69801 to 3 from 1
2026-09-27T13:19:45.147961Z Normal LeaderElection worker-71fbe1 became leader
2026-09-27T13:19:48.147961Z Normal AddedInterface Add eth0 [10.161.80.165] from eni eni-a52dcb559335
2026-09-27T13:19:52.147961Z Normal AddedInterface Add eth0 [10.250.28.44] from eni eni-b6dbf734663f
2026-09-27T13:19:56.147961Z Normal LeaderElection ingress-nginx-controller-43e54c became leader
2026-09-27T13:19:59.147961Z Normal Pulled Container image "ghcr.io/company/auth-api:1.9.0" already present on machine
2026-09-27T13:20:03.147961Z Normal SuccessfulCreate Created pod: aws-node-0093bd
2026-09-27T13:20:06.147961Z Normal LeaderElection kube-proxy-1be674 became leader
2026-09-27T13:20:10.147961Z Normal AddedInterface Add eth0 [10.1.196.79] from eni eni-207b4d3d7185
2026-09-27T13:20:14.147961Z Normal SuccessfulCreate Created pod: pay-api-8fd1a9
2026-09-27T13:20:17.147961Z Normal Synced Successfully synced frontend-efeab2
2026-09-27T13:20:21.147961Z Normal ScalingReplicaSet Scaled up replica set frontend-0ef74af4 to 5 from 1
2026-09-27T13:20:24.147961Z Normal Scheduled Successfully assigned auth/oauth-23c754 to ip-10-0-2-20.ec2.internal
2026-09-27T13:20:28.147961Z Normal Pulled Container image "registry.k8s.io/coredns/coredns:v1.11.1" already present on machine
2026-09-27T13:20:32.147961Z Normal Scheduled Successfully assigned payments/pay-worker-4741da to ip-10-0-4-40.ec2.internal
2026-09-27T13:20:35.147961Z Normal Synced Successfully synced aws-node-db6bcc
2026-09-27T13:20:39.147961Z Normal Synced Successfully synced pay-worker-389d65
2026-09-27T13:20:42.147961Z Normal ScalingReplicaSet Scaled up replica set frontend-e07caada to 2 from 0
2026-09-27T13:20:46.147961Z Warning CrashLoopBackOff pod/pay-worker-3305eb CrashLoopBackOff
2026-09-27T13:20:50.147961Z Normal AddedInterface Add eth0 [10.211.89.78] from eni eni-bc4fa8ff2321
2026-09-27T13:20:53.147961Z Normal ScalingReplicaSet Scaled up replica set web-91157195 to 5 from 2
2026-09-27T13:20:57.147961Z Normal SuccessfulCreate Created pod: worker-3f93ba
2026-09-27T13:21:00.147961Z Warning MemPressure Node ip-10-0-2-40.ec2.internal status is now: NodeHasMemoryPressure
2026-09-27T13:21:04.147961Z Normal Pulled Container image "ghcr.io/company/auth-api:1.9.0" already present on machine
2026-09-27T13:21:08.147961Z Normal AddedInterface Add eth0 [10.146.73.1] from eni eni-f1fd6431d8c6
2026-09-27T13:21:11.147961Z Normal Scheduled Successfully assigned default/frontend-c10e81 to ip-10-0-1-10.ec2.internal
2026-09-27T13:21:15.147961Z Normal SuccessfulCreate Created pod: pay-worker-40602e
2026-09-27T13:21:18.147961Z Normal LeaderElection loki-5f90bc became leader
2026-09-27T13:21:22.147961Z Normal Scheduled Successfully assigned ingress-nginx/ingress-nginx-controller-e39036 to ip-10-0-2-30.ec2.internal
2026-09-27T13:21:26.147961Z Normal SuccessfulCreate Created pod: web-cb5a6e
2026-09-27T13:21:29.147961Z Normal Synced Successfully synced kube-proxy-d2cab4
2026-09-27T13:21:33.147961Z Normal Synced Successfully synced ingress-nginx-controller-f8a40e
2026-09-27T13:21:36.147961Z Normal Created Created container proxy
2026-09-27T13:21:40.147961Z Normal Pulled Container image "ghcr.io/company/auth-api:1.9.0" already present on machine
2026-09-27T13:21:44.147961Z Normal ScalingReplicaSet Scaled up replica set auth-api-c07fadfb to 2 from 2
2026-09-27T13:21:47.147961Z Normal Pulled Container image "ghcr.io/company/pay-api:2.3.1" already present on machine
2026-09-27T13:21:51.147961Z Normal Scheduled Successfully assigned payments/pay-api-ceba2e to ip-10-0-4-50.ec2.internal
2026-09-27T13:21:54.147961Z Normal Synced Successfully synced loki-34f603
2026-09-27T13:21:58.147961Z Normal Scheduled Successfully assigned payments/pay-worker-f6391a to ip-10-0-2-10.ec2.internal
2026-09-27T13:22:02.147961Z Normal Created Created container app
2026-09-27T13:22:05.147961Z Normal Created Created container proxy
2026-09-27T13:22:09.147961Z Normal AddedInterface Add eth0 [10.197.33.142] from eni eni-52eac2ff270c
2026-09-27T13:22:12.147961Z Normal Synced Successfully synced loki-fd3334
2026-09-27T13:22:16.147961Z Warning MemPressure Node ip-10-0-5-40.ec2.internal status is now: NodeHasMemoryPressure
2026-09-27T13:22:20.147961Z Normal ScalingReplicaSet Scaled up replica set coredns-d2ec08a1 to 6 from 0
2026-09-27T13:22:23.147961Z Normal SuccessfulCreate Created pod: grafana-3a6abd
2026-09-27T13:22:27.147961Z Normal LeaderElection auth-api-7cec73 became leader
2026-09-27T13:22:30.147961Z Normal Pulled Container image "python:3.11-slim" already present on machine
2026-09-27T13:22:34.147961Z Normal Scheduled Successfully assigned payments/pay-api-e211e4 to ip-10-0-1-40.ec2.internal
2026-09-27T13:22:38.147961Z Normal Started Started container app
2026-09-27T13:22:41.147961Z Normal AddedInterface Add eth0 [10.118.40.59] from eni eni-aa83ded14957
2026-09-27T13:22:45.147961Z Normal LeaderElection metrics-server-a42229 became leader
2026-09-27T13:22:48.147961Z Normal Synced Successfully synced ingress-nginx-controller-665110
2026-09-27T13:22:52.147961Z Normal Pulled Container image "python:3.11-slim" already present on machine
2026-09-27T13:22:56.147961Z Normal Created Created container agent
2026-09-27T13:22:59.147961Z Warning NodeNotReady Node ip-10-0-1-20.ec2.internal status is now: NodeNotReady
2026-09-27T13:23:03.147961Z Normal ScalingReplicaSet Scaled up replica set oauth-4d7842f8 to 3 from 2
2026-09-27T13:23:06.147961Z Normal Synced Successfully synced auth-api-60a675
2026-09-27T13:23:10.147961Z Normal SuccessfulCreate Created pod: ingress-nginx-controller-21db3b
2026-09-27T13:23:14.147961Z Normal Scheduled Successfully assigned kube-system/coredns-f21e35 to ip-10-0-3-40.ec2.internal
2026-09-27T13:23:17.147961Z Normal Scheduled Successfully assigned ingress-nginx/ingress-nginx-controller-4d0d18 to ip-10-0-2-40.ec2.internal
2026-09-27T13:23:21.147961Z Normal ScalingReplicaSet Scaled up replica set pay-api-86b28334 to 3 from 1
2026-09-27T13:23:24.147961Z Normal Scheduled Successfully assigned payments/pay-worker-9600b1 to ip-10-0-1-40.ec2.internal
2026-09-27T13:23:28.147961Z Normal Pulled Container image "python:3.11-slim" already present on machine
2026-09-27T13:23:32.147961Z Normal SuccessfulCreate Created pod: coredns-dc6ec6
2026-09-27T13:23:35.147961Z Normal Synced Successfully synced kube-proxy-897554
2026-09-27T13:23:39.147961Z Normal LeaderElection worker-de7c8f became leader
2026-09-27T13:23:42.147961Z Warning FailedScheduling 0/4 nodes are available: node(s) had taint {node.kubernetes.io/not-ready: }
2026-09-27T13:23:46.147961Z Normal Started Started container sidecar
2026-09-27T13:23:50.147961Z Normal ScalingReplicaSet Scaled up replica set ingress-nginx-controller-0ef920cf to 5 from 0
2026-09-27T13:23:53.147961Z Warning DNSConfigForming Nameserver limits were exceeded, some nameservers have been omitted, the applied nameserver line is: 10.35.55.227 10.124.220.174 10.138.30.177 10.211.170.243 10.16.184.191
2026-09-27T13:23:57.147961Z Normal AddedInterface Add eth0 [10.123.181.10] from eni eni-e647956e8b3b
2026-09-27T13:24:00.147961Z Normal Started Started container app
2026-09-27T13:24:04.147961Z Normal Pulled Container image "public.ecr.aws/eks/aws-node:v1.14.1" already present on machine
2026-09-27T13:24:08.147961Z Normal Scheduled Successfully assigned kube-system/coredns-e2ca85 to ip-10-0-2-30.ec2.internal
2026-09-27T13:24:11.147961Z Normal Started Started container proxy
2026-09-27T13:24:15.147961Z Normal LeaderElection oauth-820b6a became leader
2026-09-27T13:24:18.147961Z Normal Started Started container agent
2026-09-27T13:24:22.147961Z Normal Created Created container proxy
2026-09-27T13:24:26.147961Z Normal Created Created container sidecar
2026-09-27T13:24:29.147961Z Normal LeaderElection coredns-8df2a2 became leader
2026-09-27T13:24:33.147961Z Normal Synced Successfully synced metrics-server-a7f86e
2026-09-27T13:24:36.147961Z Normal Created Created container sidecar
2026-09-27T13:24:40.147961Z Normal Scheduled Successfully assigned ingress-nginx/ingress-nginx-controller-83f5cd to ip-10-0-3-50.ec2.internal
2026-09-27T13:24:44.147961Z Normal SuccessfulCreate Created pod: ingress-nginx-controller-de79e6
2026-09-27T13:24:47.147961Z Warning ImagePullBackOff Back-off pulling image "nginx:1.25"
2026-09-27T13:24:51.147961Z Warning CrashLoopBackOff pod/web-cde5c9 CrashLoopBackOff
2026-09-27T13:24:54.147961Z Normal Synced Successfully synced aws-node-9b9fd1
2026-09-27T13:24:58.147961Z Normal Started Started container sidecar
2026-09-27T13:25:02.147961Z Normal Created Created container agent
2026-09-27T13:25:05.147961Z Normal SuccessfulCreate Created pod: prometheus-759267
2026-09-27T13:25:09.147961Z Normal LeaderElection worker-679b1c became leader
2026-09-27T13:25:12.147961Z Normal LeaderElection loki-d37a14 became leader
2026-09-27T13:25:16.147961Z Normal AddedInterface Add eth0 [10.24.51.84] from eni eni-fae6caf663e9
2026-09-27T13:25:20.147961Z Warning ErrImagePull Failed to pull image "busybox:1.36": rpc error: code = Unknown desc = Error response from daemon: pull access denied
2026-09-27T13:25:23.147961Z Normal Synced Successfully synced api-a48f46
2026-09-27T13:25:27.147961Z Normal Started Started container agent
2026-09-27T13:25:30.147961Z Normal SuccessfulCreate Created pod: coredns-6b43f4
2026-09-27T13:25:34.147961Z Normal LeaderElection pay-worker-16a5e9 became leader
2026-09-27T13:25:38.147961Z Normal Started Started container proxy
2026-09-27T13:25:41.147961Z Normal Started Started container agent
2026-09-27T13:25:45.147961Z Normal Synced Successfully synced coredns-397896
2026-09-27T13:25:48.147961Z Normal Synced Successfully synced ingress-nginx-controller-940679
2026-09-27T13:25:52.147961Z Warning NodeNotReady Node ip-10-0-3-40.ec2.internal status is now: NodeNotReady
2026-09-27T13:25:56.147961Z Normal Synced Successfully synced oauth-cf544f
2026-09-27T13:25:59.147961Z Normal Created Created container agent
2026-09-27T13:26:03.147961Z Normal AddedInterface Add eth0 [10.5.57.234] from eni eni-18d80eacb208
2026-09-27T13:26:06.147961Z Normal AddedInterface Add eth0 [10.186.186.91] from eni eni-167f2713cf6c
2026-09-27T13:26:10.147961Z Normal LeaderElection pay-worker-ecac72 became leader
2026-09-27T13:26:14.147961Z Normal LeaderElection ingress-nginx-controller-38e37f became leader
2026-09-27T13:26:17.147961Z Normal Synced Successfully synced api-64df1e
2026-09-27T13:26:21.147961Z Normal ScalingReplicaSet Scaled up replica set coredns-54c3333a to 5 from 1
2026-09-27T13:26:24.147961Z Normal Pulled Container image "python:3.11-slim" already present on machine
2026-09-27T13:26:28.147961Z Normal Synced Successfully synced web-eaad70
2026-09-27T13:26:32.147961Z Normal Pulled Container image "public.ecr.aws/eks/aws-node:v1.14.1" already present on machine
2026-09-27T13:26:35.147961Z Normal Synced Successfully synced ingress-nginx-controller-feaa8d
2026-09-27T13:26:39.147961Z Normal Synced Successfully synced coredns-7adb54
2026-09-27T13:26:42.147961Z Normal Created Created container agent
2026-09-27T13:26:46.147961Z Normal Started Started container agent
2026-09-27T13:26:50.147961Z Normal AddedInterface Add eth0 [10.82.140.216] from eni eni-21330b99ce50
2026-09-27T13:26:53.147961Z Normal LeaderElection metrics-server-d9c427 became leader
2026-09-27T13:26:57.147961Z Normal Pulled Container image "public.ecr.aws/eks/aws-node:v1.14.1" already present on machine
2026-09-27T13:27:00.147961Z Normal AddedInterface Add eth0 [10.47.179.227] from eni eni-41a1a4e0ada4
2026-09-27T13:27:04.147961Z Normal ScalingReplicaSet Scaled up replica set metrics-server-21d5dcb5 to 2 from 0
2026-09-27T13:27:08.147961Z Normal Scheduled Successfully assigned kube-system/kube-proxy-da690f to ip-10-0-5-30.ec2.internal
2026-09-27T13:27:11.147961Z Normal Scheduled Successfully assigned payments/pay-worker-cc5dec to ip-10-0-4-30.ec2.internal
2026-09-27T13:27:15.147961Z Normal SuccessfulCreate Created pod: web-15d17b
2026-09-27T13:27:18.147961Z Normal SuccessfulCreate Created pod: grafana-6b0731
2026-09-27T13:27:22.147961Z Normal ScalingReplicaSet Scaled up replica set pay-worker-ddfe4681 to 4 from 2
2026-09-27T13:27:26.147961Z Normal LeaderElection ingress-nginx-controller-b62dc9 became leader
2026-09-27T13:27:29.147961Z Normal SuccessfulCreate Created pod: pay-api-5dd26b
2026-09-27T13:27:33.147961Z Normal Pulled Container image "nginx:1.25" already present on machine
2026-09-27T13:27:36.147961Z Normal SuccessfulCreate Created pod: worker-dff82d
2026-09-27T13:27:40.147961Z Normal Pulled Container image "ghcr.io/company/pay-api:2.3.1" already present on machine
2026-09-27T13:27:44.147961Z Normal Pulled Container image "busybox:1.36" already present on machine
2026-09-27T13:27:47.147961Z Normal AddedInterface Add eth0 [10.25.220.111] from eni eni-76b3e8d12851
2026-09-27T13:27:51.147961Z Normal SuccessfulCreate Created pod: frontend-04718e
2026-09-27T13:27:54.147961Z Normal AddedInterface Add eth0 [10.188.9.103] from eni eni-5d9025cab3f0
2026-09-27T13:27:58.147961Z Normal ScalingReplicaSet Scaled up replica set web-3fe5fc2f to 2 from 2
2026-09-27T13:28:02.147961Z Normal LeaderElection loki-bfa911 became leader
2026-09-27T13:28:05.147961Z Normal AddedInterface Add eth0 [10.102.147.247] from eni eni-7c3ef7ad691c
2026-09-27T13:28:09.147961Z Normal Scheduled Successfully assigned ingress-nginx/ingress-nginx-controller-5fcfbb to ip-10-0-4-40.ec2.internal
2026-09-27T13:28:12.147961Z Normal Scheduled Successfully assigned auth/oauth-d020a3 to ip-10-0-3-20.ec2.internal
2026-09-27T13:28:16.147961Z Normal LeaderElection oauth-eefe42 became leader
2026-09-27T13:28:20.147961Z Normal ScalingReplicaSet Scaled up replica set frontend-4cca02d7 to 3 from 1
2026-09-27T13:28:23.147961Z Normal Created Created container app
2026-09-27T13:28:27.147961Z Normal Scheduled Successfully assigned payments/pay-worker-b773c9 to ip-10-0-3-20.ec2.internal
2026-09-27T13:28:30.147961Z Normal AddedInterface Add eth0 [10.130.191.252] from eni eni-4e5db2c04a55
2026-09-27T13:28:34.147961Z Normal Scheduled Successfully assigned ingress-nginx/ingress-nginx-controller-f24ee2 to ip-10-0-4-30.ec2.internal
2026-09-27T13:28:38.147961Z Normal Pulled Container image "busybox:1.36" already present on machine
2026-09-27T13:28:41.147961Z Normal AddedInterface Add eth0 [10.229.74.1] from eni eni-757e0031da07
2026-09-27T13:28:45.147961Z Normal Pulled Container image "busybox:1.36" already present on machine
2026-09-27T13:28:48.147961Z Normal Created Created container sidecar
2026-09-27T13:28:52.147961Z Normal Scheduled Successfully assigned kube-system/aws-node-e69683 to ip-10-0-1-40.ec2.internal
2026-09-27T13:28:56.147961Z Normal AddedInterface Add eth0 [10.254.12.204] from eni eni-d49a76fab71f
2026-09-27T13:28:59.147961Z Normal AddedInterface Add eth0 [10.15.233.27] from eni eni-b21c1a241678
2026-09-27T13:29:03.147961Z Normal AddedInterface Add eth0 [10.67.252.164] from eni eni-d4b8a1818ac6
2026-09-27T13:29:06.147961Z Normal Created Created container proxy
2026-09-27T13:29:10.147961Z Normal Synced Successfully synced metrics-server-18af13
2026-09-27T13:29:14.147961Z Normal LeaderElection ingress-nginx-controller-7baaa4 became leader
2026-09-27T13:29:17.147961Z Normal Created Created container app
2026-09-27T13:29:21.147961Z Warning DNSConfigForming Nameserver limits were exceeded, some nameservers have been omitted, the applied nameserver line is: 10.83.209.188 10.92.47.97 10.138.240.47 10.9.80.13 10.194.99.18
2026-09-27T13:29:24.147961Z Warning ErrImagePull Failed to pull image "python:3.11-slim": rpc error: code = Unknown desc = Error response from daemon: pull access denied
2026-09-27T13:29:28.147961Z Warning FailedMount Unable to attach or mount volumes: timed out waiting for the condition
2026-09-27T13:29:32.147961Z Normal Created Created container app
2026-09-27T13:29:35.147961Z Normal Started Started container sidecar
2026-09-27T13:29:39.147961Z Normal Synced Successfully synced grafana-95eb59
2026-09-27T13:29:42.147961Z Normal SuccessfulCreate Created pod: ingress-nginx-controller-d206b1
2026-09-27T13:29:46.147961Z Normal Created Created container sidecar
2026-09-27T13:29:50.147961Z Normal LeaderElection aws-node-242932 became leader
2026-09-27T13:29:53.147961Z Normal Pulled Container image "registry.k8s.io/coredns/coredns:v1.11.1" already present on machine
2026-09-27T13:29:57.147961Z Normal LeaderElection ingress-nginx-controller-5dad94 became leader
2026-09-27T13:30:00.147961Z Normal LeaderElection prometheus-fbb70e became leader
2026-09-27T13:30:04.147961Z Normal AddedInterface Add eth0 [10.21.27.86] from eni eni-e8a1e151d4ba
2026-09-27T13:30:08.147961Z Normal Started Started container agent
2026-09-27T13:30:11.147961Z Normal Started Started container proxy
2026-09-27T13:30:15.147961Z Normal SuccessfulCreate Created pod: web-df61ac
2026-09-27T13:30:18.147961Z Normal Scheduled Successfully assigned kube-system/metrics-server-4f189d to ip-10-0-2-40.ec2.internal
2026-09-27T13:30:22.147961Z Normal ScalingReplicaSet Scaled up replica set oauth-fa76804f to 6 from 2
2026-09-27T13:30:26.147961Z Normal ScalingReplicaSet Scaled up replica set ingress-nginx-controller-4724849e to 3 from 1
2026-09-27T13:30:29.147961Z Normal Started Started container app
2026-09-27T13:30:33.147961Z Normal Created Created container sidecar
2026-09-27T13:30:36.147961Z Normal LeaderElection pay-worker-8d1f71 became leader
2026-09-27T13:30:40.147961Z Normal Started Started container app
2026-09-27T13:30:44.147961Z Normal Pulled Container image "public.ecr.aws/eks/aws-node:v1.14.1" already present on machine
2026-09-27T13:30:47.147961Z Normal LeaderElection coredns-4dc980 became leader
2026-09-27T13:30:51.147961Z Normal SuccessfulCreate Created pod: api-e11211
2026-09-27T13:30:54.147961Z Normal AddedInterface Add eth0 [10.57.67.3] from eni eni-8a9781d573fe
2026-09-27T13:30:58.147961Z Warning ImagePullBackOff Back-off pulling image "public.ecr.aws/eks/aws-node:v1.14.1"
2026-09-27T13:31:02.147961Z Normal Started Started container agent
2026-09-27T13:31:05.147961Z Normal Scheduled Successfully assigned auth/oauth-4d04fb to ip-10-0-1-30.ec2.internal
2026-09-27T13:31:09.147961Z Normal LeaderElection web-a8ebde became leader
2026-09-27T13:31:12.147961Z Normal Synced Successfully synced api-15dcc8
2026-09-27T13:31:16.147961Z Normal Started Started container app
2026-09-27T13:31:20.147961Z Normal ScalingReplicaSet Scaled up replica set oauth-661d51e6 to 6 from 1
2026-09-27T13:31:23.147961Z Normal Scheduled Successfully assigned default/worker-547ddc to ip-10-0-1-20.ec2.internal
2026-09-27T13:31:27.147961Z Normal SuccessfulCreate Created pod: auth-api-fbef21
2026-09-27T13:31:30.147961Z Warning FailedCreate Error creating: pods "prometheus-608e81" is forbidden: error looking up service account observability/default: serviceaccount "default" not found
2026-09-27T13:31:34.147961Z Normal SuccessfulCreate Created pod: ingress-nginx-controller-faab46
2026-09-27T13:31:38.147961Z Normal Pulled Container image "public.ecr.aws/eks/aws-node:v1.14.1" already present on machine
2026-09-27T13:31:41.147961Z Normal SuccessfulCreate Created pod: ingress-nginx-controller-f5d6cb
2026-09-27T13:31:45.147961Z Normal Synced Successfully synced coredns-8831f0
2026-09-27T13:31:48.147961Z Normal AddedInterface Add eth0 [10.241.73.91] from eni eni-455fd1dbe3de
2026-09-27T13:31:52.147961Z Normal Pulled Container image "nginx:1.25" already present on machine
2026-09-27T13:31:56.147961Z Normal ScalingReplicaSet Scaled up replica set oauth-287c3966 to 5 from 2
2026-09-27T13:31:59.147961Z Normal Created Created container agent
2026-09-27T13:32:03.147961Z Warning FailedScheduling 0/7 nodes are available: node(s) had taint {node.kubernetes.io/not-ready: }
2026-09-27T13:32:06.147961Z Normal Created Created container agent
2026-09-27T13:32:10.147961Z Normal SuccessfulCreate Created pod: oauth-2af878
2026-09-27T13:32:14.147961Z Normal Started Started container proxy
2026-09-27T13:32:17.147961Z Warning MemPressure Node ip-10-0-3-50.ec2.internal status is now: NodeHasMemoryPressure
2026-09-27T13:32:21.147961Z Normal Scheduled Successfully assigned observability/loki-53d2ef to ip-10-0-3-40.ec2.internal
2026-09-27T13:32:24.147961Z Normal Synced Successfully synced api-ff380f
2026-09-27T13:32:28.147961Z Normal AddedInterface Add eth0 [10.170.115.248] from eni eni-bead33a85267
2026-09-27T13:32:32.147961Z Normal Synced Successfully synced oauth-c09892
2026-09-27T13:32:35.147961Z Normal Synced Successfully synced web-49e14a
2026-09-27T13:32:39.147961Z Warning BackOff Back-off restarting failed container app in pod observability/prometheus-191937
2026-09-27T13:32:42.147961Z Normal Created Created container agent
2026-09-27T13:32:46.147961Z Normal Pulled Container image "python:3.11-slim" already present on machine
2026-09-27T13:32:50.147961Z Normal Scheduled Successfully assigned auth/oauth-567694 to ip-10-0-5-10.ec2.internal
2026-09-27T13:32:53.147961Z Normal Synced Successfully synced pay-api-d013f8
2026-09-27T13:32:57.147961Z Normal SuccessfulCreate Created pod: auth-api-8b3134
2026-09-27T13:33:00.147961Z Normal SuccessfulCreate Created pod: web-0a30f1
2026-09-27T13:33:04.147961Z Normal Created Created container sidecar
2026-09-27T13:33:08.147961Z Warning ImagePullBackOff Back-off pulling image "python:3.11-slim"
2026-09-27T13:33:11.147961Z Normal LeaderElection ingress-nginx-controller-13fea5 became leader
2026-09-27T13:33:15.147961Z Normal Pulled Container image "nginx:1.25" already present on machine
2026-09-27T13:33:18.147961Z Normal AddedInterface Add eth0 [10.111.2.119] from eni eni-67d945c9759e
2026-09-27T13:33:22.147961Z Normal SuccessfulCreate Created pod: auth-api-c10200
2026-09-27T13:33:26.147961Z Normal AddedInterface Add eth0 [10.216.6.215] from eni eni-89d6195297f5
2026-09-27T13:33:29.147961Z Normal Scheduled Successfully assigned payments/pay-api-618670 to ip-10-0-1-20.ec2.internal
2026-09-27T13:33:33.147961Z Normal Synced Successfully synced worker-547017
2026-09-27T13:33:36.147961Z Normal Created Created container agent
2026-09-27T13:33:40.147961Z Normal Scheduled Successfully assigned auth/auth-api-4315fd to ip-10-0-1-30.ec2.internal
2026-09-27T13:33:44.147961Z Normal Created Created container proxy
2026-09-27T13:33:47.147961Z Normal ScalingReplicaSet Scaled up replica set oauth-d44c0633 to 4 from 2
2026-09-27T13:33:51.147961Z Normal Pulled Container image "ghcr.io/company/pay-api:2.3.1" already present on machine
2026-09-27T13:33:54.147961Z Warning OOMKilled Container proxy in pod auth/auth-api-ff1101 was killed due to OOM
2026-09-27T13:33:58.147961Z Normal Scheduled Successfully assigned payments/pay-worker-6c06c7 to ip-10-0-1-50.ec2.internal
2026-09-27T13:34:02.147961Z Normal Synced Successfully synced ingress-nginx-controller-1c9e44
2026-09-27T13:34:05.147961Z Normal Synced Successfully synced oauth-64b696
2026-09-27T13:34:09.147961Z Normal Pulled Container image "ghcr.io/company/auth-api:1.9.0" already present on machine
2026-09-27T13:34:12.147961Z Normal AddedInterface Add eth0 [10.197.92.123] from eni eni-1dcdece8d943
2026-09-27T13:34:16.147961Z Normal LeaderElection ingress-nginx-controller-07e4d4 became leader
2026-09-27T13:34:20.147961Z Normal Scheduled Successfully assigned auth/oauth-2fba04 to ip-10-0-4-20.ec2.internal
2026-09-27T13:34:23.147961Z Normal Scheduled Successfully assigned kube-system/coredns-bc518d to ip-10-0-4-10.ec2.internal
2026-09-27T13:34:27.147961Z Normal Started Started container app
2026-09-27T13:34:30.147961Z Warning FailedScheduling 0/8 nodes are available: 0/5 nodes available: pod has unbound immediate PersistentVolumeClaims
2026-09-27T13:34:34.147961Z Warning NodeNotReady Node ip-10-0-3-40.ec2.internal status is now: NodeNotReady
2026-09-27T13:34:38.147961Z Normal ScalingReplicaSet Scaled up replica set pay-worker-ff7a190b to 2 from 0
2026-09-27T13:34:41.147961Z Normal ScalingReplicaSet Scaled up replica set oauth-0a232239 to 2 from 1
2026-09-27T13:34:45.147961Z Normal Pulled Container image "registry.k8s.io/coredns/coredns:v1.11.1" already present on machine
2026-09-27T13:34:48.147961Z Normal LeaderElection pay-api-7ca1cc became leader
2026-09-27T13:34:52.147961Z Normal LeaderElection ingress-nginx-controller-0022f2 became leader
2026-09-27T13:34:56.147961Z Normal Created Created container app
2026-09-27T13:34:59.147961Z Normal Synced Successfully synced pay-api-66db86
2026-09-27T13:35:03.147961Z Warning MemPressure Node ip-10-0-2-40.ec2.internal status is now: NodeHasMemoryPressure
2026-09-27T13:35:06.147961Z Normal Synced Successfully synced web-0aaa98
2026-09-27T13:35:10.147961Z Normal LeaderElection metrics-server-6aa142 became leader
2026-09-27T13:35:14.147961Z Normal Started Started container agent
2026-09-27T13:35:17.147961Z Normal AddedInterface Add eth0 [10.197.19.204] from eni eni-e0fb85351b81
2026-09-27T13:35:21.147961Z Normal Scheduled Successfully assigned auth/oauth-f0508a to ip-10-0-3-50.ec2.internal
2026-09-27T13:35:24.147961Z Normal Started Started container app
2026-09-27T13:35:28.147961Z Normal ScalingReplicaSet Scaled up replica set loki-abc8721a to 3 from 2
2026-09-27T13:35:32.147961Z Normal Pulled Container image "ghcr.io/company/auth-api:1.9.0" already present on machine
2026-09-27T13:35:35.147961Z Normal Started Started container sidecar
2026-09-27T13:35:39.147961Z Normal Started Started container agent
2026-09-27T13:35:42.147961Z Normal ScalingReplicaSet Scaled up replica set metrics-server-8a61edb4 to 3 from 2
2026-09-27T13:35:46.147961Z Normal Started Started container app
2026-09-27T13:35:50.147961Z Normal AddedInterface Add eth0 [10.216.10.42] from eni eni-2fbc910c88a3
2026-09-27T13:35:53.147961Z Normal AddedInterface Add eth0 [10.61.136.61] from eni eni-5693ca6a3ddd
2026-09-27T13:35:57.147961Z Normal Synced Successfully synced auth-api-baed4b
2026-09-27T13:36:00.147961Z Normal ScalingReplicaSet Scaled up replica set pay-api-1e19ed76 to 6 from 2
2026-09-27T13:36:04.147961Z Normal Synced Successfully synced ingress-nginx-controller-7c5986
2026-09-27T13:36:08.147961Z Normal AddedInterface Add eth0 [10.18.46.78] from eni eni-bc9ada58c9ca
2026-09-27T13:36:11.147961Z Normal Started Started container proxy
2026-09-27T13:36:15.147961Z Normal Created Created container agent
2026-09-27T13:36:18.147961Z Normal LeaderElection kube-proxy-45c67c became leader
2026-09-27T13:36:22.147961Z Normal ScalingReplicaSet Scaled up replica set ingress-nginx-controller-b8b1aa66 to 5 from 0
2026-09-27T13:36:26.147961Z Normal Created Created container proxy
2026-09-27T13:36:29.147961Z Normal ScalingReplicaSet Scaled up replica set loki-f23e5224 to 2 from 2
2026-09-27T13:36:33.147961Z Normal LeaderElection ingress-nginx-controller-c037d7 became leader
2026-09-27T13:36:36.147961Z Normal Started Started container agent
2026-09-27T13:36:40.147961Z Normal ScalingReplicaSet Scaled up replica set ingress-nginx-controller-c98fd2a9 to 6 from 2
2026-09-27T13:36:44.147961Z Normal Scheduled Successfully assigned default/frontend-e58dbb to ip-10-0-3-50.ec2.internal
2026-09-27T13:36:47.147961Z Normal SuccessfulCreate Created pod: ingress-nginx-controller-27bf67
2026-09-27T13:36:51.147961Z Normal Pulled Container image "ghcr.io/company/pay-api:2.3.1" already present on machine
2026-09-27T13:36:54.147961Z Normal Scheduled Successfully assigned observability/prometheus-412fb5 to ip-10-0-5-40.ec2.internal
2026-09-27T13:36:58.147961Z Warning FailedCreate Error creating: pods "ingress-nginx-controller-c1434c" is forbidden: error looking up service account ingress-nginx/default: serviceaccount "default" not found
2026-09-27T13:37:02.147961Z Normal Synced Successfully synced metrics-server-90e1c3
2026-09-27T13:37:05.147961Z Normal Pulled Container image "ghcr.io/company/auth-api:1.9.0" already present on machine
2026-09-27T13:37:09.147961Z Normal SuccessfulCreate Created pod: oauth-5652a1
2026-09-27T13:37:12.147961Z Normal Started Started container app
2026-09-27T13:37:16.147961Z Normal Synced Successfully synced grafana-ec392d
2026-09-27T13:37:20.147961Z Normal Created Created container app
2026-09-27T13:37:23.147961Z Normal Scheduled Successfully assigned observability/grafana-7aeae5 to ip-10-0-5-50.ec2.internal
2026-09-27T13:37:27.147961Z Normal Created Created container agent
2026-09-27T13:37:30.147961Z Normal AddedInterface Add eth0 [10.234.231.83] from eni eni-abd5297f3235
2026-09-27T13:37:34.147961Z Normal Scheduled Successfully assigned default/worker-df496e to ip-10-0-1-50.ec2.internal
2026-09-27T13:37:38.147961Z Normal Created Created container proxy
2026-09-27T13:37:41.147961Z Normal AddedInterface Add eth0 [10.252.21.183] from eni eni-4bbc0ce50a77
2026-09-27T13:37:45.147961Z Normal Started Started container sidecar
2026-09-27T13:37:48.147961Z Normal LeaderElection prometheus-24f609 became leader
2026-09-27T13:37:52.147961Z Warning ImagePullBackOff Back-off pulling image "ghcr.io/company/pay-api:2.3.1"
2026-09-27T13:37:56.147961Z Normal SuccessfulCreate Created pod: kube-proxy-8b5813
2026-09-27T13:37:59.147961Z Normal AddedInterface Add eth0 [10.236.91.169] from eni eni-212559e57c37
2026-09-27T13:38:03.147961Z Normal Synced Successfully synced frontend-905a2a
2026-09-27T13:38:06.147961Z Normal Scheduled Successfully assigned kube-system/aws-node-024ba0 to ip-10-0-1-10.ec2.internal
2026-09-27T13:38:10.147961Z Normal Scheduled Successfully assigned kube-system/kube-proxy-d34689 to ip-10-0-4-10.ec2.internal
2026-09-27T13:38:14.147961Z Normal Scheduled Successfully assigned auth/oauth-6f3c54 to ip-10-0-1-10.ec2.internal
2026-09-27T13:38:17.147961Z Normal Pulled Container image "nginx:1.25" already present on machine
2026-09-27T13:38:21.147961Z Warning CrashLoopBackOff pod/ingress-nginx-controller-34d198 CrashLoopBackOff
2026-09-27T13:38:24.147961Z Normal Created Created container agent
2026-09-27T13:38:28.147961Z Normal ScalingReplicaSet Scaled up replica set auth-api-04025ea7 to 2 from 0
2026-09-27T13:38:32.147961Z Warning TLSHandshakeTimeout net/http: TLS handshake timeout
2026-09-27T13:38:35.147961Z Normal Pulled Container image "busybox:1.36" already present on machine
2026-09-27T13:38:39.147961Z Normal Scheduled Successfully assigned ingress-nginx/ingress-nginx-controller-6772fe to ip-10-0-1-40.ec2.internal
2026-09-27T13:38:42.147961Z Normal LeaderElection prometheus-1e5228 became leader
2026-09-27T13:38:46.147961Z Normal ScalingReplicaSet Scaled up replica set ingress-nginx-controller-e25fa463 to 3 from 2
2026-09-27T13:38:50.147961Z Normal LeaderElection ingress-nginx-controller-032c84 became leader
2026-09-27T13:38:53.147961Z Normal Scheduled Successfully assigned ingress-nginx/ingress-nginx-controller-d8645c to ip-10-0-5-50.ec2.internal
2026-09-27T13:38:57.147961Z Normal Synced Successfully synced worker-c96f4a
2026-09-27T13:39:00.147961Z Normal Created Created container proxy
2026-09-27T13:39:04.147961Z Warning Unhealthy Readiness probe failed: Get "http://10.176.147.12:8080/health": dial tcp 10.176.147.12:8080: i/o timeout
2026-09-27T13:39:08.147961Z Normal Synced Successfully synced pay-api-1b24c3
2026-09-27T13:39:11.147961Z Normal AddedInterface Add eth0 [10.49.247.38] from eni eni-f1faaadd8527
2026-09-27T13:39:15.147961Z Warning MemPressure Node ip-10-0-2-40.ec2.internal status is now: NodeHasMemoryPressure
2026-09-27T13:39:18.147961Z Normal ScalingReplicaSet Scaled up replica set loki-9b900ea0 to 5 from 1
2026-09-27T13:39:22.147961Z Normal SuccessfulCreate Created pod: ingress-nginx-controller-cb85ff
2026-09-27T13:39:26.147961Z Normal Pulled Container image "ghcr.io/company/auth-api:1.9.0" already present on machine
2026-09-27T13:39:29.147961Z Normal Created Created container proxy
2026-09-27T13:39:33.147961Z Normal Scheduled Successfully assigned kube-system/kube-proxy-8c7e69 to ip-10-0-5-20.ec2.internal
2026-09-27T13:39:36.147961Z Normal Pulled Container image "busybox:1.36" already present on machine
2026-09-27T13:39:40.147961Z Normal Pulled Container image "nginx:1.25" already present on machine
2026-09-27T13:39:44.147961Z Normal ScalingReplicaSet Scaled up replica set ingress-nginx-controller-6bb7e535 to 5 from 0
2026-09-27T13:39:47.147961Z Normal Scheduled Successfully assigned ingress-nginx/ingress-nginx-controller-ceeece to ip-10-0-2-30.ec2.internal
2026-09-27T13:39:51.147961Z Normal Pulled Container image "ghcr.io/company/pay-api:2.3.1" already present on machine
2026-09-27T13:39:54.147961Z Normal ScalingReplicaSet Scaled up replica set ingress-nginx-controller-2265bef5 to 5 from 1
2026-09-27T13:39:58.147961Z Normal Synced Successfully synced loki-edc045
2026-09-27T13:40:02.147961Z Normal Pulled Container image "registry.k8s.io/coredns/coredns:v1.11.1" already present on machine
2026-09-27T13:40:05.147961Z Normal Started Started container proxy
2026-09-27T13:40:09.147961Z Normal AddedInterface Add eth0 [10.161.42.89] from eni eni-91ef80cebd03
2026-09-27T13:40:12.147961Z Normal Started Started container proxy
2026-09-27T13:40:16.147961Z Normal SuccessfulCreate Created pod: web-f757ff
2026-09-27T13:40:20.147961Z Normal LeaderElection kube-proxy-c4a7f3 became leader
2026-09-27T13:40:23.147961Z Normal SuccessfulCreate Created pod: grafana-aa885b
2026-09-27T13:40:27.147961Z Normal Pulled Container image "public.ecr.aws/eks/aws-node:v1.14.1" already present on machine
2026-09-27T13:40:30.147961Z Normal Started Started container sidecar
2026-09-27T13:40:34.147961Z Normal Synced Successfully synced pay-api-13ab25
2026-09-27T13:40:38.147961Z Normal Scheduled Successfully assigned observability/grafana-e4c825 to ip-10-0-5-30.ec2.internal
2026-09-27T13:40:41.147961Z Normal ScalingReplicaSet Scaled up replica set pay-api-4f1321eb to 5 from 0
2026-09-27T13:40:45.147961Z Normal SuccessfulCreate Created pod: loki-d65d71
2026-09-27T13:40:48.147961Z Normal Scheduled Successfully assigned default/web-ab0314 to ip-10-0-4-40.ec2.internal
2026-09-27T13:40:52.147961Z Warning FailedScheduling 0/3 nodes are available: Insufficient memory
2026-09-27T13:40:56.147961Z Normal Scheduled Successfully assigned default/api-5765fc to ip-10-0-1-10.ec2.internal
2026-09-27T13:40:59.147961Z Normal ScalingReplicaSet Scaled up replica set frontend-0e1365dd to 4 from 2
2026-09-27T13:41:03.147961Z Normal Scheduled Successfully assigned observability/prometheus-c128b2 to ip-10-0-4-40.ec2.internal
2026-09-27T13:41:06.147961Z Normal Started Started container proxy
2026-09-27T13:41:10.147961Z Normal SuccessfulCreate Created pod: api-6ec199
2026-09-27T13:41:14.147961Z Normal ScalingReplicaSet Scaled up replica set auth-api-e9ea9442 to 3 from 1
2026-09-27T13:41:17.147961Z Normal LeaderElection worker-efcb5d became leader
2026-09-27T13:41:21.147961Z Normal LeaderElection pay-api-604305 became leader
2026-09-27T13:41:24.147961Z Normal ScalingReplicaSet Scaled up replica set pay-api-92b1788d to 5 from 0
2026-09-27T13:41:28.147961Z Normal LeaderElection ingress-nginx-controller-a19815 became leader
2026-09-27T13:41:32.147961Z Normal Started Started container agent
2026-09-27T13:41:35.147961Z Normal Started Started container sidecar
2026-09-27T13:41:39.147961Z Warning ImagePullBackOff Back-off pulling image "busybox:1.36"
2026-09-27T13:41:42.147961Z Normal Synced Successfully synced oauth-625ee2
2026-09-27T13:41:46.147961Z Normal Pulled Container image "python:3.11-slim" already present on machine
2026-09-27T13:41:50.147961Z Normal LeaderElection ingress-nginx-controller-a7a309 became leader
2026-09-27T13:41:53.147961Z Normal Scheduled Successfully assigned payments/pay-worker-24e160 to ip-10-0-3-50.ec2.internal
2026-09-27T13:41:57.147961Z Normal SuccessfulCreate Created pod: ingress-nginx-controller-012e78
2026-09-27T13:42:00.147961Z Normal Started Started container proxy
2026-09-27T13:42:04.147961Z Normal Synced Successfully synced oauth-16f082
2026-09-27T13:42:08.147961Z Warning NodeNotReady Node ip-10-0-4-50.ec2.internal status is now: NodeNotReady
2026-09-27T13:42:11.147961Z Warning ImagePullBackOff Back-off pulling image "public.ecr.aws/eks/aws-node:v1.14.1"
2026-09-27T13:42:15.147961Z Normal Scheduled Successfully assigned kube-system/aws-node-87257f to ip-10-0-5-20.ec2.internal
2026-09-27T13:42:18.147961Z Normal Started Started container sidecar
2026-09-27T13:42:22.147961Z Normal LeaderElection worker-66e28e became leader
2026-09-27T13:42:26.147961Z Normal Created Created container proxy
2026-09-27T13:42:29.147961Z Normal SuccessfulCreate Created pod: loki-6f3fab
2026-09-27T13:42:33.147961Z Normal AddedInterface Add eth0 [10.20.177.134] from eni eni-be4fd2ddc449
2026-09-27T13:42:36.147961Z Normal Pulled Container image "busybox:1.36" already present on machine
2026-09-27T13:42:40.147961Z Normal Started Started container proxy
2026-09-27T13:42:44.147961Z Normal LeaderElection kube-proxy-b1da9c became leader
2026-09-27T13:42:47.147961Z Normal Scheduled Successfully assigned observability/grafana-cd2527 to ip-10-0-4-30.ec2.internal
2026-09-27T13:42:51.147961Z Normal Synced Successfully synced web-c94049
2026-09-27T13:42:54.147961Z Normal Created Created container app
2026-09-27T13:42:58.147961Z Warning DiskPressure Node ip-10-0-4-30.ec2.internal status is now: NodeHasDiskPressure
2026-09-27T13:43:02.147961Z Normal AddedInterface Add eth0 [10.176.199.236] from eni eni-bdc8a6ddccd7
2026-09-27T13:43:05.147961Z Normal ScalingReplicaSet Scaled up replica set worker-14f5f591 to 6 from 0
2026-09-27T13:43:09.147961Z Normal Pulled Container image "python:3.11-slim" already present on machine
2026-09-27T13:43:12.147961Z Normal Scheduled Successfully assigned auth/auth-api-d952a8 to ip-10-0-5-20.ec2.internal
2026-09-27T13:43:16.147961Z Warning TLSHandshakeTimeout net/http: TLS handshake timeout
2026-09-27T13:43:20.147961Z Normal Pulled Container image "public.ecr.aws/eks/aws-node:v1.14.1" already present on machine
2026-09-27T13:43:23.147961Z Normal AddedInterface Add eth0 [10.88.202.169] from eni eni-1c55d75982e9
2026-09-27T13:43:27.147961Z Normal Synced Successfully synced ingress-nginx-controller-2fe8f9
2026-09-27T13:43:30.147961Z Normal SuccessfulCreate Created pod: auth-api-b3f882
2026-09-27T13:43:34.147961Z Normal AddedInterface Add eth0 [10.85.6.203] from eni eni-8c6ad6a995bf
2026-09-27T13:43:38.147961Z Normal Pulled Container image "registry.k8s.io/coredns/coredns:v1.11.1" already present on machine
2026-09-27T13:43:41.147961Z Normal Created Created container agent
2026-09-27T13:43:45.147961Z Normal Scheduled Successfully assigned payments/pay-worker-aae247 to ip-10-0-2-40.ec2.internal
2026-09-27T13:43:48.147961Z Normal AddedInterface Add eth0 [10.186.247.199] from eni eni-7d22fdef7110
2026-09-27T13:43:52.147961Z Normal Synced Successfully synced kube-proxy-d6009a
2026-09-27T13:43:56.147961Z Normal AddedInterface Add eth0 [10.54.32.184] from eni eni-5ee0731a515f
2026-09-27T13:43:59.147961Z Normal Synced Successfully synced oauth-591721
2026-09-27T13:44:03.147961Z Normal Created Created container agent
2026-09-27T13:44:06.147961Z Normal LeaderElection web-aa944d became leader
2026-09-27T13:44:10.147961Z Normal SuccessfulCreate Created pod: auth-api-06ad1f
2026-09-27T13:44:14.147961Z Normal AddedInterface Add eth0 [10.235.150.45] from eni eni-825ce2d8fa72
2026-09-27T13:44:17.147961Z Normal LeaderElection ingress-nginx-controller-91b2f2 became leader
2026-09-27T13:44:21.147961Z Normal LeaderElection grafana-4d33e7 became leader
2026-09-27T13:44:24.147961Z Normal Scheduled Successfully assigned default/api-87b45f to ip-10-0-2-50.ec2.internal
2026-09-27T13:44:28.147961Z Normal AddedInterface Add eth0 [10.9.103.31] from eni eni-87da0d8be011
2026-09-27T13:44:32.147961Z Normal SuccessfulCreate Created pod: loki-f3ad2a
2026-09-27T13:44:35.147961Z Normal Started Started container agent
2026-09-27T13:44:39.147961Z Normal Synced Successfully synced pay-api-33a4ba
2026-09-27T13:44:42.147961Z Warning ErrImagePull Failed to pull image "nginx:1.25": rpc error: code = Unknown desc = Error response from daemon: pull access denied
2026-09-27T13:44:46.147961Z Normal LeaderElection ingress-nginx-controller-8caa4e became leader
2026-09-27T13:44:50.147961Z Normal SuccessfulCreate Created pod: ingress-nginx-controller-22b1cd
2026-09-27T13:44:53.147961Z Normal Created Created container proxy
2026-09-27T13:44:57.147961Z Normal Pulled Container image "python:3.11-slim" already present on machine
2026-09-27T13:45:00.147961Z Normal Scheduled Successfully assigned payments/pay-worker-d0d495 to ip-10-0-1-30.ec2.internal
2026-09-27T13:45:04.147961Z Normal AddedInterface Add eth0 [10.159.26.35] from eni eni-bf089ae7bad0
2026-09-27T13:45:08.147961Z Normal Synced Successfully synced metrics-server-4e2180
2026-09-27T13:45:11.147961Z Normal Pulled Container image "registry.k8s.io/coredns/coredns:v1.11.1" already present on machine
2026-09-27T13:45:15.147961Z Normal ScalingReplicaSet Scaled up replica set ingress-nginx-controller-0c4ce8d9 to 2 from 2
2026-09-27T13:45:18.147961Z Normal ScalingReplicaSet Scaled up replica set ingress-nginx-controller-ee1d9e96 to 5 from 2
2026-09-27T13:45:22.147961Z Normal Pulled Container image "nginx:1.25" already present on machine
2026-09-27T13:45:26.147961Z Warning DiskPressure Node ip-10-0-2-30.ec2.internal status is now: NodeHasDiskPressure
2026-09-27T13:45:29.147961Z Normal Scheduled Successfully assigned kube-system/aws-node-3a39ed to ip-10-0-5-30.ec2.internal
2026-09-27T13:45:33.147961Z Normal Pulled Container image "busybox:1.36" already present on machine
2026-09-27T13:45:36.147961Z Normal AddedInterface Add eth0 [10.224.174.178] from eni eni-500d13397da3
2026-09-27T13:45:40.147961Z Normal Created Created container agent
2026-09-27T13:45:44.147961Z Normal Pulled Container image "registry.k8s.io/coredns/coredns:v1.11.1" already present on machine
2026-09-27T13:45:47.147961Z Normal SuccessfulCreate Created pod: loki-96218a
2026-09-27T13:45:51.147961Z Normal LeaderElection ingress-nginx-controller-2c4958 became leader
2026-09-27T13:45:54.147961Z Normal LeaderElection auth-api-bc9838 became leader
2026-09-27T13:45:58.147961Z Normal Scheduled Successfully assigned auth/auth-api-2773d8 to ip-10-0-1-50.ec2.internal
2026-09-27T13:46:02.147961Z Normal AddedInterface Add eth0 [10.125.8.123] from eni eni-791b0edd718b
2026-09-27T13:46:05.147961Z Normal Created Created container app
2026-09-27T13:46:09.147961Z Normal Scheduled Successfully assigned default/web-6335d5 to ip-10-0-3-50.ec2.internal
2026-09-27T13:46:12.147961Z Normal Pulled Container image "nginx:1.25" already present on machine
2026-09-27T13:46:16.147961Z Normal Created Created container sidecar
2026-09-27T13:46:20.147961Z Normal Started Started container sidecar
2026-09-27T13:46:23.147961Z Normal SuccessfulCreate Created pod: pay-api-ae0db2
2026-09-27T13:46:27.147961Z Normal SuccessfulCreate Created pod: pay-api-d1710b
2026-09-27T13:46:30.147961Z Normal Created Created container app
2026-09-27T13:46:34.147961Z Normal Scheduled Successfully assigned auth/auth-api-48de5a to ip-10-0-3-20.ec2.internal
2026-09-27T13:46:38.147961Z Normal ScalingReplicaSet Scaled up replica set pay-api-6e739d5b to 6 from 1
2026-09-27T13:46:41.147961Z Normal Synced Successfully synced auth-api-85ab2f
2026-09-27T13:46:45.147961Z Normal Scheduled Successfully assigned payments/pay-worker-405c22 to ip-10-0-3-40.ec2.internal
2026-09-27T13:46:48.147961Z Normal AddedInterface Add eth0 [10.178.119.144] from eni eni-954d95f678f3
2026-09-27T13:46:52.147961Z Normal LeaderElection oauth-990386 became leader
2026-09-27T13:46:56.147961Z Normal SuccessfulCreate Created pod: worker-ebf306
2026-09-27T13:46:59.147961Z Normal Created Created container sidecar
2026-09-27T13:47:03.147961Z Normal SuccessfulCreate Created pod: oauth-86bccf
2026-09-27T13:47:06.147961Z Normal ScalingReplicaSet Scaled up replica set prometheus-45444293 to 6 from 2
2026-09-27T13:47:10.147961Z Normal Synced Successfully synced oauth-885714
2026-09-27T13:47:14.147961Z Normal Synced Successfully synced frontend-fd322d
2026-09-27T13:47:17.147961Z Normal ScalingReplicaSet Scaled up replica set loki-95bcbc14 to 2 from 2
2026-09-27T13:47:21.147961Z Normal Scheduled Successfully assigned observability/grafana-5da052 to ip-10-0-5-30.ec2.internal
2026-09-27T13:47:24.147961Z Warning MemPressure Node ip-10-0-5-40.ec2.internal status is now: NodeHasMemoryPressure
2026-09-27T13:47:28.147961Z Normal Created Created container app
2026-09-27T13:47:32.147961Z Warning FailedScheduling 0/5 nodes are available: Insufficient cpu
2026-09-27T13:47:35.147961Z Normal Pulled Container image "public.ecr.aws/eks/aws-node:v1.14.1" already present on machine
2026-09-27T13:47:39.147961Z Normal ScalingReplicaSet Scaled up replica set coredns-72d0e0f1 to 5 from 1
2026-09-27T13:47:42.147961Z Normal LeaderElection ingress-nginx-controller-948ee3 became leader
2026-09-27T13:47:46.147961Z Normal ScalingReplicaSet Scaled up replica set metrics-server-d07c0b95 to 2 from 0
2026-09-27T13:47:50.147961Z Warning DiskPressure Node ip-10-0-4-10.ec2.internal status is now: NodeHasDiskPressure
2026-09-27T13:47:53.147961Z Normal SuccessfulCreate Created pod: ingress-nginx-controller-d194ae
2026-09-27T13:47:57.147961Z Normal Started Started container proxy
2026-09-27T13:48:00.147961Z Normal Pulled Container image "nginx:1.25" already present on machine
2026-09-27T13:48:04.147961Z Normal Scheduled Successfully assigned payments/pay-worker-c2bb73 to ip-10-0-1-40.ec2.internal
2026-09-27T13:48:08.147961Z Normal Started Started container proxy
2026-09-27T13:48:11.147961Z Normal LeaderElection ingress-nginx-controller-caa1af became leader
2026-09-27T13:48:15.147961Z Normal Started Started container sidecar
2026-09-27T13:48:18.147961Z Normal AddedInterface Add eth0 [10.49.113.27] from eni eni-17fd52bdf0e9
2026-09-27T13:48:22.147961Z Normal ScalingReplicaSet Scaled up replica set grafana-be2938f9 to 3 from 0
2026-09-27T13:48:26.147961Z Normal LeaderElection pay-api-51516b became leader
2026-09-27T13:48:29.147961Z Normal Synced Successfully synced prometheus-f84f6c
2026-09-27T13:48:33.147961Z Normal AddedInterface Add eth0 [10.81.40.180] from eni eni-dcb259f5feb9
2026-09-27T13:48:36.147961Z Normal Pulled Container image "public.ecr.aws/eks/aws-node:v1.14.1" already present on machine
2026-09-27T13:48:40.147961Z Normal LeaderElection metrics-server-efd8b9 became leader
2026-09-27T13:48:44.147961Z Warning MemPressure Node ip-10-0-5-50.ec2.internal status is now: NodeHasMemoryPressure
2026-09-27T13:48:47.147961Z Normal Synced Successfully synced grafana-37bb28
2026-09-27T13:48:51.147961Z Normal Pulled Container image "nginx:1.25" already present on machine
2026-09-27T13:48:54.147961Z Normal Scheduled Successfully assigned auth/oauth-8acde1 to ip-10-0-2-40.ec2.internal
2026-09-27T13:48:58.147961Z Normal Pulled Container image "registry.k8s.io/coredns/coredns:v1.11.1" already present on machine
2026-09-27T13:49:02.147961Z Normal LeaderElection web-ee54b2 became leader
2026-09-27T13:49:05.147961Z Normal Scheduled Successfully assigned kube-system/aws-node-2dd9a2 to ip-10-0-4-50.ec2.internal
2026-09-27T13:49:09.147961Z Normal Pulled Container image "busybox:1.36" already present on machine
2026-09-27T13:49:12.147961Z Normal LeaderElection auth-api-b143c9 became leader
2026-09-27T13:49:16.147961Z Normal Scheduled Successfully assigned auth/oauth-767276 to ip-10-0-4-10.ec2.internal
2026-09-27T13:49:20.147961Z Normal ScalingReplicaSet Scaled up replica set worker-cdfcb206 to 4 from 1
2026-09-27T13:49:23.147961Z Normal SuccessfulCreate Created pod: loki-a60fbd
2026-09-27T13:49:27.147961Z Normal AddedInterface Add eth0 [10.12.149.152] from eni eni-d04d41b58e55
2026-09-27T13:49:30.147961Z Normal AddedInterface Add eth0 [10.38.184.62] from eni eni-28e983818f7f
2026-09-27T13:49:34.147961Z Normal Pulled Container image "busybox:1.36" already present on machine
2026-09-27T13:49:38.147961Z Normal AddedInterface Add eth0 [10.253.129.58] from eni eni-372942a672c2
2026-09-27T13:49:41.147961Z Normal Created Created container proxy
2026-09-27T13:49:45.147961Z Normal Synced Successfully synced prometheus-83f434
2026-09-27T13:49:48.147961Z Warning MemPressure Node ip-10-0-2-30.ec2.internal status is now: NodeHasMemoryPressure
2026-09-27T13:49:52.147961Z Normal Created Created container app
2026-09-27T13:49:56.147961Z Normal Started Started container proxy
2026-09-27T13:49:59.147961Z Normal Synced Successfully synced loki-44978a
2026-09-27T13:50:03.147961Z Normal Synced Successfully synced worker-2b0535
2026-09-27T13:50:06.147961Z Normal Started Started container sidecar
2026-09-27T13:50:10.147961Z Normal Started Started container proxy
2026-09-27T13:50:14.147961Z Normal LeaderElection pay-worker-68a7ef became leader
2026-09-27T13:50:17.147961Z Normal Started Started container proxy
2026-09-27T13:50:21.147961Z Normal AddedInterface Add eth0 [10.190.172.5] from eni eni-e2e3d78fbce3
2026-09-27T13:50:24.147961Z Normal Created Created container agent
2026-09-27T13:50:28.147961Z Normal LeaderElection ingress-nginx-controller-937f08 became leader
2026-09-27T13:50:32.147961Z Warning DiskPressure Node ip-10-0-5-10.ec2.internal status is now: NodeHasDiskPressure
2026-09-27T13:50:35.147961Z Normal Synced Successfully synced oauth-aca269
2026-09-27T13:50:39.147961Z Warning CrashLoopBackOff pod/metrics-server-267547 CrashLoopBackOff
2026-09-27T13:50:42.147961Z Normal Created Created container proxy
2026-09-27T13:50:46.147961Z Warning BackOff Back-off restarting failed container proxy in pod payments/pay-worker-967fcf
2026-09-27T13:50:50.147961Z Normal Scheduled Successfully assigned kube-system/coredns-a59e91 to ip-10-0-1-10.ec2.internal
2026-09-27T13:50:53.147961Z Normal Scheduled Successfully assigned observability/prometheus-4d1010 to ip-10-0-4-20.ec2.internal
2026-09-27T13:50:57.147961Z Normal Pulled Container image "nginx:1.25" already present on machine
2026-09-27T13:51:00.147961Z Normal Synced Successfully synced frontend-65df54
2026-09-27T13:51:04.147961Z Normal Pulled Container image "nginx:1.25" already present on machine
2026-09-27T13:51:08.147961Z Normal Pulled Container image "python:3.11-slim" already present on machine
2026-09-27T13:51:11.147961Z Normal Created Created container agent
2026-09-27T13:51:15.147961Z Normal Started Started container agent
2026-09-27T13:51:18.147961Z Normal Started Started container proxy
2026-09-27T13:51:22.147961Z Normal Synced Successfully synced kube-proxy-4b58eb
2026-09-27T13:51:26.147961Z Normal Started Started container sidecar
2026-09-27T13:51:29.147961Z Normal SuccessfulCreate Created pod: loki-495044
2026-09-27T13:51:33.147961Z Normal Scheduled Successfully assigned payments/pay-worker-3cda8d to ip-10-0-1-30.ec2.internal
2026-09-27T13:51:36.147961Z Normal Created Created container proxy
2026-09-27T13:51:40.147961Z Normal AddedInterface Add eth0 [10.63.14.139] from eni eni-162dad7bba40
2026-09-27T13:51:44.147961Z Normal Scheduled Successfully assigned kube-system/coredns-d0328d to ip-10-0-2-30.ec2.internal
2026-09-27T13:51:47.147961Z Normal LeaderElection ingress-nginx-controller-f69107 became leader
2026-09-27T13:51:51.147961Z Normal LeaderElection grafana-25552f became leader
2026-09-27T13:51:54.147961Z Normal LeaderElection pay-worker-859eac became leader
2026-09-27T13:51:58.147961Z Normal Synced Successfully synced ingress-nginx-controller-67df26
2026-09-27T13:52:02.147961Z Normal AddedInterface Add eth0 [10.197.126.93] from eni eni-2ac336a8f972
2026-09-27T13:52:05.147961Z Normal ScalingReplicaSet Scaled up replica set pay-api-dd38cc8f to 3 from 0
2026-09-27T13:52:09.147961Z Normal AddedInterface Add eth0 [10.243.68.97] from eni eni-4daef1a115d1
2026-09-27T13:52:12.147961Z Warning TLSHandshakeTimeout net/http: TLS handshake timeout
2026-09-27T13:52:16.147961Z Warning FailedScheduling 0/5 nodes are available: Insufficient cpu
2026-09-27T13:52:20.147961Z Normal SuccessfulCreate Created pod: api-e154e5
2026-09-27T13:52:23.147961Z Normal Scheduled Successfully assigned default/worker-046622 to ip-10-0-1-40.ec2.internal
2026-09-27T13:52:27.147961Z Normal LeaderElection oauth-d1b9ec became leader
2026-09-27T13:52:30.147961Z Normal LeaderElection coredns-0db50f became leader
2026-09-27T13:52:34.147961Z Normal Started Started container app
2026-09-27T13:52:38.147961Z Normal Scheduled Successfully assigned auth/auth-api-5c4ff2 to ip-10-0-2-30.ec2.internal
2026-09-27T13:52:41.147961Z Normal SuccessfulCreate Created pod: ingress-nginx-controller-506fe3
2026-09-27T13:52:45.147961Z Normal AddedInterface Add eth0 [10.199.43.94] from eni eni-375bbd8500ab
2026-09-27T13:52:48.147961Z Normal SuccessfulCreate Created pod: ingress-nginx-controller-4b9b7b
2026-09-27T13:52:52.147961Z Normal Started Started container app
2026-09-27T13:52:56.147961Z Normal Started Started container proxy
2026-09-27T13:52:59.147961Z Normal LeaderElection kube-proxy-7c7954 became leader
2026-09-27T13:53:03.147961Z Normal Created Created container app
2026-09-27T13:53:06.147961Z Normal SuccessfulCreate Created pod: auth-api-9e34be
2026-09-27T13:53:10.147961Z Normal LeaderElection pay-api-421506 became leader
2026-09-27T13:53:14.147961Z Warning Unhealthy Readiness probe failed: Get "http://10.224.34.80:9090/health": dial tcp 10.224.34.80:9090: i/o timeout
2026-09-27T13:53:17.147961Z Normal Created Created container proxy
2026-09-27T13:53:21.147961Z Warning TLSHandshakeTimeout net/http: TLS handshake timeout
2026-09-27T13:53:24.147961Z Normal ScalingReplicaSet Scaled up replica set auth-api-e68dbd72 to 6 from 0
2026-09-27T13:53:28.147961Z Normal Created Created container sidecar
2026-09-27T13:53:32.147961Z Normal Started Started container agent
2026-09-27T13:53:35.147961Z Normal Created Created container agent
2026-09-27T13:53:39.147961Z Normal Started Started container sidecar
2026-09-27T13:53:42.147961Z Normal Scheduled Successfully assigned observability/prometheus-d9f8a6 to ip-10-0-2-30.ec2.internal
2026-09-27T13:53:46.147961Z Normal SuccessfulCreate Created pod: ingress-nginx-controller-5f95f3
2026-09-27T13:53:50.147961Z Normal Scheduled Successfully assigned kube-system/kube-proxy-2614b2 to ip-10-0-3-20.ec2.internal
2026-09-27T13:53:53.147961Z Warning BackOff Back-off restarting failed container proxy in pod auth/auth-api-979b0e
2026-09-27T13:53:57.147961Z Normal Synced Successfully synced frontend-6abf06
2026-09-27T13:54:00.147961Z Normal ScalingReplicaSet Scaled up replica set ingress-nginx-controller-d91ad031 to 2 from 2
2026-09-27T13:54:04.147961Z Normal Synced Successfully synced grafana-d802ff
2026-09-27T13:54:08.147961Z Normal Started Started container proxy
2026-09-27T13:54:11.147961Z Normal Created Created container app
2026-09-27T13:54:15.147961Z Normal Created Created container sidecar
2026-09-27T13:54:18.147961Z Normal Scheduled Successfully assigned payments/pay-worker-672b2c to ip-10-0-3-30.ec2.internal
2026-09-27T13:54:22.147961Z Normal Synced Successfully synced auth-api-3ec798
2026-09-27T13:54:26.147961Z Normal AddedInterface Add eth0 [10.21.97.68] from eni eni-d76b4cfaa7d6
2026-09-27T13:54:29.147961Z Normal Scheduled Successfully assigned default/frontend-d4bda9 to ip-10-0-3-30.ec2.internal
2026-09-27T13:54:33.147961Z Warning BackOff Back-off restarting failed container sidecar in pod observability/loki-03c88b
2026-09-27T13:54:36.147961Z Normal Started Started container app
2026-09-27T13:54:40.147961Z Normal LeaderElection oauth-97d776 became leader
2026-09-27T13:54:44.147961Z Normal Started Started container sidecar
2026-09-27T13:54:47.147961Z Normal Synced Successfully synced pay-worker-96d96c
2026-09-27T13:54:51.147961Z Normal SuccessfulCreate Created pod: aws-node-49e8c8
2026-09-27T13:54:54.147961Z Normal LeaderElection grafana-ea347b became leader
2026-09-27T13:54:58.147961Z Normal Pulled Container image "registry.k8s.io/coredns/coredns:v1.11.1" already present on machine
2026-09-27T13:55:02.147961Z Normal SuccessfulCreate Created pod: prometheus-5c7957
2026-09-27T13:55:05.147961Z Normal Created Created container agent
2026-09-27T13:55:09.147961Z Normal Created Created container sidecar
2026-09-27T13:55:12.147961Z Normal ScalingReplicaSet Scaled up replica set auth-api-05b8b85d to 2 from 0
2026-09-27T13:55:16.147961Z Normal Scheduled Successfully assigned default/api-0d813f to ip-10-0-5-20.ec2.internal
2026-09-27T13:55:20.147961Z Normal AddedInterface Add eth0 [10.247.133.160] from eni eni-168f08916444
2026-09-27T13:55:23.147961Z Warning TLSHandshakeTimeout net/http: TLS handshake timeout
2026-09-27T13:55:27.147961Z Warning DiskPressure Node ip-10-0-5-30.ec2.internal status is now: NodeHasDiskPressure
2026-09-27T13:55:30.147961Z Normal Created Created container proxy
2026-09-27T13:55:34.147961Z Normal AddedInterface Add eth0 [10.148.159.58] from eni eni-7dc0a6a770fb
2026-09-27T13:55:38.147961Z Normal Created Created container sidecar
2026-09-27T13:55:41.147961Z Normal Scheduled Successfully assigned default/worker-70616e to ip-10-0-3-40.ec2.internal
2026-09-27T13:55:45.147961Z Normal Scheduled Successfully assigned observability/loki-36a9fd to ip-10-0-1-20.ec2.internal
2026-09-27T13:55:48.147961Z Normal Created Created container sidecar
2026-09-27T13:55:52.147961Z Normal SuccessfulCreate Created pod: ingress-nginx-controller-9aae1a
2026-09-27T13:55:56.147961Z Normal Pulled Container image "registry.k8s.io/coredns/coredns:v1.11.1" already present on machine
2026-09-27T13:55:59.147961Z Normal Pulled Container image "registry.k8s.io/coredns/coredns:v1.11.1" already present on machine
2026-09-27T13:56:03.147961Z Normal Pulled Container image "busybox:1.36" already present on machine
2026-09-27T13:56:06.147961Z Normal Created Created container agent
2026-09-27T13:56:10.147961Z Normal Scheduled Successfully assigned payments/pay-api-f2a023 to ip-10-0-5-20.ec2.internal
2026-09-27T13:56:14.147961Z Normal Created Created container app
2026-09-27T13:56:17.147961Z Warning ImagePullBackOff Back-off pulling image "ghcr.io/company/pay-api:2.3.1"
2026-09-27T13:56:21.147961Z Normal Pulled Container image "ghcr.io/company/pay-api:2.3.1" already present on machine
2026-09-27T13:56:24.147961Z Normal LeaderElection loki-51fb66 became leader
2026-09-27T13:56:28.147961Z Normal Pulled Container image "ghcr.io/company/pay-api:2.3.1" already present on machine
2026-09-27T13:56:32.147961Z Normal LeaderElection ingress-nginx-controller-255b19 became leader
2026-09-27T13:56:35.147961Z Normal Scheduled Successfully assigned kube-system/metrics-server-5a0880 to ip-10-0-5-50.ec2.internal
2026-09-27T13:56:39.147961Z Normal Synced Successfully synced aws-node-55c0ba
2026-09-27T13:56:42.147961Z Normal Scheduled Successfully assigned ingress-nginx/ingress-nginx-controller-985f57 to ip-10-0-1-50.ec2.internal
2026-09-27T13:56:46.147961Z Normal Scheduled Successfully assigned observability/prometheus-0df200 to ip-10-0-2-30.ec2.internal
2026-09-27T13:56:50.147961Z Normal Scheduled Successfully assigned ingress-nginx/ingress-nginx-controller-6d06d1 to ip-10-0-1-50.ec2.internal
2026-09-27T13:56:53.147961Z Warning Unhealthy Readiness probe failed: Get "http://10.7.205.142:80/health": dial tcp 10.7.205.142:80: i/o timeout
2026-09-27T13:56:57.147961Z Normal Scheduled Successfully assigned kube-system/metrics-server-a84720 to ip-10-0-1-10.ec2.internal
2026-09-27T13:57:00.147961Z Normal Scheduled Successfully assigned auth/auth-api-d6eb7f to ip-10-0-3-50.ec2.internal
2026-09-27T13:57:04.147961Z Normal LeaderElection frontend-93c424 became leader
2026-09-27T13:57:08.147961Z Normal Synced Successfully synced worker-1bb39e
2026-09-27T13:57:11.147961Z Normal LeaderElection loki-43e749 became leader
2026-09-27T13:57:15.147961Z Normal Scheduled Successfully assigned kube-system/coredns-b96462 to ip-10-0-2-50.ec2.internal
2026-09-27T13:57:18.147961Z Normal Created Created container agent
2026-09-27T13:57:22.147961Z Normal SuccessfulCreate Created pod: ingress-nginx-controller-5dea96
2026-09-27T13:57:26.147961Z Normal LeaderElection auth-api-357e6a became leader
2026-09-27T13:57:29.147961Z Normal Synced Successfully synced ingress-nginx-controller-7bf030
2026-09-27T13:57:33.147961Z Normal Synced Successfully synced aws-node-091ecf
2026-09-27T13:57:36.147961Z Normal LeaderElection pay-worker-3846fe became leader
2026-09-27T13:57:40.147961Z Normal Started Started container agent
2026-09-27T13:57:44.147961Z Normal Created Created container app
2026-09-27T13:57:47.147961Z Normal Scheduled Successfully assigned kube-system/metrics-server-1734ab to ip-10-0-3-40.ec2.internal
2026-09-27T13:57:51.147961Z Normal Created Created container agent
2026-09-27T13:57:54.147961Z Normal Synced Successfully synced prometheus-06c756
2026-09-27T13:57:58.147961Z Normal LeaderElection worker-f979be became leader
2026-09-27T13:58:02.147961Z Normal Pulled Container image "busybox:1.36" already present on machine
2026-09-27T13:58:05.147961Z Normal AddedInterface Add eth0 [10.48.103.125] from eni eni-635fc6444e0c
2026-09-27T13:58:09.147961Z Normal AddedInterface Add eth0 [10.134.207.243] from eni eni-7f3669e21ba0
2026-09-27T13:58:12.147961Z Normal ScalingReplicaSet Scaled up replica set oauth-6b93f015 to 5 from 0
2026-09-27T13:58:16.147961Z Normal Created Created container sidecar
2026-09-27T13:58:20.147961Z Normal ScalingReplicaSet Scaled up replica set web-64ca607a to 5 from 0
2026-09-27T13:58:23.147961Z Normal SuccessfulCreate Created pod: metrics-server-502a2b
2026-09-27T13:58:27.147961Z Normal Synced Successfully synced coredns-cae15b
2026-09-27T13:58:30.147961Z Normal SuccessfulCreate Created pod: grafana-645360
2026-09-27T13:58:34.147961Z Normal Scheduled Successfully assigned observability/grafana-97257f to ip-10-0-5-30.ec2.internal
2026-09-27T13:58:38.147961Z Normal Created Created container agent
2026-09-27T13:58:41.147961Z Warning FailedMount Unable to attach or mount volumes: timed out waiting for the condition
2026-09-27T13:58:45.147961Z Normal Created Created container app
2026-09-27T13:58:48.147961Z Normal SuccessfulCreate Created pod: grafana-b3386e
2026-09-27T13:58:52.147961Z Normal Scheduled Successfully assigned payments/pay-api-7db295 to ip-10-0-5-20.ec2.internal
2026-09-27T13:58:56.147961Z Normal ScalingReplicaSet Scaled up replica set aws-node-ee14c90c to 2 from 1
2026-09-27T13:58:59.147961Z Normal Started Started container agent
2026-09-27T13:59:03.147961Z Normal ScalingReplicaSet Scaled up replica set web-b9621693 to 2 from 1
2026-09-27T13:59:06.147961Z Normal LeaderElection prometheus-5c9abe became leader
2026-09-27T13:59:10.147961Z Normal Started Started container sidecar
2026-09-27T13:59:14.147961Z Normal Synced Successfully synced web-1145df
2026-09-27T13:59:17.147961Z Normal Created Created container proxy
2026-09-27T13:59:21.147961Z Normal Synced Successfully synced prometheus-43baea
2026-09-27T13:59:24.147961Z Normal AddedInterface Add eth0 [10.47.12.205] from eni eni-91f95951b451
2026-09-27T13:59:28.147961Z Warning TLSHandshakeTimeout net/http: TLS handshake timeout
2026-09-27T13:59:32.147961Z Normal Pulled Container image "nginx:1.25" already present on machine
2026-09-27T13:59:35.147961Z Normal SuccessfulCreate Created pod: aws-node-5a2262
2026-09-27T13:59:39.147961Z Normal Synced Successfully synced grafana-59e11e
2026-09-27T13:59:42.147961Z Normal Synced Successfully synced coredns-1bb444
2026-09-27T13:59:46.147961Z Normal LeaderElection kube-proxy-7b99ce became leader
2026-09-27T13:59:50.147961Z Warning FailedMount Unable to attach or mount volumes: timed out waiting for the condition
2026-09-27T13:59:53.147961Z Normal Synced Successfully synced ingress-nginx-controller-2881b3
2026-09-27T13:59:57.147961Z Normal LeaderElection ingress-nginx-controller-bbaf89 became leader
2026-09-27T14:00:00.147961Z Normal SuccessfulCreate Created pod: oauth-22114c
2026-09-27T14:00:04.147961Z Normal ScalingReplicaSet Scaled up replica set ingress-nginx-controller-52014ea4 to 2 from 1
2026-09-27T14:00:08.147961Z Normal ScalingReplicaSet Scaled up replica set grafana-0b784196 to 4 from 1
2026-09-27T14:00:11.147961Z Normal SuccessfulCreate Created pod: oauth-3a73e7
2026-09-27T14:00:15.147961Z Normal Scheduled Successfully assigned auth/oauth-13b890 to ip-10-0-4-30.ec2.internal
2026-09-27T14:00:18.147961Z Normal ScalingReplicaSet Scaled up replica set coredns-bd5b80c7 to 2 from 2
2026-09-27T14:00:22.147961Z Normal Pulled Container image "ghcr.io/company/pay-api:2.3.1" already present on machine
2026-09-27T14:00:26.147961Z Warning BackOff Back-off restarting failed container app in pod observability/prometheus-df53b0
2026-09-27T14:00:29.147961Z Normal ScalingReplicaSet Scaled up replica set pay-api-527591a8 to 4 from 2
2026-09-27T14:00:33.147961Z Normal AddedInterface Add eth0 [10.73.7.93] from eni eni-9ae139f244c2
2026-09-27T14:00:36.147961Z Normal Synced Successfully synced pay-api-12580e
2026-09-27T14:00:40.147961Z Normal Synced Successfully synced auth-api-96f381
2026-09-27T14:00:44.147961Z Warning ErrImagePull Failed to pull image "python:3.11-slim": rpc error: code = Unknown desc = Error response from daemon: pull access denied
2026-09-27T14:00:47.147961Z Normal Synced Successfully synced worker-0452af
2026-09-27T14:00:51.147961Z Normal SuccessfulCreate Created pod: oauth-8aaa5f
2026-09-27T14:00:54.147961Z Normal Started Started container sidecar
2026-09-27T14:00:58.147961Z Normal ScalingReplicaSet Scaled up replica set oauth-eedfa9eb to 3 from 1
2026-09-27T14:01:02.147961Z Normal SuccessfulCreate Created pod: grafana-e098fa
2026-09-27T14:01:05.147961Z Normal LeaderElection auth-api-bc46c3 became leader
2026-09-27T14:01:09.147961Z Normal Started Started container agent
2026-09-27T14:01:12.147961Z Normal Started Started container agent
2026-09-27T14:01:16.147961Z Normal AddedInterface Add eth0 [10.209.25.170] from eni eni-850c1a0a0185
2026-09-27T14:01:20.147961Z Normal Started Started container app
2026-09-27T14:01:23.147961Z Warning NodeNotReady Node ip-10-0-4-20.ec2.internal status is now: NodeNotReady
2026-09-27T14:01:27.147961Z Normal Pulled Container image "ghcr.io/company/pay-api:2.3.1" already present on machine
2026-09-27T14:01:30.147961Z Normal AddedInterface Add eth0 [10.7.228.65] from eni eni-5f874b2fbfc8
2026-09-27T14:01:34.147961Z Normal Pulled Container image "ghcr.io/company/auth-api:1.9.0" already present on machine
2026-09-27T14:01:38.147961Z Normal AddedInterface Add eth0 [10.217.166.218] from eni eni-4949aebccd21
2026-09-27T14:01:41.147961Z Normal Pulled Container image "registry.k8s.io/coredns/coredns:v1.11.1" already present on machine
2026-09-27T14:01:45.147961Z Normal Scheduled Successfully assigned payments/pay-api-560fa5 to ip-10-0-2-30.ec2.internal
2026-09-27T14:01:48.147961Z Normal ScalingReplicaSet Scaled up replica set pay-api-ab9ab3f2 to 2 from 0
2026-09-27T14:01:52.147961Z Normal Created Created container agent
2026-09-27T14:01:56.147961Z Normal Scheduled Successfully assigned payments/pay-api-ec71db to ip-10-0-4-30.ec2.internal
2026-09-27T14:01:59.147961Z Normal LeaderElection pay-api-97c17c became leader
2026-09-27T14:02:03.147961Z Normal Pulled Container image "busybox:1.36" already present on machine
2026-09-27T14:02:06.147961Z Normal SuccessfulCreate Created pod: coredns-cf9085
2026-09-27T14:02:10.147961Z Normal LeaderElection ingress-nginx-controller-3e8d4c became leader
2026-09-27T14:02:14.147961Z Normal Created Created container sidecar
2026-09-27T14:02:17.147961Z Normal Pulled Container image "ghcr.io/company/pay-api:2.3.1" already present on machine
2026-09-27T14:02:21.147961Z Normal SuccessfulCreate Created pod: pay-worker-fff9b4
2026-09-27T14:02:24.147961Z Normal Pulled Container image "nginx:1.25" already present on machine
2026-09-27T14:02:28.147961Z Warning MemPressure Node ip-10-0-5-40.ec2.internal status is now: NodeHasMemoryPressure
2026-09-27T14:02:32.147961Z Normal Started Started container proxy
2026-09-27T14:02:35.147961Z Normal Pulled Container image "python:3.11-slim" already present on machine
2026-09-27T14:02:39.147961Z Normal ScalingReplicaSet Scaled up replica set loki-bec15151 to 3 from 1
2026-09-27T14:02:42.147961Z Normal AddedInterface Add eth0 [10.104.6.195] from eni eni-80028d0dfb88
2026-09-27T14:02:46.147961Z Warning MemPressure Node ip-10-0-1-40.ec2.internal status is now: NodeHasMemoryPressure
2026-09-27T14:02:50.147961Z Normal Scheduled Successfully assigned payments/pay-api-0e2ef4 to ip-10-0-5-40.ec2.internal
2026-09-27T14:02:53.147961Z Normal AddedInterface Add eth0 [10.226.54.82] from eni eni-cd8eda4f61ee
2026-09-27T14:02:57.147961Z Normal AddedInterface Add eth0 [10.134.200.151] from eni eni-221d3c61665c
2026-09-27T14:03:00.147961Z Normal Created Created container sidecar
2026-09-27T14:03:04.147961Z Normal Synced Successfully synced worker-a40487
2026-09-27T14:03:08.147961Z Normal Created Created container proxy
2026-09-27T14:03:11.147961Z Normal Synced Successfully synced oauth-addf12
2026-09-27T14:03:15.147961Z Normal Scheduled Successfully assigned default/worker-ba9776 to ip-10-0-5-10.ec2.internal
2026-09-27T14:03:18.147961Z Normal AddedInterface Add eth0 [10.201.222.182] from eni eni-f3ea6874c9b1
2026-09-27T14:03:22.147961Z Normal Synced Successfully synced web-1bdc8e
2026-09-27T14:03:26.147961Z Normal Started Started container sidecar
2026-09-27T14:03:29.147961Z Normal SuccessfulCreate Created pod: web-fb3912
2026-09-27T14:03:33.147961Z Normal Synced Successfully synced web-7d252c
2026-09-27T14:03:36.147961Z Normal SuccessfulCreate Created pod: pay-api-ea97f9
2026-09-27T14:03:40.147961Z Normal Created Created container agent
2026-09-27T14:03:44.147961Z Normal AddedInterface Add eth0 [10.227.173.239] from eni eni-dde2e0388de2
2026-09-27T14:03:47.147961Z Warning MemPressure Node ip-10-0-1-20.ec2.internal status is now: NodeHasMemoryPressure
2026-09-27T14:03:51.147961Z Normal Created Created container sidecar
2026-09-27T14:03:54.147961Z Normal Pulled Container image "nginx:1.25" already present on machine
2026-09-27T14:03:58.147961Z Normal Synced Successfully synced pay-api-0b1f14
2026-09-27T14:04:02.147961Z Normal AddedInterface Add eth0 [10.134.31.223] from eni eni-29d8dda68ae1
2026-09-27T14:04:05.147961Z Normal Started Started container app
2026-09-27T14:04:09.147961Z Warning ErrImagePull Failed to pull image "python:3.11-slim": rpc error: code = Unknown desc = Error response from daemon: pull access denied
2026-09-27T14:04:12.147961Z Warning ErrImagePull Failed to pull image "public.ecr.aws/eks/aws-node:v1.14.1": rpc error: code = Unknown desc = Error response from daemon: pull access denied
2026-09-27T14:04:16.147961Z Normal AddedInterface Add eth0 [10.71.22.248] from eni eni-df0169cabc78
2026-09-27T14:04:20.147961Z Normal Synced Successfully synced auth-api-e8d765
2026-09-27T14:04:23.147961Z Normal Started Started container app
2026-09-27T14:04:27.147961Z Warning ErrImagePull Failed to pull image "busybox:1.36": rpc error: code = Unknown desc = Error response from daemon: pull access denied
2026-09-27T14:04:30.147961Z Normal AddedInterface Add eth0 [10.76.65.35] from eni eni-7646fcf71857
2026-09-27T14:04:34.147961Z Warning TLSHandshakeTimeout net/http: TLS handshake timeout
2026-09-27T14:04:38.147961Z Normal SuccessfulCreate Created pod: ingress-nginx-controller-ccf536
2026-09-27T14:04:41.147961Z Normal LeaderElection ingress-nginx-controller-647c84 became leader
2026-09-27T14:04:45.147961Z Normal Started Started container sidecar
2026-09-27T14:04:48.147961Z Normal Created Created container app
2026-09-27T14:04:52.147961Z Normal AddedInterface Add eth0 [10.102.216.29] from eni eni-01cf4f325fd2
2026-09-27T14:04:56.147961Z Normal ScalingReplicaSet Scaled up replica set auth-api-0c90719b to 2 from 0
2026-09-27T14:04:59.147961Z Normal Started Started container sidecar
2026-09-27T14:05:03.147961Z Normal Synced Successfully synced oauth-2b2520
2026-09-27T14:05:06.147961Z Normal Synced Successfully synced prometheus-04fe85
2026-09-27T14:05:10.147961Z Warning NodeNotReady Node ip-10-0-1-20.ec2.internal status is now: NodeNotReady
2026-09-27T14:05:14.147961Z Normal ScalingReplicaSet Scaled up replica set oauth-c6af060c to 2 from 2
2026-09-27T14:05:17.147961Z Normal Pulled Container image "ghcr.io/company/auth-api:1.9.0" already present on machine
2026-09-27T14:05:21.147961Z Warning DiskPressure Node ip-10-0-4-50.ec2.internal status is now: NodeHasDiskPressure
2026-09-27T14:05:24.147961Z Normal SuccessfulCreate Created pod: auth-api-b9ee86
2026-09-27T14:05:28.147961Z Warning FailedMount Unable to attach or mount volumes: timed out waiting for the condition
2026-09-27T14:05:32.147961Z Normal AddedInterface Add eth0 [10.89.13.5] from eni eni-65c311d7cb2c
2026-09-27T14:05:35.147961Z Normal ScalingReplicaSet Scaled up replica set oauth-e645cb5f to 4 from 1
2026-09-27T14:05:39.147961Z Warning DNSConfigForming Nameserver limits were exceeded, some nameservers have been omitted, the applied nameserver line is: 10.8.152.143 10.67.208.5 10.145.214.41 10.28.255.60 10.156.112.36
2026-09-27T14:05:42.147961Z Normal Created Created container sidecar
2026-09-27T14:05:46.147961Z Normal ScalingReplicaSet Scaled up replica set worker-88631810 to 4 from 1
2026-09-27T14:05:50.147961Z Normal SuccessfulCreate Created pod: grafana-908a7a
2026-09-27T14:05:53.147961Z Normal Scheduled Successfully assigned auth/auth-api-b97f92 to ip-10-0-4-10.ec2.internal
2026-09-27T14:05:57.147961Z Normal Created Created container sidecar
2026-09-27T14:06:00.147961Z Normal LeaderElection oauth-1824a5 became leader
2026-09-27T14:06:04.147961Z Normal Created Created container app
2026-09-27T14:06:08.147961Z Normal Synced Successfully synced pay-api-0c044c
2026-09-27T14:06:11.147961Z Normal Pulled Container image "busybox:1.36" already present on machine
2026-09-27T14:06:15.147961Z Normal Pulled Container image "busybox:1.36" already present on machine
2026-09-27T14:06:18.147961Z Normal Started Started container agent
2026-09-27T14:06:22.147961Z Normal AddedInterface Add eth0 [10.102.112.217] from eni eni-a99d76d44c19
2026-09-27T14:06:26.147961Z Normal Pulled Container image "registry.k8s.io/coredns/coredns:v1.11.1" already present on machine
2026-09-27T14:06:29.147961Z Normal LeaderElection ingress-nginx-controller-8d1292 became leader
2026-09-27T14:06:33.147961Z Normal ScalingReplicaSet Scaled up replica set oauth-74d1183d to 4 from 0
2026-09-27T14:06:36.147961Z Normal Pulled Container image "public.ecr.aws/eks/aws-node:v1.14.1" already present on machine
2026-09-27T14:06:40.147961Z Normal AddedInterface Add eth0 [10.11.242.157] from eni eni-68ab5fc34b90
2026-09-27T14:06:44.147961Z Normal LeaderElection metrics-server-6c0d51 became leader
2026-09-27T14:06:47.147961Z Normal ScalingReplicaSet Scaled up replica set frontend-149b3509 to 3 from 2
2026-09-27T14:06:51.147961Z Normal Started Started container proxy
2026-09-27T14:06:54.147961Z Normal Started Started container sidecar
2026-09-27T14:06:58.147961Z Warning CrashLoopBackOff pod/pay-api-b91006 CrashLoopBackOff
2026-09-27T14:07:02.147961Z Warning CrashLoopBackOff pod/auth-api-bb5ef0 CrashLoopBackOff
2026-09-27T14:07:05.147961Z Normal LeaderElection coredns-edf2cf became leader
2026-09-27T14:07:09.147961Z Normal Synced Successfully synced auth-api-f005c6
2026-09-27T14:07:12.147961Z Normal Scheduled Successfully assigned kube-system/aws-node-2033d8 to ip-10-0-3-30.ec2.internal
2026-09-27T14:07:16.147961Z Normal Scheduled Successfully assigned auth/oauth-c1c5a7 to ip-10-0-4-10.ec2.internal
2026-09-27T14:07:20.147961Z Normal Created Created container app
2026-09-27T14:07:23.147961Z Normal SuccessfulCreate Created pod: pay-api-aba794
2026-09-27T14:07:27.147961Z Normal Created Created container sidecar
2026-09-27T14:07:30.147961Z Normal ScalingReplicaSet Scaled up replica set ingress-nginx-controller-21f63d44 to 2 from 1
2026-09-27T14:07:34.147961Z Normal LeaderElection api-7819f4 became leader
2026-09-27T14:07:38.147961Z Normal SuccessfulCreate Created pod: aws-node-cbe760
2026-09-27T14:07:41.147961Z Normal Created Created container agent
2026-09-27T14:07:45.147961Z Normal Pulled Container image "registry.k8s.io/coredns/coredns:v1.11.1" already present on machine
2026-09-27T14:07:48.147961Z Normal Scheduled Successfully assigned payments/pay-worker-3da3e5 to ip-10-0-2-50.ec2.internal
2026-09-27T14:07:52.147961Z Normal ScalingReplicaSet Scaled up replica set grafana-4689241a to 3 from 0
2026-09-27T14:07:56.147961Z Normal ScalingReplicaSet Scaled up replica set oauth-59cfeb7a to 5 from 2
2026-09-27T14:07:59.147961Z Normal ScalingReplicaSet Scaled up replica set auth-api-0ef1ed8b to 2 from 0
2026-09-27T14:08:03.147961Z Warning FailedMount Unable to attach or mount volumes: timed out waiting for the condition
2026-09-27T14:08:06.147961Z Normal Created Created container sidecar
2026-09-27T14:08:10.147961Z Normal LeaderElection web-146b77 became leader
2026-09-27T14:08:14.147961Z Normal Synced Successfully synced prometheus-389888
2026-09-27T14:08:17.147961Z Normal ScalingReplicaSet Scaled up replica set aws-node-bfcded7c to 3 from 2
2026-09-27T14:08:21.147961Z Normal AddedInterface Add eth0 [10.64.136.29] from eni eni-40ab1eb27665
2026-09-27T14:08:24.147961Z Normal LeaderElection api-2dc75f became leader
2026-09-27T14:08:28.147961Z Normal Created Created container agent
2026-09-27T14:08:32.147961Z Normal ScalingReplicaSet Scaled up replica set kube-proxy-0066023c to 2 from 2
2026-09-27T14:08:35.147961Z Normal Scheduled Successfully assigned default/worker-93cf69 to ip-10-0-1-50.ec2.internal
2026-09-27T14:08:39.147961Z Normal LeaderElection kube-proxy-aaca6b became leader
2026-09-27T14:08:42.147961Z Warning OOMKilled Container sidecar in pod payments/pay-api-46cc57 was killed due to OOM
2026-09-27T14:08:46.147961Z Normal Started Started container sidecar
2026-09-27T14:08:50.147961Z Normal Created Created container app
2026-09-27T14:08:53.147961Z Normal Pulled Container image "nginx:1.25" already present on machine
2026-09-27T14:08:57.147961Z Normal ScalingReplicaSet Scaled up replica set aws-node-2f97c506 to 6 from 1
2026-09-27T14:09:00.147961Z Normal LeaderElection kube-proxy-7909dd became leader
2026-09-27T14:09:04.147961Z Normal LeaderElection metrics-server-ebdad9 became leader
2026-09-27T14:09:08.147961Z Normal Scheduled Successfully assigned auth/auth-api-2e7149 to ip-10-0-2-10.ec2.internal
2026-09-27T14:09:11.147961Z Normal Created Created container agent
2026-09-27T14:09:15.147961Z Normal Synced Successfully synced aws-node-78836e
2026-09-27T14:09:18.147961Z Warning TLSHandshakeTimeout net/http: TLS handshake timeout
2026-09-27T14:09:22.147961Z Normal ScalingReplicaSet Scaled up replica set prometheus-20a1ecc5 to 6 from 0
2026-09-27T14:09:26.147961Z Normal Pulled Container image "public.ecr.aws/eks/aws-node:v1.14.1" already present on machine
2026-09-27T14:09:29.147961Z Normal LeaderElection ingress-nginx-controller-b24503 became leader
2026-09-27T14:09:33.147961Z Normal LeaderElection auth-api-70e61c became leader
2026-09-27T14:09:36.147961Z Normal Scheduled Successfully assigned default/frontend-1ef78f to ip-10-0-2-50.ec2.internal
2026-09-27T14:09:40.147961Z Normal Synced Successfully synced oauth-d39852
2026-09-27T14:09:44.147961Z Normal AddedInterface Add eth0 [10.8.104.28] from eni eni-4b7c1609b9be
2026-09-27T14:09:47.147961Z Normal LeaderElection ingress-nginx-controller-a3da35 became leader
2026-09-27T14:09:51.147961Z Normal Created Created container sidecar
2026-09-27T14:09:54.147961Z Warning BackOff Back-off restarting failed container sidecar in pod ingress-nginx/ingress-nginx-controller-bf8c46
2026-09-27T14:09:58.147961Z Normal ScalingReplicaSet Scaled up replica set pay-api-14dd4189 to 4 from 0
2026-09-27T14:10:02.147961Z Normal SuccessfulCreate Created pod: grafana-891733
2026-09-27T14:10:05.147961Z Normal ScalingReplicaSet Scaled up replica set loki-3a021731 to 2 from 2
2026-09-27T14:10:09.147961Z Warning FailedScheduling 0/4 nodes are available: Insufficient memory
2026-09-27T14:10:12.147961Z Warning OOMKilled Container app in pod default/worker-a10fff was killed due to OOM
2026-09-27T14:10:16.147961Z Normal Created Created container app
2026-09-27T14:10:20.147961Z Normal Created Created container sidecar
2026-09-27T14:10:23.147961Z Normal ScalingReplicaSet Scaled up replica set kube-proxy-7962e12b to 5 from 0
2026-09-27T14:10:27.147961Z Normal Started Started container app
2026-09-27T14:10:30.147961Z Normal Synced Successfully synced grafana-cffd97
2026-09-27T14:10:34.147961Z Normal Created Created container proxy
2026-09-27T14:10:38.147961Z Normal LeaderElection pay-worker-5a04de became leader
2026-09-27T14:10:41.147961Z Normal Created Created container agent
2026-09-27T14:10:45.147961Z Normal Synced Successfully synced oauth-ff5666
2026-09-27T14:10:48.147961Z Normal AddedInterface Add eth0 [10.79.161.204] from eni eni-04cc703b6d4f
2026-09-27T14:10:52.147961Z Normal Created Created container proxy
2026-09-27T14:10:56.147961Z Normal LeaderElection auth-api-4efd70 became leader
2026-09-27T14:10:59.147961Z Normal ScalingReplicaSet Scaled up replica set ingress-nginx-controller-15d46d63 to 5 from 2
2026-09-27T14:11:03.147961Z Normal LeaderElection oauth-3f5cd0 became leader
2026-09-27T14:11:06.147961Z Normal SuccessfulCreate Created pod: pay-api-715fac
2026-09-27T14:11:10.147961Z Normal AddedInterface Add eth0 [10.181.165.171] from eni eni-d41be1ade407
2026-09-27T14:11:14.147961Z Normal Started Started container agent
2026-09-27T14:11:17.147961Z Normal Pulled Container image "public.ecr.aws/eks/aws-node:v1.14.1" already present on machine
2026-09-27T14:11:21.147961Z Normal Synced Successfully synced ingress-nginx-controller-2fa33b
2026-09-27T14:11:24.147961Z Normal Created Created container sidecar
2026-09-27T14:11:28.147961Z Normal Synced Successfully synced aws-node-890dbb
2026-09-27T14:11:32.147961Z Normal LeaderElection oauth-4fc38f became leader
2026-09-27T14:11:35.147961Z Normal Pulled Container image "ghcr.io/company/pay-api:2.3.1" already present on machine
2026-09-27T14:11:39.147961Z Normal Scheduled Successfully assigned observability/grafana-c28312 to ip-10-0-2-40.ec2.internal
2026-09-27T14:11:42.147961Z Normal Scheduled Successfully assigned payments/pay-api-c124bd to ip-10-0-1-10.ec2.internal
2026-09-27T14:11:46.147961Z Normal LeaderElection pay-api-93bfe1 became leader
2026-09-27T14:11:50.147961Z Normal SuccessfulCreate Created pod: frontend-66522c
2026-09-27T14:11:53.147961Z Normal Synced Successfully synced ingress-nginx-controller-fadb7f
2026-09-27T14:11:57.147961Z Normal AddedInterface Add eth0 [10.86.246.138] from eni eni-55781e9d05f1
2026-09-27T14:12:00.147961Z Normal Scheduled Successfully assigned kube-system/kube-proxy-f6e1f0 to ip-10-0-1-50.ec2.internal
2026-09-27T14:12:04.147961Z Normal SuccessfulCreate Created pod: worker-0e3965
2026-09-27T14:12:08.147961Z Normal AddedInterface Add eth0 [10.247.110.47] from eni eni-cc0d5dca67dd
2026-09-27T14:12:11.147961Z Normal Created Created container sidecar
2026-09-27T14:12:15.147961Z Normal Started Started container sidecar
2026-09-27T14:12:18.147961Z Normal AddedInterface Add eth0 [10.140.16.173] from eni eni-8c798bbc3914
2026-09-27T14:12:22.147961Z Normal Synced Successfully synced auth-api-57c1ed
2026-09-27T14:12:26.147961Z Normal Created Created container sidecar
2026-09-27T14:12:29.147961Z Normal AddedInterface Add eth0 [10.241.255.117] from eni eni-1e82ac6b93d8
2026-09-27T14:12:33.147961Z Normal AddedInterface Add eth0 [10.224.19.163] from eni eni-8cdc60accc04
2026-09-27T14:12:36.147961Z Normal ScalingReplicaSet Scaled up replica set worker-39fde1c1 to 4 from 1
2026-09-27T14:12:40.147961Z Normal LeaderElection api-755131 became leader
2026-09-27T14:12:44.147961Z Normal ScalingReplicaSet Scaled up replica set worker-6f094791 to 2 from 0
2026-09-27T14:12:47.147961Z Normal Created Created container app
2026-09-27T14:12:51.147961Z Warning CrashLoopBackOff pod/ingress-nginx-controller-e9719f CrashLoopBackOff
2026-09-27T14:12:54.147961Z Normal Scheduled Successfully assigned auth/oauth-46962b to ip-10-0-3-20.ec2.internal
2026-09-27T14:12:58.147961Z Normal AddedInterface Add eth0 [10.51.164.67] from eni eni-9490f6f79226
2026-09-27T14:13:02.147961Z Normal Started Started container proxy
2026-09-27T14:13:05.147961Z Normal Synced Successfully synced pay-worker-efd6b7
2026-09-27T14:13:09.147961Z Normal AddedInterface Add eth0 [10.129.2.241] from eni eni-298f242df18b
2026-09-27T14:13:12.147961Z Normal Created Created container agent
2026-09-27T14:13:16.147961Z Normal ScalingReplicaSet Scaled up replica set oauth-31cddd2d to 5 from 0
2026-09-27T14:13:20.147961Z Normal SuccessfulCreate Created pod: kube-proxy-351ff4
2026-09-27T14:13:23.147961Z Normal Scheduled Successfully assigned default/web-37c36b to ip-10-0-2-50.ec2.internal
2026-09-27T14:13:27.147961Z Normal Scheduled Successfully assigned default/frontend-251fc6 to ip-10-0-5-30.ec2.internal
2026-09-27T14:13:30.147961Z Normal LeaderElection pay-worker-8fe4ea became leader
2026-09-27T14:13:34.147961Z Normal LeaderElection metrics-server-bf3717 became leader
2026-09-27T14:13:38.147961Z Normal Synced Successfully synced metrics-server-6414ce
2026-09-27T14:13:41.147961Z Normal AddedInterface Add eth0 [10.201.250.15] from eni eni-550dee648c54
2026-09-27T14:13:45.147961Z Normal LeaderElection ingress-nginx-controller-c48b11 became leader
2026-09-27T14:13:48.147961Z Normal Created Created container sidecar
2026-09-27T14:13:52.147961Z Normal LeaderElection auth-api-83f09f became leader
2026-09-27T14:13:56.147961Z Normal LeaderElection oauth-57b99a became leader
2026-09-27T14:13:59.147961Z Normal Synced Successfully synced aws-node-279024
2026-09-27T14:14:03.147961Z Normal Synced Successfully synced prometheus-c3738b
2026-09-27T14:14:06.147961Z Normal AddedInterface Add eth0 [10.26.123.41] from eni eni-506fea0f0784
2026-09-27T14:14:10.147961Z Normal LeaderElection metrics-server-9d1e29 became leader
2026-09-27T14:14:14.147961Z Normal Created Created container app
2026-09-27T14:14:17.147961Z Normal Created Created container proxy
2026-09-27T14:14:21.147961Z Normal Pulled Container image "registry.k8s.io/coredns/coredns:v1.11.1" already present on machine
2026-09-27T14:14:24.147961Z Warning TLSHandshakeTimeout net/http: TLS handshake timeout
2026-09-27T14:14:28.147961Z Normal Synced Successfully synced ingress-nginx-controller-23616d
2026-09-27T14:14:32.147961Z Normal Created Created container sidecar
2026-09-27T14:14:35.147961Z Normal Pulled Container image "busybox:1.36" already present on machine
2026-09-27T14:14:39.147961Z Normal ScalingReplicaSet Scaled up replica set grafana-353689d2 to 4 from 2
2026-09-27T14:14:42.147961Z Normal Synced Successfully synced web-37bca3
2026-09-27T14:14:46.147961Z Normal Scheduled Successfully assigned kube-system/coredns-e5756a to ip-10-0-2-20.ec2.internal
2026-09-27T14:14:50.147961Z Warning MemPressure Node ip-10-0-4-10.ec2.internal status is now: NodeHasMemoryPressure
2026-09-27T14:14:53.147961Z Warning FailedScheduling 0/3 nodes are available: node(s) had taint {node.kubernetes.io/not-ready: }
2026-09-27T14:14:57.147961Z Normal Started Started container agent
2026-09-27T14:15:00.147961Z Normal Scheduled Successfully assigned auth/auth-api-806a8a to ip-10-0-5-20.ec2.internal
2026-09-27T14:15:04.147961Z Normal Synced Successfully synced auth-api-662794
2026-09-27T14:15:08.147961Z Warning MemPressure Node ip-10-0-2-40.ec2.internal status is now: NodeHasMemoryPressure
2026-09-27T14:15:11.147961Z Warning CrashLoopBackOff pod/ingress-nginx-controller-48ed81 CrashLoopBackOff
2026-09-27T14:15:15.147961Z Normal Synced Successfully synced prometheus-b87d59
2026-09-27T14:15:18.147961Z Normal Scheduled Successfully assigned kube-system/kube-proxy-8b9892 to ip-10-0-2-30.ec2.internal
2026-09-27T14:15:22.147961Z Warning OOMKilled Container proxy in pod kube-system/aws-node-0252ee was killed due to OOM
2026-09-27T14:15:26.147961Z Normal AddedInterface Add eth0 [10.194.140.230] from eni eni-2cc2c357fbd6
2026-09-27T14:15:29.147961Z Normal Pulled Container image "python:3.11-slim" already present on machine
2026-09-27T14:15:33.147961Z Normal Scheduled Successfully assigned observability/loki-ed9480 to ip-10-0-2-20.ec2.internal
2026-09-27T14:15:36.147961Z Normal Scheduled Successfully assigned ingress-nginx/ingress-nginx-controller-6b6b17 to ip-10-0-4-50.ec2.internal
2026-09-27T14:15:40.147961Z Normal Scheduled Successfully assigned auth/oauth-adfaaf to ip-10-0-5-10.ec2.internal
2026-09-27T14:15:44.147961Z Warning FailedCreate Error creating: pods "kube-proxy-b4ae28" is forbidden: error looking up service account kube-system/default: serviceaccount "default" not found
2026-09-27T14:15:47.147961Z Normal Created Created container app
2026-09-27T14:15:51.147961Z Normal Pulled Container image "registry.k8s.io/coredns/coredns:v1.11.1" already present on machine
2026-09-27T14:15:54.147961Z Normal SuccessfulCreate Created pod: api-1ec8be
2026-09-27T14:15:58.147961Z Normal Synced Successfully synced metrics-server-dfc483
2026-09-27T14:16:02.147961Z Normal Started Started container sidecar
2026-09-27T14:16:05.147961Z Normal LeaderElection kube-proxy-26a939 became leader
2026-09-27T14:16:09.147961Z Normal Synced Successfully synced ingress-nginx-controller-dc961f
2026-09-27T14:16:12.147961Z Normal AddedInterface Add eth0 [10.122.187.187] from eni eni-25600d968db8
2026-09-27T14:16:16.147961Z Normal Pulled Container image "ghcr.io/company/pay-api:2.3.1" already present on machine
2026-09-27T14:16:20.147961Z Normal Created Created container app
2026-09-27T14:16:23.147961Z Normal Synced Successfully synced grafana-77d644
2026-09-27T14:16:27.147961Z Normal AddedInterface Add eth0 [10.43.245.34] from eni eni-bb0efd22944b
2026-09-27T14:16:30.147961Z Normal ScalingReplicaSet Scaled up replica set auth-api-d93112df to 3 from 1
2026-09-27T14:16:34.147961Z Normal Pulled Container image "public.ecr.aws/eks/aws-node:v1.14.1" already present on machine
2026-09-27T14:16:38.147961Z Normal Pulled Container image "ghcr.io/company/pay-api:2.3.1" already present on machine
2026-09-27T14:16:41.147961Z Normal AddedInterface Add eth0 [10.99.74.243] from eni eni-a48d2061e03e
2026-09-27T14:16:45.147961Z Normal Pulled Container image "public.ecr.aws/eks/aws-node:v1.14.1" already present on machine
2026-09-27T14:16:48.147961Z Normal Pulled Container image "nginx:1.25" already present on machine
2026-09-27T14:16:52.147961Z Normal LeaderElection kube-proxy-ad0364 became leader
2026-09-27T14:16:56.147961Z Normal AddedInterface Add eth0 [10.148.203.58] from eni eni-2d85298357dd
2026-09-27T14:16:59.147961Z Normal Synced Successfully synced oauth-6f24c7
2026-09-27T14:17:03.147961Z Normal Synced Successfully synced aws-node-20925c
2026-09-27T14:17:06.147961Z Warning FailedCreate Error creating: pods "pay-api-19e537" is forbidden: error looking up service account payments/default: serviceaccount "default" not found
2026-09-27T14:17:10.147961Z Normal Pulled Container image "ghcr.io/company/pay-api:2.3.1" already present on machine
2026-09-27T14:17:14.147961Z Normal SuccessfulCreate Created pod: worker-2dcc5d
2026-09-27T14:17:17.147961Z Normal Scheduled Successfully assigned kube-system/kube-proxy-f9d9d5 to ip-10-0-1-20.ec2.internal
2026-09-27T14:17:21.147961Z Normal Started Started container agent
2026-09-27T14:17:24.147961Z Normal Created Created container app
2026-09-27T14:17:28.147961Z Normal Pulled Container image "python:3.11-slim" already present on machine
2026-09-27T14:17:32.147961Z Normal SuccessfulCreate Created pod: pay-api-25b617
2026-09-27T14:17:35.147961Z Normal Scheduled Successfully assigned payments/pay-api-85958c to ip-10-0-4-50.ec2.internal
2026-09-27T14:17:39.147961Z Normal Pulled Container image "registry.k8s.io/coredns/coredns:v1.11.1" already present on machine
2026-09-27T14:17:42.147961Z Normal Pulled Container image "busybox:1.36" already present on machine
2026-09-27T14:17:46.147961Z Normal ScalingReplicaSet Scaled up replica set metrics-server-08c18bd4 to 5 from 2
2026-09-27T14:17:50.147961Z Normal Created Created container proxy
2026-09-27T14:17:53.147961Z Normal Started Started container app
2026-09-27T14:17:57.147961Z Normal Synced Successfully synced coredns-f2df30
2026-09-27T14:18:00.147961Z Normal Started Started container proxy
2026-09-27T14:18:04.147961Z Normal Scheduled Successfully assigned auth/auth-api-575a78 to ip-10-0-3-30.ec2.internal
2026-09-27T14:18:08.147961Z Normal Pulled Container image "ghcr.io/company/auth-api:1.9.0" already present on machine
2026-09-27T14:18:11.147961Z Normal Synced Successfully synced pay-api-3b67ae
2026-09-27T14:18:15.147961Z Normal AddedInterface Add eth0 [10.135.152.75] from eni eni-36d05a8d6283
2026-09-27T14:18:18.147961Z Normal Synced Successfully synced loki-104a90
2026-09-27T14:18:22.147961Z Normal Pulled Container image "registry.k8s.io/coredns/coredns:v1.11.1" already present on machine
2026-09-27T14:18:26.147961Z Normal Scheduled Successfully assigned payments/pay-api-b3ca49 to ip-10-0-1-40.ec2.internal
2026-09-27T14:18:29.147961Z Normal Started Started container proxy
2026-09-27T14:18:33.147961Z Normal AddedInterface Add eth0 [10.23.55.30] from eni eni-384d9954bf29
2026-09-27T14:18:36.147961Z Normal Started Started container agent
2026-09-27T14:18:40.147961Z Warning FailedScheduling 0/7 nodes are available: preemption: 0/5 nodes are available: No preemption victims found for incoming pod
2026-09-27T14:18:44.147961Z Normal ScalingReplicaSet Scaled up replica set kube-proxy-61b41457 to 5 from 1
2026-09-27T14:18:47.147961Z Normal SuccessfulCreate Created pod: pay-worker-a6d7c6
2026-09-27T14:18:51.147961Z Normal LeaderElection oauth-0b4cbd became leader
2026-09-27T14:18:54.147961Z Normal Pulled Container image "public.ecr.aws/eks/aws-node:v1.14.1" already present on machine
2026-09-27T14:18:58.147961Z Normal SuccessfulCreate Created pod: ingress-nginx-controller-d7a199
2026-09-27T14:19:02.147961Z Warning ErrImagePull Failed to pull image "ghcr.io/company/auth-api:1.9.0": rpc error: code = Unknown desc = Error response from daemon: pull access denied
2026-09-27T14:19:05.147961Z Normal ScalingReplicaSet Scaled up replica set oauth-5b4cff0f to 5 from 2
2026-09-27T14:19:09.147961Z Normal LeaderElection auth-api-fee93b became leader
2026-09-27T14:19:12.147961Z Normal Scheduled Successfully assigned ingress-nginx/ingress-nginx-controller-7e700b to ip-10-0-1-20.ec2.internal
2026-09-27T14:19:16.147961Z Normal SuccessfulCreate Created pod: kube-proxy-1a7226
2026-09-27T14:19:20.147961Z Normal Created Created container agent
2026-09-27T14:19:23.147961Z Normal AddedInterface Add eth0 [10.82.52.250] from eni eni-a45ef8c6cb6e
2026-09-27T14:19:27.147961Z Warning OOMKilled Container app in pod observability/prometheus-adc828 was killed due to OOM
2026-09-27T14:19:30.147961Z Normal LeaderElection oauth-40f8ce became leader
2026-09-27T14:19:34.147961Z Normal Pulled Container image "ghcr.io/company/pay-api:2.3.1" already present on machine
2026-09-27T14:19:38.147961Z Normal Created Created container agent
2026-09-27T14:19:41.147961Z Normal Scheduled Successfully assigned default/api-26eb17 to ip-10-0-3-40.ec2.internal
2026-09-27T14:19:45.147961Z Normal SuccessfulCreate Created pod: ingress-nginx-controller-f97dce
2026-09-27T14:19:48.147961Z Normal Scheduled Successfully assigned payments/pay-api-fe6d97 to ip-10-0-3-20.ec2.internal
2026-09-27T14:19:52.147961Z Normal Scheduled Successfully assigned observability/loki-fa9d1b to ip-10-0-3-50.ec2.internal
2026-09-27T14:19:56.147961Z Normal Started Started container sidecar
2026-09-27T14:19:59.147961Z Normal Started Started container proxy
2026-09-27T14:20:03.147961Z Normal SuccessfulCreate Created pod: frontend-5b3855
2026-09-27T14:20:06.147961Z Normal Pulled Container image "python:3.11-slim" already present on machine
2026-09-27T14:20:10.147961Z Normal Scheduled Successfully assigned ingress-nginx/ingress-nginx-controller-dc952f to ip-10-0-1-10.ec2.internal
2026-09-27T14:20:14.147961Z Warning FailedMount Unable to attach or mount volumes: timed out waiting for the condition
2026-09-27T14:20:17.147961Z Normal Created Created container proxy
2026-09-27T14:20:21.147961Z Normal AddedInterface Add eth0 [10.166.81.36] from eni eni-e4c45d29a8ac
2026-09-27T14:20:24.147961Z Normal LeaderElection frontend-b8987f became leader
2026-09-27T14:20:28.147961Z Normal ScalingReplicaSet Scaled up replica set pay-api-a621728c to 2 from 0
2026-09-27T14:20:32.147961Z Normal LeaderElection ingress-nginx-controller-322306 became leader
2026-09-27T14:20:35.147961Z Normal Synced Successfully synced loki-dae0f8
2026-09-27T14:20:39.147961Z Normal Started Started container proxy
2026-09-27T14:20:42.147961Z Normal AddedInterface Add eth0 [10.72.6.83] from eni eni-3f236ded5a39
2026-09-27T14:20:46.147961Z Normal Created Created container agent
2026-09-27T14:20:50.147961Z Normal ScalingReplicaSet Scaled up replica set pay-worker-d18a3f59 to 2 from 2
2026-09-27T14:20:53.147961Z Normal Created Created container app
2026-09-27T14:20:57.147961Z Normal Created Created container proxy
2026-09-27T14:21:00.147961Z Normal ScalingReplicaSet Scaled up replica set grafana-1aab6773 to 5 from 1
2026-09-27T14:21:04.147961Z Normal SuccessfulCreate Created pod: oauth-5483ba
2026-09-27T14:21:08.147961Z Normal Pulled Container image "public.ecr.aws/eks/aws-node:v1.14.1" already present on machine
2026-09-27T14:21:11.147961Z Normal Created Created container agent
2026-09-27T14:21:15.147961Z Normal LeaderElection worker-e005d2 became leader
2026-09-27T14:21:18.147961Z Normal Scheduled Successfully assigned auth/auth-api-07deb6 to ip-10-0-5-10.ec2.internal
2026-09-27T14:21:22.147961Z Normal Synced Successfully synced grafana-33e2ad
2026-09-27T14:21:26.147961Z Normal Pulled Container image "public.ecr.aws/eks/aws-node:v1.14.1" already present on machine
2026-09-27T14:21:29.147961Z Normal Created Created container sidecar
2026-09-27T14:21:33.147961Z Normal Pulled Container image "ghcr.io/company/auth-api:1.9.0" already present on machine
2026-09-27T14:21:36.147961Z Normal Scheduled Successfully assigned kube-system/kube-proxy-b05e09 to ip-10-0-2-30.ec2.internal
2026-09-27T14:21:40.147961Z Normal Started Started container agent
2026-09-27T14:21:44.147961Z Warning DNSConfigForming Nameserver limits were exceeded, some nameservers have been omitted, the applied nameserver line is: 10.250.211.176 10.89.121.129 10.218.183.137 10.67.207.60 10.13.49.182
2026-09-27T14:21:47.147961Z Normal SuccessfulCreate Created pod: api-3031e7
2026-09-27T14:21:51.147961Z Normal Started Started container proxy
2026-09-27T14:21:54.147961Z Normal Scheduled Successfully assigned auth/auth-api-19e745 to ip-10-0-5-30.ec2.internal
2026-09-27T14:21:58.147961Z Normal AddedInterface Add eth0 [10.59.233.152] from eni eni-c142a6f20712
2026-09-27T14:22:02.147961Z Normal SuccessfulCreate Created pod: oauth-14df20
2026-09-27T14:22:05.147961Z Normal ScalingReplicaSet Scaled up replica set worker-77685b1d to 6 from 2
2026-09-27T14:22:09.147961Z Normal Created Created container app
2026-09-27T14:22:12.147961Z Normal LeaderElection grafana-d335bd became leader
2026-09-27T14:22:16.147961Z Normal ScalingReplicaSet Scaled up replica set pay-api-f0670ad3 to 3 from 1
2026-09-27T14:22:20.147961Z Normal Pulled Container image "public.ecr.aws/eks/aws-node:v1.14.1" already present on machine
2026-09-27T14:22:23.147961Z Normal Created Created container sidecar
2026-09-27T14:22:27.147961Z Normal Pulled Container image "busybox:1.36" already present on machine
2026-09-27T14:22:30.147961Z Normal Pulled Container image "nginx:1.25" already present on machine
2026-09-27T14:22:34.147961Z Normal Started Started container sidecar
2026-09-27T14:22:38.147961Z Normal AddedInterface Add eth0 [10.149.14.160] from eni eni-c2e1bc9e0be4
2026-09-27T14:22:41.147961Z Normal Pulled Container image "registry.k8s.io/coredns/coredns:v1.11.1" already present on machine
2026-09-27T14:22:45.147961Z Normal AddedInterface Add eth0 [10.245.221.75] from eni eni-765468ee933c
2026-09-27T14:22:48.147961Z Normal LeaderElection pay-worker-c7e924 became leader
2026-09-27T14:22:52.147961Z Normal Scheduled Successfully assigned payments/pay-worker-95d9b4 to ip-10-0-2-10.ec2.internal
2026-09-27T14:22:56.147961Z Normal Synced Successfully synced web-f8b3e4
2026-09-27T14:22:59.147961Z Normal Synced Successfully synced ingress-nginx-controller-9d60cf
2026-09-27T14:23:03.147961Z Normal LeaderElection frontend-3eefeb became leader
2026-09-27T14:23:06.147961Z Normal Synced Successfully synced loki-c1bc6e
2026-09-27T14:23:10.147961Z Normal AddedInterface Add eth0 [10.26.207.69] from eni eni-d3e9e88c59df
2026-09-27T14:23:14.147961Z Normal AddedInterface Add eth0 [10.69.146.88] from eni eni-3ea4fc150895
2026-09-27T14:23:17.147961Z Normal Created Created container proxy
2026-09-27T14:23:21.147961Z Normal Synced Successfully synced pay-worker-0770b9
2026-09-27T14:23:24.147961Z Warning Unhealthy Readiness probe failed: Get "http://10.55.211.133:8080/health": dial tcp 10.55.211.133:8080: i/o timeout
2026-09-27T14:23:28.147961Z Normal ScalingReplicaSet Scaled up replica set prometheus-5eda2103 to 2 from 0
2026-09-27T14:23:32.147961Z Normal SuccessfulCreate Created pod: pay-api-505b59
2026-09-27T14:23:35.147961Z Normal SuccessfulCreate Created pod: oauth-064356
2026-09-27T14:23:39.147961Z Normal Created Created container proxy
2026-09-27T14:23:42.147961Z Normal AddedInterface Add eth0 [10.176.79.158] from eni eni-922ea2367672
2026-09-27T14:23:46.147961Z Normal LeaderElection ingress-nginx-controller-16cbf6 became leader
2026-09-27T14:23:50.147961Z Normal ScalingReplicaSet Scaled up replica set kube-proxy-e2edd7c4 to 5 from 0
2026-09-27T14:23:53.147961Z Normal Pulled Container image "ghcr.io/company/auth-api:1.9.0" already present on machine
2026-09-27T14:23:57.147961Z Normal ScalingReplicaSet Scaled up replica set kube-proxy-d5e90136 to 5 from 0
2026-09-27T14:24:00.147961Z Normal Synced Successfully synced pay-worker-065b8d
2026-09-27T14:24:04.147961Z Normal Pulled Container image "busybox:1.36" already present on machine
2026-09-27T14:24:08.147961Z Normal Pulled Container image "nginx:1.25" already present on machine
2026-09-27T14:24:11.147961Z Normal Created Created container agent
2026-09-27T14:24:15.147961Z Normal Pulled Container image "busybox:1.36" already present on machine
2026-09-27T14:24:18.147961Z Normal Synced Successfully synced ingress-nginx-controller-b0770b
2026-09-27T14:24:22.147961Z Warning Unhealthy Readiness probe failed: Get "http://10.23.51.120:9090/health": dial tcp 10.23.51.120:9090: i/o timeout
2026-09-27T14:24:26.147961Z Normal Created Created container proxy
2026-09-27T14:24:29.147961Z Warning TLSHandshakeTimeout net/http: TLS handshake timeout
2026-09-27T14:24:33.147961Z Normal ScalingReplicaSet Scaled up replica set frontend-6629cb27 to 6 from 0
2026-09-27T14:24:36.147961Z Warning OOMKilled Container proxy in pod kube-system/kube-proxy-4ca9c5 was killed due to OOM
2026-09-27T14:24:40.147961Z Normal Synced Successfully synced aws-node-73650d
2026-09-27T14:24:44.147961Z Normal Pulled Container image "ghcr.io/company/auth-api:1.9.0" already present on machine
2026-09-27T14:24:47.147961Z Normal Pulled Container image "registry.k8s.io/coredns/coredns:v1.11.1" already present on machine
2026-09-27T14:24:51.147961Z Normal Created Created container app
2026-09-27T14:24:54.147961Z Normal LeaderElection loki-8ce317 became leader
2026-09-27T14:24:58.147961Z Warning Unhealthy Readiness probe failed: Get "http://10.169.179.70:443/health": dial tcp 10.169.179.70:443: i/o timeout
2026-09-27T14:25:02.147961Z Normal Synced Successfully synced frontend-df0400
2026-09-27T14:25:05.147961Z Warning FailedMount Unable to attach or mount volumes: timed out waiting for the condition
2026-09-27T14:25:09.147961Z Normal Started Started container app
2026-09-27T14:25:12.147961Z Normal Created Created container app
2026-09-27T14:25:16.147961Z Normal LeaderElection prometheus-6ac9ca became leader
2026-09-27T14:25:20.147961Z Normal Pulled Container image "ghcr.io/company/pay-api:2.3.1" already present on machine
2026-09-27T14:25:23.147961Z Warning FailedScheduling 0/8 nodes are available: Insufficient memory
2026-09-27T14:25:27.147961Z Normal SuccessfulCreate Created pod: loki-7c3de0
2026-09-27T14:25:30.147961Z Normal ScalingReplicaSet Scaled up replica set oauth-aeabcb7c to 5 from 0
2026-09-27T14:25:34.147961Z Normal Pulled Container image "public.ecr.aws/eks/aws-node:v1.14.1" already present on machine
2026-09-27T14:25:38.147961Z Normal SuccessfulCreate Created pod: pay-api-69e5f1
2026-09-27T14:25:41.147961Z Warning ImagePullBackOff Back-off pulling image "ghcr.io/company/pay-api:2.3.1"
2026-09-27T14:25:45.147961Z Normal Scheduled Successfully assigned auth/oauth-4319b7 to ip-10-0-5-50.ec2.internal
2026-09-27T14:25:48.147961Z Normal LeaderElection auth-api-c588b4 became leader
2026-09-27T14:25:52.147961Z Normal SuccessfulCreate Created pod: prometheus-6775b8
2026-09-27T14:25:56.147961Z Normal Pulled Container image "registry.k8s.io/coredns/coredns:v1.11.1" already present on machine
2026-09-27T14:25:59.147961Z Normal Started Started container agent
2026-09-27T14:26:03.147961Z Normal SuccessfulCreate Created pod: oauth-bbeeda
2026-09-27T14:26:06.147961Z Normal Started Started container app
2026-09-27T14:26:10.147961Z Warning FailedCreate Error creating: pods "pay-api-71cfc5" is forbidden: error looking up service account payments/default: serviceaccount "default" not found
2026-09-27T14:26:14.147961Z Normal SuccessfulCreate Created pod: aws-node-70e1a4
2026-09-27T14:26:17.147961Z Normal Scheduled Successfully assigned auth/auth-api-9d1a17 to ip-10-0-1-10.ec2.internal
2026-09-27T14:26:21.147961Z Normal ScalingReplicaSet Scaled up replica set auth-api-9e99bead to 5 from 1
2026-09-27T14:26:24.147961Z Normal SuccessfulCreate Created pod: coredns-48e096
2026-09-27T14:26:28.147961Z Normal Synced Successfully synced frontend-76adcc
2026-09-27T14:26:32.147961Z Normal SuccessfulCreate Created pod: ingress-nginx-controller-2620c3
2026-09-27T14:26:35.147961Z Normal Synced Successfully synced prometheus-51b657
2026-09-27T14:26:39.147961Z Normal Synced Successfully synced grafana-65d94b
2026-09-27T14:26:42.147961Z Normal Created Created container proxy
2026-09-27T14:26:46.147961Z Normal Started Started container sidecar
2026-09-27T14:26:50.147961Z Normal Started Started container sidecar
2026-09-27T14:26:53.147961Z Normal ScalingReplicaSet Scaled up replica set metrics-server-6f311d38 to 6 from 0
2026-09-27T14:26:57.147961Z Normal ScalingReplicaSet Scaled up replica set web-5058c9e3 to 5 from 0
2026-09-27T14:27:00.147961Z Normal Started Started container app
2026-09-27T14:27:04.147961Z Normal Created Created container proxy
2026-09-27T14:27:08.147961Z Normal Created Created container agent
2026-09-27T14:27:11.147961Z Normal Pulled Container image "python:3.11-slim" already present on machine
2026-09-27T14:27:15.147961Z Normal LeaderElection aws-node-57a7db became leader
2026-09-27T14:27:18.147961Z Normal Synced Successfully synced pay-worker-928055
2026-09-27T14:27:22.147961Z Normal Scheduled Successfully assigned observability/grafana-70e7a7 to ip-10-0-4-10.ec2.internal
2026-09-27T14:27:26.147961Z Normal Synced Successfully synced aws-node-f856fa
2026-09-27T14:27:29.147961Z Normal ScalingReplicaSet Scaled up replica set prometheus-1465818f to 2 from 1
2026-09-27T14:27:33.147961Z Normal Pulled Container image "public.ecr.aws/eks/aws-node:v1.14.1" already present on machine
2026-09-27T14:27:36.147961Z Normal Started Started container app
2026-09-27T14:27:40.147961Z Normal ScalingReplicaSet Scaled up replica set kube-proxy-3876bf24 to 5 from 0
2026-09-27T14:27:44.147961Z Normal ScalingReplicaSet Scaled up replica set frontend-7e418463 to 6 from 1
2026-09-27T14:27:47.147961Z Normal Pulled Container image "registry.k8s.io/coredns/coredns:v1.11.1" already present on machine
2026-09-27T14:27:51.147961Z Normal Synced Successfully synced api-8667ce
2026-09-27T14:27:54.147961Z Normal Pulled Container image "registry.k8s.io/coredns/coredns:v1.11.1" already present on machine
2026-09-27T14:27:58.147961Z Normal Started Started container sidecar
2026-09-27T14:28:02.147961Z Normal Synced Successfully synced pay-api-f79ff6
2026-09-27T14:28:05.147961Z Warning DNSConfigForming Nameserver limits were exceeded, some nameservers have been omitted, the applied nameserver line is: 10.39.211.194 10.189.102.177 10.174.185.188 10.32.186.165 10.102.79.16
2026-09-27T14:28:09.147961Z Normal Created Created container agent
2026-09-27T14:28:12.147961Z Normal Started Started container proxy
2026-09-27T14:28:16.147961Z Normal Pulled Container image "busybox:1.36" already present on machine
2026-09-27T14:28:20.147961Z Normal SuccessfulCreate Created pod: pay-worker-79d4de
2026-09-27T14:28:23.147961Z Normal ScalingReplicaSet Scaled up replica set loki-28f96db2 to 2 from 0
2026-09-27T14:28:27.147961Z Normal Pulled Container image "registry.k8s.io/coredns/coredns:v1.11.1" already present on machine
2026-09-27T14:28:30.147961Z Normal Started Started container proxy
2026-09-27T14:28:34.147961Z Normal Started Started container sidecar
2026-09-27T14:28:38.147961Z Normal Started Started container proxy
2026-09-27T14:28:41.147961Z Warning NodeNotReady Node ip-10-0-2-40.ec2.internal status is now: NodeNotReady
2026-09-27T14:28:45.147961Z Normal AddedInterface Add eth0 [10.241.6.166] from eni eni-cf9a21123985
2026-09-27T14:28:48.147961Z Normal AddedInterface Add eth0 [10.113.88.221] from eni eni-c4efbd56108d
2026-09-27T14:28:52.147961Z Normal Started Started container sidecar
2026-09-27T14:28:56.147961Z Normal Started Started container proxy
2026-09-27T14:28:59.147961Z Normal LeaderElection pay-worker-d55a3c became leader
2026-09-27T14:29:03.147961Z Normal AddedInterface Add eth0 [10.190.169.190] from eni eni-af1e635a3e54
2026-09-27T14:29:06.147961Z Normal Scheduled Successfully assigned ingress-nginx/ingress-nginx-controller-1574ae to ip-10-0-1-40.ec2.internal
2026-09-27T14:29:10.147961Z Normal Started Started container proxy
2026-09-27T14:29:14.147961Z Normal Started Started container agent
2026-09-27T14:29:17.147961Z Normal Started Started container sidecar
2026-09-27T14:29:21.147961Z Normal AddedInterface Add eth0 [10.255.45.170] from eni eni-acb5f0a8e89a
2026-09-27T14:29:24.147961Z Normal LeaderElection pay-worker-e64b5c became leader
2026-09-27T14:29:28.147961Z Normal Scheduled Successfully assigned kube-system/metrics-server-ec6182 to ip-10-0-5-40.ec2.internal
2026-09-27T14:29:32.147961Z Normal ScalingReplicaSet Scaled up replica set auth-api-4cd2bae3 to 5 from 2
2026-09-27T14:29:35.147961Z Normal AddedInterface Add eth0 [10.45.142.46] from eni eni-0f1447ab179a
2026-09-27T14:29:39.147961Z Normal Pulled Container image "nginx:1.25" already present on machine
2026-09-27T14:29:42.147961Z Normal SuccessfulCreate Created pod: web-15f58f
2026-09-27T14:29:46.147961Z Normal ScalingReplicaSet Scaled up replica set auth-api-d9735d01 to 4 from 0
2026-09-27T14:29:50.147961Z Normal AddedInterface Add eth0 [10.149.139.92] from eni eni-eb66a44adf37
2026-09-27T14:29:53.147961Z Normal Scheduled Successfully assigned payments/pay-worker-d56209 to ip-10-0-4-30.ec2.internal
2026-09-27T14:29:57.147961Z Normal LeaderElection web-1e12d7 became leader
2026-09-27T14:30:00.147961Z Normal Synced Successfully synced pay-worker-4c3585
2026-09-27T14:30:04.147961Z Normal LeaderElection grafana-c622eb became leader
2026-09-27T14:30:08.147961Z Normal AddedInterface Add eth0 [10.171.91.35] from eni eni-757efa2aebb1
2026-09-27T14:30:11.147961Z Normal Synced Successfully synced auth-api-ecc8a3
2026-09-27T14:30:15.147961Z Normal Started Started container app
2026-09-27T14:30:18.147961Z Normal SuccessfulCreate Created pod: grafana-2be255
2026-09-27T14:30:22.147961Z Normal LeaderElection auth-api-c46174 became leader
2026-09-27T14:30:26.147961Z Normal Scheduled Successfully assigned auth/oauth-d1a02b to ip-10-0-1-20.ec2.internal
2026-09-27T14:30:29.147961Z Warning FailedCreate Error creating: pods "pay-worker-8f08c6" is forbidden: error looking up service account payments/default: serviceaccount "default" not found
2026-09-27T14:30:33.147961Z Normal Scheduled Successfully assigned observability/grafana-d61830 to ip-10-0-3-30.ec2.internal
2026-09-27T14:30:36.147961Z Normal LeaderElection grafana-1d1ecc became leader
2026-09-27T14:30:40.147961Z Warning NodeNotReady Node ip-10-0-4-20.ec2.internal status is now: NodeNotReady
2026-09-27T14:30:44.147961Z Normal Synced Successfully synced api-a60575
2026-09-27T14:30:47.147961Z Normal Started Started container proxy
2026-09-27T14:30:51.147961Z Normal Synced Successfully synced oauth-c251ee
2026-09-27T14:30:54.147961Z Normal AddedInterface Add eth0 [10.216.224.69] from eni eni-1e477fbcb717
2026-09-27T14:30:58.147961Z Normal Scheduled Successfully assigned auth/oauth-11ba51 to ip-10-0-1-50.ec2.internal
2026-09-27T14:31:02.147961Z Normal AddedInterface Add eth0 [10.162.76.40] from eni eni-b673d315f598
2026-09-27T14:31:05.147961Z Normal Pulled Container image "public.ecr.aws/eks/aws-node:v1.14.1" already present on machine
2026-09-27T14:31:09.147961Z Normal Pulled Container image "python:3.11-slim" already present on machine
2026-09-27T14:31:12.147961Z Normal ScalingReplicaSet Scaled up replica set ingress-nginx-controller-9c84e6a9 to 2 from 1
2026-09-27T14:31:16.147961Z Normal AddedInterface Add eth0 [10.204.188.138] from eni eni-1339dda95159
2026-09-27T14:31:20.147961Z Normal LeaderElection ingress-nginx-controller-55156f became leader
2026-09-27T14:31:23.147961Z Normal SuccessfulCreate Created pod: pay-api-a94468
2026-09-27T14:31:27.147961Z Normal ScalingReplicaSet Scaled up replica set pay-worker-7cba9fe7 to 6 from 2
2026-09-27T14:31:30.147961Z Warning Unhealthy Readiness probe failed: Get "http://10.7.47.3:80/health": dial tcp 10.7.47.3:80: i/o timeout
2026-09-27T14:31:34.147961Z Normal ScalingReplicaSet Scaled up replica set pay-api-84321449 to 6 from 2
2026-09-27T14:31:38.147961Z Normal SuccessfulCreate Created pod: auth-api-afc13d
2026-09-27T14:31:41.147961Z Warning DNSConfigForming Nameserver limits were exceeded, some nameservers have been omitted, the applied nameserver line is: 10.53.140.83 10.104.82.238 10.100.122.44 10.46.110.184 10.18.35.217
2026-09-27T14:31:45.147961Z Normal SuccessfulCreate Created pod: pay-api-e72d00
2026-09-27T14:31:48.147961Z Normal ScalingReplicaSet Scaled up replica set worker-261ebcfe to 3 from 0
2026-09-27T14:31:52.147961Z Normal Started Started container agent
2026-09-27T14:31:56.147961Z Normal LeaderElection frontend-d1bac1 became leader
2026-09-27T14:31:59.147961Z Normal SuccessfulCreate Created pod: grafana-89605a
2026-09-27T14:32:03.147961Z Normal Started Started container app
2026-09-27T14:32:06.147961Z Normal Created Created container app
2026-09-27T14:32:10.147961Z Normal Pulled Container image "registry.k8s.io/coredns/coredns:v1.11.1" already present on machine
2026-09-27T14:32:14.147961Z Normal Started Started container proxy
2026-09-27T14:32:17.147961Z Normal Scheduled Successfully assigned auth/oauth-cb007a to ip-10-0-1-50.ec2.internal
2026-09-27T14:32:21.147961Z Normal Synced Successfully synced pay-api-0dd5a5
2026-09-27T14:32:24.147961Z Normal Synced Successfully synced web-c5d570
2026-09-27T14:32:28.147961Z Normal Created Created container sidecar
2026-09-27T14:32:32.147961Z Normal AddedInterface Add eth0 [10.85.47.145] from eni eni-808773f5676b
2026-09-27T14:32:35.147961Z Normal Scheduled Successfully assigned ingress-nginx/ingress-nginx-controller-ccc989 to ip-10-0-4-40.ec2.internal
2026-09-27T14:32:39.147961Z Normal Scheduled Successfully assigned auth/auth-api-dda54d to ip-10-0-3-20.ec2.internal
2026-09-27T14:32:42.147961Z Normal Pulled Container image "registry.k8s.io/coredns/coredns:v1.11.1" already present on machine
2026-09-27T14:32:46.147961Z Normal Scheduled Successfully assigned payments/pay-api-1a0678 to ip-10-0-2-10.ec2.internal
2026-09-27T14:32:50.147961Z Warning FailedScheduling 0/3 nodes are available: Insufficient memory
2026-09-27T14:32:53.147961Z Normal AddedInterface Add eth0 [10.46.101.100] from eni eni-85b363d8fa85
2026-09-27T14:32:57.147961Z Normal LeaderElection metrics-server-d47800 became leader
2026-09-27T14:33:00.147961Z Warning MemPressure Node ip-10-0-1-30.ec2.internal status is now: NodeHasMemoryPressure
2026-09-27T14:33:04.147961Z Normal ScalingReplicaSet Scaled up replica set grafana-d192f235 to 4 from 0
2026-09-27T14:33:08.147961Z Normal Pulled Container image "ghcr.io/company/pay-api:2.3.1" already present on machine
2026-09-27T14:33:11.147961Z Normal Started Started container agent
2026-09-27T14:33:15.147961Z Normal Started Started container app
2026-09-27T14:33:18.147961Z Normal Scheduled Successfully assigned kube-system/kube-proxy-1b7ce3 to ip-10-0-3-40.ec2.internal
2026-09-27T14:33:22.147961Z Normal Scheduled Successfully assigned payments/pay-api-cfbf95 to ip-10-0-3-50.ec2.internal
2026-09-27T14:33:26.147961Z Normal Scheduled Successfully assigned payments/pay-api-eb77da to ip-10-0-5-30.ec2.internal
2026-09-27T14:33:29.147961Z Normal Pulled Container image "registry.k8s.io/coredns/coredns:v1.11.1" already present on machine
2026-09-27T14:33:33.147961Z Warning DiskPressure Node ip-10-0-3-50.ec2.internal status is now: NodeHasDiskPressure
2026-09-27T14:33:36.147961Z Normal ScalingReplicaSet Scaled up replica set web-36919508 to 6 from 0
2026-09-27T14:33:40.147961Z Normal Scheduled Successfully assigned kube-system/coredns-d1c816 to ip-10-0-2-10.ec2.internal
2026-09-27T14:33:44.147961Z Normal SuccessfulCreate Created pod: oauth-9c8e9d
2026-09-27T14:33:47.147961Z Normal Synced Successfully synced auth-api-982bff
2026-09-27T14:33:51.147961Z Normal SuccessfulCreate Created pod: pay-api-b5fb98
2026-09-27T14:33:54.147961Z Normal SuccessfulCreate Created pod: oauth-9c2438
2026-09-27T14:33:58.147961Z Warning TLSHandshakeTimeout net/http: TLS handshake timeout
2026-09-27T14:34:02.147961Z Normal ScalingReplicaSet Scaled up replica set auth-api-bc270340 to 2 from 2
2026-09-27T14:34:05.147961Z Normal LeaderElection ingress-nginx-controller-5f1fc6 became leader
2026-09-27T14:34:09.147961Z Normal Pulled Container image "registry.k8s.io/coredns/coredns:v1.11.1" already present on machine
2026-09-27T14:34:12.147961Z Normal AddedInterface Add eth0 [10.75.190.105] from eni eni-2771dfea82be
2026-09-27T14:34:16.147961Z Warning MemPressure Node ip-10-0-5-30.ec2.internal status is now: NodeHasMemoryPressure
2026-09-27T14:34:20.147961Z Normal Scheduled Successfully assigned payments/pay-api-6b6feb to ip-10-0-3-10.ec2.internal
2026-09-27T14:34:23.147961Z Normal AddedInterface Add eth0 [10.181.208.229] from eni eni-4b1257fafe35
2026-09-27T14:34:27.147961Z Normal AddedInterface Add eth0 [10.224.76.219] from eni eni-18dda11736c3
2026-09-27T14:34:30.147961Z Normal Created Created container proxy
2026-09-27T14:34:34.147961Z Normal Created Created container sidecar
2026-09-27T14:34:38.147961Z Normal LeaderElection pay-worker-21026d became leader
2026-09-27T14:34:41.147961Z Normal Created Created container proxy
2026-09-27T14:34:45.147961Z Normal LeaderElection oauth-ac0812 became leader
2026-09-27T14:34:48.147961Z Normal ScalingReplicaSet Scaled up replica set pay-api-4808dbc0 to 2 from 1
2026-09-27T14:34:52.147961Z Normal ScalingReplicaSet Scaled up replica set pay-worker-2da70211 to 3 from 0
2026-09-27T14:34:56.147961Z Normal ScalingReplicaSet Scaled up replica set api-5a0322b2 to 4 from 2
2026-09-27T14:34:59.147961Z Normal Created Created container app
2026-09-27T14:35:03.147961Z Normal Synced Successfully synced oauth-876381
2026-09-27T14:35:06.147961Z Normal Started Started container app
2026-09-27T14:35:10.147961Z Normal AddedInterface Add eth0 [10.21.24.77] from eni eni-ade48dc3ab73
2026-09-27T14:35:14.147961Z Normal AddedInterface Add eth0 [10.99.4.248] from eni eni-7d4530376d17
2026-09-27T14:35:17.147961Z Normal Started Started container proxy
2026-09-27T14:35:21.147961Z Normal Synced Successfully synced ingress-nginx-controller-5104b9
2026-09-27T14:35:24.147961Z Normal Pulled Container image "ghcr.io/company/auth-api:1.9.0" already present on machine
2026-09-27T14:35:28.147961Z Normal Synced Successfully synced pay-api-0fb671
2026-09-27T08:35:32.313638Z coredns[953]: INFO: plugin/ready: Still waiting on: "kubernetes"
2026-09-27T08:35:40.313638Z coredns[953]: INFO: plugin/ready: Still waiting on: "kubernetes"
2026-09-27T08:35:49.313638Z coredns[953]: INFO: plugin/ready: Still waiting on: "kubernetes"
2026-09-27T08:35:57.313638Z coredns[120]: INFO: Health check OK
2026-09-27T08:36:06.313638Z coredns[953]: INFO: plugin/ready: Still waiting on: "kubernetes"
2026-09-27T08:36:15.313638Z coredns[611]: INFO: Reloading configuration
2026-09-27T08:36:23.313638Z coredns[759]: INFO: plugin/kubernetes: 61 resource records
2026-09-27T08:36:32.313638Z coredns[120]: INFO: Health check OK
2026-09-27T08:36:41.313638Z coredns[611]: INFO: Reloading configuration
2026-09-27T08:36:49.313638Z coredns[611]: INFO: Reloading configuration
2026-09-27T08:36:58.313638Z coredns[611]: INFO: Reloading configuration
2026-09-27T08:37:07.313638Z coredns[120]: INFO: Health check OK
2026-09-27T08:37:15.313638Z coredns[611]: INFO: Reloading configuration
2026-09-27T08:37:24.313638Z coredns[611]: INFO: Reloading configuration
2026-09-27T08:37:32.313638Z coredns[759]: INFO: plugin/kubernetes: 61 resource records
2026-09-27T08:37:41.313638Z coredns[759]: INFO: plugin/kubernetes: 61 resource records
2026-09-27T08:37:50.313638Z coredns[759]: INFO: plugin/kubernetes: 61 resource records
2026-09-27T08:37:58.313638Z coredns[611]: INFO: Reloading configuration
2026-09-27T08:38:07.313638Z coredns[953]: INFO: plugin/ready: Still waiting on: "kubernetes"
2026-09-27T08:38:16.313638Z coredns[120]: INFO: Health check OK
2026-09-27T08:38:24.313638Z coredns[759]: INFO: plugin/kubernetes: 61 resource records
2026-09-27T08:38:33.313638Z coredns[759]: INFO: plugin/kubernetes: 61 resource records
2026-09-27T08:38:42.313638Z coredns[120]: INFO: Health check OK
2026-09-27T08:38:50.313638Z coredns[759]: INFO: plugin/kubernetes: 61 resource records
2026-09-27T08:38:59.313638Z coredns[120]: INFO: Health check OK
2026-09-27T08:39:08.313638Z coredns[769]: WARN: too many open files
2026-09-27T08:39:16.313638Z coredns[120]: INFO: Health check OK
2026-09-27T08:39:25.313638Z coredns[953]: INFO: plugin/ready: Still waiting on: "kubernetes"
2026-09-27T08:39:33.313638Z coredns[120]: INFO: Health check OK
2026-09-27T08:39:42.313638Z coredns[611]: INFO: Reloading configuration
2026-09-27T08:39:51.313638Z coredns[611]: INFO: Reloading configuration
2026-09-27T08:39:59.313638Z coredns[611]: INFO: Reloading configuration
2026-09-27T08:40:08.313638Z coredns[953]: INFO: plugin/ready: Still waiting on: "kubernetes"
2026-09-27T08:40:17.313638Z coredns[759]: INFO: plugin/kubernetes: 61 resource records
2026-09-27T08:40:25.313638Z coredns[953]: INFO: plugin/ready: Still waiting on: "kubernetes"
2026-09-27T08:40:34.313638Z coredns[611]: INFO: Reloading configuration
2026-09-27T08:40:43.313638Z coredns[759]: INFO: plugin/kubernetes: 61 resource records
2026-09-27T08:40:51.313638Z coredns[120]: INFO: Health check OK
2026-09-27T08:41:00.313638Z coredns[953]: INFO: plugin/ready: Still waiting on: "kubernetes"
2026-09-27T08:41:08.313638Z coredns[611]: INFO: Reloading configuration
2026-09-27T08:41:17.313638Z coredns[611]: INFO: Reloading configuration
2026-09-27T08:41:26.313638Z coredns[953]: INFO: plugin/ready: Still waiting on: "kubernetes"
2026-09-27T08:41:34.313638Z coredns[611]: INFO: Reloading configuration
2026-09-27T08:41:43.313638Z coredns[120]: INFO: Health check OK
2026-09-27T08:41:52.313638Z coredns[769]: WARN: too many open files
2026-09-27T08:42:00.313638Z coredns[953]: INFO: plugin/ready: Still waiting on: "kubernetes"
2026-09-27T08:42:09.313638Z coredns[759]: INFO: plugin/kubernetes: 61 resource records
2026-09-27T08:42:18.313638Z coredns[120]: INFO: Health check OK
2026-09-27T08:42:26.313638Z coredns[953]: INFO: plugin/ready: Still waiting on: "kubernetes"
2026-09-27T08:42:35.313638Z coredns[759]: INFO: plugin/kubernetes: 61 resource records
2026-09-27T08:42:44.313638Z coredns[120]: INFO: Health check OK
2026-09-27T08:42:52.313638Z coredns[759]: INFO: plugin/kubernetes: 61 resource records
2026-09-27T08:43:01.313638Z coredns[759]: INFO: plugin/kubernetes: 61 resource records
2026-09-27T08:43:09.313638Z coredns[611]: INFO: Reloading configuration
2026-09-27T08:43:18.313638Z coredns[953]: INFO: plugin/ready: Still waiting on: "kubernetes"
2026-09-27T08:43:27.313638Z coredns[953]: INFO: plugin/ready: Still waiting on: "kubernetes"
2026-09-27T08:43:35.313638Z coredns[611]: INFO: Reloading configuration
2026-09-27T08:43:44.313638Z coredns[611]: INFO: Reloading configuration
2026-09-27T08:43:53.313638Z coredns[611]: INFO: Reloading configuration
2026-09-27T08:44:01.313638Z coredns[611]: INFO: Reloading configuration
2026-09-27T08:44:10.313638Z coredns[611]: INFO: Reloading configuration
2026-09-27T08:44:19.313638Z coredns[953]: INFO: plugin/ready: Still waiting on: "kubernetes"
2026-09-27T08:44:27.313638Z coredns[759]: INFO: plugin/kubernetes: 61 resource records
2026-09-27T08:44:36.313638Z coredns[255]: ERROR: failed to list *v1.Service: Get "https://10.214.2.177:443": net/http: TLS handshake timeout
2026-09-27T08:44:44.313638Z coredns[611]: INFO: Reloading configuration
2026-09-27T08:44:53.313638Z coredns[611]: INFO: Reloading configuration
2026-09-27T08:45:02.313638Z coredns[953]: INFO: plugin/ready: Still waiting on: "kubernetes"
2026-09-27T08:45:10.313638Z coredns[953]: INFO: plugin/ready: Still waiting on: "kubernetes"
2026-09-27T08:45:19.313638Z coredns[611]: INFO: Reloading configuration
2026-09-27T08:45:28.313638Z coredns[759]: INFO: plugin/kubernetes: 61 resource records
2026-09-27T08:45:36.313638Z coredns[759]: INFO: plugin/kubernetes: 61 resource records
2026-09-27T08:45:45.313638Z coredns[611]: INFO: Reloading configuration
2026-09-27T08:45:54.313638Z coredns[120]: INFO: Health check OK
2026-09-27T08:46:02.313638Z coredns[953]: INFO: plugin/ready: Still waiting on: "kubernetes"
2026-09-27T08:46:11.313638Z coredns[120]: INFO: Health check OK
2026-09-27T08:46:20.313638Z coredns[759]: INFO: plugin/kubernetes: 61 resource records
2026-09-27T08:46:28.313638Z coredns[611]: INFO: Reloading configuration
2026-09-27T08:46:37.313638Z coredns[759]: INFO: plugin/kubernetes: 61 resource records
2026-09-27T08:46:45.313638Z coredns[611]: INFO: Reloading configuration
2026-09-27T08:46:54.313638Z coredns[953]: INFO: plugin/ready: Still waiting on: "kubernetes"
2026-09-27T08:47:03.313638Z coredns[759]: INFO: plugin/kubernetes: 61 resource records
2026-09-27T08:47:11.313638Z coredns[759]: INFO: plugin/kubernetes: 61 resource records
2026-09-27T08:47:20.313638Z coredns[120]: INFO: Health check OK
2026-09-27T08:47:29.313638Z coredns[759]: INFO: plugin/kubernetes: 61 resource records
2026-09-27T08:47:37.313638Z coredns[611]: INFO: Reloading configuration
2026-09-27T08:47:46.313638Z coredns[120]: INFO: Health check OK
2026-09-27T08:47:55.313638Z coredns[769]: WARN: too many open files
2026-09-27T08:48:03.313638Z coredns[611]: INFO: Reloading configuration
2026-09-27T08:48:12.313638Z coredns[759]: INFO: plugin/kubernetes: 61 resource records
2026-09-27T08:48:20.313638Z coredns[611]: INFO: Reloading configuration
2026-09-27T08:48:29.313638Z coredns[892]: ERROR: plugin/errors: 10.175.254.205:29556 - no such host
2026-09-27T08:48:38.313638Z coredns[611]: INFO: Reloading configuration
2026-09-27T08:48:46.313638Z coredns[120]: INFO: Health check OK
2026-09-27T08:48:55.313638Z coredns[611]: INFO: Reloading configuration
2026-09-27T08:49:04.313638Z coredns[759]: INFO: plugin/kubernetes: 61 resource records
2026-09-27T08:49:12.313638Z coredns[759]: INFO: plugin/kubernetes: 61 resource records
2026-09-27T08:49:21.313638Z coredns[120]: INFO: Health check OK
2026-09-27T08:49:30.313638Z coredns[120]: INFO: Health check OK
2026-09-27T08:49:38.313638Z coredns[953]: INFO: plugin/ready: Still waiting on: "kubernetes"
2026-09-27T08:49:47.313638Z coredns[953]: INFO: plugin/ready: Still waiting on: "kubernetes"
2026-09-27T08:49:56.313638Z coredns[769]: WARN: too many open files
2026-09-27T08:50:04.313638Z coredns[759]: INFO: plugin/kubernetes: 61 resource records
2026-09-27T08:50:13.313638Z coredns[120]: INFO: Health check OK
2026-09-27T08:50:21.313638Z coredns[759]: INFO: plugin/kubernetes: 61 resource records
2026-09-27T08:50:30.313638Z coredns[759]: INFO: plugin/kubernetes: 61 resource records
2026-09-27T08:50:39.313638Z coredns[120]: INFO: Health check OK
2026-09-27T08:50:47.313638Z coredns[759]: INFO: plugin/kubernetes: 61 resource records
2026-09-27T08:50:56.313638Z coredns[120]: INFO: Health check OK
2026-09-27T08:51:05.313638Z coredns[120]: INFO: Health check OK
2026-09-27T08:51:13.313638Z coredns[120]: INFO: Health check OK
2026-09-27T08:51:22.313638Z coredns[611]: INFO: Reloading configuration
2026-09-27T08:51:31.313638Z coredns[611]: INFO: Reloading configuration
2026-09-27T08:51:39.313638Z coredns[953]: INFO: plugin/ready: Still waiting on: "kubernetes"
2026-09-27T08:51:48.313638Z coredns[611]: INFO: Reloading configuration
2026-09-27T08:51:56.313638Z coredns[120]: INFO: Health check OK
2026-09-27T08:52:05.313638Z coredns[120]: INFO: Health check OK
2026-09-27T08:52:14.313638Z coredns[120]: INFO: Health check OK
2026-09-27T08:52:22.313638Z coredns[953]: INFO: plugin/ready: Still waiting on: "kubernetes"
2026-09-27T08:52:31.313638Z coredns[120]: INFO: Health check OK
2026-09-27T08:52:40.313638Z coredns[953]: INFO: plugin/ready: Still waiting on: "kubernetes"
2026-09-27T08:52:48.313638Z coredns[759]: INFO: plugin/kubernetes: 61 resource records
2026-09-27T08:52:57.313638Z coredns[953]: INFO: plugin/ready: Still waiting on: "kubernetes"
2026-09-27T08:53:06.313638Z coredns[120]: INFO: Health check OK
2026-09-27T08:53:14.313638Z coredns[953]: INFO: plugin/ready: Still waiting on: "kubernetes"
2026-09-27T08:53:23.313638Z coredns[953]: INFO: plugin/ready: Still waiting on: "kubernetes"
2026-09-27T08:53:32.313638Z coredns[953]: INFO: plugin/ready: Still waiting on: "kubernetes"
2026-09-27T08:53:40.313638Z coredns[759]: INFO: plugin/kubernetes: 61 resource records
2026-09-27T08:53:49.313638Z coredns[759]: INFO: plugin/kubernetes: 61 resource records
2026-09-27T08:53:57.313638Z coredns[120]: INFO: Health check OK
2026-09-27T08:54:06.313638Z coredns[953]: INFO: plugin/ready: Still waiting on: "kubernetes"
2026-09-27T08:54:15.313638Z coredns[759]: INFO: plugin/kubernetes: 61 resource records
2026-09-27T08:54:23.313638Z coredns[759]: INFO: plugin/kubernetes: 61 resource records
2026-09-27T08:54:32.313638Z coredns[611]: INFO: Reloading configuration
2026-09-27T08:54:41.313638Z coredns[120]: INFO: Health check OK
2026-09-27T08:54:49.313638Z coredns[759]: INFO: plugin/kubernetes: 61 resource records
2026-09-27T08:54:58.313638Z coredns[953]: INFO: plugin/ready: Still waiting on: "kubernetes"
2026-09-27T08:55:07.313638Z coredns[953]: INFO: plugin/ready: Still waiting on: "kubernetes"
2026-09-27T08:55:15.313638Z coredns[611]: INFO: Reloading configuration
2026-09-27T08:55:24.313638Z coredns[611]: INFO: Reloading configuration
2026-09-27T08:55:32.313638Z coredns[759]: INFO: plugin/kubernetes: 61 resource records
2026-09-27T08:55:41.313638Z coredns[953]: INFO: plugin/ready: Still waiting on: "kubernetes"
2026-09-27T08:55:50.313638Z coredns[120]: INFO: Health check OK
2026-09-27T08:55:58.313638Z coredns[120]: INFO: Health check OK
2026-09-27T08:56:07.313638Z coredns[759]: INFO: plugin/kubernetes: 61 resource records
2026-09-27T08:56:16.313638Z coredns[120]: INFO: Health check OK
2026-09-27T08:56:24.313638Z coredns[892]: ERROR: plugin/errors: 10.175.254.205:29556 - no such host
2026-09-27T08:56:33.313638Z coredns[120]: INFO: Health check OK
2026-09-27T08:56:42.313638Z coredns[759]: INFO: plugin/kubernetes: 61 resource records
2026-09-27T08:56:50.313638Z coredns[759]: INFO: plugin/kubernetes: 61 resource records
2026-09-27T08:56:59.313638Z coredns[759]: INFO: plugin/kubernetes: 61 resource records
2026-09-27T08:57:08.313638Z coredns[120]: INFO: Health check OK
2026-09-27T08:57:16.313638Z coredns[120]: INFO: Health check OK
2026-09-27T08:57:25.313638Z coredns[611]: INFO: Reloading configuration
2026-09-27T08:57:33.313638Z coredns[120]: INFO: Health check OK
2026-09-27T08:57:42.313638Z coredns[759]: INFO: plugin/kubernetes: 61 resource records
2026-09-27T08:57:51.313638Z coredns[759]: INFO: plugin/kubernetes: 61 resource records
2026-09-27T08:57:59.313638Z coredns[759]: INFO: plugin/kubernetes: 61 resource records
2026-09-27T08:58:08.313638Z coredns[120]: INFO: Health check OK
2026-09-27T08:58:17.313638Z coredns[611]: INFO: Reloading configuration
2026-09-27T08:58:25.313638Z coredns[953]: INFO: plugin/ready: Still waiting on: "kubernetes"
2026-09-27T08:58:34.313638Z coredns[759]: INFO: plugin/kubernetes: 61 resource records
2026-09-27T08:58:43.313638Z coredns[611]: INFO: Reloading configuration
2026-09-27T08:58:51.313638Z coredns[611]: INFO: Reloading configuration
2026-09-27T08:59:00.313638Z coredns[759]: INFO: plugin/kubernetes: 61 resource records
2026-09-27T08:59:08.313638Z coredns[759]: INFO: plugin/kubernetes: 61 resource records
2026-09-27T08:59:17.313638Z coredns[120]: INFO: Health check OK
2026-09-27T08:59:26.313638Z coredns[611]: INFO: Reloading configuration
2026-09-27T08:59:34.313638Z coredns[759]: INFO: plugin/kubernetes: 61 resource records
2026-09-27T08:59:43.313638Z coredns[611]: INFO: Reloading configuration
2026-09-27T08:59:52.313638Z coredns[953]: INFO: plugin/ready: Still waiting on: "kubernetes"
2026-09-27T09:00:00.313638Z coredns[611]: INFO: Reloading configuration
2026-09-27T09:00:09.313638Z coredns[769]: WARN: too many open files
2026-09-27T09:00:18.313638Z coredns[892]: ERROR: plugin/errors: 10.175.254.205:29556 - no such host
2026-09-27T09:00:26.313638Z coredns[759]: INFO: plugin/kubernetes: 61 resource records
2026-09-27T09:00:35.313638Z coredns[611]: INFO: Reloading configuration
2026-09-27T09:00:44.313638Z coredns[759]: INFO: plugin/kubernetes: 61 resource records
2026-09-27T09:00:52.313638Z coredns[120]: INFO: Health check OK
2026-09-27T09:01:01.313638Z coredns[611]: INFO: Reloading configuration
2026-09-27T09:01:09.313638Z coredns[100]: ERROR: upstream 10.176.16.166:53: read udp 10.31.19.226:10607->10.18.32.136:53: i/o timeout
2026-09-27T09:01:18.313638Z coredns[120]: INFO: Health check OK
2026-09-27T09:01:27.313638Z coredns[759]: INFO: plugin/kubernetes: 61 resource records
2026-09-27T09:01:35.313638Z coredns[759]: INFO: plugin/kubernetes: 61 resource records
2026-09-27T09:01:44.313638Z coredns[120]: INFO: Health check OK
2026-09-27T09:01:53.313638Z coredns[611]: INFO: Reloading configuration
2026-09-27T09:02:01.313638Z coredns[953]: INFO: plugin/ready: Still waiting on: "kubernetes"
2026-09-27T09:02:10.313638Z coredns[759]: INFO: plugin/kubernetes: 61 resource records
2026-09-27T09:02:19.313638Z coredns[759]: INFO: plugin/kubernetes: 61 resource records
2026-09-27T09:02:27.313638Z coredns[120]: INFO: Health check OK
2026-09-27T09:02:36.313638Z coredns[100]: ERROR: upstream 10.176.16.166:53: read udp 10.31.19.226:10607->10.18.32.136:53: i/o timeout
2026-09-27T09:02:44.313638Z coredns[759]: INFO: plugin/kubernetes: 61 resource records
2026-09-27T09:02:53.313638Z coredns[953]: INFO: plugin/ready: Still waiting on: "kubernetes"
2026-09-27T09:03:02.313638Z coredns[759]: INFO: plugin/kubernetes: 61 resource records
2026-09-27T09:03:10.313638Z coredns[759]: INFO: plugin/kubernetes: 61 resource records
2026-09-27T09:03:19.313638Z coredns[120]: INFO: Health check OK
2026-09-27T09:03:28.313638Z coredns[611]: INFO: Reloading configuration
2026-09-27T09:03:36.313638Z coredns[611]: INFO: Reloading configuration
2026-09-27T09:03:45.313638Z coredns[759]: INFO: plugin/kubernetes: 61 resource records
2026-09-27T09:03:54.313638Z coredns[120]: INFO: Health check OK
2026-09-27T09:04:02.313638Z coredns[953]: INFO: plugin/ready: Still waiting on: "kubernetes"
2026-09-27T09:04:11.313638Z coredns[120]: INFO: Health check OK
2026-09-27T09:04:20.313638Z coredns[120]: INFO: Health check OK
2026-09-27T09:04:28.313638Z coredns[120]: INFO: Health check OK
2026-09-27T09:04:37.313638Z coredns[120]: INFO: Health check OK
2026-09-27T09:04:45.313638Z coredns[759]: INFO: plugin/kubernetes: 61 resource records
2026-09-27T09:04:54.313638Z coredns[120]: INFO: Health check OK
2026-09-27T09:05:03.313638Z coredns[255]: ERROR: failed to list *v1.Service: Get "https://10.214.2.177:443": net/http: TLS handshake timeout
2026-09-27T09:05:11.313638Z coredns[611]: INFO: Reloading configuration
2026-09-27T09:05:20.313638Z coredns[759]: INFO: plugin/kubernetes: 61 resource records
2026-09-27T09:05:29.313638Z coredns[759]: INFO: plugin/kubernetes: 61 resource records
2026-09-27T09:05:37.313638Z coredns[611]: INFO: Reloading configuration
2026-09-27T09:05:46.313638Z coredns[120]: INFO: Health check OK
2026-09-27T09:05:55.313638Z coredns[953]: INFO: plugin/ready: Still waiting on: "kubernetes"
2026-09-27T09:06:03.313638Z coredns[759]: INFO: plugin/kubernetes: 61 resource records
2026-09-27T09:06:12.313638Z coredns[953]: INFO: plugin/ready: Still waiting on: "kubernetes"
2026-09-27T09:06:20.313638Z coredns[759]: INFO: plugin/kubernetes: 61 resource records
2026-09-27T09:06:29.313638Z coredns[759]: INFO: plugin/kubernetes: 61 resource records
2026-09-27T09:06:38.313638Z coredns[120]: INFO: Health check OK
2026-09-27T09:06:46.313638Z coredns[611]: INFO: Reloading configuration
2026-09-27T09:06:55.313638Z coredns[120]: INFO: Health check OK
2026-09-27T09:07:04.313638Z coredns[611]: INFO: Reloading configuration
2026-09-27T09:07:12.313638Z coredns[611]: INFO: Reloading configuration
2026-09-27T09:07:21.313638Z coredns[953]: INFO: plugin/ready: Still waiting on: "kubernetes"
2026-09-27T09:07:30.313638Z coredns[759]: INFO: plugin/kubernetes: 61 resource records
2026-09-27T09:07:38.313638Z coredns[611]: INFO: Reloading configuration
2026-09-27T09:07:47.313638Z coredns[759]: INFO: plugin/kubernetes: 61 resource records
2026-09-27T09:07:56.313638Z coredns[953]: INFO: plugin/ready: Still waiting on: "kubernetes"
2026-09-27T09:08:04.313638Z coredns[611]: INFO: Reloading configuration
2026-09-27T09:08:13.313638Z coredns[953]: INFO: plugin/ready: Still waiting on: "kubernetes"
2026-09-27T09:08:21.313638Z coredns[611]: INFO: Reloading configuration
2026-09-27T09:08:30.313638Z coredns[611]: INFO: Reloading configuration
2026-09-27T09:08:39.313638Z coredns[611]: INFO: Reloading configuration
2026-09-27T09:08:47.313638Z coredns[953]: INFO: plugin/ready: Still waiting on: "kubernetes"
2026-09-27T09:08:56.313638Z coredns[120]: INFO: Health check OK
2026-09-27T09:09:05.313638Z coredns[611]: INFO: Reloading configuration
2026-09-27T09:09:13.313638Z coredns[759]: INFO: plugin/kubernetes: 61 resource records
2026-09-27T09:09:22.313638Z coredns[759]: INFO: plugin/kubernetes: 61 resource records
2026-09-27T09:09:31.313638Z coredns[953]: INFO: plugin/ready: Still waiting on: "kubernetes"
2026-09-27T09:09:39.313638Z coredns[759]: INFO: plugin/kubernetes: 61 resource records
2026-09-27T09:09:48.313638Z coredns[759]: INFO: plugin/kubernetes: 61 resource records
2026-09-27T09:09:56.313638Z coredns[611]: INFO: Reloading configuration
2026-09-27T09:10:05.313638Z coredns[953]: INFO: plugin/ready: Still waiting on: "kubernetes"
2026-09-27T09:10:14.313638Z coredns[120]: INFO: Health check OK
2026-09-27T09:10:22.313638Z coredns[120]: INFO: Health check OK
2026-09-27T09:10:31.313638Z coredns[759]: INFO: plugin/kubernetes: 61 resource records
2026-09-27T09:10:40.313638Z coredns[611]: INFO: Reloading configuration
2026-09-27T09:10:48.313638Z coredns[953]: INFO: plugin/ready: Still waiting on: "kubernetes"
2026-09-27T09:10:57.313638Z coredns[120]: INFO: Health check OK
2026-09-27T09:11:06.313638Z coredns[953]: INFO: plugin/ready: Still waiting on: "kubernetes"
2026-09-27T09:11:14.313638Z coredns[120]: INFO: Health check OK
2026-09-27T09:11:23.313638Z coredns[759]: INFO: plugin/kubernetes: 61 resource records
2026-09-27T09:11:32.313638Z coredns[759]: INFO: plugin/kubernetes: 61 resource records
2026-09-27T09:11:40.313638Z coredns[120]: INFO: Health check OK
2026-09-27T09:11:49.313638Z coredns[611]: INFO: Reloading configuration
2026-09-27T09:11:57.313638Z coredns[953]: INFO: plugin/ready: Still waiting on: "kubernetes"
2026-09-27T09:12:06.313638Z coredns[611]: INFO: Reloading configuration
2026-09-27T09:12:15.313638Z coredns[120]: INFO: Health check OK
2026-09-27T09:12:23.313638Z coredns[953]: INFO: plugin/ready: Still waiting on: "kubernetes"
2026-09-27T09:12:32.313638Z coredns[759]: INFO: plugin/kubernetes: 61 resource records
2026-09-27T09:12:41.313638Z coredns[120]: INFO: Health check OK
2026-09-27T09:12:49.313638Z coredns[759]: INFO: plugin/kubernetes: 61 resource records
2026-09-27T09:12:58.313638Z coredns[611]: INFO: Reloading configuration
2026-09-27T09:13:07.313638Z coredns[611]: INFO: Reloading configuration
2026-09-27T09:13:15.313638Z coredns[759]: INFO: plugin/kubernetes: 61 resource records
2026-09-27T09:13:24.313638Z coredns[120]: INFO: Health check OK
2026-09-27T09:13:32.313638Z coredns[759]: INFO: plugin/kubernetes: 61 resource records
2026-09-27T09:13:41.313638Z coredns[892]: ERROR: plugin/errors: 10.175.254.205:29556 - no such host
2026-09-27T09:13:50.313638Z coredns[953]: INFO: plugin/ready: Still waiting on: "kubernetes"
2026-09-27T09:13:58.313638Z coredns[759]: INFO: plugin/kubernetes: 61 resource records
2026-09-27T09:14:07.313638Z coredns[759]: INFO: plugin/kubernetes: 61 resource records
2026-09-27T09:14:16.313638Z coredns[611]: INFO: Reloading configuration
2026-09-27T09:14:24.313638Z coredns[953]: INFO: plugin/ready: Still waiting on: "kubernetes"
2026-09-27T09:14:33.313638Z coredns[953]: INFO: plugin/ready: Still waiting on: "kubernetes"
2026-09-27T09:14:42.313638Z coredns[120]: INFO: Health check OK
2026-09-27T09:14:50.313638Z coredns[120]: INFO: Health check OK
2026-09-27T09:14:59.313638Z coredns[953]: INFO: plugin/ready: Still waiting on: "kubernetes"
2026-09-27T09:15:08.313638Z coredns[953]: INFO: plugin/ready: Still waiting on: "kubernetes"
2026-09-27T09:15:16.313638Z coredns[769]: WARN: too many open files
2026-09-27T09:15:25.313638Z coredns[611]: INFO: Reloading configuration
2026-09-27T09:15:33.313638Z coredns[759]: INFO: plugin/kubernetes: 61 resource records
2026-09-27T09:15:42.313638Z coredns[759]: INFO: plugin/kubernetes: 61 resource records
2026-09-27T09:15:51.313638Z coredns[953]: INFO: plugin/ready: Still waiting on: "kubernetes"
2026-09-27T09:15:59.313638Z coredns[611]: INFO: Reloading configuration
2026-09-27T09:16:08.313638Z coredns[769]: WARN: too many open files
2026-09-27T09:16:17.313638Z coredns[120]: INFO: Health check OK
2026-09-27T09:16:25.313638Z coredns[120]: INFO: Health check OK
2026-09-27T09:16:34.313638Z coredns[611]: INFO: Reloading configuration
2026-09-27T09:16:43.313638Z coredns[611]: INFO: Reloading configuration
2026-09-27T09:16:51.313638Z coredns[953]: INFO: plugin/ready: Still waiting on: "kubernetes"
2026-09-27T09:17:00.313638Z coredns[611]: INFO: Reloading configuration
2026-09-27T09:17:08.313638Z coredns[120]: INFO: Health check OK
2026-09-27T09:17:17.313638Z coredns[953]: INFO: plugin/ready: Still waiting on: "kubernetes"
2026-09-27T09:17:26.313638Z coredns[759]: INFO: plugin/kubernetes: 61 resource records
2026-09-27T09:17:34.313638Z coredns[611]: INFO: Reloading configuration
2026-09-27T09:17:43.313638Z coredns[953]: INFO: plugin/ready: Still waiting on: "kubernetes"
2026-09-27T09:17:52.313638Z coredns[953]: INFO: plugin/ready: Still waiting on: "kubernetes"
2026-09-27T09:18:00.313638Z coredns[120]: INFO: Health check OK
2026-09-27T09:18:09.313638Z coredns[953]: INFO: plugin/ready: Still waiting on: "kubernetes"
2026-09-27T09:18:18.313638Z coredns[759]: INFO: plugin/kubernetes: 61 resource records
2026-09-27T09:18:26.313638Z coredns[953]: INFO: plugin/ready: Still waiting on: "kubernetes"
2026-09-27T09:18:35.313638Z coredns[953]: INFO: plugin/ready: Still waiting on: "kubernetes"
2026-09-27T09:18:44.313638Z coredns[759]: INFO: plugin/kubernetes: 61 resource records
2026-09-27T09:18:52.313638Z coredns[611]: INFO: Reloading configuration
2026-09-27T09:19:01.313638Z coredns[120]: INFO: Health check OK
2026-09-27T09:19:09.313638Z coredns[120]: INFO: Health check OK
2026-09-27T09:19:18.313638Z coredns[759]: INFO: plugin/kubernetes: 61 resource records
2026-09-27T09:19:27.313638Z coredns[120]: INFO: Health check OK
2026-09-27T09:19:35.313638Z coredns[611]: INFO: Reloading configuration
2026-09-27T09:19:44.313638Z coredns[892]: ERROR: plugin/errors: 10.175.254.205:29556 - no such host
2026-09-27T09:19:53.313638Z coredns[759]: INFO: plugin/kubernetes: 61 resource records
2026-09-27T09:20:01.313638Z coredns[611]: INFO: Reloading configuration
2026-09-27T09:20:10.313638Z coredns[611]: INFO: Reloading configuration
2026-09-27T09:20:19.313638Z coredns[120]: INFO: Health check OK
2026-09-27T09:20:27.313638Z coredns[120]: INFO: Health check OK
2026-09-27T09:20:36.313638Z coredns[953]: INFO: plugin/ready: Still waiting on: "kubernetes"
2026-09-27T09:20:44.313638Z coredns[759]: INFO: plugin/kubernetes: 61 resource records
2026-09-27T09:20:53.313638Z coredns[611]: INFO: Reloading configuration
2026-09-27T09:21:02.313638Z coredns[120]: INFO: Health check OK
2026-09-27T09:21:10.313638Z coredns[759]: INFO: plugin/kubernetes: 61 resource records
2026-09-27T09:21:19.313638Z coredns[611]: INFO: Reloading configuration
2026-09-27T09:21:28.313638Z coredns[769]: WARN: too many open files
2026-09-27T09:21:36.313638Z coredns[953]: INFO: plugin/ready: Still waiting on: "kubernetes"
2026-09-27T09:21:45.313638Z coredns[953]: INFO: plugin/ready: Still waiting on: "kubernetes"
2026-09-27T09:21:54.313638Z coredns[759]: INFO: plugin/kubernetes: 61 resource records
2026-09-27T09:22:02.313638Z coredns[759]: INFO: plugin/kubernetes: 61 resource records
2026-09-27T09:22:11.313638Z coredns[611]: INFO: Reloading configuration
2026-09-27T09:22:20.313638Z coredns[611]: INFO: Reloading configuration
2026-09-27T09:22:28.313638Z coredns[120]: INFO: Health check OK
2026-09-27T09:22:37.313638Z coredns[953]: INFO: plugin/ready: Still waiting on: "kubernetes"
2026-09-27T09:22:45.313638Z coredns[759]: INFO: plugin/kubernetes: 61 resource records
2026-09-27T09:22:54.313638Z coredns[759]: INFO: plugin/kubernetes: 61 resource records
2026-09-27T09:23:03.313638Z coredns[120]: INFO: Health check OK
2026-09-27T09:23:11.313638Z coredns[611]: INFO: Reloading configuration
2026-09-27T09:23:20.313638Z coredns[611]: INFO: Reloading configuration
2026-09-27T09:23:29.313638Z coredns[120]: INFO: Health check OK
2026-09-27T09:23:37.313638Z coredns[953]: INFO: plugin/ready: Still waiting on: "kubernetes"
2026-09-27T09:23:46.313638Z coredns[759]: INFO: plugin/kubernetes: 61 resource records
2026-09-27T09:23:55.313638Z coredns[953]: INFO: plugin/ready: Still waiting on: "kubernetes"
2026-09-27T09:24:03.313638Z coredns[120]: INFO: Health check OK
2026-09-27T09:24:12.313638Z coredns[759]: INFO: plugin/kubernetes: 61 resource records
2026-09-27T09:24:20.313638Z coredns[759]: INFO: plugin/kubernetes: 61 resource records
2026-09-27T09:24:29.313638Z coredns[611]: INFO: Reloading configuration
2026-09-27T09:24:38.313638Z coredns[953]: INFO: plugin/ready: Still waiting on: "kubernetes"
2026-09-27T09:24:46.313638Z coredns[120]: INFO: Health check OK
2026-09-27T09:24:55.313638Z coredns[611]: INFO: Reloading configuration
2026-09-27T09:25:04.313638Z coredns[953]: INFO: plugin/ready: Still waiting on: "kubernetes"
2026-09-27T09:25:12.313638Z coredns[611]: INFO: Reloading configuration
2026-09-27T09:25:21.313638Z coredns[759]: INFO: plugin/kubernetes: 61 resource records
2026-09-27T09:25:30.313638Z coredns[759]: INFO: plugin/kubernetes: 61 resource records
2026-09-27T09:25:38.313638Z coredns[611]: INFO: Reloading configuration
2026-09-27T09:25:47.313638Z coredns[953]: INFO: plugin/ready: Still waiting on: "kubernetes"
2026-09-27T09:25:56.313638Z coredns[759]: INFO: plugin/kubernetes: 61 resource records
2026-09-27T09:26:04.313638Z coredns[759]: INFO: plugin/kubernetes: 61 resource records
2026-09-27T09:26:13.313638Z coredns[611]: INFO: Reloading configuration
2026-09-27T09:26:21.313638Z coredns[953]: INFO: plugin/ready: Still waiting on: "kubernetes"
2026-09-27T09:26:30.313638Z coredns[120]: INFO: Health check OK
2026-09-27T09:26:39.313638Z coredns[611]: INFO: Reloading configuration
2026-09-27T09:26:47.313638Z coredns[759]: INFO: plugin/kubernetes: 61 resource records
2026-09-27T09:26:56.313638Z coredns[759]: INFO: plugin/kubernetes: 61 resource records
2026-09-27T09:27:05.313638Z coredns[759]: INFO: plugin/kubernetes: 61 resource records
2026-09-27T09:27:13.313638Z coredns[892]: ERROR: plugin/errors: 10.175.254.205:29556 - no such host
2026-09-27T09:27:22.313638Z coredns[759]: INFO: plugin/kubernetes: 61 resource records
2026-09-27T09:27:31.313638Z coredns[611]: INFO: Reloading configuration
2026-09-27T09:27:39.313638Z coredns[953]: INFO: plugin/ready: Still waiting on: "kubernetes"
2026-09-27T09:27:48.313638Z coredns[611]: INFO: Reloading configuration
2026-09-27T09:27:56.313638Z coredns[611]: INFO: Reloading configuration
2026-09-27T09:28:05.313638Z coredns[953]: INFO: plugin/ready: Still waiting on: "kubernetes"
2026-09-27T09:28:14.313638Z coredns[892]: ERROR: plugin/errors: 10.175.254.205:29556 - no such host
2026-09-27T09:28:22.313638Z coredns[953]: INFO: plugin/ready: Still waiting on: "kubernetes"
2026-09-27T09:28:31.313638Z coredns[120]: INFO: Health check OK
2026-09-27T09:28:40.313638Z coredns[759]: INFO: plugin/kubernetes: 61 resource records
2026-09-27T09:28:48.313638Z coredns[759]: INFO: plugin/kubernetes: 61 resource records
2026-09-27T09:28:57.313638Z coredns[759]: INFO: plugin/kubernetes: 61 resource records
2026-09-27T09:29:06.313638Z coredns[953]: INFO: plugin/ready: Still waiting on: "kubernetes"
2026-09-27T09:29:14.313638Z coredns[100]: ERROR: upstream 10.176.16.166:53: read udp 10.31.19.226:10607->10.18.32.136:53: i/o timeout
2026-09-27T09:29:23.313638Z coredns[759]: INFO: plugin/kubernetes: 61 resource records
2026-09-27T09:29:32.313638Z coredns[759]: INFO: plugin/kubernetes: 61 resource records
2026-09-27T09:29:40.313638Z coredns[759]: INFO: plugin/kubernetes: 61 resource records
2026-09-27T09:29:49.313638Z coredns[120]: INFO: Health check OK
2026-09-27T09:29:57.313638Z coredns[100]: ERROR: upstream 10.176.16.166:53: read udp 10.31.19.226:10607->10.18.32.136:53: i/o timeout
2026-09-27T09:30:06.313638Z coredns[120]: INFO: Health check OK
2026-09-27T09:30:15.313638Z coredns[759]: INFO: plugin/kubernetes: 61 resource records
2026-09-27T09:30:23.313638Z coredns[759]: INFO: plugin/kubernetes: 61 resource records
2026-09-27T09:30:32.313638Z coredns[953]: INFO: plugin/ready: Still waiting on: "kubernetes"
2026-09-27T09:30:41.313638Z coredns[120]: INFO: Health check OK
2026-09-27T09:30:49.313638Z coredns[953]: INFO: plugin/ready: Still waiting on: "kubernetes"
2026-09-27T09:30:58.313638Z coredns[611]: INFO: Reloading configuration
2026-09-27T09:31:07.313638Z coredns[120]: INFO: Health check OK
2026-09-27T09:31:15.313638Z coredns[120]: INFO: Health check OK
2026-09-27T09:31:24.313638Z coredns[120]: INFO: Health check OK
2026-09-27T09:31:32.313638Z coredns[953]: INFO: plugin/ready: Still waiting on: "kubernetes"
2026-09-27T09:31:41.313638Z coredns[953]: INFO: plugin/ready: Still waiting on: "kubernetes"
2026-09-27T09:31:50.313638Z coredns[611]: INFO: Reloading configuration
2026-09-27T09:31:58.313638Z coredns[120]: INFO: Health check OK
2026-09-27T09:32:07.313638Z coredns[759]: INFO: plugin/kubernetes: 61 resource records
2026-09-27T09:32:16.313638Z coredns[759]: INFO: plugin/kubernetes: 61 resource records
2026-09-27T09:32:24.313638Z coredns[120]: INFO: Health check OK
2026-09-27T09:32:33.313638Z coredns[611]: INFO: Reloading configuration
2026-09-27T09:32:42.313638Z coredns[120]: INFO: Health check OK
2026-09-27T09:32:50.313638Z coredns[759]: INFO: plugin/kubernetes: 61 resource records
2026-09-27T09:32:59.313638Z coredns[100]: ERROR: upstream 10.176.16.166:53: read udp 10.31.19.226:10607->10.18.32.136:53: i/o timeout
2026-09-27T09:33:08.313638Z coredns[769]: WARN: too many open files
2026-09-27T09:33:16.313638Z coredns[611]: INFO: Reloading configuration
2026-09-27T09:33:25.313638Z coredns[120]: INFO: Health check OK
2026-09-27T09:33:33.313638Z coredns[120]: INFO: Health check OK
2026-09-27T09:33:42.313638Z coredns[759]: INFO: plugin/kubernetes: 61 resource records
2026-09-27T09:33:51.313638Z coredns[120]: INFO: Health check OK
2026-09-27T09:33:59.313638Z coredns[759]: INFO: plugin/kubernetes: 61 resource records
2026-09-27T09:34:08.313638Z coredns[759]: INFO: plugin/kubernetes: 61 resource records
2026-09-27T09:34:17.313638Z coredns[953]: INFO: plugin/ready: Still waiting on: "kubernetes"
2026-09-27T09:34:25.313638Z coredns[759]: INFO: plugin/kubernetes: 61 resource records
2026-09-27T09:34:34.313638Z coredns[953]: INFO: plugin/ready: Still waiting on: "kubernetes"
2026-09-27T09:34:43.313638Z coredns[759]: INFO: plugin/kubernetes: 61 resource records
2026-09-27T09:34:51.313638Z coredns[953]: INFO: plugin/ready: Still waiting on: "kubernetes"
2026-09-27T09:35:00.313638Z coredns[120]: INFO: Health check OK
2026-09-27T09:35:08.313638Z coredns[759]: INFO: plugin/kubernetes: 61 resource records
2026-09-27T09:35:17.313638Z coredns[953]: INFO: plugin/ready: Still waiting on: "kubernetes"
2026-09-27T09:35:26.313638Z coredns[759]: INFO: plugin/kubernetes: 61 resource records
2026-09-27T09:35:34.313638Z coredns[953]: INFO: plugin/ready: Still waiting on: "kubernetes"
2026-09-27T09:35:43.313638Z coredns[120]: INFO: Health check OK
2026-09-27T09:35:52.313638Z coredns[759]: INFO: plugin/kubernetes: 61 resource records
2026-09-27T09:36:00.313638Z coredns[611]: INFO: Reloading configuration
2026-09-27T09:36:09.313638Z coredns[953]: INFO: plugin/ready: Still waiting on: "kubernetes"
2026-09-27T09:36:18.313638Z coredns[953]: INFO: plugin/ready: Still waiting on: "kubernetes"
2026-09-27T09:36:26.313638Z coredns[759]: INFO: plugin/kubernetes: 61 resource records
2026-09-27T09:36:35.313638Z coredns[769]: WARN: too many open files
2026-09-27T09:36:44.313638Z coredns[953]: INFO: plugin/ready: Still waiting on: "kubernetes"
2026-09-27T09:36:52.313638Z coredns[953]: INFO: plugin/ready: Still waiting on: "kubernetes"
2026-09-27T09:37:01.313638Z coredns[120]: INFO: Health check OK
2026-09-27T09:37:09.313638Z coredns[611]: INFO: Reloading configuration
2026-09-27T09:37:18.313638Z coredns[953]: INFO: plugin/ready: Still waiting on: "kubernetes"
2026-09-27T09:37:27.313638Z coredns[120]: INFO: Health check OK
2026-09-27T09:37:35.313638Z coredns[120]: INFO: Health check OK
2026-09-27T09:37:44.313638Z coredns[120]: INFO: Health check OK
2026-09-27T09:37:53.313638Z coredns[953]: INFO: plugin/ready: Still waiting on: "kubernetes"
2026-09-27T09:38:01.313638Z coredns[120]: INFO: Health check OK
2026-09-27T09:38:10.313638Z coredns[120]: INFO: Health check OK
2026-09-27T09:38:19.313638Z coredns[953]: INFO: plugin/ready: Still waiting on: "kubernetes"
2026-09-27T09:38:27.313638Z coredns[759]: INFO: plugin/kubernetes: 61 resource records
2026-09-27T09:38:36.313638Z coredns[120]: INFO: Health check OK
2026-09-27T09:38:44.313638Z coredns[759]: INFO: plugin/kubernetes: 61 resource records
2026-09-27T09:38:53.313638Z coredns[120]: INFO: Health check OK
2026-09-27T09:39:02.313638Z coredns[759]: INFO: plugin/kubernetes: 61 resource records
2026-09-27T09:39:10.313638Z coredns[953]: INFO: plugin/ready: Still waiting on: "kubernetes"
2026-09-27T09:39:19.313638Z coredns[611]: INFO: Reloading configuration
2026-09-27T09:39:28.313638Z coredns[759]: INFO: plugin/kubernetes: 61 resource records
2026-09-27T09:39:36.313638Z coredns[759]: INFO: plugin/kubernetes: 61 resource records
2026-09-27T09:39:45.313638Z coredns[953]: INFO: plugin/ready: Still waiting on: "kubernetes"
2026-09-27T09:39:54.313638Z coredns[611]: INFO: Reloading configuration
2026-09-27T09:40:02.313638Z coredns[120]: INFO: Health check OK
2026-09-27T09:40:11.313638Z coredns[611]: INFO: Reloading configuration
2026-09-27T09:40:20.313638Z coredns[100]: ERROR: upstream 10.176.16.166:53: read udp 10.31.19.226:10607->10.18.32.136:53: i/o timeout
2026-09-27T09:40:28.313638Z coredns[953]: INFO: plugin/ready: Still waiting on: "kubernetes"
2026-09-27T09:40:37.313638Z coredns[611]: INFO: Reloading configuration
2026-09-27T09:40:45.313638Z coredns[759]: INFO: plugin/kubernetes: 61 resource records
2026-09-27T09:40:54.313638Z coredns[100]: ERROR: upstream 10.176.16.166:53: read udp 10.31.19.226:10607->10.18.32.136:53: i/o timeout
2026-09-27T09:41:03.313638Z coredns[953]: INFO: plugin/ready: Still waiting on: "kubernetes"
2026-09-27T09:41:11.313638Z coredns[611]: INFO: Reloading configuration
2026-09-27T09:41:20.313638Z coredns[759]: INFO: plugin/kubernetes: 61 resource records
2026-09-27T09:41:29.313638Z coredns[759]: INFO: plugin/kubernetes: 61 resource records
2026-09-27T09:41:37.313638Z coredns[759]: INFO: plugin/kubernetes: 61 resource records
2026-09-27T09:41:46.313638Z coredns[120]: INFO: Health check OK
2026-09-27T09:41:55.313638Z coredns[120]: INFO: Health check OK
2026-09-27T09:42:03.313638Z coredns[953]: INFO: plugin/ready: Still waiting on: "kubernetes"
2026-09-27T09:42:12.313638Z coredns[953]: INFO: plugin/ready: Still waiting on: "kubernetes"
2026-09-27T09:42:20.313638Z coredns[120]: INFO: Health check OK
2026-09-27T09:42:29.313638Z coredns[611]: INFO: Reloading configuration
2026-09-27T09:42:38.313638Z coredns[759]: INFO: plugin/kubernetes: 61 resource records
2026-09-27T09:42:46.313638Z coredns[759]: INFO: plugin/kubernetes: 61 resource records
2026-09-27T09:42:55.313638Z coredns[769]: WARN: too many open files
2026-09-27T09:43:04.313638Z coredns[953]: INFO: plugin/ready: Still waiting on: "kubernetes"
2026-09-27T09:43:12.313638Z coredns[953]: INFO: plugin/ready: Still waiting on: "kubernetes"
2026-09-27T09:43:21.313638Z coredns[953]: INFO: plugin/ready: Still waiting on: "kubernetes"
2026-09-27T09:43:30.313638Z coredns[611]: INFO: Reloading configuration
2026-09-27T09:43:38.313638Z coredns[120]: INFO: Health check OK
2026-09-27T09:43:47.313638Z coredns[953]: INFO: plugin/ready: Still waiting on: "kubernetes"
2026-09-27T09:43:56.313638Z coredns[120]: INFO: Health check OK
2026-09-27T09:44:04.313638Z coredns[120]: INFO: Health check OK
2026-09-27T09:44:13.313638Z coredns[759]: INFO: plugin/kubernetes: 61 resource records
2026-09-27T09:44:21.313638Z coredns[611]: INFO: Reloading configuration
2026-09-27T09:44:30.313638Z coredns[611]: INFO: Reloading configuration
2026-09-27T09:44:39.313638Z coredns[611]: INFO: Reloading configuration
2026-09-27T09:44:47.313638Z coredns[759]: INFO: plugin/kubernetes: 61 resource records
2026-09-27T09:44:56.313638Z coredns[953]: INFO: plugin/ready: Still waiting on: "kubernetes"
2026-09-27T09:45:05.313638Z coredns[953]: INFO: plugin/ready: Still waiting on: "kubernetes"
2026-09-27T09:45:13.313638Z coredns[120]: INFO: Health check OK
2026-09-27T09:45:22.313638Z coredns[120]: INFO: Health check OK
2026-09-27T09:45:31.313638Z coredns[953]: INFO: plugin/ready: Still waiting on: "kubernetes"
2026-09-27T09:45:39.313638Z coredns[120]: INFO: Health check OK
2026-09-27T09:45:48.313638Z coredns[120]: INFO: Health check OK
2026-09-27T09:45:56.313638Z coredns[759]: INFO: plugin/kubernetes: 61 resource records
2026-09-27T09:46:05.313638Z coredns[611]: INFO: Reloading configuration
2026-09-27T09:46:14.313638Z coredns[120]: INFO: Health check OK
2026-09-27T09:46:22.313638Z coredns[120]: INFO: Health check OK
2026-09-27T09:46:31.313638Z coredns[611]: INFO: Reloading configuration
2026-09-27T09:46:40.313638Z coredns[611]: INFO: Reloading configuration
2026-09-27T09:46:48.313638Z coredns[953]: INFO: plugin/ready: Still waiting on: "kubernetes"
2026-09-27T09:46:57.313638Z coredns[611]: INFO: Reloading configuration
2026-09-27T09:47:06.313638Z coredns[255]: ERROR: failed to list *v1.Service: Get "https://10.214.2.177:443": net/http: TLS handshake timeout
2026-09-27T09:47:14.313638Z coredns[953]: INFO: plugin/ready: Still waiting on: "kubernetes"
2026-09-27T09:47:23.313638Z coredns[953]: INFO: plugin/ready: Still waiting on: "kubernetes"
2026-09-27T09:47:32.313638Z coredns[759]: INFO: plugin/kubernetes: 61 resource records
2026-09-27T09:47:40.313638Z coredns[120]: INFO: Health check OK
2026-09-27T09:47:49.313638Z coredns[120]: INFO: Health check OK
2026-09-27T09:47:57.313638Z coredns[892]: ERROR: plugin/errors: 10.175.254.205:29556 - no such host
2026-09-27T09:48:06.313638Z coredns[611]: INFO: Reloading configuration
2026-09-27T09:48:15.313638Z coredns[611]: INFO: Reloading configuration
2026-09-27T09:48:23.313638Z coredns[759]: INFO: plugin/kubernetes: 61 resource records
2026-09-27T09:48:32.313638Z coredns[120]: INFO: Health check OK
2026-09-27T09:48:41.313638Z coredns[759]: INFO: plugin/kubernetes: 61 resource records
2026-09-27T09:48:49.313638Z coredns[759]: INFO: plugin/kubernetes: 61 resource records
2026-09-27T09:48:58.313638Z coredns[953]: INFO: plugin/ready: Still waiting on: "kubernetes"
2026-09-27T09:49:07.313638Z coredns[611]: INFO: Reloading configuration
2026-09-27T09:49:15.313638Z coredns[120]: INFO: Health check OK
2026-09-27T09:49:24.313638Z coredns[611]: INFO: Reloading configuration
2026-09-27T09:49:32.313638Z coredns[759]: INFO: plugin/kubernetes: 61 resource records
2026-09-27T09:49:41.313638Z coredns[120]: INFO: Health check OK
2026-09-27T09:49:50.313638Z coredns[759]: INFO: plugin/kubernetes: 61 resource records
2026-09-27T09:49:58.313638Z coredns[953]: INFO: plugin/ready: Still waiting on: "kubernetes"
2026-09-27T09:50:07.313638Z coredns[759]: INFO: plugin/kubernetes: 61 resource records
2026-09-27T09:50:16.313638Z coredns[120]: INFO: Health check OK
2026-09-27T09:50:24.313638Z coredns[120]: INFO: Health check OK
2026-09-27T09:50:33.313638Z coredns[953]: INFO: plugin/ready: Still waiting on: "kubernetes"
2026-09-27T09:50:42.313638Z coredns[120]: INFO: Health check OK
2026-09-27T09:50:50.313638Z coredns[953]: INFO: plugin/ready: Still waiting on: "kubernetes"
2026-09-27T09:50:59.313638Z coredns[953]: INFO: plugin/ready: Still waiting on: "kubernetes"
2026-09-27T09:51:08.313638Z coredns[953]: INFO: plugin/ready: Still waiting on: "kubernetes"
2026-09-27T09:51:16.313638Z coredns[120]: INFO: Health check OK
2026-09-27T09:51:25.313638Z coredns[759]: INFO: plugin/kubernetes: 61 resource records
2026-09-27T09:51:33.313638Z coredns[953]: INFO: plugin/ready: Still waiting on: "kubernetes"
2026-09-27T09:51:42.313638Z coredns[769]: WARN: too many open files
2026-09-27T09:51:51.313638Z coredns[759]: INFO: plugin/kubernetes: 61 resource records
2026-09-27T09:51:59.313638Z coredns[120]: INFO: Health check OK
2026-09-27T09:52:08.313638Z coredns[759]: INFO: plugin/kubernetes: 61 resource records
2026-09-27T09:52:17.313638Z coredns[255]: ERROR: failed to list *v1.Service: Get "https://10.214.2.177:443": net/http: TLS handshake timeout
2026-09-27T09:52:25.313638Z coredns[611]: INFO: Reloading configuration
2026-09-27T09:52:34.313638Z coredns[120]: INFO: Health check OK
2026-09-27T09:52:43.313638Z coredns[120]: INFO: Health check OK
2026-09-27T09:52:51.313638Z coredns[953]: INFO: plugin/ready: Still waiting on: "kubernetes"
2026-09-27T09:53:00.313638Z coredns[611]: INFO: Reloading configuration
2026-09-27T09:53:08.313638Z coredns[120]: INFO: Health check OK
2026-09-27T09:53:17.313638Z coredns[120]: INFO: Health check OK
2026-09-27T09:53:26.313638Z coredns[953]: INFO: plugin/ready: Still waiting on: "kubernetes"
2026-09-27T09:53:34.313638Z coredns[759]: INFO: plugin/kubernetes: 61 resource records
2026-09-27T09:53:43.313638Z coredns[759]: INFO: plugin/kubernetes: 61 resource records
2026-09-27T09:53:52.313638Z coredns[953]: INFO: plugin/ready: Still waiting on: "kubernetes"
2026-09-27T09:54:00.313638Z coredns[611]: INFO: Reloading configuration
2026-09-27T09:54:09.313638Z coredns[953]: INFO: plugin/ready: Still waiting on: "kubernetes"
2026-09-27T09:54:18.313638Z coredns[120]: INFO: Health check OK
2026-09-27T09:54:26.313638Z coredns[953]: INFO: plugin/ready: Still waiting on: "kubernetes"
2026-09-27T09:54:35.313638Z coredns[100]: ERROR: upstream 10.176.16.166:53: read udp 10.31.19.226:10607->10.18.32.136:53: i/o timeout
2026-09-27T09:54:44.313638Z coredns[759]: INFO: plugin/kubernetes: 61 resource records
2026-09-27T09:54:52.313638Z coredns[120]: INFO: Health check OK
2026-09-27T09:55:01.313638Z coredns[769]: WARN: too many open files
2026-09-27T09:55:09.313638Z coredns[759]: INFO: plugin/kubernetes: 61 resource records
2026-09-27T09:55:18.313638Z coredns[953]: INFO: plugin/ready: Still waiting on: "kubernetes"
2026-09-27T09:55:27.313638Z coredns[953]: INFO: plugin/ready: Still waiting on: "kubernetes"
2026-09-27T09:55:35.313638Z coredns[759]: INFO: plugin/kubernetes: 61 resource records
2026-09-27T09:55:44.313638Z coredns[953]: INFO: plugin/ready: Still waiting on: "kubernetes"
2026-09-27T09:55:53.313638Z coredns[759]: INFO: plugin/kubernetes: 61 resource records
2026-09-27T09:56:01.313638Z coredns[953]: INFO: plugin/ready: Still waiting on: "kubernetes"
2026-09-27T09:56:10.313638Z coredns[759]: INFO: plugin/kubernetes: 61 resource records
2026-09-27T09:56:19.313638Z coredns[759]: INFO: plugin/kubernetes: 61 resource records
2026-09-27T09:56:27.313638Z coredns[120]: INFO: Health check OK
2026-09-27T09:56:36.313638Z coredns[120]: INFO: Health check OK
2026-09-27T09:56:44.313638Z coredns[759]: INFO: plugin/kubernetes: 61 resource records
2026-09-27T09:56:53.313638Z coredns[759]: INFO: plugin/kubernetes: 61 resource records
2026-09-27T09:57:02.313638Z coredns[953]: INFO: plugin/ready: Still waiting on: "kubernetes"
2026-09-27T09:57:10.313638Z coredns[953]: INFO: plugin/ready: Still waiting on: "kubernetes"
2026-09-27T09:57:19.313638Z coredns[759]: INFO: plugin/kubernetes: 61 resource records
2026-09-27T09:57:28.313638Z coredns[611]: INFO: Reloading configuration
2026-09-27T09:57:36.313638Z coredns[759]: INFO: plugin/kubernetes: 61 resource records
2026-09-27T09:57:45.313638Z coredns[953]: INFO: plugin/ready: Still waiting on: "kubernetes"
2026-09-27T09:57:54.313638Z coredns[759]: INFO: plugin/kubernetes: 61 resource records
2026-09-27T09:58:02.313638Z coredns[953]: INFO: plugin/ready: Still waiting on: "kubernetes"
2026-09-27T09:58:11.313638Z coredns[611]: INFO: Reloading configuration
2026-09-27T09:58:20.313638Z coredns[120]: INFO: Health check OK
2026-09-27T09:58:28.313638Z coredns[255]: ERROR: failed to list *v1.Service: Get "https://10.214.2.177:443": net/http: TLS handshake timeout
2026-09-27T09:58:37.313638Z coredns[759]: INFO: plugin/kubernetes: 61 resource records
2026-09-27T09:58:45.313638Z coredns[120]: INFO: Health check OK
2026-09-27T09:58:54.313638Z coredns[759]: INFO: plugin/kubernetes: 61 resource records
2026-09-27T09:59:03.313638Z coredns[759]: INFO: plugin/kubernetes: 61 resource records
2026-09-27T09:59:11.313638Z coredns[953]: INFO: plugin/ready: Still waiting on: "kubernetes"
2026-09-27T09:59:20.313638Z coredns[611]: INFO: Reloading configuration
2026-09-27T09:59:29.313638Z coredns[953]: INFO: plugin/ready: Still waiting on: "kubernetes"
2026-09-27T09:59:37.313638Z coredns[759]: INFO: plugin/kubernetes: 61 resource records
2026-09-27T09:59:46.313638Z coredns[100]: ERROR: upstream 10.176.16.166:53: read udp 10.31.19.226:10607->10.18.32.136:53: i/o timeout
2026-09-27T09:59:55.313638Z coredns[120]: INFO: Health check OK
2026-09-27T10:00:03.313638Z coredns[759]: INFO: plugin/kubernetes: 61 resource records
2026-09-27T10:00:12.313638Z coredns[759]: INFO: plugin/kubernetes: 61 resource records
2026-09-27T10:00:20.313638Z coredns[120]: INFO: Health check OK
2026-09-27T10:00:29.313638Z coredns[611]: INFO: Reloading configuration
2026-09-27T10:00:38.313638Z coredns[759]: INFO: plugin/kubernetes: 61 resource records
2026-09-27T10:00:46.313638Z coredns[120]: INFO: Health check OK
2026-09-27T10:00:55.313638Z coredns[759]: INFO: plugin/kubernetes: 61 resource records
2026-09-27T10:01:04.313638Z coredns[953]: INFO: plugin/ready: Still waiting on: "kubernetes"
2026-09-27T10:01:12.313638Z coredns[759]: INFO: plugin/kubernetes: 61 resource records
2026-09-27T10:01:21.313638Z coredns[611]: INFO: Reloading configuration
2026-09-27T10:01:30.313638Z coredns[953]: INFO: plugin/ready: Still waiting on: "kubernetes"
2026-09-27T10:01:38.313638Z coredns[611]: INFO: Reloading configuration
2026-09-27T10:01:47.313638Z coredns[759]: INFO: plugin/kubernetes: 61 resource records
2026-09-27T10:01:56.313638Z coredns[953]: INFO: plugin/ready: Still waiting on: "kubernetes"
2026-09-27T10:02:04.313638Z coredns[611]: INFO: Reloading configuration
2026-09-27T10:02:13.313638Z coredns[759]: INFO: plugin/kubernetes: 61 resource records
2026-09-27T10:02:21.313638Z coredns[611]: INFO: Reloading configuration
2026-09-27T10:02:30.313638Z coredns[759]: INFO: plugin/kubernetes: 61 resource records
2026-09-27T10:02:39.313638Z coredns[953]: INFO: plugin/ready: Still waiting on: "kubernetes"
2026-09-27T10:02:47.313638Z coredns[611]: INFO: Reloading configuration
2026-09-27T10:02:56.313638Z coredns[611]: INFO: Reloading configuration
2026-09-27T10:03:05.313638Z coredns[759]: INFO: plugin/kubernetes: 61 resource records
2026-09-27T10:03:13.313638Z coredns[611]: INFO: Reloading configuration
2026-09-27T10:03:22.313638Z coredns[759]: INFO: plugin/kubernetes: 61 resource records
2026-09-27T10:03:31.313638Z coredns[759]: INFO: plugin/kubernetes: 61 resource records
2026-09-27T10:03:39.313638Z coredns[120]: INFO: Health check OK
2026-09-27T10:03:48.313638Z coredns[953]: INFO: plugin/ready: Still waiting on: "kubernetes"
2026-09-27T10:03:56.313638Z coredns[611]: INFO: Reloading configuration
2026-09-27T10:04:05.313638Z coredns[953]: INFO: plugin/ready: Still waiting on: "kubernetes"
2026-09-27T10:04:14.313638Z coredns[953]: INFO: plugin/ready: Still waiting on: "kubernetes"
2026-09-27T10:04:22.313638Z coredns[120]: INFO: Health check OK
2026-09-27T10:04:31.313638Z coredns[759]: INFO: plugin/kubernetes: 61 resource records
2026-09-27T10:04:40.313638Z coredns[611]: INFO: Reloading configuration
2026-09-27T10:04:48.313638Z coredns[611]: INFO: Reloading configuration
2026-09-27T10:04:57.313638Z coredns[953]: INFO: plugin/ready: Still waiting on: "kubernetes"
2026-09-27T10:05:06.313638Z coredns[759]: INFO: plugin/kubernetes: 61 resource records
2026-09-27T10:05:14.313638Z coredns[953]: INFO: plugin/ready: Still waiting on: "kubernetes"
2026-09-27T10:05:23.313638Z coredns[120]: INFO: Health check OK
2026-09-27T10:05:32.313638Z coredns[759]: INFO: plugin/kubernetes: 61 resource records
2026-09-27T10:05:40.313638Z coredns[953]: INFO: plugin/ready: Still waiting on: "kubernetes"
2026-09-27T10:05:49.313638Z coredns[120]: INFO: Health check OK
2026-09-27T10:05:57.313638Z coredns[759]: INFO: plugin/kubernetes: 61 resource records
2026-09-27T10:06:06.313638Z coredns[120]: INFO: Health check OK
2026-09-27T10:06:15.313638Z coredns[759]: INFO: plugin/kubernetes: 61 resource records
2026-09-27T10:06:23.313638Z coredns[611]: INFO: Reloading configuration
2026-09-27T10:06:32.313638Z coredns[953]: INFO: plugin/ready: Still waiting on: "kubernetes"
2026-09-27T10:06:41.313638Z coredns[100]: ERROR: upstream 10.176.16.166:53: read udp 10.31.19.226:10607->10.18.32.136:53: i/o timeout
2026-09-27T10:06:49.313638Z coredns[953]: INFO: plugin/ready: Still waiting on: "kubernetes"
2026-09-27T10:06:58.313638Z coredns[120]: INFO: Health check OK
2026-09-27T10:07:07.313638Z coredns[120]: INFO: Health check OK
2026-09-27T10:07:15.313638Z coredns[953]: INFO: plugin/ready: Still waiting on: "kubernetes"
2026-09-27T10:07:24.313638Z coredns[953]: INFO: plugin/ready: Still waiting on: "kubernetes"
2026-09-27T10:07:32.313638Z coredns[120]: INFO: Health check OK
2026-09-27T10:07:41.313638Z coredns[100]: ERROR: upstream 10.176.16.166:53: read udp 10.31.19.226:10607->10.18.32.136:53: i/o timeout
2026-09-27T10:07:50.313638Z coredns[953]: INFO: plugin/ready: Still waiting on: "kubernetes"
2026-09-27T10:07:58.313638Z coredns[759]: INFO: plugin/kubernetes: 61 resource records
2026-09-27T10:08:07.313638Z coredns[759]: INFO: plugin/kubernetes: 61 resource records
2026-09-27T10:08:16.313638Z coredns[953]: INFO: plugin/ready: Still waiting on: "kubernetes"
2026-09-27T10:08:24.313638Z coredns[892]: ERROR: plugin/errors: 10.175.254.205:29556 - no such host
2026-09-27T10:08:33.313638Z coredns[953]: INFO: plugin/ready: Still waiting on: "kubernetes"
2026-09-27T10:08:42.313638Z coredns[953]: INFO: plugin/ready: Still waiting on: "kubernetes"
2026-09-27T10:08:50.313638Z coredns[953]: INFO: plugin/ready: Still waiting on: "kubernetes"
2026-09-27T10:08:59.313638Z coredns[100]: ERROR: upstream 10.176.16.166:53: read udp 10.31.19.226:10607->10.18.32.136:53: i/o timeout
2026-09-27T10:09:08.313638Z coredns[759]: INFO: plugin/kubernetes: 61 resource records
2026-09-27T10:09:16.313638Z coredns[953]: INFO: plugin/ready: Still waiting on: "kubernetes"
2026-09-27T10:09:25.313638Z coredns[120]: INFO: Health check OK
2026-09-27T10:09:33.313638Z coredns[611]: INFO: Reloading configuration
2026-09-27T10:09:42.313638Z coredns[611]: INFO: Reloading configuration
2026-09-27T10:09:51.313638Z coredns[759]: INFO: plugin/kubernetes: 61 resource records
2026-09-27T10:09:59.313638Z coredns[611]: INFO: Reloading configuration
2026-09-27T10:10:08.313638Z coredns[953]: INFO: plugin/ready: Still waiting on: "kubernetes"
2026-09-27T10:10:17.313638Z coredns[120]: INFO: Health check OK
2026-09-27T10:10:25.313638Z coredns[611]: INFO: Reloading configuration
2026-09-27T10:10:34.313638Z coredns[611]: INFO: Reloading configuration
2026-09-27T10:10:43.313638Z coredns[611]: INFO: Reloading configuration
2026-09-27T10:10:51.313638Z coredns[759]: INFO: plugin/kubernetes: 61 resource records
2026-09-27T10:11:00.313638Z coredns[953]: INFO: plugin/ready: Still waiting on: "kubernetes"
2026-09-27T10:11:08.313638Z coredns[953]: INFO: plugin/ready: Still waiting on: "kubernetes"
2026-09-27T10:11:17.313638Z coredns[611]: INFO: Reloading configuration
2026-09-27T10:11:26.313638Z coredns[759]: INFO: plugin/kubernetes: 61 resource records
2026-09-27T10:11:34.313638Z coredns[953]: INFO: plugin/ready: Still waiting on: "kubernetes"
2026-09-27T10:11:43.313638Z coredns[759]: INFO: plugin/kubernetes: 61 resource records
2026-09-27T10:11:52.313638Z coredns[759]: INFO: plugin/kubernetes: 61 resource records
2026-09-27T10:12:00.313638Z coredns[611]: INFO: Reloading configuration
2026-09-27T10:12:09.313638Z coredns[120]: INFO: Health check OK
2026-09-27T10:12:18.313638Z coredns[611]: INFO: Reloading configuration
2026-09-27T10:12:26.313638Z coredns[120]: INFO: Health check OK
2026-09-27T10:12:35.313638Z coredns[611]: INFO: Reloading configuration
2026-09-27T10:12:44.313638Z coredns[611]: INFO: Reloading configuration
2026-09-27T10:12:52.313638Z coredns[120]: INFO: Health check OK
2026-09-27T10:13:01.313638Z coredns[611]: INFO: Reloading configuration
2026-09-27T10:13:09.313638Z coredns[611]: INFO: Reloading configuration
2026-09-27T10:13:18.313638Z coredns[759]: INFO: plugin/kubernetes: 61 resource records
2026-09-27T10:13:27.313638Z coredns[953]: INFO: plugin/ready: Still waiting on: "kubernetes"
2026-09-27T10:13:35.313638Z coredns[953]: INFO: plugin/ready: Still waiting on: "kubernetes"
2026-09-27T10:13:44.313638Z coredns[769]: WARN: too many open files
2026-09-27T10:13:53.313638Z coredns[953]: INFO: plugin/ready: Still waiting on: "kubernetes"
2026-09-27T10:14:01.313638Z coredns[953]: INFO: plugin/ready: Still waiting on: "kubernetes"
2026-09-27T10:14:10.313638Z coredns[953]: INFO: plugin/ready: Still waiting on: "kubernetes"
2026-09-27T10:14:19.313638Z coredns[953]: INFO: plugin/ready: Still waiting on: "kubernetes"
2026-09-27T10:14:27.313638Z coredns[120]: INFO: Health check OK
2026-09-27T10:14:36.313638Z coredns[611]: INFO: Reloading configuration
2026-09-27T10:14:44.313638Z coredns[953]: INFO: plugin/ready: Still waiting on: "kubernetes"
2026-09-27T10:14:53.313638Z coredns[953]: INFO: plugin/ready: Still waiting on: "kubernetes"
2026-09-27T10:15:02.313638Z coredns[759]: INFO: plugin/kubernetes: 61 resource records
2026-09-27T10:15:10.313638Z coredns[953]: INFO: plugin/ready: Still waiting on: "kubernetes"
2026-09-27T10:15:19.313638Z coredns[953]: INFO: plugin/ready: Still waiting on: "kubernetes"
2026-09-27T10:15:28.313638Z coredns[759]: INFO: plugin/kubernetes: 61 resource records
2026-09-27T10:15:36.313638Z coredns[611]: INFO: Reloading configuration
2026-09-27T10:15:45.313638Z coredns[953]: INFO: plugin/ready: Still waiting on: "kubernetes"
2026-09-27T10:15:54.313638Z coredns[953]: INFO: plugin/ready: Still waiting on: "kubernetes"
2026-09-27T10:16:02.313638Z coredns[611]: INFO: Reloading configuration
2026-09-27T10:16:11.313638Z coredns[953]: INFO: plugin/ready: Still waiting on: "kubernetes"
2026-09-27T10:16:20.313638Z coredns[611]: INFO: Reloading configuration
2026-09-27T10:16:28.313638Z coredns[759]: INFO: plugin/kubernetes: 61 resource records
2026-09-27T10:16:37.313638Z coredns[953]: INFO: plugin/ready: Still waiting on: "kubernetes"
2026-09-27T10:16:45.313638Z coredns[120]: INFO: Health check OK
2026-09-27T10:16:54.313638Z coredns[953]: INFO: plugin/ready: Still waiting on: "kubernetes"
2026-09-27T10:17:03.313638Z coredns[611]: INFO: Reloading configuration
2026-09-27T10:17:11.313638Z coredns[759]: INFO: plugin/kubernetes: 61 resource records
2026-09-27T10:17:20.313638Z coredns[120]: INFO: Health check OK
2026-09-27T10:17:29.313638Z coredns[611]: INFO: Reloading configuration
2026-09-27T10:17:37.313638Z coredns[953]: INFO: plugin/ready: Still waiting on: "kubernetes"
2026-09-27T10:17:46.313638Z coredns[953]: INFO: plugin/ready: Still waiting on: "kubernetes"
2026-09-27T10:17:55.313638Z coredns[759]: INFO: plugin/kubernetes: 61 resource records
2026-09-27T10:18:03.313638Z coredns[759]: INFO: plugin/kubernetes: 61 resource records
2026-09-27T10:18:12.313638Z coredns[759]: INFO: plugin/kubernetes: 61 resource records
2026-09-27T10:18:20.313638Z coredns[611]: INFO: Reloading configuration
2026-09-27T10:18:29.313638Z coredns[953]: INFO: plugin/ready: Still waiting on: "kubernetes"
2026-09-27T10:18:38.313638Z coredns[759]: INFO: plugin/kubernetes: 61 resource records
2026-09-27T10:18:46.313638Z coredns[611]: INFO: Reloading configuration
2026-09-27T10:18:55.313638Z coredns[759]: INFO: plugin/kubernetes: 61 resource records
2026-09-27T10:19:04.313638Z coredns[611]: INFO: Reloading configuration
2026-09-27T10:19:12.313638Z coredns[953]: INFO: plugin/ready: Still waiting on: "kubernetes"
2026-09-27T10:19:21.313638Z coredns[611]: INFO: Reloading configuration
2026-09-27T10:19:30.313638Z coredns[120]: INFO: Health check OK
2026-09-27T10:19:38.313638Z coredns[759]: INFO: plugin/kubernetes: 61 resource records
2026-09-27T10:19:47.313638Z coredns[759]: INFO: plugin/kubernetes: 61 resource records
2026-09-27T10:19:56.313638Z coredns[953]: INFO: plugin/ready: Still waiting on: "kubernetes"
2026-09-27T10:20:04.313638Z coredns[120]: INFO: Health check OK
2026-09-27T10:20:13.313638Z coredns[759]: INFO: plugin/kubernetes: 61 resource records
2026-09-27T10:20:21.313638Z coredns[120]: INFO: Health check OK
2026-09-27T10:20:30.313638Z coredns[953]: INFO: plugin/ready: Still waiting on: "kubernetes"
2026-09-27T10:20:39.313638Z coredns[611]: INFO: Reloading configuration
2026-09-27T10:20:47.313638Z coredns[120]: INFO: Health check OK
2026-09-27T10:20:56.313638Z coredns[953]: INFO: plugin/ready: Still waiting on: "kubernetes"
2026-09-27T10:21:05.313638Z coredns[120]: INFO: Health check OK
2026-09-27T10:21:13.313638Z coredns[120]: INFO: Health check OK
2026-09-27T10:21:22.313638Z coredns[759]: INFO: plugin/kubernetes: 61 resource records
2026-09-27T10:21:31.313638Z coredns[120]: INFO: Health check OK
2026-09-27T10:21:39.313638Z coredns[759]: INFO: plugin/kubernetes: 61 resource records
2026-09-27T10:21:48.313638Z coredns[611]: INFO: Reloading configuration
2026-09-27T10:21:56.313638Z coredns[759]: INFO: plugin/kubernetes: 61 resource records
2026-09-27T10:22:05.313638Z coredns[953]: INFO: plugin/ready: Still waiting on: "kubernetes"
2026-09-27T10:22:14.313638Z coredns[120]: INFO: Health check OK
2026-09-27T10:22:22.313638Z coredns[611]: INFO: Reloading configuration
2026-09-27T10:22:31.313638Z coredns[611]: INFO: Reloading configuration
2026-09-27T10:22:40.313638Z coredns[953]: INFO: plugin/ready: Still waiting on: "kubernetes"
2026-09-27T10:22:48.313638Z coredns[953]: INFO: plugin/ready: Still waiting on: "kubernetes"
2026-09-27T10:22:57.313638Z coredns[759]: INFO: plugin/kubernetes: 61 resource records
2026-09-27T10:23:06.313638Z coredns[611]: INFO: Reloading configuration
2026-09-27T10:23:14.313638Z coredns[953]: INFO: plugin/ready: Still waiting on: "kubernetes"
2026-09-27T10:23:23.313638Z coredns[759]: INFO: plugin/kubernetes: 61 resource records
2026-09-27T10:23:32.313638Z coredns[611]: INFO: Reloading configuration
2026-09-27T10:23:40.313638Z coredns[953]: INFO: plugin/ready: Still waiting on: "kubernetes"
2026-09-27T10:23:49.313638Z coredns[611]: INFO: Reloading configuration
2026-09-27T10:23:57.313638Z coredns[611]: INFO: Reloading configuration
2026-09-27T10:24:06.313638Z coredns[611]: INFO: Reloading configuration
2026-09-27T10:24:15.313638Z coredns[953]: INFO: plugin/ready: Still waiting on: "kubernetes"
2026-09-27T10:24:23.313638Z coredns[759]: INFO: plugin/kubernetes: 61 resource records
2026-09-27T10:24:32.313638Z coredns[120]: INFO: Health check OK
2026-09-27T10:24:41.313638Z coredns[120]: INFO: Health check OK
2026-09-27T10:24:49.313638Z coredns[759]: INFO: plugin/kubernetes: 61 resource records
2026-09-27T10:24:58.313638Z coredns[611]: INFO: Reloading configuration
2026-09-27T10:25:07.313638Z coredns[120]: INFO: Health check OK
2026-09-27T10:25:15.313638Z coredns[611]: INFO: Reloading configuration
2026-09-27T10:25:24.313638Z coredns[120]: INFO: Health check OK
2026-09-27T10:25:32.313638Z coredns[953]: INFO: plugin/ready: Still waiting on: "kubernetes"
2026-09-27T10:25:41.313638Z coredns[611]: INFO: Reloading configuration
2026-09-27T10:25:50.313638Z coredns[953]: INFO: plugin/ready: Still waiting on: "kubernetes"
2026-09-27T10:25:58.313638Z coredns[953]: INFO: plugin/ready: Still waiting on: "kubernetes"
2026-09-27T10:26:07.313638Z coredns[953]: INFO: plugin/ready: Still waiting on: "kubernetes"
2026-09-27T10:26:16.313638Z coredns[611]: INFO: Reloading configuration
2026-09-27T10:26:24.313638Z coredns[611]: INFO: Reloading configuration
2026-09-27T10:26:33.313638Z coredns[120]: INFO: Health check OK
2026-09-27T10:26:42.313638Z coredns[611]: INFO: Reloading configuration
2026-09-27T10:26:50.313638Z coredns[769]: WARN: too many open files
2026-09-27T10:26:59.313638Z coredns[953]: INFO: plugin/ready: Still waiting on: "kubernetes"
2026-09-27T10:27:08.313638Z coredns[892]: ERROR: plugin/errors: 10.175.254.205:29556 - no such host
2026-09-27T10:27:16.313638Z coredns[759]: INFO: plugin/kubernetes: 61 resource records
2026-09-27T10:27:25.313638Z coredns[892]: ERROR: plugin/errors: 10.175.254.205:29556 - no such host
2026-09-27T10:27:33.313638Z coredns[120]: INFO: Health check OK
2026-09-27T10:27:42.313638Z coredns[611]: INFO: Reloading configuration
2026-09-27T10:27:51.313638Z coredns[120]: INFO: Health check OK
2026-09-27T10:27:59.313638Z coredns[953]: INFO: plugin/ready: Still waiting on: "kubernetes"
2026-09-27T10:28:08.313638Z coredns[120]: INFO: Health check OK
2026-09-27T10:28:17.313638Z coredns[953]: INFO: plugin/ready: Still waiting on: "kubernetes"
2026-09-27T10:28:25.313638Z coredns[611]: INFO: Reloading configuration
2026-09-27T10:28:34.313638Z coredns[120]: INFO: Health check OK
2026-09-27T10:28:43.313638Z coredns[953]: INFO: plugin/ready: Still waiting on: "kubernetes"
2026-09-27T10:28:51.313638Z coredns[120]: INFO: Health check OK
2026-09-27T10:29:00.313638Z coredns[953]: INFO: plugin/ready: Still waiting on: "kubernetes"
2026-09-27T10:29:08.313638Z coredns[759]: INFO: plugin/kubernetes: 61 resource records
2026-09-27T10:29:17.313638Z coredns[120]: INFO: Health check OK
2026-09-27T10:29:26.313638Z coredns[953]: INFO: plugin/ready: Still waiting on: "kubernetes"
2026-09-27T10:29:34.313638Z coredns[611]: INFO: Reloading configuration
2026-09-27T10:29:43.313638Z coredns[611]: INFO: Reloading configuration
2026-09-27T10:29:52.313638Z coredns[953]: INFO: plugin/ready: Still waiting on: "kubernetes"
2026-09-27T10:30:00.313638Z coredns[611]: INFO: Reloading configuration
2026-09-27T10:30:09.313638Z coredns[953]: INFO: plugin/ready: Still waiting on: "kubernetes"
2026-09-27T10:30:18.313638Z coredns[611]: INFO: Reloading configuration
2026-09-27T10:30:26.313638Z coredns[611]: INFO: Reloading configuration
2026-09-27T10:30:35.313638Z coredns[953]: INFO: plugin/ready: Still waiting on: "kubernetes"
2026-09-27T10:30:44.313638Z coredns[953]: INFO: plugin/ready: Still waiting on: "kubernetes"
2026-09-27T10:30:52.313638Z coredns[120]: INFO: Health check OK
2026-09-27T10:31:01.313638Z coredns[759]: INFO: plugin/kubernetes: 61 resource records
2026-09-27T10:31:09.313638Z coredns[120]: INFO: Health check OK
2026-09-27T10:31:18.313638Z coredns[953]: INFO: plugin/ready: Still waiting on: "kubernetes"
2026-09-27T10:31:27.313638Z coredns[759]: INFO: plugin/kubernetes: 61 resource records
2026-09-27T10:31:35.313638Z coredns[769]: WARN: too many open files
2026-09-27T10:31:44.313638Z coredns[759]: INFO: plugin/kubernetes: 61 resource records
2026-09-27T10:31:53.313638Z coredns[953]: INFO: plugin/ready: Still waiting on: "kubernetes"
2026-09-27T10:32:01.313638Z coredns[759]: INFO: plugin/kubernetes: 61 resource records
2026-09-27T10:32:10.313638Z coredns[953]: INFO: plugin/ready: Still waiting on: "kubernetes"
2026-09-27T10:32:19.313638Z coredns[120]: INFO: Health check OK
2026-09-27T10:32:27.313638Z coredns[759]: INFO: plugin/kubernetes: 61 resource records
2026-09-27T10:32:36.313638Z coredns[611]: INFO: Reloading configuration
2026-09-27T10:32:44.313638Z coredns[759]: INFO: plugin/kubernetes: 61 resource records
2026-09-27T10:32:53.313638Z coredns[120]: INFO: Health check OK
2026-09-27T10:33:02.313638Z coredns[611]: INFO: Reloading configuration
2026-09-27T10:33:10.313638Z coredns[611]: INFO: Reloading configuration
2026-09-27T10:33:19.313638Z coredns[759]: INFO: plugin/kubernetes: 61 resource records
2026-09-27T10:33:28.313638Z coredns[953]: INFO: plugin/ready: Still waiting on: "kubernetes"
2026-09-27T10:33:36.313638Z coredns[953]: INFO: plugin/ready: Still waiting on: "kubernetes"
2026-09-27T10:33:45.313638Z coredns[759]: INFO: plugin/kubernetes: 61 resource records
2026-09-27T10:33:54.313638Z coredns[120]: INFO: Health check OK
2026-09-27T10:34:02.313638Z coredns[611]: INFO: Reloading configuration
2026-09-27T10:34:11.313638Z coredns[120]: INFO: Health check OK
2026-09-27T10:34:20.313638Z coredns[759]: INFO: plugin/kubernetes: 61 resource records
2026-09-27T10:34:28.313638Z coredns[953]: INFO: plugin/ready: Still waiting on: "kubernetes"
2026-09-27T10:34:37.313638Z coredns[759]: INFO: plugin/kubernetes: 61 resource records
2026-09-27T10:34:45.313638Z coredns[953]: INFO: plugin/ready: Still waiting on: "kubernetes"
2026-09-27T10:34:54.313638Z coredns[953]: INFO: plugin/ready: Still waiting on: "kubernetes"
2026-09-27T10:35:03.313638Z coredns[759]: INFO: plugin/kubernetes: 61 resource records
2026-09-27T10:35:11.313638Z coredns[611]: INFO: Reloading configuration
2026-09-27T10:35:20.313638Z coredns[759]: INFO: plugin/kubernetes: 61 resource records
2026-09-27T10:35:29.313638Z coredns[953]: INFO: plugin/ready: Still waiting on: "kubernetes"
2026-09-27T10:35:37.313638Z coredns[953]: INFO: plugin/ready: Still waiting on: "kubernetes"
2026-09-27T10:35:46.313638Z coredns[255]: ERROR: failed to list *v1.Service: Get "https://10.214.2.177:443": net/http: TLS handshake timeout
2026-09-27T10:35:55.313638Z coredns[953]: INFO: plugin/ready: Still waiting on: "kubernetes"
2026-09-27T10:36:03.313638Z coredns[611]: INFO: Reloading configuration
2026-09-27T10:36:12.313638Z coredns[759]: INFO: plugin/kubernetes: 61 resource records
2026-09-27T10:36:20.313638Z coredns[759]: INFO: plugin/kubernetes: 61 resource records
2026-09-27T10:36:29.313638Z coredns[759]: INFO: plugin/kubernetes: 61 resource records
2026-09-27T10:36:38.313638Z coredns[120]: INFO: Health check OK
2026-09-27T10:36:46.313638Z coredns[759]: INFO: plugin/kubernetes: 61 resource records
2026-09-27T10:36:55.313638Z coredns[953]: INFO: plugin/ready: Still waiting on: "kubernetes"
2026-09-27T10:37:04.313638Z coredns[759]: INFO: plugin/kubernetes: 61 resource records
2026-09-27T10:37:12.313638Z coredns[759]: INFO: plugin/kubernetes: 61 resource records
2026-09-27T10:37:21.313638Z coredns[769]: WARN: too many open files
2026-09-27T10:37:30.313638Z coredns[611]: INFO: Reloading configuration
2026-09-27T10:37:38.313638Z coredns[100]: ERROR: upstream 10.176.16.166:53: read udp 10.31.19.226:10607->10.18.32.136:53: i/o timeout
2026-09-27T10:37:47.313638Z coredns[120]: INFO: Health check OK
2026-09-27T10:37:56.313638Z coredns[120]: INFO: Health check OK
2026-09-27T10:38:04.313638Z coredns[611]: INFO: Reloading configuration
2026-09-27T10:38:13.313638Z coredns[759]: INFO: plugin/kubernetes: 61 resource records
2026-09-27T10:38:21.313638Z coredns[255]: ERROR: failed to list *v1.Service: Get "https://10.214.2.177:443": net/http: TLS handshake timeout
2026-09-27T10:38:30.313638Z coredns[120]: INFO: Health check OK
2026-09-27T10:38:39.313638Z coredns[759]: INFO: plugin/kubernetes: 61 resource records
2026-09-27T10:38:47.313638Z coredns[892]: ERROR: plugin/errors: 10.175.254.205:29556 - no such host
2026-09-27T10:38:56.313638Z coredns[953]: INFO: plugin/ready: Still waiting on: "kubernetes"
2026-09-27T10:39:05.313638Z coredns[120]: INFO: Health check OK
2026-09-27T10:39:13.313638Z coredns[611]: INFO: Reloading configuration
2026-09-27T10:39:22.313638Z coredns[120]: INFO: Health check OK
2026-09-27T10:39:31.313638Z coredns[953]: INFO: plugin/ready: Still waiting on: "kubernetes"
2026-09-27T10:39:39.313638Z coredns[759]: INFO: plugin/kubernetes: 61 resource records
2026-09-27T10:39:48.313638Z coredns[759]: INFO: plugin/kubernetes: 61 resource records
2026-09-27T10:39:56.313638Z coredns[611]: INFO: Reloading configuration
2026-09-27T10:40:05.313638Z coredns[611]: INFO: Reloading configuration
2026-09-27T10:40:14.313638Z coredns[953]: INFO: plugin/ready: Still waiting on: "kubernetes"
2026-09-27T10:40:22.313638Z coredns[120]: INFO: Health check OK
2026-09-27T10:40:31.313638Z coredns[759]: INFO: plugin/kubernetes: 61 resource records
2026-09-27T10:40:40.313638Z coredns[953]: INFO: plugin/ready: Still waiting on: "kubernetes"
2026-09-27T10:40:48.313638Z coredns[759]: INFO: plugin/kubernetes: 61 resource records
2026-09-27T10:40:57.313638Z coredns[611]: INFO: Reloading configuration
2026-09-27T10:41:06.313638Z coredns[953]: INFO: plugin/ready: Still waiting on: "kubernetes"
2026-09-27T10:41:14.313638Z coredns[953]: INFO: plugin/ready: Still waiting on: "kubernetes"
2026-09-27T10:41:23.313638Z coredns[953]: INFO: plugin/ready: Still waiting on: "kubernetes"
2026-09-27T10:41:32.313638Z coredns[953]: INFO: plugin/ready: Still waiting on: "kubernetes"
2026-09-27T10:41:40.313638Z coredns[611]: INFO: Reloading configuration
2026-09-27T10:41:49.313638Z coredns[120]: INFO: Health check OK
2026-09-27T10:41:57.313638Z coredns[120]: INFO: Health check OK
2026-09-27T10:42:06.313638Z coredns[759]: INFO: plugin/kubernetes: 61 resource records
2026-09-27T10:42:15.313638Z coredns[120]: INFO: Health check OK
2026-09-27T10:42:23.313638Z coredns[120]: INFO: Health check OK
2026-09-27T10:42:32.313638Z coredns[953]: INFO: plugin/ready: Still waiting on: "kubernetes"
2026-09-27T10:42:41.313638Z coredns[120]: INFO: Health check OK
2026-09-27T10:42:49.313638Z coredns[120]: INFO: Health check OK
2026-09-27T10:42:58.313638Z coredns[953]: INFO: plugin/ready: Still waiting on: "kubernetes"
2026-09-27T10:43:07.313638Z coredns[611]: INFO: Reloading configuration
2026-09-27T10:43:15.313638Z coredns[611]: INFO: Reloading configuration
2026-09-27T10:43:24.313638Z coredns[759]: INFO: plugin/kubernetes: 61 resource records
2026-09-27T10:43:32.313638Z coredns[759]: INFO: plugin/kubernetes: 61 resource records
2026-09-27T10:43:41.313638Z coredns[611]: INFO: Reloading configuration
2026-09-27T10:43:50.313638Z coredns[611]: INFO: Reloading configuration
2026-09-27T10:43:58.313638Z coredns[120]: INFO: Health check OK
2026-09-27T10:44:07.313638Z coredns[759]: INFO: plugin/kubernetes: 61 resource records
2026-09-27T10:44:16.313638Z coredns[255]: ERROR: failed to list *v1.Service: Get "https://10.214.2.177:443": net/http: TLS handshake timeout
2026-09-27T10:44:24.313638Z coredns[120]: INFO: Health check OK
2026-09-27T10:44:33.313638Z coredns[759]: INFO: plugin/kubernetes: 61 resource records
2026-09-27T10:44:42.313638Z coredns[953]: INFO: plugin/ready: Still waiting on: "kubernetes"
2026-09-27T10:44:50.313638Z coredns[953]: INFO: plugin/ready: Still waiting on: "kubernetes"
2026-09-27T10:44:59.313638Z coredns[759]: INFO: plugin/kubernetes: 61 resource records
2026-09-27T10:45:08.313638Z coredns[611]: INFO: Reloading configuration
2026-09-27T10:45:16.313638Z coredns[953]: INFO: plugin/ready: Still waiting on: "kubernetes"
2026-09-27T10:45:25.313638Z coredns[120]: INFO: Health check OK
2026-09-27T10:45:33.313638Z coredns[611]: INFO: Reloading configuration
2026-09-27T10:45:42.313638Z coredns[953]: INFO: plugin/ready: Still waiting on: "kubernetes"
2026-09-27T10:45:51.313638Z coredns[953]: INFO: plugin/ready: Still waiting on: "kubernetes"
2026-09-27T10:45:59.313638Z coredns[953]: INFO: plugin/ready: Still waiting on: "kubernetes"
2026-09-27T10:46:08.313638Z coredns[611]: INFO: Reloading configuration
2026-09-27T10:46:17.313638Z coredns[953]: INFO: plugin/ready: Still waiting on: "kubernetes"
2026-09-27T10:46:25.313638Z coredns[120]: INFO: Health check OK
2026-09-27T10:46:34.313638Z coredns[759]: INFO: plugin/kubernetes: 61 resource records
2026-09-27T10:46:43.313638Z coredns[611]: INFO: Reloading configuration
2026-09-27T10:46:51.313638Z coredns[953]: INFO: plugin/ready: Still waiting on: "kubernetes"
2026-09-27T10:47:00.313638Z coredns[120]: INFO: Health check OK
2026-09-27T10:47:08.313638Z coredns[611]: INFO: Reloading configuration
2026-09-27T10:47:17.313638Z coredns[611]: INFO: Reloading configuration
2026-09-27T10:47:26.313638Z coredns[759]: INFO: plugin/kubernetes: 61 resource records
2026-09-27T10:47:34.313638Z coredns[759]: INFO: plugin/kubernetes: 61 resource records
2026-09-27T10:47:43.313638Z coredns[759]: INFO: plugin/kubernetes: 61 resource records
2026-09-27T10:47:52.313638Z coredns[953]: INFO: plugin/ready: Still waiting on: "kubernetes"
2026-09-27T10:48:00.313638Z coredns[120]: INFO: Health check OK
2026-09-27T10:48:09.313638Z coredns[759]: INFO: plugin/kubernetes: 61 resource records
2026-09-27T10:48:18.313638Z coredns[120]: INFO: Health check OK
2026-09-27T10:48:26.313638Z coredns[611]: INFO: Reloading configuration
2026-09-27T10:48:35.313638Z coredns[953]: INFO: plugin/ready: Still waiting on: "kubernetes"
2026-09-27T10:48:44.313638Z coredns[759]: INFO: plugin/kubernetes: 61 resource records
2026-09-27T10:48:52.313638Z coredns[120]: INFO: Health check OK
2026-09-27T10:49:01.313638Z coredns[611]: INFO: Reloading configuration
2026-09-27T10:49:09.313638Z coredns[611]: INFO: Reloading configuration
2026-09-27T10:49:18.313638Z coredns[611]: INFO: Reloading configuration
2026-09-27T10:49:27.313638Z coredns[759]: INFO: plugin/kubernetes: 61 resource records
2026-09-27T10:49:35.313638Z coredns[953]: INFO: plugin/ready: Still waiting on: "kubernetes"
2026-09-27T10:49:44.313638Z coredns[120]: INFO: Health check OK
2026-09-27T10:49:53.313638Z coredns[953]: INFO: plugin/ready: Still waiting on: "kubernetes"
2026-09-27T10:50:01.313638Z coredns[611]: INFO: Reloading configuration
2026-09-27T10:50:10.313638Z coredns[953]: INFO: plugin/ready: Still waiting on: "kubernetes"
2026-09-27T10:50:19.313638Z coredns[953]: INFO: plugin/ready: Still waiting on: "kubernetes"
2026-09-27T10:50:27.313638Z coredns[120]: INFO: Health check OK
2026-09-27T10:50:36.313638Z coredns[953]: INFO: plugin/ready: Still waiting on: "kubernetes"
2026-09-27T10:50:44.313638Z coredns[759]: INFO: plugin/kubernetes: 61 resource records
2026-09-27T10:50:53.313638Z coredns[120]: INFO: Health check OK
2026-09-27T10:51:02.313638Z coredns[953]: INFO: plugin/ready: Still waiting on: "kubernetes"
2026-09-27T10:51:10.313638Z coredns[953]: INFO: plugin/ready: Still waiting on: "kubernetes"
2026-09-27T10:51:19.313638Z coredns[759]: INFO: plugin/kubernetes: 61 resource records
2026-09-27T10:51:28.313638Z coredns[953]: INFO: plugin/ready: Still waiting on: "kubernetes"
2026-09-27T10:51:36.313638Z coredns[759]: INFO: plugin/kubernetes: 61 resource records
2026-09-27T10:51:45.313638Z coredns[611]: INFO: Reloading configuration
2026-09-27T10:51:54.313638Z coredns[611]: INFO: Reloading configuration
2026-09-27T10:52:02.313638Z coredns[759]: INFO: plugin/kubernetes: 61 resource records
2026-09-27T10:52:11.313638Z coredns[120]: INFO: Health check OK
2026-09-27T10:52:20.313638Z coredns[120]: INFO: Health check OK
2026-09-27T10:52:28.313638Z coredns[953]: INFO: plugin/ready: Still waiting on: "kubernetes"
2026-09-27T10:52:37.313638Z coredns[953]: INFO: plugin/ready: Still waiting on: "kubernetes"
2026-09-27T10:52:45.313638Z coredns[892]: ERROR: plugin/errors: 10.175.254.205:29556 - no such host
2026-09-27T10:52:54.313638Z coredns[953]: INFO: plugin/ready: Still waiting on: "kubernetes"
2026-09-27T10:53:03.313638Z coredns[759]: INFO: plugin/kubernetes: 61 resource records
2026-09-27T10:53:11.313638Z coredns[953]: INFO: plugin/ready: Still waiting on: "kubernetes"
2026-09-27T10:53:20.313638Z coredns[611]: INFO: Reloading configuration
2026-09-27T10:53:29.313638Z coredns[953]: INFO: plugin/ready: Still waiting on: "kubernetes"
2026-09-27T10:53:37.313638Z coredns[759]: INFO: plugin/kubernetes: 61 resource records
2026-09-27T10:53:46.313638Z coredns[120]: INFO: Health check OK
2026-09-27T10:53:55.313638Z coredns[892]: ERROR: plugin/errors: 10.175.254.205:29556 - no such host
2026-09-27T10:54:03.313638Z coredns[120]: INFO: Health check OK
2026-09-27T10:54:12.313638Z coredns[611]: INFO: Reloading configuration
2026-09-27T10:54:20.313638Z coredns[953]: INFO: plugin/ready: Still waiting on: "kubernetes"
2026-09-27T10:54:29.313638Z coredns[611]: INFO: Reloading configuration
2026-09-27T10:54:38.313638Z coredns[120]: INFO: Health check OK
2026-09-27T10:54:46.313638Z coredns[120]: INFO: Health check OK
2026-09-27T10:54:55.313638Z coredns[611]: INFO: Reloading configuration
2026-09-27T10:55:04.313638Z coredns[120]: INFO: Health check OK
2026-09-27T10:55:12.313638Z coredns[953]: INFO: plugin/ready: Still waiting on: "kubernetes"
2026-09-27T10:55:21.313638Z coredns[953]: INFO: plugin/ready: Still waiting on: "kubernetes"
2026-09-27T10:55:30.313638Z coredns[759]: INFO: plugin/kubernetes: 61 resource records
2026-09-27T10:55:38.313638Z coredns[611]: INFO: Reloading configuration
2026-09-27T10:55:47.313638Z coredns[120]: INFO: Health check OK
2026-09-27T10:55:56.313638Z coredns[953]: INFO: plugin/ready: Still waiting on: "kubernetes"
2026-09-27T10:56:04.313638Z coredns[759]: INFO: plugin/kubernetes: 61 resource records
2026-09-27T10:56:13.313638Z coredns[120]: INFO: Health check OK
2026-09-27T10:56:21.313638Z coredns[769]: WARN: too many open files
2026-09-27T10:56:30.313638Z coredns[611]: INFO: Reloading configuration
2026-09-27T10:56:39.313638Z coredns[120]: INFO: Health check OK
2026-09-27T10:56:47.313638Z coredns[611]: INFO: Reloading configuration
2026-09-27T10:56:56.313638Z coredns[120]: INFO: Health check OK
2026-09-27T10:57:05.313638Z coredns[120]: INFO: Health check OK
2026-09-27T10:57:13.313638Z coredns[759]: INFO: plugin/kubernetes: 61 resource records
2026-09-27T10:57:22.313638Z coredns[759]: INFO: plugin/kubernetes: 61 resource records
2026-09-27T10:57:31.313638Z coredns[611]: INFO: Reloading configuration
2026-09-27T10:57:39.313638Z coredns[759]: INFO: plugin/kubernetes: 61 resource records
2026-09-27T10:57:48.313638Z coredns[611]: INFO: Reloading configuration
2026-09-27T10:57:56.313638Z coredns[611]: INFO: Reloading configuration
2026-09-27T10:58:05.313638Z coredns[611]: INFO: Reloading configuration
2026-09-27T10:58:14.313638Z coredns[953]: INFO: plugin/ready: Still waiting on: "kubernetes"
2026-09-27T10:58:22.313638Z coredns[611]: INFO: Reloading configuration
2026-09-27T10:58:31.313638Z coredns[953]: INFO: plugin/ready: Still waiting on: "kubernetes"
2026-09-27T10:58:40.313638Z coredns[953]: INFO: plugin/ready: Still waiting on: "kubernetes"
2026-09-27T10:58:48.313638Z coredns[759]: INFO: plugin/kubernetes: 61 resource records
2026-09-27T10:58:57.313638Z coredns[120]: INFO: Health check OK
2026-09-27T10:59:06.313638Z coredns[611]: INFO: Reloading configuration
2026-09-27T10:59:14.313638Z coredns[611]: INFO: Reloading configuration
2026-09-27T10:59:23.313638Z coredns[255]: ERROR: failed to list *v1.Service: Get "https://10.214.2.177:443": net/http: TLS handshake timeout
2026-09-27T10:59:32.313638Z coredns[611]: INFO: Reloading configuration
2026-09-27T10:59:40.313638Z coredns[892]: ERROR: plugin/errors: 10.175.254.205:29556 - no such host
2026-09-27T10:59:49.313638Z coredns[120]: INFO: Health check OK
2026-09-27T10:59:57.313638Z coredns[759]: INFO: plugin/kubernetes: 61 resource records
2026-09-27T11:00:06.313638Z coredns[120]: INFO: Health check OK
2026-09-27T11:00:15.313638Z coredns[953]: INFO: plugin/ready: Still waiting on: "kubernetes"
2026-09-27T11:00:23.313638Z coredns[769]: WARN: too many open files
2026-09-27T11:00:32.313638Z coredns[611]: INFO: Reloading configuration
2026-09-27T11:00:41.313638Z coredns[953]: INFO: plugin/ready: Still waiting on: "kubernetes"
2026-09-27T11:00:49.313638Z coredns[611]: INFO: Reloading configuration
2026-09-27T11:00:58.313638Z coredns[759]: INFO: plugin/kubernetes: 61 resource records
2026-09-27T11:01:07.313638Z coredns[759]: INFO: plugin/kubernetes: 61 resource records
2026-09-27T11:01:15.313638Z coredns[759]: INFO: plugin/kubernetes: 61 resource records
2026-09-27T11:01:24.313638Z coredns[953]: INFO: plugin/ready: Still waiting on: "kubernetes"
2026-09-27T11:01:32.313638Z coredns[120]: INFO: Health check OK
2026-09-27T11:01:41.313638Z coredns[120]: INFO: Health check OK
2026-09-27T11:01:50.313638Z coredns[255]: ERROR: failed to list *v1.Service: Get "https://10.214.2.177:443": net/http: TLS handshake timeout
2026-09-27T11:01:58.313638Z coredns[759]: INFO: plugin/kubernetes: 61 resource records
2026-09-27T11:02:07.313638Z coredns[953]: INFO: plugin/ready: Still waiting on: "kubernetes"
2026-09-27T11:02:16.313638Z coredns[953]: INFO: plugin/ready: Still waiting on: "kubernetes"
2026-09-27T11:02:24.313638Z coredns[759]: INFO: plugin/kubernetes: 61 resource records
2026-09-27T11:02:33.313638Z coredns[953]: INFO: plugin/ready: Still waiting on: "kubernetes"
2026-09-27T11:02:42.313638Z coredns[759]: INFO: plugin/kubernetes: 61 resource records
2026-09-27T11:02:50.313638Z coredns[611]: INFO: Reloading configuration
2026-09-27T11:02:59.313638Z coredns[611]: INFO: Reloading configuration
2026-09-27T11:03:08.313638Z coredns[953]: INFO: plugin/ready: Still waiting on: "kubernetes"
2026-09-27T11:03:16.313638Z coredns[953]: INFO: plugin/ready: Still waiting on: "kubernetes"
2026-09-27T11:03:25.313638Z coredns[759]: INFO: plugin/kubernetes: 61 resource records
2026-09-27T11:03:33.313638Z coredns[759]: INFO: plugin/kubernetes: 61 resource records
2026-09-27T11:03:42.313638Z coredns[759]: INFO: plugin/kubernetes: 61 resource records
2026-09-27T11:03:51.313638Z coredns[120]: INFO: Health check OK
2026-09-27T11:03:59.313638Z coredns[953]: INFO: plugin/ready: Still waiting on: "kubernetes"
2026-09-27T11:04:08.313638Z coredns[120]: INFO: Health check OK
2026-09-27T11:04:17.313638Z coredns[953]: INFO: plugin/ready: Still waiting on: "kubernetes"
2026-09-27T11:04:25.313638Z coredns[100]: ERROR: upstream 10.176.16.166:53: read udp 10.31.19.226:10607->10.18.32.136:53: i/o timeout
2026-09-27T11:04:34.313638Z coredns[759]: INFO: plugin/kubernetes: 61 resource records
2026-09-27T11:04:43.313638Z coredns[120]: INFO: Health check OK
2026-09-27T11:04:51.313638Z coredns[769]: WARN: too many open files
2026-09-27T11:05:00.313638Z coredns[759]: INFO: plugin/kubernetes: 61 resource records
2026-09-27T11:05:08.313638Z coredns[611]: INFO: Reloading configuration
2026-09-27T11:05:17.313638Z coredns[953]: INFO: plugin/ready: Still waiting on: "kubernetes"
2026-09-27T11:05:26.313638Z coredns[953]: INFO: plugin/ready: Still waiting on: "kubernetes"
2026-09-27T11:05:34.313638Z coredns[120]: INFO: Health check OK
2026-09-27T11:05:43.313638Z coredns[759]: INFO: plugin/kubernetes: 61 resource records
2026-09-27T11:05:52.313638Z coredns[953]: INFO: plugin/ready: Still waiting on: "kubernetes"
2026-09-27T11:06:00.313638Z coredns[611]: INFO: Reloading configuration
2026-09-27T11:06:09.313638Z coredns[611]: INFO: Reloading configuration
2026-09-27T11:06:18.313638Z coredns[759]: INFO: plugin/kubernetes: 61 resource records
2026-09-27T11:06:26.313638Z coredns[120]: INFO: Health check OK
2026-09-27T11:06:35.313638Z coredns[611]: INFO: Reloading configuration
2026-09-27T11:06:44.313638Z coredns[611]: INFO: Reloading configuration
2026-09-27T11:06:52.313638Z coredns[120]: INFO: Health check OK
2026-09-27T11:07:01.313638Z coredns[759]: INFO: plugin/kubernetes: 61 resource records
2026-09-27T11:07:09.313638Z coredns[611]: INFO: Reloading configuration
2026-09-27T11:07:18.313638Z coredns[953]: INFO: plugin/ready: Still waiting on: "kubernetes"
2026-09-27T11:07:27.313638Z coredns[953]: INFO: plugin/ready: Still waiting on: "kubernetes"
2026-09-27T11:07:35.313638Z coredns[953]: INFO: plugin/ready: Still waiting on: "kubernetes"
2026-09-27T11:07:44.313638Z coredns[953]: INFO: plugin/ready: Still waiting on: "kubernetes"
2026-09-27T11:07:53.313638Z coredns[611]: INFO: Reloading configuration
2026-09-27T11:08:01.313638Z coredns[759]: INFO: plugin/kubernetes: 61 resource records
2026-09-27T11:08:10.313638Z coredns[120]: INFO: Health check OK
2026-09-27T11:08:19.313638Z coredns[953]: INFO: plugin/ready: Still waiting on: "kubernetes"
2026-09-27T11:08:27.313638Z coredns[611]: INFO: Reloading configuration
2026-09-27T11:08:36.313638Z coredns[759]: INFO: plugin/kubernetes: 61 resource records
2026-09-27T11:08:44.313638Z coredns[255]: ERROR: failed to list *v1.Service: Get "https://10.214.2.177:443": net/http: TLS handshake timeout
2026-09-27T11:08:53.313638Z coredns[759]: INFO: plugin/kubernetes: 61 resource records
2026-09-27T11:09:02.313638Z coredns[953]: INFO: plugin/ready: Still waiting on: "kubernetes"
2026-09-27T11:09:10.313638Z coredns[120]: INFO: Health check OK
2026-09-27T11:09:19.313638Z coredns[953]: INFO: plugin/ready: Still waiting on: "kubernetes"
2026-09-27T11:09:28.313638Z coredns[953]: INFO: plugin/ready: Still waiting on: "kubernetes"
2026-09-27T11:09:36.313638Z coredns[120]: INFO: Health check OK
2026-09-27T11:09:45.313638Z coredns[759]: INFO: plugin/kubernetes: 61 resource records
2026-09-27T11:09:54.313638Z coredns[953]: INFO: plugin/ready: Still waiting on: "kubernetes"
2026-09-27T11:10:02.313638Z coredns[120]: INFO: Health check OK
2026-09-27T11:10:11.313638Z coredns[759]: INFO: plugin/kubernetes: 61 resource records
2026-09-27T11:10:20.313638Z coredns[120]: INFO: Health check OK
2026-09-27T11:10:28.313638Z coredns[953]: INFO: plugin/ready: Still waiting on: "kubernetes"
2026-09-27T11:10:37.313638Z coredns[120]: INFO: Health check OK
2026-09-27T11:10:45.313638Z coredns[611]: INFO: Reloading configuration
2026-09-27T11:10:54.313638Z coredns[953]: INFO: plugin/ready: Still waiting on: "kubernetes"
2026-09-27T11:11:03.313638Z coredns[953]: INFO: plugin/ready: Still waiting on: "kubernetes"
2026-09-27T11:11:11.313638Z coredns[759]: INFO: plugin/kubernetes: 61 resource records
2026-09-27T11:11:20.313638Z coredns[953]: INFO: plugin/ready: Still waiting on: "kubernetes"
2026-09-27T11:11:29.313638Z coredns[953]: INFO: plugin/ready: Still waiting on: "kubernetes"
2026-09-27T11:11:37.313638Z coredns[100]: ERROR: upstream 10.176.16.166:53: read udp 10.31.19.226:10607->10.18.32.136:53: i/o timeout
2026-09-27T11:11:46.313638Z coredns[120]: INFO: Health check OK
2026-09-27T11:11:55.313638Z coredns[953]: INFO: plugin/ready: Still waiting on: "kubernetes"
2026-09-27T11:12:03.313638Z coredns[953]: INFO: plugin/ready: Still waiting on: "kubernetes"
2026-09-27T11:12:12.313638Z coredns[611]: INFO: Reloading configuration
2026-09-27T11:12:20.313638Z coredns[611]: INFO: Reloading configuration
2026-09-27T11:12:29.313638Z coredns[759]: INFO: plugin/kubernetes: 61 resource records
2026-09-27T11:12:38.313638Z coredns[759]: INFO: plugin/kubernetes: 61 resource records
2026-09-27T11:12:46.313638Z coredns[120]: INFO: Health check OK
2026-09-27T11:12:55.313638Z coredns[953]: INFO: plugin/ready: Still waiting on: "kubernetes"
2026-09-27T11:13:04.313638Z coredns[255]: ERROR: failed to list *v1.Service: Get "https://10.214.2.177:443": net/http: TLS handshake timeout
2026-09-27T11:13:12.313638Z coredns[953]: INFO: plugin/ready: Still waiting on: "kubernetes"
2026-09-27T11:13:21.313638Z coredns[953]: INFO: plugin/ready: Still waiting on: "kubernetes"
2026-09-27T11:13:30.313638Z coredns[953]: INFO: plugin/ready: Still waiting on: "kubernetes"
2026-09-27T11:13:38.313638Z coredns[953]: INFO: plugin/ready: Still waiting on: "kubernetes"
2026-09-27T11:13:47.313638Z coredns[953]: INFO: plugin/ready: Still waiting on: "kubernetes"
2026-09-27T11:13:56.313638Z coredns[759]: INFO: plugin/kubernetes: 61 resource records
2026-09-27T11:14:04.313638Z coredns[611]: INFO: Reloading configuration
2026-09-27T11:14:13.313638Z coredns[953]: INFO: plugin/ready: Still waiting on: "kubernetes"
2026-09-27T11:14:21.313638Z coredns[611]: INFO: Reloading configuration
2026-09-27T11:14:30.313638Z coredns[953]: INFO: plugin/ready: Still waiting on: "kubernetes"
2026-09-27T11:14:39.313638Z coredns[953]: INFO: plugin/ready: Still waiting on: "kubernetes"
2026-09-27T11:14:47.313638Z coredns[611]: INFO: Reloading configuration
2026-09-27T11:14:56.313638Z coredns[100]: ERROR: upstream 10.176.16.166:53: read udp 10.31.19.226:10607->10.18.32.136:53: i/o timeout
2026-09-27T11:15:05.313638Z coredns[611]: INFO: Reloading configuration
2026-09-27T11:15:13.313638Z coredns[120]: INFO: Health check OK
2026-09-27T11:15:22.313638Z coredns[953]: INFO: plugin/ready: Still waiting on: "kubernetes"
2026-09-27T11:15:31.313638Z coredns[120]: INFO: Health check OK
2026-09-27T11:15:39.313638Z coredns[769]: WARN: too many open files
2026-09-27T11:15:48.313638Z coredns[120]: INFO: Health check OK
2026-09-27T11:15:56.313638Z coredns[120]: INFO: Health check OK
2026-09-27T11:16:05.313638Z coredns[953]: INFO: plugin/ready: Still waiting on: "kubernetes"
2026-09-27T11:16:14.313638Z coredns[120]: INFO: Health check OK
2026-09-27T11:16:22.313638Z coredns[759]: INFO: plugin/kubernetes: 61 resource records
2026-09-27T11:16:31.313638Z coredns[255]: ERROR: failed to list *v1.Service: Get "https://10.214.2.177:443": net/http: TLS handshake timeout
2026-09-27T11:16:40.313638Z coredns[759]: INFO: plugin/kubernetes: 61 resource records
2026-09-27T11:16:48.313638Z coredns[611]: INFO: Reloading configuration
2026-09-27T11:16:57.313638Z coredns[759]: INFO: plugin/kubernetes: 61 resource records
2026-09-27T11:17:06.313638Z coredns[120]: INFO: Health check OK
2026-09-27T11:17:14.313638Z coredns[611]: INFO: Reloading configuration
2026-09-27T11:17:23.313638Z coredns[611]: INFO: Reloading configuration
2026-09-27T11:17:32.313638Z coredns[120]: INFO: Health check OK
2026-09-27T11:17:40.313638Z coredns[120]: INFO: Health check OK
2026-09-27T11:17:49.313638Z coredns[120]: INFO: Health check OK
2026-09-27T11:17:57.313638Z coredns[953]: INFO: plugin/ready: Still waiting on: "kubernetes"
2026-09-27T11:18:06.313638Z coredns[759]: INFO: plugin/kubernetes: 61 resource records
2026-09-27T11:18:15.313638Z coredns[953]: INFO: plugin/ready: Still waiting on: "kubernetes"
2026-09-27T11:18:23.313638Z coredns[120]: INFO: Health check OK
2026-09-27T11:18:32.313638Z coredns[611]: INFO: Reloading configuration
2026-09-27T11:18:41.313638Z coredns[759]: INFO: plugin/kubernetes: 61 resource records
2026-09-27T11:18:49.313638Z coredns[100]: ERROR: upstream 10.176.16.166:53: read udp 10.31.19.226:10607->10.18.32.136:53: i/o timeout
2026-09-27T11:18:58.313638Z coredns[953]: INFO: plugin/ready: Still waiting on: "kubernetes"
2026-09-27T11:19:07.313638Z coredns[120]: INFO: Health check OK
2026-09-27T11:19:15.313638Z coredns[953]: INFO: plugin/ready: Still waiting on: "kubernetes"
2026-09-27T11:19:24.313638Z coredns[769]: WARN: too many open files
2026-09-27T11:19:32.313638Z coredns[759]: INFO: plugin/kubernetes: 61 resource records
2026-09-27T11:19:41.313638Z coredns[611]: INFO: Reloading configuration
2026-09-27T11:19:50.313638Z coredns[953]: INFO: plugin/ready: Still waiting on: "kubernetes"
2026-09-27T11:19:58.313638Z coredns[255]: ERROR: failed to list *v1.Service: Get "https://10.214.2.177:443": net/http: TLS handshake timeout
2026-09-27T11:20:07.313638Z coredns[120]: INFO: Health check OK
2026-09-27T11:20:16.313638Z coredns[953]: INFO: plugin/ready: Still waiting on: "kubernetes"
2026-09-27T11:20:24.313638Z coredns[759]: INFO: plugin/kubernetes: 61 resource records
2026-09-27T11:20:33.313638Z coredns[759]: INFO: plugin/kubernetes: 61 resource records
2026-09-27T11:20:42.313638Z coredns[953]: INFO: plugin/ready: Still waiting on: "kubernetes"
2026-09-27T11:20:50.313638Z coredns[892]: ERROR: plugin/errors: 10.175.254.205:29556 - no such host
2026-09-27T11:20:59.313638Z coredns[611]: INFO: Reloading configuration
2026-09-27T11:21:08.313638Z coredns[120]: INFO: Health check OK
2026-09-27T11:21:16.313638Z coredns[953]: INFO: plugin/ready: Still waiting on: "kubernetes"
2026-09-27T11:21:25.313638Z coredns[953]: INFO: plugin/ready: Still waiting on: "kubernetes"
2026-09-27T11:21:33.313638Z coredns[120]: INFO: Health check OK
2026-09-27T11:21:42.313638Z coredns[953]: INFO: plugin/ready: Still waiting on: "kubernetes"
2026-09-27T11:21:51.313638Z coredns[611]: INFO: Reloading configuration
2026-09-27T11:21:59.313638Z coredns[953]: INFO: plugin/ready: Still waiting on: "kubernetes"
2026-09-27T11:22:08.313638Z coredns[769]: WARN: too many open files
2026-09-27T11:22:17.313638Z coredns[255]: ERROR: failed to list *v1.Service: Get "https://10.214.2.177:443": net/http: TLS handshake timeout
2026-09-27T11:22:25.313638Z coredns[611]: INFO: Reloading configuration
2026-09-27T11:22:34.313638Z coredns[120]: INFO: Health check OK
2026-09-27T11:22:43.313638Z coredns[759]: INFO: plugin/kubernetes: 61 resource records
2026-09-27T11:22:51.313638Z coredns[611]: INFO: Reloading configuration
2026-09-27T11:23:00.313638Z coredns[611]: INFO: Reloading configuration
2026-09-27T11:23:08.313638Z coredns[120]: INFO: Health check OK
2026-09-27T11:23:17.313638Z coredns[759]: INFO: plugin/kubernetes: 61 resource records
2026-09-27T11:23:26.313638Z coredns[759]: INFO: plugin/kubernetes: 61 resource records
2026-09-27T11:23:34.313638Z coredns[611]: INFO: Reloading configuration
2026-09-27T11:23:43.313638Z coredns[759]: INFO: plugin/kubernetes: 61 resource records
2026-09-27T11:23:52.313638Z coredns[611]: INFO: Reloading configuration
2026-09-27T11:24:00.313638Z coredns[759]: INFO: plugin/kubernetes: 61 resource records
2026-09-27T11:24:09.313638Z coredns[953]: INFO: plugin/ready: Still waiting on: "kubernetes"
2026-09-27T11:24:18.313638Z coredns[611]: INFO: Reloading configuration
2026-09-27T11:24:26.313638Z coredns[759]: INFO: plugin/kubernetes: 61 resource records
2026-09-27T11:24:35.313638Z coredns[759]: INFO: plugin/kubernetes: 61 resource records
2026-09-27T11:24:44.313638Z coredns[759]: INFO: plugin/kubernetes: 61 resource records
2026-09-27T11:24:52.313638Z coredns[120]: INFO: Health check OK
2026-09-27T11:25:01.313638Z coredns[759]: INFO: plugin/kubernetes: 61 resource records
2026-09-27T11:25:09.313638Z coredns[611]: INFO: Reloading configuration
2026-09-27T11:25:18.313638Z coredns[759]: INFO: plugin/kubernetes: 61 resource records
2026-09-27T11:25:27.313638Z coredns[611]: INFO: Reloading configuration
2026-09-27T11:25:35.313638Z coredns[611]: INFO: Reloading configuration
2026-09-27T11:25:44.313638Z coredns[759]: INFO: plugin/kubernetes: 61 resource records
2026-09-27T11:25:53.313638Z coredns[120]: INFO: Health check OK
2026-09-27T11:26:01.313638Z coredns[120]: INFO: Health check OK
2026-09-27T11:26:10.313638Z coredns[953]: INFO: plugin/ready: Still waiting on: "kubernetes"
2026-09-27T11:26:19.313638Z coredns[953]: INFO: plugin/ready: Still waiting on: "kubernetes"
2026-09-27T11:26:27.313638Z coredns[759]: INFO: plugin/kubernetes: 61 resource records
2026-09-27T11:26:36.313638Z coredns[120]: INFO: Health check OK
2026-09-27T11:26:44.313638Z coredns[759]: INFO: plugin/kubernetes: 61 resource records
2026-09-27T11:26:53.313638Z coredns[769]: WARN: too many open files
2026-09-27T11:27:02.313638Z coredns[759]: INFO: plugin/kubernetes: 61 resource records
2026-09-27T11:27:10.313638Z coredns[759]: INFO: plugin/kubernetes: 61 resource records
2026-09-27T11:27:19.313638Z coredns[759]: INFO: plugin/kubernetes: 61 resource records
2026-09-27T11:27:28.313638Z coredns[759]: INFO: plugin/kubernetes: 61 resource records
2026-09-27T11:27:36.313638Z coredns[120]: INFO: Health check OK
2026-09-27T11:27:45.313638Z coredns[759]: INFO: plugin/kubernetes: 61 resource records
2026-09-27T11:27:54.313638Z coredns[120]: INFO: Health check OK
2026-09-27T11:28:02.313638Z coredns[953]: INFO: plugin/ready: Still waiting on: "kubernetes"
2026-09-27T11:28:11.313638Z coredns[120]: INFO: Health check OK
2026-09-27T11:28:20.313638Z coredns[953]: INFO: plugin/ready: Still waiting on: "kubernetes"
2026-09-27T11:28:28.313638Z coredns[953]: INFO: plugin/ready: Still waiting on: "kubernetes"
2026-09-27T11:28:37.313638Z coredns[120]: INFO: Health check OK
2026-09-27T11:28:45.313638Z coredns[100]: ERROR: upstream 10.176.16.166:53: read udp 10.31.19.226:10607->10.18.32.136:53: i/o timeout
2026-09-27T11:28:54.313638Z coredns[953]: INFO: plugin/ready: Still waiting on: "kubernetes"
2026-09-27T11:29:03.313638Z coredns[953]: INFO: plugin/ready: Still waiting on: "kubernetes"
2026-09-27T11:29:11.313638Z coredns[611]: INFO: Reloading configuration
2026-09-27T11:29:20.313638Z coredns[611]: INFO: Reloading configuration
2026-09-27T11:29:29.313638Z coredns[120]: INFO: Health check OK
2026-09-27T11:29:37.313638Z coredns[759]: INFO: plugin/kubernetes: 61 resource records
2026-09-27T11:29:46.313638Z coredns[611]: INFO: Reloading configuration
2026-09-27T11:29:55.313638Z coredns[611]: INFO: Reloading configuration
2026-09-27T11:30:03.313638Z coredns[759]: INFO: plugin/kubernetes: 61 resource records
2026-09-27T11:30:12.313638Z coredns[120]: INFO: Health check OK
2026-09-27T11:30:20.313638Z coredns[953]: INFO: plugin/ready: Still waiting on: "kubernetes"
2026-09-27T11:30:29.313638Z coredns[759]: INFO: plugin/kubernetes: 61 resource records
2026-09-27T11:30:38.313638Z coredns[953]: INFO: plugin/ready: Still waiting on: "kubernetes"
2026-09-27T11:30:46.313638Z coredns[759]: INFO: plugin/kubernetes: 61 resource records
2026-09-27T11:30:55.313638Z coredns[120]: INFO: Health check OK
2026-09-27T11:31:04.313638Z coredns[953]: INFO: plugin/ready: Still waiting on: "kubernetes"
2026-09-27T11:31:12.313638Z coredns[611]: INFO: Reloading configuration
2026-09-27T11:31:21.313638Z coredns[953]: INFO: plugin/ready: Still waiting on: "kubernetes"
2026-09-27T11:31:30.313638Z coredns[953]: INFO: plugin/ready: Still waiting on: "kubernetes"
2026-09-27T11:31:38.313638Z coredns[120]: INFO: Health check OK
2026-09-27T11:31:47.313638Z coredns[769]: WARN: too many open files
2026-09-27T11:31:56.313638Z coredns[953]: INFO: plugin/ready: Still waiting on: "kubernetes"
2026-09-27T11:32:04.313638Z coredns[611]: INFO: Reloading configuration
2026-09-27T11:32:13.313638Z coredns[953]: INFO: plugin/ready: Still waiting on: "kubernetes"
2026-09-27T11:32:21.313638Z coredns[759]: INFO: plugin/kubernetes: 61 resource records
2026-09-27T11:32:30.313638Z coredns[953]: INFO: plugin/ready: Still waiting on: "kubernetes"
2026-09-27T11:32:39.313638Z coredns[769]: WARN: too many open files
2026-09-27T11:32:47.313638Z coredns[120]: INFO: Health check OK
2026-09-27T11:32:56.313638Z coredns[120]: INFO: Health check OK
2026-09-27T11:33:05.313638Z coredns[953]: INFO: plugin/ready: Still waiting on: "kubernetes"
2026-09-27T11:33:13.313638Z coredns[611]: INFO: Reloading configuration
2026-09-27T11:33:22.313638Z coredns[611]: INFO: Reloading configuration
2026-09-27T11:33:31.313638Z coredns[953]: INFO: plugin/ready: Still waiting on: "kubernetes"
2026-09-27T11:33:39.313638Z coredns[953]: INFO: plugin/ready: Still waiting on: "kubernetes"
2026-09-27T11:33:48.313638Z coredns[120]: INFO: Health check OK
2026-09-27T11:33:56.313638Z coredns[953]: INFO: plugin/ready: Still waiting on: "kubernetes"
2026-09-27T11:34:05.313638Z coredns[611]: INFO: Reloading configuration
2026-09-27T11:34:14.313638Z coredns[611]: INFO: Reloading configuration
2026-09-27T11:34:22.313638Z coredns[611]: INFO: Reloading configuration
2026-09-27T11:34:31.313638Z coredns[611]: INFO: Reloading configuration
2026-09-27T11:34:40.313638Z coredns[611]: INFO: Reloading configuration
2026-09-27T11:34:48.313638Z coredns[120]: INFO: Health check OK
2026-09-27T11:34:57.313638Z coredns[611]: INFO: Reloading configuration
2026-09-27T11:35:06.313638Z coredns[611]: INFO: Reloading configuration
2026-09-27T11:35:14.313638Z coredns[759]: INFO: plugin/kubernetes: 61 resource records
2026-09-27T11:35:23.313638Z coredns[953]: INFO: plugin/ready: Still waiting on: "kubernetes"
2026-09-27T11:35:32.313638Z coredns[255]: ERROR: failed to list *v1.Service: Get "https://10.214.2.177:443": net/http: TLS handshake timeout
2026-09-27T11:35:40.313638Z coredns[953]: INFO: plugin/ready: Still waiting on: "kubernetes"
2026-09-27T11:35:49.313638Z coredns[953]: INFO: plugin/ready: Still waiting on: "kubernetes"
2026-09-27T11:35:57.313638Z coredns[759]: INFO: plugin/kubernetes: 61 resource records
2026-09-27T11:36:06.313638Z coredns[759]: INFO: plugin/kubernetes: 61 resource records
2026-09-27T11:36:15.313638Z coredns[120]: INFO: Health check OK
2026-09-27T11:36:23.313638Z coredns[120]: INFO: Health check OK
2026-09-27T11:36:32.313638Z coredns[611]: INFO: Reloading configuration
2026-09-27T11:36:41.313638Z coredns[611]: INFO: Reloading configuration
2026-09-27T11:36:49.313638Z coredns[611]: INFO: Reloading configuration
2026-09-27T11:36:58.313638Z coredns[611]: INFO: Reloading configuration
2026-09-27T11:37:07.313638Z coredns[120]: INFO: Health check OK
2026-09-27T11:37:15.313638Z coredns[611]: INFO: Reloading configuration
2026-09-27T11:37:24.313638Z coredns[611]: INFO: Reloading configuration
2026-09-27T11:37:32.313638Z coredns[953]: INFO: plugin/ready: Still waiting on: "kubernetes"
2026-09-27T11:37:41.313638Z coredns[953]: INFO: plugin/ready: Still waiting on: "kubernetes"
2026-09-27T11:37:50.313638Z coredns[120]: INFO: Health check OK
2026-09-27T11:37:58.313638Z coredns[120]: INFO: Health check OK
2026-09-27T11:38:07.313638Z coredns[759]: INFO: plugin/kubernetes: 61 resource records
2026-09-27T11:38:16.313638Z coredns[120]: INFO: Health check OK
2026-09-27T11:38:24.313638Z coredns[759]: INFO: plugin/kubernetes: 61 resource records
2026-09-27T11:38:33.313638Z coredns[611]: INFO: Reloading configuration
2026-09-27T11:38:42.313638Z coredns[611]: INFO: Reloading configuration
2026-09-27T11:38:50.313638Z coredns[100]: ERROR: upstream 10.176.16.166:53: read udp 10.31.19.226:10607->10.18.32.136:53: i/o timeout
2026-09-27T11:38:59.313638Z coredns[769]: WARN: too many open files
2026-09-27T11:39:08.313638Z coredns[759]: INFO: plugin/kubernetes: 61 resource records
2026-09-27T11:39:16.313638Z coredns[953]: INFO: plugin/ready: Still waiting on: "kubernetes"
2026-09-27T11:39:25.313638Z coredns[100]: ERROR: upstream 10.176.16.166:53: read udp 10.31.19.226:10607->10.18.32.136:53: i/o timeout
2026-09-27T11:39:33.313638Z coredns[953]: INFO: plugin/ready: Still waiting on: "kubernetes"
2026-09-27T11:39:42.313638Z coredns[759]: INFO: plugin/kubernetes: 61 resource records
2026-09-27T11:39:51.313638Z coredns[892]: ERROR: plugin/errors: 10.175.254.205:29556 - no such host
2026-09-27T11:39:59.313638Z coredns[759]: INFO: plugin/kubernetes: 61 resource records
2026-09-27T11:40:08.313638Z coredns[759]: INFO: plugin/kubernetes: 61 resource records
2026-09-27T11:40:17.313638Z coredns[120]: INFO: Health check OK
2026-09-27T11:40:25.313638Z coredns[120]: INFO: Health check OK
2026-09-27T11:40:34.313638Z coredns[120]: INFO: Health check OK
2026-09-27T11:40:43.313638Z coredns[611]: INFO: Reloading configuration
2026-09-27T11:40:51.313638Z coredns[953]: INFO: plugin/ready: Still waiting on: "kubernetes"
2026-09-27T11:41:00.313638Z coredns[759]: INFO: plugin/kubernetes: 61 resource records
2026-09-27T11:41:08.313638Z coredns[953]: INFO: plugin/ready: Still waiting on: "kubernetes"
2026-09-27T11:41:17.313638Z coredns[953]: INFO: plugin/ready: Still waiting on: "kubernetes"
2026-09-27T11:41:26.313638Z coredns[611]: INFO: Reloading configuration
2026-09-27T11:41:34.313638Z coredns[120]: INFO: Health check OK
2026-09-27T11:41:43.313638Z coredns[769]: WARN: too many open files
2026-09-27T11:41:52.313638Z coredns[953]: INFO: plugin/ready: Still waiting on: "kubernetes"
2026-09-27T11:42:00.313638Z coredns[759]: INFO: plugin/kubernetes: 61 resource records
2026-09-27T11:42:09.313638Z coredns[611]: INFO: Reloading configuration
2026-09-27T11:42:18.313638Z coredns[611]: INFO: Reloading configuration
2026-09-27T11:42:26.313638Z coredns[120]: INFO: Health check OK
2026-09-27T11:42:35.313638Z coredns[611]: INFO: Reloading configuration
2026-09-27T11:42:44.313638Z coredns[953]: INFO: plugin/ready: Still waiting on: "kubernetes"
2026-09-27T11:42:52.313638Z coredns[953]: INFO: plugin/ready: Still waiting on: "kubernetes"
2026-09-27T11:43:01.313638Z coredns[953]: INFO: plugin/ready: Still waiting on: "kubernetes"
2026-09-27T11:43:09.313638Z coredns[953]: INFO: plugin/ready: Still waiting on: "kubernetes"
2026-09-27T11:43:18.313638Z coredns[759]: INFO: plugin/kubernetes: 61 resource records
2026-09-27T11:43:27.313638Z coredns[953]: INFO: plugin/ready: Still waiting on: "kubernetes"
2026-09-27T11:43:35.313638Z coredns[120]: INFO: Health check OK
2026-09-27T11:43:44.313638Z coredns[953]: INFO: plugin/ready: Still waiting on: "kubernetes"
2026-09-27T11:43:53.313638Z coredns[953]: INFO: plugin/ready: Still waiting on: "kubernetes"
2026-09-27T11:44:01.313638Z coredns[120]: INFO: Health check OK
2026-09-27T11:44:10.313638Z coredns[611]: INFO: Reloading configuration
2026-09-27T11:44:19.313638Z coredns[769]: WARN: too many open files
2026-09-27T11:44:27.313638Z coredns[120]: INFO: Health check OK
2026-09-27T11:44:36.313638Z coredns[120]: INFO: Health check OK
2026-09-27T11:44:44.313638Z coredns[759]: INFO: plugin/kubernetes: 61 resource records
2026-09-27T11:44:53.313638Z coredns[611]: INFO: Reloading configuration
2026-09-27T11:45:02.313638Z coredns[892]: ERROR: plugin/errors: 10.175.254.205:29556 - no such host
2026-09-27T11:45:10.313638Z coredns[611]: INFO: Reloading configuration
2026-09-27T11:45:19.313638Z coredns[120]: INFO: Health check OK
2026-09-27T11:45:28.313638Z coredns[611]: INFO: Reloading configuration
2026-09-27T11:45:36.313638Z coredns[759]: INFO: plugin/kubernetes: 61 resource records
2026-09-27T11:45:45.313638Z coredns[953]: INFO: plugin/ready: Still waiting on: "kubernetes"
2026-09-27T11:45:54.313638Z coredns[611]: INFO: Reloading configuration
2026-09-27T11:46:02.313638Z coredns[759]: INFO: plugin/kubernetes: 61 resource records
2026-09-27T11:46:11.313638Z coredns[759]: INFO: plugin/kubernetes: 61 resource records
2026-09-27T11:46:20.313638Z coredns[120]: INFO: Health check OK
2026-09-27T11:46:28.313638Z coredns[953]: INFO: plugin/ready: Still waiting on: "kubernetes"
2026-09-27T11:46:37.313638Z coredns[120]: INFO: Health check OK
2026-09-27T11:46:45.313638Z coredns[759]: INFO: plugin/kubernetes: 61 resource records
2026-09-27T11:46:54.313638Z coredns[759]: INFO: plugin/kubernetes: 61 resource records
2026-09-27T11:47:03.313638Z coredns[953]: INFO: plugin/ready: Still waiting on: "kubernetes"
2026-09-27T11:47:11.313638Z coredns[953]: INFO: plugin/ready: Still waiting on: "kubernetes"
2026-09-27T11:47:20.313638Z coredns[953]: INFO: plugin/ready: Still waiting on: "kubernetes"
2026-09-27T11:47:29.313638Z coredns[120]: INFO: Health check OK
2026-09-27T11:47:37.313638Z coredns[611]: INFO: Reloading configuration
2026-09-27T11:47:46.313638Z coredns[953]: INFO: plugin/ready: Still waiting on: "kubernetes"
2026-09-27T11:47:55.313638Z coredns[120]: INFO: Health check OK
2026-09-27T11:48:03.313638Z coredns[953]: INFO: plugin/ready: Still waiting on: "kubernetes"
2026-09-27T11:48:12.313638Z coredns[759]: INFO: plugin/kubernetes: 61 resource records
2026-09-27T11:48:20.313638Z coredns[759]: INFO: plugin/kubernetes: 61 resource records
2026-09-27T11:48:29.313638Z coredns[759]: INFO: plugin/kubernetes: 61 resource records
2026-09-27T11:48:38.313638Z coredns[953]: INFO: plugin/ready: Still waiting on: "kubernetes"
2026-09-27T11:48:46.313638Z coredns[953]: INFO: plugin/ready: Still waiting on: "kubernetes"
2026-09-27T11:48:55.313638Z coredns[759]: INFO: plugin/kubernetes: 61 resource records
2026-09-27T11:49:04.313638Z coredns[953]: INFO: plugin/ready: Still waiting on: "kubernetes"
2026-09-27T11:49:12.313638Z coredns[611]: INFO: Reloading configuration
2026-09-27T11:49:21.313638Z coredns[611]: INFO: Reloading configuration
2026-09-27T11:49:30.313638Z coredns[953]: INFO: plugin/ready: Still waiting on: "kubernetes"
2026-09-27T11:49:38.313638Z coredns[759]: INFO: plugin/kubernetes: 61 resource records
2026-09-27T11:49:47.313638Z coredns[953]: INFO: plugin/ready: Still waiting on: "kubernetes"
2026-09-27T11:49:56.313638Z coredns[953]: INFO: plugin/ready: Still waiting on: "kubernetes"
2026-09-27T11:50:04.313638Z coredns[120]: INFO: Health check OK
2026-09-27T11:50:13.313638Z coredns[611]: INFO: Reloading configuration
2026-09-27T11:50:21.313638Z coredns[953]: INFO: plugin/ready: Still waiting on: "kubernetes"
2026-09-27T11:50:30.313638Z coredns[255]: ERROR: failed to list *v1.Service: Get "https://10.214.2.177:443": net/http: TLS handshake timeout
2026-09-27T11:50:39.313638Z coredns[255]: ERROR: failed to list *v1.Service: Get "https://10.214.2.177:443": net/http: TLS handshake timeout
2026-09-27T11:50:47.313638Z coredns[120]: INFO: Health check OK
2026-09-27T11:50:56.313638Z coredns[953]: INFO: plugin/ready: Still waiting on: "kubernetes"
2026-09-27T11:51:05.313638Z coredns[953]: INFO: plugin/ready: Still waiting on: "kubernetes"
2026-09-27T11:51:13.313638Z coredns[120]: INFO: Health check OK
2026-09-27T11:51:22.313638Z coredns[120]: INFO: Health check OK
2026-09-27T11:51:31.313638Z coredns[759]: INFO: plugin/kubernetes: 61 resource records
2026-09-27T11:51:39.313638Z coredns[611]: INFO: Reloading configuration
2026-09-27T11:51:48.313638Z coredns[120]: INFO: Health check OK
2026-09-27T11:51:56.313638Z coredns[953]: INFO: plugin/ready: Still waiting on: "kubernetes"
2026-09-27T11:52:05.313638Z coredns[611]: INFO: Reloading configuration
2026-09-27T11:52:14.313638Z coredns[611]: INFO: Reloading configuration
2026-09-27T11:52:22.313638Z coredns[120]: INFO: Health check OK
2026-09-27T11:52:31.313638Z coredns[953]: INFO: plugin/ready: Still waiting on: "kubernetes"
2026-09-27T11:52:40.313638Z coredns[611]: INFO: Reloading configuration
2026-09-27T11:52:48.313638Z coredns[611]: INFO: Reloading configuration
2026-09-27T11:52:57.313638Z coredns[120]: INFO: Health check OK
2026-09-27T11:53:06.313638Z coredns[120]: INFO: Health check OK
2026-09-27T11:53:14.313638Z coredns[953]: INFO: plugin/ready: Still waiting on: "kubernetes"
2026-09-27T11:53:23.313638Z coredns[611]: INFO: Reloading configuration
2026-09-27T11:53:32.313638Z coredns[953]: INFO: plugin/ready: Still waiting on: "kubernetes"
2026-09-27T11:53:40.313638Z coredns[120]: INFO: Health check OK
2026-09-27T11:53:49.313638Z coredns[120]: INFO: Health check OK
2026-09-27T11:53:57.313638Z coredns[953]: INFO: plugin/ready: Still waiting on: "kubernetes"
2026-09-27T11:54:06.313638Z coredns[611]: INFO: Reloading configuration
2026-09-27T11:54:15.313638Z coredns[953]: INFO: plugin/ready: Still waiting on: "kubernetes"
2026-09-27T11:54:23.313638Z coredns[611]: INFO: Reloading configuration
2026-09-27T11:54:32.313638Z coredns[611]: INFO: Reloading configuration
2026-09-27T11:54:41.313638Z coredns[120]: INFO: Health check OK
2026-09-27T11:54:49.313638Z coredns[120]: INFO: Health check OK
2026-09-27T11:54:58.313638Z coredns[120]: INFO: Health check OK
2026-09-27T11:55:07.313638Z coredns[120]: INFO: Health check OK
2026-09-27T11:55:15.313638Z coredns[953]: INFO: plugin/ready: Still waiting on: "kubernetes"
2026-09-27T11:55:24.313638Z coredns[255]: ERROR: failed to list *v1.Service: Get "https://10.214.2.177:443": net/http: TLS handshake timeout
2026-09-27T11:55:32.313638Z coredns[953]: INFO: plugin/ready: Still waiting on: "kubernetes"
2026-09-27T11:55:41.313638Z coredns[953]: INFO: plugin/ready: Still waiting on: "kubernetes"
2026-09-27T11:55:50.313638Z coredns[759]: INFO: plugin/kubernetes: 61 resource records
2026-09-27T11:55:58.313638Z coredns[120]: INFO: Health check OK
2026-09-27T11:56:07.313638Z coredns[953]: INFO: plugin/ready: Still waiting on: "kubernetes"
2026-09-27T11:56:16.313638Z coredns[120]: INFO: Health check OK
2026-09-27T11:56:24.313638Z coredns[100]: ERROR: upstream 10.176.16.166:53: read udp 10.31.19.226:10607->10.18.32.136:53: i/o timeout
2026-09-27T11:56:33.313638Z coredns[953]: INFO: plugin/ready: Still waiting on: "kubernetes"
2026-09-27T11:56:42.313638Z coredns[953]: INFO: plugin/ready: Still waiting on: "kubernetes"
2026-09-27T11:56:50.313638Z coredns[611]: INFO: Reloading configuration
2026-09-27T11:56:59.313638Z coredns[120]: INFO: Health check OK
2026-09-27T11:57:08.313638Z coredns[100]: ERROR: upstream 10.176.16.166:53: read udp 10.31.19.226:10607->10.18.32.136:53: i/o timeout
2026-09-27T11:57:16.313638Z coredns[255]: ERROR: failed to list *v1.Service: Get "https://10.214.2.177:443": net/http: TLS handshake timeout
2026-09-27T11:57:25.313638Z coredns[953]: INFO: plugin/ready: Still waiting on: "kubernetes"
2026-09-27T11:57:33.313638Z coredns[611]: INFO: Reloading configuration
2026-09-27T11:57:42.313638Z coredns[120]: INFO: Health check OK
2026-09-27T11:57:51.313638Z coredns[769]: WARN: too many open files
2026-09-27T11:57:59.313638Z coredns[759]: INFO: plugin/kubernetes: 61 resource records
2026-09-27T11:58:08.313638Z coredns[100]: ERROR: upstream 10.176.16.166:53: read udp 10.31.19.226:10607->10.18.32.136:53: i/o timeout
2026-09-27T11:58:17.313638Z coredns[759]: INFO: plugin/kubernetes: 61 resource records
2026-09-27T11:58:25.313638Z coredns[759]: INFO: plugin/kubernetes: 61 resource records
2026-09-27T11:58:34.313638Z coredns[759]: INFO: plugin/kubernetes: 61 resource records
2026-09-27T11:58:43.313638Z coredns[611]: INFO: Reloading configuration
2026-09-27T11:58:51.313638Z coredns[769]: WARN: too many open files
2026-09-27T11:59:00.313638Z coredns[759]: INFO: plugin/kubernetes: 61 resource records
2026-09-27T11:59:08.313638Z coredns[611]: INFO: Reloading configuration
2026-09-27T11:59:17.313638Z coredns[611]: INFO: Reloading configuration
2026-09-27T11:59:26.313638Z coredns[120]: INFO: Health check OK
2026-09-27T11:59:34.313638Z coredns[759]: INFO: plugin/kubernetes: 61 resource records
2026-09-27T11:59:43.313638Z coredns[120]: INFO: Health check OK
2026-09-27T11:59:52.313638Z coredns[611]: INFO: Reloading configuration
2026-09-27T12:00:00.313638Z coredns[120]: INFO: Health check OK
2026-09-27T12:00:09.313638Z coredns[611]: INFO: Reloading configuration
2026-09-27T12:00:18.313638Z coredns[611]: INFO: Reloading configuration
2026-09-27T12:00:26.313638Z coredns[611]: INFO: Reloading configuration
2026-09-27T12:00:35.313638Z coredns[120]: INFO: Health check OK
2026-09-27T12:00:44.313638Z coredns[255]: ERROR: failed to list *v1.Service: Get "https://10.214.2.177:443": net/http: TLS handshake timeout
2026-09-27T12:00:52.313638Z coredns[120]: INFO: Health check OK
2026-09-27T12:01:01.313638Z coredns[120]: INFO: Health check OK
2026-09-27T12:01:09.313638Z coredns[120]: INFO: Health check OK
2026-09-27T12:01:18.313638Z coredns[611]: INFO: Reloading configuration
2026-09-27T12:01:27.313638Z coredns[120]: INFO: Health check OK
2026-09-27T12:01:35.313638Z coredns[759]: INFO: plugin/kubernetes: 61 resource records
2026-09-27T12:01:44.313638Z coredns[611]: INFO: Reloading configuration
2026-09-27T12:01:53.313638Z coredns[120]: INFO: Health check OK
2026-09-27T12:02:01.313638Z coredns[611]: INFO: Reloading configuration
2026-09-27T12:02:10.313638Z coredns[953]: INFO: plugin/ready: Still waiting on: "kubernetes"
2026-09-27T12:02:19.313638Z coredns[100]: ERROR: upstream 10.176.16.166:53: read udp 10.31.19.226:10607->10.18.32.136:53: i/o timeout
2026-09-27T12:02:27.313638Z coredns[120]: INFO: Health check OK
2026-09-27T12:02:36.313638Z coredns[120]: INFO: Health check OK
2026-09-27T12:02:44.313638Z coredns[100]: ERROR: upstream 10.176.16.166:53: read udp 10.31.19.226:10607->10.18.32.136:53: i/o timeout
2026-09-27T12:02:53.313638Z coredns[953]: INFO: plugin/ready: Still waiting on: "kubernetes"
2026-09-27T12:03:02.313638Z coredns[759]: INFO: plugin/kubernetes: 61 resource records
2026-09-27T12:03:10.313638Z coredns[953]: INFO: plugin/ready: Still waiting on: "kubernetes"
2026-09-27T12:03:19.313638Z coredns[611]: INFO: Reloading configuration
2026-09-27T12:03:28.313638Z coredns[120]: INFO: Health check OK
2026-09-27T12:03:36.313638Z coredns[759]: INFO: plugin/kubernetes: 61 resource records
2026-09-27T12:03:45.313638Z coredns[759]: INFO: plugin/kubernetes: 61 resource records
2026-09-27T12:03:54.313638Z coredns[611]: INFO: Reloading configuration
2026-09-27T12:04:02.313638Z coredns[120]: INFO: Health check OK
2026-09-27T12:04:11.313638Z coredns[759]: INFO: plugin/kubernetes: 61 resource records
2026-09-27T12:04:20.313638Z coredns[611]: INFO: Reloading configuration
2026-09-27T12:04:28.313638Z coredns[120]: INFO: Health check OK
2026-09-27T12:04:37.313638Z coredns[953]: INFO: plugin/ready: Still waiting on: "kubernetes"
2026-09-27T12:04:45.313638Z coredns[120]: INFO: Health check OK
2026-09-27T12:04:54.313638Z coredns[611]: INFO: Reloading configuration
2026-09-27T12:05:03.313638Z coredns[759]: INFO: plugin/kubernetes: 61 resource records
2026-09-27T12:05:11.313638Z coredns[759]: INFO: plugin/kubernetes: 61 resource records
2026-09-27T12:05:20.313638Z coredns[759]: INFO: plugin/kubernetes: 61 resource records
2026-09-27T12:05:29.313638Z coredns[759]: INFO: plugin/kubernetes: 61 resource records
2026-09-27T12:05:37.313638Z coredns[611]: INFO: Reloading configuration
2026-09-27T12:05:46.313638Z coredns[759]: INFO: plugin/kubernetes: 61 resource records
2026-09-27T12:05:55.313638Z coredns[120]: INFO: Health check OK
2026-09-27T12:06:03.313638Z coredns[611]: INFO: Reloading configuration
2026-09-27T12:06:12.313638Z coredns[953]: INFO: plugin/ready: Still waiting on: "kubernetes"
2026-09-27T12:06:20.313638Z coredns[611]: INFO: Reloading configuration
2026-09-27T12:06:29.313638Z coredns[759]: INFO: plugin/kubernetes: 61 resource records
2026-09-27T12:06:38.313638Z coredns[759]: INFO: plugin/kubernetes: 61 resource records
2026-09-27T12:06:46.313638Z coredns[120]: INFO: Health check OK
2026-09-27T12:06:55.313638Z coredns[953]: INFO: plugin/ready: Still waiting on: "kubernetes"
2026-09-27T12:07:04.313638Z coredns[611]: INFO: Reloading configuration
2026-09-27T12:07:12.313638Z coredns[120]: INFO: Health check OK
2026-09-27T12:07:21.313638Z coredns[953]: INFO: plugin/ready: Still waiting on: "kubernetes"
2026-09-27T12:07:30.313638Z coredns[120]: INFO: Health check OK
2026-09-27T12:07:38.313638Z coredns[759]: INFO: plugin/kubernetes: 61 resource records
2026-09-27T12:07:47.313638Z coredns[953]: INFO: plugin/ready: Still waiting on: "kubernetes"
2026-09-27T12:07:56.313638Z coredns[953]: INFO: plugin/ready: Still waiting on: "kubernetes"
2026-09-27T12:08:04.313638Z coredns[120]: INFO: Health check OK
2026-09-27T12:08:13.313638Z coredns[120]: INFO: Health check OK
2026-09-27T12:08:21.313638Z coredns[611]: INFO: Reloading configuration
2026-09-27T12:08:30.313638Z coredns[953]: INFO: plugin/ready: Still waiting on: "kubernetes"
2026-09-27T12:08:39.313638Z coredns[120]: INFO: Health check OK
2026-09-27T12:08:47.313638Z coredns[120]: INFO: Health check OK
2026-09-27T12:08:56.313638Z coredns[892]: ERROR: plugin/errors: 10.175.254.205:29556 - no such host
2026-09-27T12:09:05.313638Z coredns[120]: INFO: Health check OK
2026-09-27T12:09:13.313638Z coredns[759]: INFO: plugin/kubernetes: 61 resource records
2026-09-27T12:09:22.313638Z coredns[953]: INFO: plugin/ready: Still waiting on: "kubernetes"
2026-09-27T12:09:31.313638Z coredns[611]: INFO: Reloading configuration
2026-09-27T12:09:39.313638Z coredns[953]: INFO: plugin/ready: Still waiting on: "kubernetes"
2026-09-27T12:09:48.313638Z coredns[611]: INFO: Reloading configuration
2026-09-27T12:09:56.313638Z coredns[759]: INFO: plugin/kubernetes: 61 resource records
2026-09-27T12:10:05.313638Z coredns[611]: INFO: Reloading configuration
2026-09-27T12:10:14.313638Z coredns[611]: INFO: Reloading configuration
2026-09-27T12:10:22.313638Z coredns[611]: INFO: Reloading configuration
2026-09-27T12:10:31.313638Z coredns[953]: INFO: plugin/ready: Still waiting on: "kubernetes"
2026-09-27T12:10:40.313638Z coredns[759]: INFO: plugin/kubernetes: 61 resource records
2026-09-27T12:10:48.313638Z coredns[611]: INFO: Reloading configuration
2026-09-27T12:10:57.313638Z coredns[611]: INFO: Reloading configuration
2026-09-27T12:11:06.313638Z coredns[953]: INFO: plugin/ready: Still waiting on: "kubernetes"
2026-09-27T12:11:14.313638Z coredns[953]: INFO: plugin/ready: Still waiting on: "kubernetes"
2026-09-27T12:11:23.313638Z coredns[611]: INFO: Reloading configuration
2026-09-27T12:11:32.313638Z coredns[120]: INFO: Health check OK
2026-09-27T12:11:40.313638Z coredns[120]: INFO: Health check OK
2026-09-27T12:11:49.313638Z coredns[759]: INFO: plugin/kubernetes: 61 resource records
2026-09-27T12:11:57.313638Z coredns[953]: INFO: plugin/ready: Still waiting on: "kubernetes"
2026-09-27T12:12:06.313638Z coredns[953]: INFO: plugin/ready: Still waiting on: "kubernetes"
2026-09-27T12:12:15.313638Z coredns[769]: WARN: too many open files
2026-09-27T12:12:23.313638Z coredns[953]: INFO: plugin/ready: Still waiting on: "kubernetes"
2026-09-27T12:12:32.313638Z coredns[611]: INFO: Reloading configuration
2026-09-27T12:12:41.313638Z coredns[953]: INFO: plugin/ready: Still waiting on: "kubernetes"
2026-09-27T12:12:49.313638Z coredns[892]: ERROR: plugin/errors: 10.175.254.205:29556 - no such host
2026-09-27T12:12:58.313638Z coredns[953]: INFO: plugin/ready: Still waiting on: "kubernetes"
2026-09-27T12:13:07.313638Z coredns[611]: INFO: Reloading configuration
2026-09-27T12:13:15.313638Z coredns[120]: INFO: Health check OK
2026-09-27T12:13:24.313638Z coredns[953]: INFO: plugin/ready: Still waiting on: "kubernetes"
2026-09-27T12:13:32.313638Z coredns[759]: INFO: plugin/kubernetes: 61 resource records
2026-09-27T12:13:41.313638Z coredns[611]: INFO: Reloading configuration
2026-09-27T12:13:50.313638Z coredns[611]: INFO: Reloading configuration
2026-09-27T12:13:58.313638Z coredns[953]: INFO: plugin/ready: Still waiting on: "kubernetes"
2026-09-27T12:14:07.313638Z coredns[611]: INFO: Reloading configuration
2026-09-27T12:14:16.313638Z coredns[953]: INFO: plugin/ready: Still waiting on: "kubernetes"
2026-09-27T12:14:24.313638Z coredns[953]: INFO: plugin/ready: Still waiting on: "kubernetes"
2026-09-27T12:14:33.313638Z coredns[759]: INFO: plugin/kubernetes: 61 resource records
2026-09-27T12:14:42.313638Z coredns[611]: INFO: Reloading configuration
2026-09-27T12:14:50.313638Z coredns[120]: INFO: Health check OK
2026-09-27T12:14:59.313638Z coredns[759]: INFO: plugin/kubernetes: 61 resource records
2026-09-27T12:15:08.313638Z coredns[759]: INFO: plugin/kubernetes: 61 resource records
2026-09-27T12:15:16.313638Z coredns[120]: INFO: Health check OK
2026-09-27T12:15:25.313638Z coredns[120]: INFO: Health check OK
2026-09-27T12:15:33.313638Z coredns[953]: INFO: plugin/ready: Still waiting on: "kubernetes"
2026-09-27T12:15:42.313638Z coredns[611]: INFO: Reloading configuration
2026-09-27T12:15:51.313638Z coredns[759]: INFO: plugin/kubernetes: 61 resource records
2026-09-27T12:15:59.313638Z coredns[100]: ERROR: upstream 10.176.16.166:53: read udp 10.31.19.226:10607->10.18.32.136:53: i/o timeout
2026-09-27T12:16:08.313638Z coredns[120]: INFO: Health check OK
2026-09-27T12:16:17.313638Z coredns[953]: INFO: plugin/ready: Still waiting on: "kubernetes"
2026-09-27T12:16:25.313638Z coredns[120]: INFO: Health check OK
2026-09-27T12:16:34.313638Z coredns[953]: INFO: plugin/ready: Still waiting on: "kubernetes"
2026-09-27T12:16:43.313638Z coredns[100]: ERROR: upstream 10.176.16.166:53: read udp 10.31.19.226:10607->10.18.32.136:53: i/o timeout
2026-09-27T12:16:51.313638Z coredns[611]: INFO: Reloading configuration
2026-09-27T12:17:00.313638Z coredns[611]: INFO: Reloading configuration
2026-09-27T12:17:08.313638Z coredns[120]: INFO: Health check OK
2026-09-27T12:17:17.313638Z coredns[611]: INFO: Reloading configuration
2026-09-27T12:17:26.313638Z coredns[759]: INFO: plugin/kubernetes: 61 resource records
2026-09-27T12:17:34.313638Z coredns[953]: INFO: plugin/ready: Still waiting on: "kubernetes"
2026-09-27T12:17:43.313638Z coredns[120]: INFO: Health check OK
2026-09-27T12:17:52.313638Z coredns[611]: INFO: Reloading configuration
2026-09-27T12:18:00.313638Z coredns[611]: INFO: Reloading configuration
2026-09-27T12:18:09.313638Z coredns[611]: INFO: Reloading configuration
2026-09-27T12:18:18.313638Z coredns[611]: INFO: Reloading configuration
2026-09-27T12:18:26.313638Z coredns[255]: ERROR: failed to list *v1.Service: Get "https://10.214.2.177:443": net/http: TLS handshake timeout
2026-09-27T12:18:35.313638Z coredns[769]: WARN: too many open files
2026-09-27T12:18:44.313638Z coredns[759]: INFO: plugin/kubernetes: 61 resource records
2026-09-27T12:18:52.313638Z coredns[953]: INFO: plugin/ready: Still waiting on: "kubernetes"
2026-09-27T12:19:01.313638Z coredns[769]: WARN: too many open files
2026-09-27T12:19:09.313638Z coredns[953]: INFO: plugin/ready: Still waiting on: "kubernetes"
2026-09-27T12:19:18.313638Z coredns[759]: INFO: plugin/kubernetes: 61 resource records
2026-09-27T12:19:27.313638Z coredns[611]: INFO: Reloading configuration
2026-09-27T12:19:35.313638Z coredns[255]: ERROR: failed to list *v1.Service: Get "https://10.214.2.177:443": net/http: TLS handshake timeout
2026-09-27T12:19:44.313638Z coredns[120]: INFO: Health check OK
2026-09-27T12:19:53.313638Z coredns[759]: INFO: plugin/kubernetes: 61 resource records
2026-09-27T12:20:01.313638Z coredns[759]: INFO: plugin/kubernetes: 61 resource records
2026-09-27T12:20:10.313638Z coredns[611]: INFO: Reloading configuration
2026-09-27T12:20:19.313638Z coredns[120]: INFO: Health check OK
2026-09-27T12:20:27.313638Z coredns[759]: INFO: plugin/kubernetes: 61 resource records
2026-09-27T12:20:36.313638Z coredns[759]: INFO: plugin/kubernetes: 61 resource records
2026-09-27T12:20:44.313638Z coredns[611]: INFO: Reloading configuration
2026-09-27T12:20:53.313638Z coredns[611]: INFO: Reloading configuration
2026-09-27T12:21:02.313638Z coredns[953]: INFO: plugin/ready: Still waiting on: "kubernetes"
2026-09-27T12:21:10.313638Z coredns[953]: INFO: plugin/ready: Still waiting on: "kubernetes"
2026-09-27T12:21:19.313638Z coredns[611]: INFO: Reloading configuration
2026-09-27T12:21:28.313638Z coredns[120]: INFO: Health check OK
2026-09-27T12:21:36.313638Z coredns[759]: INFO: plugin/kubernetes: 61 resource records
2026-09-27T12:21:45.313638Z coredns[953]: INFO: plugin/ready: Still waiting on: "kubernetes"
2026-09-27T12:21:54.313638Z coredns[759]: INFO: plugin/kubernetes: 61 resource records
2026-09-27T12:22:02.313638Z coredns[120]: INFO: Health check OK
2026-09-27T12:22:11.313638Z coredns[120]: INFO: Health check OK
2026-09-27T12:22:20.313638Z coredns[759]: INFO: plugin/kubernetes: 61 resource records
2026-09-27T12:22:28.313638Z coredns[759]: INFO: plugin/kubernetes: 61 resource records
2026-09-27T12:22:37.313638Z coredns[759]: INFO: plugin/kubernetes: 61 resource records
2026-09-27T12:22:45.313638Z coredns[953]: INFO: plugin/ready: Still waiting on: "kubernetes"
2026-09-27T12:22:54.313638Z coredns[953]: INFO: plugin/ready: Still waiting on: "kubernetes"
2026-09-27T12:23:03.313638Z coredns[759]: INFO: plugin/kubernetes: 61 resource records
2026-09-27T12:23:11.313638Z coredns[759]: INFO: plugin/kubernetes: 61 resource records
2026-09-27T12:23:20.313638Z coredns[953]: INFO: plugin/ready: Still waiting on: "kubernetes"
2026-09-27T12:23:29.313638Z coredns[759]: INFO: plugin/kubernetes: 61 resource records
2026-09-27T12:23:37.313638Z coredns[611]: INFO: Reloading configuration
2026-09-27T12:23:46.313638Z coredns[120]: INFO: Health check OK
2026-09-27T12:23:55.313638Z coredns[953]: INFO: plugin/ready: Still waiting on: "kubernetes"
2026-09-27T12:24:03.313638Z coredns[759]: INFO: plugin/kubernetes: 61 resource records
2026-09-27T12:24:12.313638Z coredns[120]: INFO: Health check OK
2026-09-27T12:24:20.313638Z coredns[953]: INFO: plugin/ready: Still waiting on: "kubernetes"
2026-09-27T12:24:29.313638Z coredns[611]: INFO: Reloading configuration
2026-09-27T12:24:38.313638Z coredns[120]: INFO: Health check OK
2026-09-27T12:24:46.313638Z coredns[120]: INFO: Health check OK
2026-09-27T12:24:55.313638Z coredns[759]: INFO: plugin/kubernetes: 61 resource records
2026-09-27T12:25:04.313638Z coredns[953]: INFO: plugin/ready: Still waiting on: "kubernetes"
2026-09-27T12:25:12.313638Z coredns[100]: ERROR: upstream 10.176.16.166:53: read udp 10.31.19.226:10607->10.18.32.136:53: i/o timeout
2026-09-27T12:25:21.313638Z coredns[120]: INFO: Health check OK
2026-09-27T12:25:30.313638Z coredns[120]: INFO: Health check OK
2026-09-27T12:25:38.313638Z coredns[611]: INFO: Reloading configuration
2026-09-27T12:25:47.313638Z coredns[120]: INFO: Health check OK
2026-09-27T12:25:56.313638Z coredns[611]: INFO: Reloading configuration
2026-09-27T12:26:04.313638Z coredns[611]: INFO: Reloading configuration
2026-09-27T12:26:13.313638Z coredns[953]: INFO: plugin/ready: Still waiting on: "kubernetes"
2026-09-27T12:26:21.313638Z coredns[759]: INFO: plugin/kubernetes: 61 resource records
2026-09-27T12:26:30.313638Z coredns[953]: INFO: plugin/ready: Still waiting on: "kubernetes"
2026-09-27T12:26:39.313638Z coredns[611]: INFO: Reloading configuration
2026-09-27T12:26:47.313638Z coredns[769]: WARN: too many open files
2026-09-27T12:26:56.313638Z coredns[759]: INFO: plugin/kubernetes: 61 resource records
2026-09-27T12:27:05.313638Z coredns[759]: INFO: plugin/kubernetes: 61 resource records
2026-09-27T12:27:13.313638Z coredns[953]: INFO: plugin/ready: Still waiting on: "kubernetes"
2026-09-27T12:27:22.313638Z coredns[953]: INFO: plugin/ready: Still waiting on: "kubernetes"
2026-09-27T12:27:31.313638Z coredns[611]: INFO: Reloading configuration
2026-09-27T12:27:39.313638Z coredns[611]: INFO: Reloading configuration
2026-09-27T12:27:48.313638Z coredns[611]: INFO: Reloading configuration
2026-09-27T12:27:56.313638Z coredns[759]: INFO: plugin/kubernetes: 61 resource records
2026-09-27T12:28:05.313638Z coredns[120]: INFO: Health check OK
2026-09-27T12:28:14.313638Z coredns[120]: INFO: Health check OK
2026-09-27T12:28:22.313638Z coredns[759]: INFO: plugin/kubernetes: 61 resource records
2026-09-27T12:28:31.313638Z coredns[611]: INFO: Reloading configuration
2026-09-27T12:28:40.313638Z coredns[759]: INFO: plugin/kubernetes: 61 resource records
2026-09-27T12:28:48.313638Z coredns[759]: INFO: plugin/kubernetes: 61 resource records
2026-09-27T12:28:57.313638Z coredns[759]: INFO: plugin/kubernetes: 61 resource records
2026-09-27T12:29:06.313638Z coredns[759]: INFO: plugin/kubernetes: 61 resource records
2026-09-27T12:29:14.313638Z coredns[255]: ERROR: failed to list *v1.Service: Get "https://10.214.2.177:443": net/http: TLS handshake timeout
2026-09-27T12:29:23.313638Z coredns[759]: INFO: plugin/kubernetes: 61 resource records
2026-09-27T12:29:32.313638Z coredns[611]: INFO: Reloading configuration
2026-09-27T12:29:40.313638Z coredns[611]: INFO: Reloading configuration
2026-09-27T12:29:49.313638Z coredns[892]: ERROR: plugin/errors: 10.175.254.205:29556 - no such host
2026-09-27T12:29:57.313638Z coredns[769]: WARN: too many open files
2026-09-27T12:30:06.313638Z coredns[611]: INFO: Reloading configuration
2026-09-27T12:30:15.313638Z coredns[759]: INFO: plugin/kubernetes: 61 resource records
2026-09-27T12:30:23.313638Z coredns[120]: INFO: Health check OK
2026-09-27T12:30:32.313638Z coredns[759]: INFO: plugin/kubernetes: 61 resource records
2026-09-27T12:30:41.313638Z coredns[120]: INFO: Health check OK
2026-09-27T12:30:49.313638Z coredns[759]: INFO: plugin/kubernetes: 61 resource records
2026-09-27T12:30:58.313638Z coredns[759]: INFO: plugin/kubernetes: 61 resource records
2026-09-27T12:31:07.313638Z coredns[120]: INFO: Health check OK
2026-09-27T12:31:15.313638Z coredns[953]: INFO: plugin/ready: Still waiting on: "kubernetes"
2026-09-27T12:31:24.313638Z coredns[611]: INFO: Reloading configuration
2026-09-27T12:31:32.313638Z coredns[120]: INFO: Health check OK
2026-09-27T12:31:41.313638Z coredns[759]: INFO: plugin/kubernetes: 61 resource records
2026-09-27T12:31:50.313638Z coredns[759]: INFO: plugin/kubernetes: 61 resource records
2026-09-27T12:31:58.313638Z coredns[611]: INFO: Reloading configuration
2026-09-27T12:32:07.313638Z coredns[611]: INFO: Reloading configuration
2026-09-27T12:32:16.313638Z coredns[611]: INFO: Reloading configuration
2026-09-27T12:32:24.313638Z coredns[120]: INFO: Health check OK
2026-09-27T12:32:33.313638Z coredns[120]: INFO: Health check OK
2026-09-27T12:32:42.313638Z coredns[120]: INFO: Health check OK
2026-09-27T12:32:50.313638Z coredns[611]: INFO: Reloading configuration
2026-09-27T12:32:59.313638Z coredns[759]: INFO: plugin/kubernetes: 61 resource records
2026-09-27T12:33:08.313638Z coredns[953]: INFO: plugin/ready: Still waiting on: "kubernetes"
2026-09-27T12:33:16.313638Z coredns[120]: INFO: Health check OK
2026-09-27T12:33:25.313638Z coredns[120]: INFO: Health check OK
2026-09-27T12:33:33.313638Z coredns[611]: INFO: Reloading configuration
2026-09-27T12:33:42.313638Z coredns[953]: INFO: plugin/ready: Still waiting on: "kubernetes"
2026-09-27T12:33:51.313638Z coredns[759]: INFO: plugin/kubernetes: 61 resource records
2026-09-27T12:33:59.313638Z coredns[759]: INFO: plugin/kubernetes: 61 resource records
2026-09-27T12:34:08.313638Z coredns[611]: INFO: Reloading configuration
2026-09-27T12:34:17.313638Z coredns[611]: INFO: Reloading configuration
2026-09-27T12:34:25.313638Z coredns[120]: INFO: Health check OK
2026-09-27T12:34:34.313638Z coredns[611]: INFO: Reloading configuration
2026-09-27T12:34:43.313638Z coredns[120]: INFO: Health check OK
2026-09-27T12:34:51.313638Z coredns[120]: INFO: Health check OK
2026-09-27T12:35:00.313638Z coredns[611]: INFO: Reloading configuration
2026-09-27T12:35:08.313638Z coredns[120]: INFO: Health check OK
2026-09-27T12:35:17.313638Z coredns[892]: ERROR: plugin/errors: 10.175.254.205:29556 - no such host
2026-09-27T12:35:26.313638Z coredns[759]: INFO: plugin/kubernetes: 61 resource records
2026-09-27T12:35:34.313638Z coredns[611]: INFO: Reloading configuration
2026-09-27T12:35:43.313638Z coredns[759]: INFO: plugin/kubernetes: 61 resource records
2026-09-27T12:35:52.313638Z coredns[120]: INFO: Health check OK
2026-09-27T12:36:00.313638Z coredns[759]: INFO: plugin/kubernetes: 61 resource records
2026-09-27T12:36:09.313638Z coredns[759]: INFO: plugin/kubernetes: 61 resource records
2026-09-27T12:36:18.313638Z coredns[611]: INFO: Reloading configuration
2026-09-27T12:36:26.313638Z coredns[611]: INFO: Reloading configuration
2026-09-27T12:36:35.313638Z coredns[611]: INFO: Reloading configuration
2026-09-27T12:36:44.313638Z coredns[611]: INFO: Reloading configuration
2026-09-27T12:36:52.313638Z coredns[759]: INFO: plugin/kubernetes: 61 resource records
2026-09-27T12:37:01.313638Z coredns[611]: INFO: Reloading configuration
2026-09-27T12:37:09.313638Z coredns[611]: INFO: Reloading configuration
2026-09-27T12:37:18.313638Z coredns[953]: INFO: plugin/ready: Still waiting on: "kubernetes"
2026-09-27T12:37:27.313638Z coredns[611]: INFO: Reloading configuration
2026-09-27T12:37:35.313638Z coredns[611]: INFO: Reloading configuration
2026-09-27T12:37:44.313638Z coredns[120]: INFO: Health check OK
2026-09-27T12:37:53.313638Z coredns[953]: INFO: plugin/ready: Still waiting on: "kubernetes"
2026-09-27T12:38:01.313638Z coredns[953]: INFO: plugin/ready: Still waiting on: "kubernetes"
2026-09-27T12:38:10.313638Z coredns[759]: INFO: plugin/kubernetes: 61 resource records
2026-09-27T12:38:19.313638Z coredns[611]: INFO: Reloading configuration
2026-09-27T12:38:27.313638Z coredns[611]: INFO: Reloading configuration
2026-09-27T12:38:36.313638Z coredns[120]: INFO: Health check OK
2026-09-27T12:38:44.313638Z coredns[953]: INFO: plugin/ready: Still waiting on: "kubernetes"
2026-09-27T12:38:53.313638Z coredns[611]: INFO: Reloading configuration
2026-09-27T12:39:02.313638Z coredns[953]: INFO: plugin/ready: Still waiting on: "kubernetes"
2026-09-27T12:39:10.313638Z coredns[953]: INFO: plugin/ready: Still waiting on: "kubernetes"
2026-09-27T12:39:19.313638Z coredns[120]: INFO: Health check OK
2026-09-27T12:39:28.313638Z coredns[953]: INFO: plugin/ready: Still waiting on: "kubernetes"
2026-09-27T12:39:36.313638Z coredns[120]: INFO: Health check OK
2026-09-27T12:39:45.313638Z coredns[953]: INFO: plugin/ready: Still waiting on: "kubernetes"
2026-09-27T12:39:54.313638Z coredns[255]: ERROR: failed to list *v1.Service: Get "https://10.214.2.177:443": net/http: TLS handshake timeout
2026-09-27T12:40:02.313638Z coredns[953]: INFO: plugin/ready: Still waiting on: "kubernetes"
2026-09-27T12:40:11.313638Z coredns[953]: INFO: plugin/ready: Still waiting on: "kubernetes"
2026-09-27T12:40:20.313638Z coredns[759]: INFO: plugin/kubernetes: 61 resource records
2026-09-27T12:40:28.313638Z coredns[120]: INFO: Health check OK
2026-09-27T12:40:37.313638Z coredns[759]: INFO: plugin/kubernetes: 61 resource records
2026-09-27T12:40:45.313638Z coredns[953]: INFO: plugin/ready: Still waiting on: "kubernetes"
2026-09-27T12:40:54.313638Z coredns[759]: INFO: plugin/kubernetes: 61 resource records
2026-09-27T12:41:03.313638Z coredns[120]: INFO: Health check OK
2026-09-27T12:41:11.313638Z coredns[120]: INFO: Health check OK
2026-09-27T12:41:20.313638Z coredns[611]: INFO: Reloading configuration
2026-09-27T12:41:29.313638Z coredns[759]: INFO: plugin/kubernetes: 61 resource records
2026-09-27T12:41:37.313638Z coredns[953]: INFO: plugin/ready: Still waiting on: "kubernetes"
2026-09-27T12:41:46.313638Z coredns[953]: INFO: plugin/ready: Still waiting on: "kubernetes"
2026-09-27T12:41:55.313638Z coredns[759]: INFO: plugin/kubernetes: 61 resource records
2026-09-27T12:42:03.313638Z coredns[611]: INFO: Reloading configuration
2026-09-27T12:42:12.313638Z coredns[759]: INFO: plugin/kubernetes: 61 resource records
2026-09-27T12:42:20.313638Z coredns[759]: INFO: plugin/kubernetes: 61 resource records
2026-09-27T12:42:29.313638Z coredns[611]: INFO: Reloading configuration
2026-09-27T12:42:38.313638Z coredns[759]: INFO: plugin/kubernetes: 61 resource records
2026-09-27T12:42:46.313638Z coredns[100]: ERROR: upstream 10.176.16.166:53: read udp 10.31.19.226:10607->10.18.32.136:53: i/o timeout
2026-09-27T12:42:55.313638Z coredns[255]: ERROR: failed to list *v1.Service: Get "https://10.214.2.177:443": net/http: TLS handshake timeout
2026-09-27T12:43:04.313638Z coredns[100]: ERROR: upstream 10.176.16.166:53: read udp 10.31.19.226:10607->10.18.32.136:53: i/o timeout
2026-09-27T12:43:12.313638Z coredns[759]: INFO: plugin/kubernetes: 61 resource records
2026-09-27T12:43:21.313638Z coredns[120]: INFO: Health check OK
2026-09-27T12:43:30.313638Z coredns[120]: INFO: Health check OK
2026-09-27T12:43:38.313638Z coredns[759]: INFO: plugin/kubernetes: 61 resource records
2026-09-27T12:43:47.313638Z coredns[611]: INFO: Reloading configuration
2026-09-27T12:43:56.313638Z coredns[611]: INFO: Reloading configuration
2026-09-27T12:44:04.313638Z coredns[611]: INFO: Reloading configuration
2026-09-27T12:44:13.313638Z coredns[953]: INFO: plugin/ready: Still waiting on: "kubernetes"
2026-09-27T12:44:21.313638Z coredns[611]: INFO: Reloading configuration
2026-09-27T12:44:30.313638Z coredns[120]: INFO: Health check OK
2026-09-27T12:44:39.313638Z coredns[759]: INFO: plugin/kubernetes: 61 resource records
2026-09-27T12:44:47.313638Z coredns[759]: INFO: plugin/kubernetes: 61 resource records
2026-09-27T12:44:56.313638Z coredns[953]: INFO: plugin/ready: Still waiting on: "kubernetes"
2026-09-27T12:45:05.313638Z coredns[953]: INFO: plugin/ready: Still waiting on: "kubernetes"
2026-09-27T12:45:13.313638Z coredns[953]: INFO: plugin/ready: Still waiting on: "kubernetes"
2026-09-27T12:45:22.313638Z coredns[611]: INFO: Reloading configuration
2026-09-27T12:45:31.313638Z coredns[611]: INFO: Reloading configuration
2026-09-27T12:45:39.313638Z coredns[953]: INFO: plugin/ready: Still waiting on: "kubernetes"
2026-09-27T12:45:48.313638Z coredns[759]: INFO: plugin/kubernetes: 61 resource records
2026-09-27T12:45:56.313638Z coredns[953]: INFO: plugin/ready: Still waiting on: "kubernetes"
2026-09-27T12:46:05.313638Z coredns[759]: INFO: plugin/kubernetes: 61 resource records
2026-09-27T12:46:14.313638Z coredns[255]: ERROR: failed to list *v1.Service: Get "https://10.214.2.177:443": net/http: TLS handshake timeout
2026-09-27T12:46:22.313638Z coredns[759]: INFO: plugin/kubernetes: 61 resource records
2026-09-27T12:46:31.313638Z coredns[953]: INFO: plugin/ready: Still waiting on: "kubernetes"
2026-09-27T12:46:40.313638Z coredns[611]: INFO: Reloading configuration
2026-09-27T12:46:48.313638Z coredns[120]: INFO: Health check OK
2026-09-27T12:46:57.313638Z coredns[769]: WARN: too many open files
2026-09-27T12:47:06.313638Z coredns[953]: INFO: plugin/ready: Still waiting on: "kubernetes"
2026-09-27T12:47:14.313638Z coredns[759]: INFO: plugin/kubernetes: 61 resource records
2026-09-27T12:47:23.313638Z coredns[611]: INFO: Reloading configuration
2026-09-27T12:47:32.313638Z coredns[759]: INFO: plugin/kubernetes: 61 resource records
2026-09-27T12:47:40.313638Z coredns[611]: INFO: Reloading configuration
2026-09-27T12:47:49.313638Z coredns[120]: INFO: Health check OK
2026-09-27T12:47:57.313638Z coredns[611]: INFO: Reloading configuration
2026-09-27T12:48:06.313638Z coredns[953]: INFO: plugin/ready: Still waiting on: "kubernetes"
2026-09-27T12:48:15.313638Z coredns[953]: INFO: plugin/ready: Still waiting on: "kubernetes"
2026-09-27T12:48:23.313638Z coredns[611]: INFO: Reloading configuration
2026-09-27T12:48:32.313638Z coredns[759]: INFO: plugin/kubernetes: 61 resource records
2026-09-27T12:48:41.313638Z coredns[611]: INFO: Reloading configuration
2026-09-27T12:48:49.313638Z coredns[611]: INFO: Reloading configuration
2026-09-27T12:48:58.313638Z coredns[953]: INFO: plugin/ready: Still waiting on: "kubernetes"
2026-09-27T12:49:07.313638Z coredns[953]: INFO: plugin/ready: Still waiting on: "kubernetes"
2026-09-27T12:49:15.313638Z coredns[120]: INFO: Health check OK
2026-09-27T12:49:24.313638Z coredns[953]: INFO: plugin/ready: Still waiting on: "kubernetes"
2026-09-27T12:49:32.313638Z coredns[953]: INFO: plugin/ready: Still waiting on: "kubernetes"
2026-09-27T12:49:41.313638Z coredns[953]: INFO: plugin/ready: Still waiting on: "kubernetes"
2026-09-27T12:49:50.313638Z coredns[759]: INFO: plugin/kubernetes: 61 resource records
2026-09-27T12:49:58.313638Z coredns[120]: INFO: Health check OK
2026-09-27T12:50:07.313638Z coredns[611]: INFO: Reloading configuration
2026-09-27T12:50:16.313638Z coredns[120]: INFO: Health check OK
2026-09-27T12:50:24.313638Z coredns[100]: ERROR: upstream 10.176.16.166:53: read udp 10.31.19.226:10607->10.18.32.136:53: i/o timeout
2026-09-27T12:50:33.313638Z coredns[759]: INFO: plugin/kubernetes: 61 resource records
2026-09-27T12:50:42.313638Z coredns[953]: INFO: plugin/ready: Still waiting on: "kubernetes"
2026-09-27T12:50:50.313638Z coredns[611]: INFO: Reloading configuration
2026-09-27T12:50:59.313638Z coredns[120]: INFO: Health check OK
2026-09-27T12:51:08.313638Z coredns[759]: INFO: plugin/kubernetes: 61 resource records
2026-09-27T12:51:16.313638Z coredns[759]: INFO: plugin/kubernetes: 61 resource records
2026-09-27T12:51:25.313638Z coredns[759]: INFO: plugin/kubernetes: 61 resource records
2026-09-27T12:51:33.313638Z coredns[953]: INFO: plugin/ready: Still waiting on: "kubernetes"
2026-09-27T12:51:42.313638Z coredns[759]: INFO: plugin/kubernetes: 61 resource records
2026-09-27T12:51:51.313638Z coredns[120]: INFO: Health check OK
2026-09-27T12:51:59.313638Z coredns[953]: INFO: plugin/ready: Still waiting on: "kubernetes"
2026-09-27T12:52:08.313638Z coredns[759]: INFO: plugin/kubernetes: 61 resource records
2026-09-27T12:52:17.313638Z coredns[759]: INFO: plugin/kubernetes: 61 resource records
2026-09-27T12:52:25.313638Z coredns[953]: INFO: plugin/ready: Still waiting on: "kubernetes"
2026-09-27T12:52:34.313638Z coredns[769]: WARN: too many open files
2026-09-27T12:52:43.313638Z coredns[611]: INFO: Reloading configuration
2026-09-27T12:52:51.313638Z coredns[611]: INFO: Reloading configuration
2026-09-27T12:53:00.313638Z coredns[892]: ERROR: plugin/errors: 10.175.254.205:29556 - no such host
2026-09-27T12:53:08.313638Z coredns[759]: INFO: plugin/kubernetes: 61 resource records
2026-09-27T12:53:17.313638Z coredns[953]: INFO: plugin/ready: Still waiting on: "kubernetes"
2026-09-27T12:53:26.313638Z coredns[759]: INFO: plugin/kubernetes: 61 resource records
2026-09-27T12:53:34.313638Z coredns[611]: INFO: Reloading configuration
2026-09-27T12:53:43.313638Z coredns[611]: INFO: Reloading configuration
2026-09-27T12:53:52.313638Z coredns[120]: INFO: Health check OK
2026-09-27T12:54:00.313638Z coredns[120]: INFO: Health check OK
2026-09-27T12:54:09.313638Z coredns[120]: INFO: Health check OK
2026-09-27T12:54:18.313638Z coredns[953]: INFO: plugin/ready: Still waiting on: "kubernetes"
2026-09-27T12:54:26.313638Z coredns[953]: INFO: plugin/ready: Still waiting on: "kubernetes"
2026-09-27T12:54:35.313638Z coredns[611]: INFO: Reloading configuration
2026-09-27T12:54:44.313638Z coredns[120]: INFO: Health check OK
2026-09-27T12:54:52.313638Z coredns[759]: INFO: plugin/kubernetes: 61 resource records
2026-09-27T12:55:01.313638Z coredns[120]: INFO: Health check OK
2026-09-27T12:55:09.313638Z coredns[953]: INFO: plugin/ready: Still waiting on: "kubernetes"
2026-09-27T12:55:18.313638Z coredns[759]: INFO: plugin/kubernetes: 61 resource records
2026-09-27T12:55:27.313638Z coredns[120]: INFO: Health check OK
2026-09-27T12:55:35.313638Z coredns[120]: INFO: Health check OK
2026-09-27T12:55:44.313638Z coredns[759]: INFO: plugin/kubernetes: 61 resource records
2026-09-27T12:55:53.313638Z coredns[611]: INFO: Reloading configuration
2026-09-27T12:56:01.313638Z coredns[611]: INFO: Reloading configuration
2026-09-27T12:56:10.313638Z coredns[120]: INFO: Health check OK
2026-09-27T12:56:19.313638Z coredns[120]: INFO: Health check OK
2026-09-27T12:56:27.313638Z coredns[120]: INFO: Health check OK
2026-09-27T12:56:36.313638Z coredns[611]: INFO: Reloading configuration
2026-09-27T12:56:44.313638Z coredns[611]: INFO: Reloading configuration
2026-09-27T12:56:53.313638Z coredns[611]: INFO: Reloading configuration
2026-09-27T12:57:02.313638Z coredns[769]: WARN: too many open files
2026-09-27T12:57:10.313638Z coredns[953]: INFO: plugin/ready: Still waiting on: "kubernetes"
2026-09-27T12:57:19.313638Z coredns[759]: INFO: plugin/kubernetes: 61 resource records
2026-09-27T12:57:28.313638Z coredns[953]: INFO: plugin/ready: Still waiting on: "kubernetes"
2026-09-27T12:57:36.313638Z coredns[759]: INFO: plugin/kubernetes: 61 resource records
2026-09-27T12:57:45.313638Z coredns[611]: INFO: Reloading configuration
2026-09-27T12:57:54.313638Z coredns[759]: INFO: plugin/kubernetes: 61 resource records
2026-09-27T12:58:02.313638Z coredns[953]: INFO: plugin/ready: Still waiting on: "kubernetes"
2026-09-27T12:58:11.313638Z coredns[759]: INFO: plugin/kubernetes: 61 resource records
2026-09-27T12:58:20.313638Z coredns[611]: INFO: Reloading configuration
2026-09-27T12:58:28.313638Z coredns[611]: INFO: Reloading configuration
2026-09-27T12:58:37.313638Z coredns[255]: ERROR: failed to list *v1.Service: Get "https://10.214.2.177:443": net/http: TLS handshake timeout
2026-09-27T12:58:45.313638Z coredns[953]: INFO: plugin/ready: Still waiting on: "kubernetes"
2026-09-27T12:58:54.313638Z coredns[759]: INFO: plugin/kubernetes: 61 resource records
2026-09-27T12:59:03.313638Z coredns[759]: INFO: plugin/kubernetes: 61 resource records
2026-09-27T12:59:11.313638Z coredns[611]: INFO: Reloading configuration
2026-09-27T12:59:20.313638Z coredns[759]: INFO: plugin/kubernetes: 61 resource records
2026-09-27T12:59:29.313638Z coredns[255]: ERROR: failed to list *v1.Service: Get "https://10.214.2.177:443": net/http: TLS handshake timeout
2026-09-27T12:59:37.313638Z coredns[953]: INFO: plugin/ready: Still waiting on: "kubernetes"
2026-09-27T12:59:46.313638Z coredns[759]: INFO: plugin/kubernetes: 61 resource records
2026-09-27T12:59:55.313638Z coredns[120]: INFO: Health check OK
2026-09-27T13:00:03.313638Z coredns[759]: INFO: plugin/kubernetes: 61 resource records
2026-09-27T13:00:12.313638Z coredns[120]: INFO: Health check OK
2026-09-27T13:00:20.313638Z coredns[759]: INFO: plugin/kubernetes: 61 resource records
2026-09-27T13:00:29.313638Z coredns[611]: INFO: Reloading configuration
2026-09-27T13:00:38.313638Z coredns[611]: INFO: Reloading configuration
2026-09-27T13:00:46.313638Z coredns[759]: INFO: plugin/kubernetes: 61 resource records
2026-09-27T13:00:55.313638Z coredns[611]: INFO: Reloading configuration
2026-09-27T13:01:04.313638Z coredns[953]: INFO: plugin/ready: Still waiting on: "kubernetes"
2026-09-27T13:01:12.313638Z coredns[953]: INFO: plugin/ready: Still waiting on: "kubernetes"
2026-09-27T13:01:21.313638Z coredns[953]: INFO: plugin/ready: Still waiting on: "kubernetes"
2026-09-27T13:01:30.313638Z coredns[759]: INFO: plugin/kubernetes: 61 resource records
2026-09-27T13:01:38.313638Z coredns[120]: INFO: Health check OK
2026-09-27T13:01:47.313638Z coredns[611]: INFO: Reloading configuration
2026-09-27T13:01:56.313638Z coredns[120]: INFO: Health check OK
2026-09-27T13:02:04.313638Z coredns[759]: INFO: plugin/kubernetes: 61 resource records
2026-09-27T13:02:13.313638Z coredns[953]: INFO: plugin/ready: Still waiting on: "kubernetes"
2026-09-27T13:02:21.313638Z coredns[120]: INFO: Health check OK
2026-09-27T13:02:30.313638Z coredns[953]: INFO: plugin/ready: Still waiting on: "kubernetes"
2026-09-27T13:02:39.313638Z coredns[892]: ERROR: plugin/errors: 10.175.254.205:29556 - no such host
2026-09-27T13:02:47.313638Z coredns[611]: INFO: Reloading configuration
2026-09-27T13:02:56.313638Z coredns[759]: INFO: plugin/kubernetes: 61 resource records
2026-09-27T13:03:05.313638Z coredns[759]: INFO: plugin/kubernetes: 61 resource records
2026-09-27T13:03:13.313638Z coredns[769]: WARN: too many open files
2026-09-27T13:03:22.313638Z coredns[953]: INFO: plugin/ready: Still waiting on: "kubernetes"
2026-09-27T13:03:31.313638Z coredns[953]: INFO: plugin/ready: Still waiting on: "kubernetes"
2026-09-27T13:03:39.313638Z coredns[953]: INFO: plugin/ready: Still waiting on: "kubernetes"
2026-09-27T13:03:48.313638Z coredns[759]: INFO: plugin/kubernetes: 61 resource records
2026-09-27T13:03:56.313638Z coredns[953]: INFO: plugin/ready: Still waiting on: "kubernetes"
2026-09-27T13:04:05.313638Z coredns[759]: INFO: plugin/kubernetes: 61 resource records
2026-09-27T13:04:14.313638Z coredns[953]: INFO: plugin/ready: Still waiting on: "kubernetes"
2026-09-27T13:04:22.313638Z coredns[255]: ERROR: failed to list *v1.Service: Get "https://10.214.2.177:443": net/http: TLS handshake timeout
2026-09-27T13:04:31.313638Z coredns[611]: INFO: Reloading configuration
2026-09-27T13:04:40.313638Z coredns[759]: INFO: plugin/kubernetes: 61 resource records
2026-09-27T13:04:48.313638Z coredns[953]: INFO: plugin/ready: Still waiting on: "kubernetes"
2026-09-27T13:04:57.313638Z coredns[611]: INFO: Reloading configuration
2026-09-27T13:05:06.313638Z coredns[953]: INFO: plugin/ready: Still waiting on: "kubernetes"
2026-09-27T13:05:14.313638Z coredns[953]: INFO: plugin/ready: Still waiting on: "kubernetes"
2026-09-27T13:05:23.313638Z coredns[611]: INFO: Reloading configuration
2026-09-27T13:05:32.313638Z coredns[759]: INFO: plugin/kubernetes: 61 resource records
2026-09-27T13:05:40.313638Z coredns[953]: INFO: plugin/ready: Still waiting on: "kubernetes"
2026-09-27T13:05:49.313638Z coredns[759]: INFO: plugin/kubernetes: 61 resource records
2026-09-27T13:05:57.313638Z coredns[611]: INFO: Reloading configuration
2026-09-27T13:06:06.313638Z coredns[953]: INFO: plugin/ready: Still waiting on: "kubernetes"
2026-09-27T13:06:15.313638Z coredns[953]: INFO: plugin/ready: Still waiting on: "kubernetes"
2026-09-27T13:06:23.313638Z coredns[120]: INFO: Health check OK
2026-09-27T13:06:32.313638Z coredns[611]: INFO: Reloading configuration
2026-09-27T13:06:41.313638Z coredns[759]: INFO: plugin/kubernetes: 61 resource records
2026-09-27T13:06:49.313638Z coredns[953]: INFO: plugin/ready: Still waiting on: "kubernetes"
2026-09-27T13:06:58.313638Z coredns[120]: INFO: Health check OK
2026-09-27T13:07:07.313638Z coredns[759]: INFO: plugin/kubernetes: 61 resource records
2026-09-27T13:07:15.313638Z coredns[759]: INFO: plugin/kubernetes: 61 resource records
2026-09-27T13:07:24.313638Z coredns[953]: INFO: plugin/ready: Still waiting on: "kubernetes"
2026-09-27T13:07:32.313638Z coredns[120]: INFO: Health check OK
2026-09-27T13:07:41.313638Z coredns[611]: INFO: Reloading configuration
2026-09-27T13:07:50.313638Z coredns[611]: INFO: Reloading configuration
2026-09-27T13:07:58.313638Z coredns[953]: INFO: plugin/ready: Still waiting on: "kubernetes"
2026-09-27T13:08:07.313638Z coredns[120]: INFO: Health check OK
2026-09-27T13:08:16.313638Z coredns[611]: INFO: Reloading configuration
2026-09-27T13:08:24.313638Z coredns[120]: INFO: Health check OK
2026-09-27T13:08:33.313638Z coredns[611]: INFO: Reloading configuration
2026-09-27T13:08:42.313638Z coredns[120]: INFO: Health check OK
2026-09-27T13:08:50.313638Z coredns[759]: INFO: plugin/kubernetes: 61 resource records
2026-09-27T13:08:59.313638Z coredns[120]: INFO: Health check OK
2026-09-27T13:09:08.313638Z coredns[759]: INFO: plugin/kubernetes: 61 resource records
2026-09-27T13:09:16.313638Z coredns[120]: INFO: Health check OK
2026-09-27T13:09:25.313638Z coredns[759]: INFO: plugin/kubernetes: 61 resource records
2026-09-27T13:09:33.313638Z coredns[953]: INFO: plugin/ready: Still waiting on: "kubernetes"
2026-09-27T13:09:42.313638Z coredns[611]: INFO: Reloading configuration
2026-09-27T13:09:51.313638Z coredns[120]: INFO: Health check OK
2026-09-27T13:09:59.313638Z coredns[611]: INFO: Reloading configuration
2026-09-27T13:10:08.313638Z coredns[759]: INFO: plugin/kubernetes: 61 resource records
2026-09-27T13:10:17.313638Z coredns[120]: INFO: Health check OK
2026-09-27T13:10:25.313638Z coredns[100]: ERROR: upstream 10.176.16.166:53: read udp 10.31.19.226:10607->10.18.32.136:53: i/o timeout
2026-09-27T13:10:34.313638Z coredns[953]: INFO: plugin/ready: Still waiting on: "kubernetes"
2026-09-27T13:10:43.313638Z coredns[611]: INFO: Reloading configuration
2026-09-27T13:10:51.313638Z coredns[759]: INFO: plugin/kubernetes: 61 resource records
2026-09-27T13:11:00.313638Z coredns[120]: INFO: Health check OK
2026-09-27T13:11:08.313638Z coredns[759]: INFO: plugin/kubernetes: 61 resource records
2026-09-27T13:11:17.313638Z coredns[120]: INFO: Health check OK
2026-09-27T13:11:26.313638Z coredns[953]: INFO: plugin/ready: Still waiting on: "kubernetes"
2026-09-27T13:11:34.313638Z coredns[120]: INFO: Health check OK
2026-09-27T13:11:43.313638Z coredns[120]: INFO: Health check OK
2026-09-27T13:11:52.313638Z coredns[120]: INFO: Health check OK
2026-09-27T13:12:00.313638Z coredns[759]: INFO: plugin/kubernetes: 61 resource records
2026-09-27T13:12:09.313638Z coredns[611]: INFO: Reloading configuration
2026-09-27T13:12:18.313638Z coredns[100]: ERROR: upstream 10.176.16.166:53: read udp 10.31.19.226:10607->10.18.32.136:53: i/o timeout
2026-09-27T13:12:26.313638Z coredns[759]: INFO: plugin/kubernetes: 61 resource records
2026-09-27T13:12:35.313638Z coredns[611]: INFO: Reloading configuration
2026-09-27T13:12:44.313638Z coredns[759]: INFO: plugin/kubernetes: 61 resource records
2026-09-27T13:12:52.313638Z coredns[759]: INFO: plugin/kubernetes: 61 resource records
2026-09-27T13:13:01.313638Z coredns[120]: INFO: Health check OK
2026-09-27T13:13:09.313638Z coredns[759]: INFO: plugin/kubernetes: 61 resource records
2026-09-27T13:13:18.313638Z coredns[759]: INFO: plugin/kubernetes: 61 resource records
2026-09-27T13:13:27.313638Z coredns[759]: INFO: plugin/kubernetes: 61 resource records
2026-09-27T13:13:35.313638Z coredns[892]: ERROR: plugin/errors: 10.175.254.205:29556 - no such host
2026-09-27T13:13:44.313638Z coredns[611]: INFO: Reloading configuration
2026-09-27T13:13:53.313638Z coredns[759]: INFO: plugin/kubernetes: 61 resource records
2026-09-27T13:14:01.313638Z coredns[759]: INFO: plugin/kubernetes: 61 resource records
2026-09-27T13:14:10.313638Z coredns[611]: INFO: Reloading configuration
2026-09-27T13:14:19.313638Z coredns[953]: INFO: plugin/ready: Still waiting on: "kubernetes"
2026-09-27T13:14:27.313638Z coredns[611]: INFO: Reloading configuration
2026-09-27T13:14:36.313638Z coredns[611]: INFO: Reloading configuration
2026-09-27T13:14:44.313638Z coredns[255]: ERROR: failed to list *v1.Service: Get "https://10.214.2.177:443": net/http: TLS handshake timeout
2026-09-27T13:14:53.313638Z coredns[120]: INFO: Health check OK
2026-09-27T13:15:02.313638Z coredns[759]: INFO: plugin/kubernetes: 61 resource records
2026-09-27T13:15:10.313638Z coredns[953]: INFO: plugin/ready: Still waiting on: "kubernetes"
2026-09-27T13:15:19.313638Z coredns[892]: ERROR: plugin/errors: 10.175.254.205:29556 - no such host
2026-09-27T13:15:28.313638Z coredns[120]: INFO: Health check OK
2026-09-27T13:15:36.313638Z coredns[769]: WARN: too many open files
2026-09-27T13:15:45.313638Z coredns[892]: ERROR: plugin/errors: 10.175.254.205:29556 - no such host
2026-09-27T13:15:54.313638Z coredns[953]: INFO: plugin/ready: Still waiting on: "kubernetes"
2026-09-27T13:16:02.313638Z coredns[759]: INFO: plugin/kubernetes: 61 resource records
2026-09-27T13:16:11.313638Z coredns[953]: INFO: plugin/ready: Still waiting on: "kubernetes"
2026-09-27T13:16:20.313638Z coredns[953]: INFO: plugin/ready: Still waiting on: "kubernetes"
2026-09-27T13:16:28.313638Z coredns[953]: INFO: plugin/ready: Still waiting on: "kubernetes"
2026-09-27T13:16:37.313638Z coredns[120]: INFO: Health check OK
2026-09-27T13:16:45.313638Z coredns[120]: INFO: Health check OK
2026-09-27T13:16:54.313638Z coredns[759]: INFO: plugin/kubernetes: 61 resource records
2026-09-27T13:17:03.313638Z coredns[953]: INFO: plugin/ready: Still waiting on: "kubernetes"
2026-09-27T13:17:11.313638Z coredns[953]: INFO: plugin/ready: Still waiting on: "kubernetes"
2026-09-27T13:17:20.313638Z coredns[759]: INFO: plugin/kubernetes: 61 resource records
2026-09-27T13:17:29.313638Z coredns[611]: INFO: Reloading configuration
2026-09-27T13:17:37.313638Z coredns[120]: INFO: Health check OK
2026-09-27T13:17:46.313638Z coredns[953]: INFO: plugin/ready: Still waiting on: "kubernetes"
2026-09-27T13:17:55.313638Z coredns[953]: INFO: plugin/ready: Still waiting on: "kubernetes"
2026-09-27T13:18:03.313638Z coredns[100]: ERROR: upstream 10.176.16.166:53: read udp 10.31.19.226:10607->10.18.32.136:53: i/o timeout
2026-09-27T13:18:12.313638Z coredns[759]: INFO: plugin/kubernetes: 61 resource records
2026-09-27T13:18:20.313638Z coredns[953]: INFO: plugin/ready: Still waiting on: "kubernetes"
2026-09-27T13:18:29.313638Z coredns[120]: INFO: Health check OK
2026-09-27T13:18:38.313638Z coredns[255]: ERROR: failed to list *v1.Service: Get "https://10.214.2.177:443": net/http: TLS handshake timeout
2026-09-27T13:18:46.313638Z coredns[953]: INFO: plugin/ready: Still waiting on: "kubernetes"
2026-09-27T13:18:55.313638Z coredns[611]: INFO: Reloading configuration
2026-09-27T13:19:04.313638Z coredns[759]: INFO: plugin/kubernetes: 61 resource records
2026-09-27T13:19:12.313638Z coredns[759]: INFO: plugin/kubernetes: 61 resource records
2026-09-27T13:19:21.313638Z coredns[120]: INFO: Health check OK
2026-09-27T13:19:30.313638Z coredns[953]: INFO: plugin/ready: Still waiting on: "kubernetes"
2026-09-27T13:19:38.313638Z coredns[120]: INFO: Health check OK
2026-09-27T13:19:47.313638Z coredns[953]: INFO: plugin/ready: Still waiting on: "kubernetes"
2026-09-27T13:19:56.313638Z coredns[953]: INFO: plugin/ready: Still waiting on: "kubernetes"
2026-09-27T13:20:04.313638Z coredns[611]: INFO: Reloading configuration
2026-09-27T13:20:13.313638Z coredns[953]: INFO: plugin/ready: Still waiting on: "kubernetes"
2026-09-27T13:20:21.313638Z coredns[953]: INFO: plugin/ready: Still waiting on: "kubernetes"
2026-09-27T13:20:30.313638Z coredns[120]: INFO: Health check OK
2026-09-27T13:20:39.313638Z coredns[611]: INFO: Reloading configuration
2026-09-27T13:20:47.313638Z coredns[759]: INFO: plugin/kubernetes: 61 resource records
2026-09-27T13:20:56.313638Z coredns[953]: INFO: plugin/ready: Still waiting on: "kubernetes"
2026-09-27T13:21:05.313638Z coredns[759]: INFO: plugin/kubernetes: 61 resource records
2026-09-27T13:21:13.313638Z coredns[759]: INFO: plugin/kubernetes: 61 resource records
2026-09-27T13:21:22.313638Z coredns[611]: INFO: Reloading configuration
2026-09-27T13:21:31.313638Z coredns[759]: INFO: plugin/kubernetes: 61 resource records
2026-09-27T13:21:39.313638Z coredns[120]: INFO: Health check OK
2026-09-27T13:21:48.313638Z coredns[759]: INFO: plugin/kubernetes: 61 resource records
2026-09-27T13:21:56.313638Z coredns[120]: INFO: Health check OK
2026-09-27T13:22:05.313638Z coredns[611]: INFO: Reloading configuration
2026-09-27T13:22:14.313638Z coredns[759]: INFO: plugin/kubernetes: 61 resource records
2026-09-27T13:22:22.313638Z coredns[759]: INFO: plugin/kubernetes: 61 resource records
2026-09-27T13:22:31.313638Z coredns[611]: INFO: Reloading configuration
2026-09-27T13:22:40.313638Z coredns[953]: INFO: plugin/ready: Still waiting on: "kubernetes"
2026-09-27T13:22:48.313638Z coredns[611]: INFO: Reloading configuration
2026-09-27T13:22:57.313638Z coredns[120]: INFO: Health check OK
2026-09-27T13:23:06.313638Z coredns[611]: INFO: Reloading configuration
2026-09-27T13:23:14.313638Z coredns[611]: INFO: Reloading configuration
2026-09-27T13:23:23.313638Z coredns[611]: INFO: Reloading configuration
2026-09-27T13:23:32.313638Z coredns[120]: INFO: Health check OK
2026-09-27T13:23:40.313638Z coredns[759]: INFO: plugin/kubernetes: 61 resource records
2026-09-27T13:23:49.313638Z coredns[953]: INFO: plugin/ready: Still waiting on: "kubernetes"
2026-09-27T13:23:57.313638Z coredns[953]: INFO: plugin/ready: Still waiting on: "kubernetes"
2026-09-27T13:24:06.313638Z coredns[120]: INFO: Health check OK
2026-09-27T13:24:15.313638Z coredns[759]: INFO: plugin/kubernetes: 61 resource records
2026-09-27T13:24:23.313638Z coredns[120]: INFO: Health check OK
2026-09-27T13:24:32.313638Z coredns[953]: INFO: plugin/ready: Still waiting on: "kubernetes"
2026-09-27T13:24:41.313638Z coredns[611]: INFO: Reloading configuration
2026-09-27T13:24:49.313638Z coredns[953]: INFO: plugin/ready: Still waiting on: "kubernetes"
2026-09-27T13:24:58.313638Z coredns[120]: INFO: Health check OK
2026-09-27T13:25:07.313638Z coredns[759]: INFO: plugin/kubernetes: 61 resource records
2026-09-27T13:25:15.313638Z coredns[759]: INFO: plugin/kubernetes: 61 resource records
2026-09-27T13:25:24.313638Z coredns[953]: INFO: plugin/ready: Still waiting on: "kubernetes"
2026-09-27T13:25:32.313638Z coredns[953]: INFO: plugin/ready: Still waiting on: "kubernetes"
2026-09-27T13:25:41.313638Z coredns[120]: INFO: Health check OK
2026-09-27T13:25:50.313638Z coredns[611]: INFO: Reloading configuration
2026-09-27T13:25:58.313638Z coredns[953]: INFO: plugin/ready: Still waiting on: "kubernetes"
2026-09-27T13:26:07.313638Z coredns[611]: INFO: Reloading configuration
2026-09-27T13:26:16.313638Z coredns[953]: INFO: plugin/ready: Still waiting on: "kubernetes"
2026-09-27T13:26:24.313638Z coredns[120]: INFO: Health check OK
2026-09-27T13:26:33.313638Z coredns[953]: INFO: plugin/ready: Still waiting on: "kubernetes"
2026-09-27T13:26:42.313638Z coredns[953]: INFO: plugin/ready: Still waiting on: "kubernetes"
2026-09-27T13:26:50.313638Z coredns[120]: INFO: Health check OK
2026-09-27T13:26:59.313638Z coredns[120]: INFO: Health check OK
2026-09-27T13:27:08.313638Z coredns[953]: INFO: plugin/ready: Still waiting on: "kubernetes"
2026-09-27T13:27:16.313638Z coredns[759]: INFO: plugin/kubernetes: 61 resource records
2026-09-27T13:27:25.313638Z coredns[611]: INFO: Reloading configuration
2026-09-27T13:27:33.313638Z coredns[100]: ERROR: upstream 10.176.16.166:53: read udp 10.31.19.226:10607->10.18.32.136:53: i/o timeout
2026-09-27T13:27:42.313638Z coredns[759]: INFO: plugin/kubernetes: 61 resource records
2026-09-27T13:27:51.313638Z coredns[759]: INFO: plugin/kubernetes: 61 resource records
2026-09-27T13:27:59.313638Z coredns[953]: INFO: plugin/ready: Still waiting on: "kubernetes"
2026-09-27T13:28:08.313638Z coredns[611]: INFO: Reloading configuration
2026-09-27T13:28:17.313638Z coredns[611]: INFO: Reloading configuration
2026-09-27T13:28:25.313638Z coredns[120]: INFO: Health check OK
2026-09-27T13:28:34.313638Z coredns[120]: INFO: Health check OK
2026-09-27T13:28:43.313638Z coredns[611]: INFO: Reloading configuration
2026-09-27T13:28:51.313638Z coredns[759]: INFO: plugin/kubernetes: 61 resource records
2026-09-27T13:29:00.313638Z coredns[759]: INFO: plugin/kubernetes: 61 resource records
2026-09-27T13:29:08.313638Z coredns[759]: INFO: plugin/kubernetes: 61 resource records
2026-09-27T13:29:17.313638Z coredns[120]: INFO: Health check OK
2026-09-27T13:29:26.313638Z coredns[953]: INFO: plugin/ready: Still waiting on: "kubernetes"
2026-09-27T13:29:34.313638Z coredns[120]: INFO: Health check OK
2026-09-27T13:29:43.313638Z coredns[611]: INFO: Reloading configuration
2026-09-27T13:29:52.313638Z coredns[769]: WARN: too many open files
2026-09-27T13:30:00.313638Z coredns[120]: INFO: Health check OK
2026-09-27T13:30:09.313638Z coredns[759]: INFO: plugin/kubernetes: 61 resource records
2026-09-27T13:30:18.313638Z coredns[120]: INFO: Health check OK
2026-09-27T13:30:26.313638Z coredns[759]: INFO: plugin/kubernetes: 61 resource records
2026-09-27T13:30:35.313638Z coredns[120]: INFO: Health check OK
2026-09-27T13:30:44.313638Z coredns[120]: INFO: Health check OK
2026-09-27T13:30:52.313638Z coredns[611]: INFO: Reloading configuration
2026-09-27T13:31:01.313638Z coredns[120]: INFO: Health check OK
2026-09-27T13:31:09.313638Z coredns[611]: INFO: Reloading configuration
2026-09-27T13:31:18.313638Z coredns[120]: INFO: Health check OK
2026-09-27T13:31:27.313638Z coredns[759]: INFO: plugin/kubernetes: 61 resource records
2026-09-27T13:31:35.313638Z coredns[769]: WARN: too many open files
2026-09-27T13:31:44.313638Z coredns[759]: INFO: plugin/kubernetes: 61 resource records
2026-09-27T13:31:53.313638Z coredns[120]: INFO: Health check OK
2026-09-27T13:32:01.313638Z coredns[953]: INFO: plugin/ready: Still waiting on: "kubernetes"
2026-09-27T13:32:10.313638Z coredns[120]: INFO: Health check OK
2026-09-27T13:32:19.313638Z coredns[759]: INFO: plugin/kubernetes: 61 resource records
2026-09-27T13:32:27.313638Z coredns[120]: INFO: Health check OK
2026-09-27T13:32:36.313638Z coredns[611]: INFO: Reloading configuration
2026-09-27T13:32:44.313638Z coredns[953]: INFO: plugin/ready: Still waiting on: "kubernetes"
2026-09-27T13:32:53.313638Z coredns[120]: INFO: Health check OK
2026-09-27T13:33:02.313638Z coredns[953]: INFO: plugin/ready: Still waiting on: "kubernetes"
2026-09-27T13:33:10.313638Z coredns[611]: INFO: Reloading configuration
2026-09-27T13:33:19.313638Z coredns[953]: INFO: plugin/ready: Still waiting on: "kubernetes"
2026-09-27T13:33:28.313638Z coredns[120]: INFO: Health check OK
2026-09-27T13:33:36.313638Z coredns[759]: INFO: plugin/kubernetes: 61 resource records
2026-09-27T13:33:45.313638Z coredns[759]: INFO: plugin/kubernetes: 61 resource records
2026-09-27T13:33:54.313638Z coredns[759]: INFO: plugin/kubernetes: 61 resource records
2026-09-27T13:34:02.313638Z coredns[611]: INFO: Reloading configuration
2026-09-27T13:34:11.313638Z coredns[120]: INFO: Health check OK
2026-09-27T13:34:20.313638Z coredns[611]: INFO: Reloading configuration
2026-09-27T13:34:28.313638Z coredns[611]: INFO: Reloading configuration
2026-09-27T13:34:37.313638Z coredns[953]: INFO: plugin/ready: Still waiting on: "kubernetes"
2026-09-27T13:34:45.313638Z coredns[611]: INFO: Reloading configuration
2026-09-27T13:34:54.313638Z coredns[953]: INFO: plugin/ready: Still waiting on: "kubernetes"
2026-09-27T13:35:03.313638Z coredns[120]: INFO: Health check OK
2026-09-27T13:35:11.313638Z coredns[611]: INFO: Reloading configuration
2026-09-27T13:35:20.313638Z coredns[611]: INFO: Reloading configuration
2026-09-27T13:35:29.313638Z coredns[953]: INFO: plugin/ready: Still waiting on: "kubernetes"
2026-09-27T13:35:37.313638Z coredns[953]: INFO: plugin/ready: Still waiting on: "kubernetes"
2026-09-27T13:35:46.313638Z coredns[611]: INFO: Reloading configuration
2026-09-27T13:35:55.313638Z coredns[953]: INFO: plugin/ready: Still waiting on: "kubernetes"
2026-09-27T13:36:03.313638Z coredns[120]: INFO: Health check OK
2026-09-27T13:36:12.313638Z coredns[611]: INFO: Reloading configuration
2026-09-27T13:36:20.313638Z coredns[759]: INFO: plugin/kubernetes: 61 resource records
2026-09-27T13:36:29.313638Z coredns[759]: INFO: plugin/kubernetes: 61 resource records
2026-09-27T13:36:38.313638Z coredns[759]: INFO: plugin/kubernetes: 61 resource records
2026-09-27T13:36:46.313638Z coredns[255]: ERROR: failed to list *v1.Service: Get "https://10.214.2.177:443": net/http: TLS handshake timeout
2026-09-27T13:36:55.313638Z coredns[120]: INFO: Health check OK
2026-09-27T13:37:04.313638Z coredns[759]: INFO: plugin/kubernetes: 61 resource records
2026-09-27T13:37:12.313638Z coredns[611]: INFO: Reloading configuration
2026-09-27T13:37:21.313638Z coredns[611]: INFO: Reloading configuration
2026-09-27T13:37:30.313638Z coredns[759]: INFO: plugin/kubernetes: 61 resource records
2026-09-27T13:37:38.313638Z coredns[759]: INFO: plugin/kubernetes: 61 resource records
2026-09-27T13:37:47.313638Z coredns[120]: INFO: Health check OK
2026-09-27T13:37:56.313638Z coredns[120]: INFO: Health check OK
2026-09-27T13:38:04.313638Z coredns[120]: INFO: Health check OK
2026-09-27T13:38:13.313638Z coredns[611]: INFO: Reloading configuration
2026-09-27T13:38:21.313638Z coredns[120]: INFO: Health check OK
2026-09-27T13:38:30.313638Z coredns[100]: ERROR: upstream 10.176.16.166:53: read udp 10.31.19.226:10607->10.18.32.136:53: i/o timeout
2026-09-27T13:38:39.313638Z coredns[611]: INFO: Reloading configuration
2026-09-27T13:38:47.313638Z coredns[611]: INFO: Reloading configuration
2026-09-27T13:38:56.313638Z coredns[759]: INFO: plugin/kubernetes: 61 resource records
2026-09-27T13:39:05.313638Z coredns[759]: INFO: plugin/kubernetes: 61 resource records
2026-09-27T13:39:13.313638Z coredns[953]: INFO: plugin/ready: Still waiting on: "kubernetes"
2026-09-27T13:39:22.313638Z coredns[953]: INFO: plugin/ready: Still waiting on: "kubernetes"
2026-09-27T13:39:31.313638Z coredns[953]: INFO: plugin/ready: Still waiting on: "kubernetes"
2026-09-27T13:39:39.313638Z coredns[611]: INFO: Reloading configuration
2026-09-27T13:39:48.313638Z coredns[120]: INFO: Health check OK
2026-09-27T13:39:56.313638Z coredns[953]: INFO: plugin/ready: Still waiting on: "kubernetes"
2026-09-27T13:40:05.313638Z coredns[611]: INFO: Reloading configuration
2026-09-27T13:40:14.313638Z coredns[611]: INFO: Reloading configuration
2026-09-27T13:40:22.313638Z coredns[611]: INFO: Reloading configuration
2026-09-27T13:40:31.313638Z coredns[100]: ERROR: upstream 10.176.16.166:53: read udp 10.31.19.226:10607->10.18.32.136:53: i/o timeout
2026-09-27T13:40:40.313638Z coredns[120]: INFO: Health check OK
2026-09-27T13:40:48.313638Z coredns[759]: INFO: plugin/kubernetes: 61 resource records
2026-09-27T13:40:57.313638Z coredns[953]: INFO: plugin/ready: Still waiting on: "kubernetes"
2026-09-27T13:41:06.313638Z coredns[120]: INFO: Health check OK
2026-09-27T13:41:14.313638Z coredns[120]: INFO: Health check OK
2026-09-27T13:41:23.313638Z coredns[611]: INFO: Reloading configuration
2026-09-27T13:41:32.313638Z coredns[953]: INFO: plugin/ready: Still waiting on: "kubernetes"
2026-09-27T13:41:40.313638Z coredns[611]: INFO: Reloading configuration
2026-09-27T13:41:49.313638Z coredns[611]: INFO: Reloading configuration
2026-09-27T13:41:57.313638Z coredns[759]: INFO: plugin/kubernetes: 61 resource records
2026-09-27T13:42:06.313638Z coredns[953]: INFO: plugin/ready: Still waiting on: "kubernetes"
2026-09-27T13:42:15.313638Z coredns[120]: INFO: Health check OK
2026-09-27T13:42:23.313638Z coredns[611]: INFO: Reloading configuration
2026-09-27T13:42:32.313638Z coredns[611]: INFO: Reloading configuration
2026-09-27T13:42:41.313638Z coredns[120]: INFO: Health check OK
2026-09-27T13:42:49.313638Z coredns[611]: INFO: Reloading configuration
2026-09-27T13:42:58.313638Z coredns[759]: INFO: plugin/kubernetes: 61 resource records
2026-09-27T13:43:07.313638Z coredns[120]: INFO: Health check OK
2026-09-27T13:43:15.313638Z coredns[759]: INFO: plugin/kubernetes: 61 resource records
2026-09-27T13:43:24.313638Z coredns[255]: ERROR: failed to list *v1.Service: Get "https://10.214.2.177:443": net/http: TLS handshake timeout
2026-09-27T13:43:32.313638Z coredns[953]: INFO: plugin/ready: Still waiting on: "kubernetes"
2026-09-27T13:43:41.313638Z coredns[120]: INFO: Health check OK
2026-09-27T13:43:50.313638Z coredns[611]: INFO: Reloading configuration
2026-09-27T13:43:58.313638Z coredns[759]: INFO: plugin/kubernetes: 61 resource records
2026-09-27T13:44:07.313638Z coredns[120]: INFO: Health check OK
2026-09-27T13:44:16.313638Z coredns[759]: INFO: plugin/kubernetes: 61 resource records
2026-09-27T13:44:24.313638Z coredns[120]: INFO: Health check OK
2026-09-27T13:44:33.313638Z coredns[953]: INFO: plugin/ready: Still waiting on: "kubernetes"
2026-09-27T13:44:42.313638Z coredns[953]: INFO: plugin/ready: Still waiting on: "kubernetes"
2026-09-27T13:44:50.313638Z coredns[953]: INFO: plugin/ready: Still waiting on: "kubernetes"
2026-09-27T13:44:59.313638Z coredns[953]: INFO: plugin/ready: Still waiting on: "kubernetes"
2026-09-27T13:45:08.313638Z coredns[953]: INFO: plugin/ready: Still waiting on: "kubernetes"
2026-09-27T13:45:16.313638Z coredns[120]: INFO: Health check OK
2026-09-27T13:45:25.313638Z coredns[953]: INFO: plugin/ready: Still waiting on: "kubernetes"
2026-09-27T13:45:33.313638Z coredns[759]: INFO: plugin/kubernetes: 61 resource records
2026-09-27T13:45:42.313638Z coredns[953]: INFO: plugin/ready: Still waiting on: "kubernetes"
2026-09-27T13:45:51.313638Z coredns[953]: INFO: plugin/ready: Still waiting on: "kubernetes"
2026-09-27T13:45:59.313638Z coredns[953]: INFO: plugin/ready: Still waiting on: "kubernetes"
2026-09-27T13:46:08.313638Z coredns[611]: INFO: Reloading configuration
2026-09-27T13:46:17.313638Z coredns[953]: INFO: plugin/ready: Still waiting on: "kubernetes"
2026-09-27T13:46:25.313638Z coredns[953]: INFO: plugin/ready: Still waiting on: "kubernetes"
2026-09-27T13:46:34.313638Z coredns[759]: INFO: plugin/kubernetes: 61 resource records
2026-09-27T13:46:43.313638Z coredns[759]: INFO: plugin/kubernetes: 61 resource records
2026-09-27T13:46:51.313638Z coredns[120]: INFO: Health check OK
2026-09-27T13:47:00.313638Z coredns[769]: WARN: too many open files
2026-09-27T13:47:08.313638Z coredns[759]: INFO: plugin/kubernetes: 61 resource records
2026-09-27T13:47:17.313638Z coredns[759]: INFO: plugin/kubernetes: 61 resource records
2026-09-27T13:47:26.313638Z coredns[120]: INFO: Health check OK
2026-09-27T13:47:34.313638Z coredns[255]: ERROR: failed to list *v1.Service: Get "https://10.214.2.177:443": net/http: TLS handshake timeout
2026-09-27T13:47:43.313638Z coredns[759]: INFO: plugin/kubernetes: 61 resource records
2026-09-27T13:47:52.313638Z coredns[120]: INFO: Health check OK
2026-09-27T13:48:00.313638Z coredns[759]: INFO: plugin/kubernetes: 61 resource records
2026-09-27T13:48:09.313638Z coredns[120]: INFO: Health check OK
2026-09-27T13:48:18.313638Z coredns[120]: INFO: Health check OK
2026-09-27T13:48:26.313638Z coredns[759]: INFO: plugin/kubernetes: 61 resource records
2026-09-27T13:48:35.313638Z coredns[759]: INFO: plugin/kubernetes: 61 resource records
2026-09-27T13:48:44.313638Z coredns[120]: INFO: Health check OK
2026-09-27T13:48:52.313638Z coredns[120]: INFO: Health check OK
2026-09-27T13:49:01.313638Z coredns[759]: INFO: plugin/kubernetes: 61 resource records
2026-09-27T13:49:09.313638Z coredns[759]: INFO: plugin/kubernetes: 61 resource records
2026-09-27T13:49:18.313638Z coredns[120]: INFO: Health check OK
2026-09-27T13:49:27.313638Z coredns[953]: INFO: plugin/ready: Still waiting on: "kubernetes"
2026-09-27T13:49:35.313638Z coredns[611]: INFO: Reloading configuration
2026-09-27T13:49:44.313638Z coredns[611]: INFO: Reloading configuration
2026-09-27T13:49:53.313638Z coredns[759]: INFO: plugin/kubernetes: 61 resource records
2026-09-27T13:50:01.313638Z coredns[120]: INFO: Health check OK
2026-09-27T13:50:10.313638Z coredns[611]: INFO: Reloading configuration
2026-09-27T13:50:19.313638Z coredns[611]: INFO: Reloading configuration
2026-09-27T13:50:27.313638Z coredns[611]: INFO: Reloading configuration
2026-09-27T13:50:36.313638Z coredns[953]: INFO: plugin/ready: Still waiting on: "kubernetes"
2026-09-27T13:50:44.313638Z coredns[759]: INFO: plugin/kubernetes: 61 resource records
2026-09-27T13:50:53.313638Z coredns[611]: INFO: Reloading configuration
2026-09-27T13:51:02.313638Z coredns[611]: INFO: Reloading configuration
2026-09-27T13:51:10.313638Z coredns[953]: INFO: plugin/ready: Still waiting on: "kubernetes"
2026-09-27T13:51:19.313638Z coredns[611]: INFO: Reloading configuration
2026-09-27T13:51:28.313638Z coredns[953]: INFO: plugin/ready: Still waiting on: "kubernetes"
2026-09-27T13:51:36.313638Z coredns[953]: INFO: plugin/ready: Still waiting on: "kubernetes"
2026-09-27T13:51:45.313638Z coredns[953]: INFO: plugin/ready: Still waiting on: "kubernetes"
2026-09-27T13:51:54.313638Z coredns[255]: ERROR: failed to list *v1.Service: Get "https://10.214.2.177:443": net/http: TLS handshake timeout
2026-09-27T13:52:02.313638Z coredns[759]: INFO: plugin/kubernetes: 61 resource records
2026-09-27T13:52:11.313638Z coredns[953]: INFO: plugin/ready: Still waiting on: "kubernetes"
2026-09-27T13:52:20.313638Z coredns[611]: INFO: Reloading configuration
2026-09-27T13:52:28.313638Z coredns[759]: INFO: plugin/kubernetes: 61 resource records
2026-09-27T13:52:37.313638Z coredns[759]: INFO: plugin/kubernetes: 61 resource records
2026-09-27T13:52:45.313638Z coredns[120]: INFO: Health check OK
2026-09-27T13:52:54.313638Z coredns[611]: INFO: Reloading configuration
2026-09-27T13:53:03.313638Z coredns[953]: INFO: plugin/ready: Still waiting on: "kubernetes"
2026-09-27T13:53:11.313638Z coredns[759]: INFO: plugin/kubernetes: 61 resource records
2026-09-27T13:53:20.313638Z coredns[953]: INFO: plugin/ready: Still waiting on: "kubernetes"
2026-09-27T13:53:29.313638Z coredns[611]: INFO: Reloading configuration
2026-09-27T13:53:37.313638Z coredns[759]: INFO: plugin/kubernetes: 61 resource records
2026-09-27T13:53:46.313638Z coredns[759]: INFO: plugin/kubernetes: 61 resource records
2026-09-27T13:53:55.313638Z coredns[611]: INFO: Reloading configuration
2026-09-27T13:54:03.313638Z coredns[120]: INFO: Health check OK
2026-09-27T13:54:12.313638Z coredns[769]: WARN: too many open files
2026-09-27T13:54:20.313638Z coredns[120]: INFO: Health check OK
2026-09-27T13:54:29.313638Z coredns[611]: INFO: Reloading configuration
2026-09-27T13:54:38.313638Z coredns[759]: INFO: plugin/kubernetes: 61 resource records
2026-09-27T13:54:46.313638Z coredns[120]: INFO: Health check OK
2026-09-27T13:54:55.313638Z coredns[953]: INFO: plugin/ready: Still waiting on: "kubernetes"
2026-09-27T13:55:04.313638Z coredns[953]: INFO: plugin/ready: Still waiting on: "kubernetes"
2026-09-27T13:55:12.313638Z coredns[759]: INFO: plugin/kubernetes: 61 resource records
2026-09-27T13:55:21.313638Z coredns[611]: INFO: Reloading configuration
2026-09-27T13:55:30.313638Z coredns[769]: WARN: too many open files
2026-09-27T13:55:38.313638Z coredns[120]: INFO: Health check OK
2026-09-27T13:55:47.313638Z coredns[759]: INFO: plugin/kubernetes: 61 resource records
2026-09-27T13:55:56.313638Z coredns[611]: INFO: Reloading configuration
2026-09-27T13:56:04.313638Z coredns[120]: INFO: Health check OK
2026-09-27T13:56:13.313638Z coredns[759]: INFO: plugin/kubernetes: 61 resource records
2026-09-27T13:56:21.313638Z coredns[611]: INFO: Reloading configuration
2026-09-27T13:56:30.313638Z coredns[100]: ERROR: upstream 10.176.16.166:53: read udp 10.31.19.226:10607->10.18.32.136:53: i/o timeout
2026-09-27T13:56:39.313638Z coredns[120]: INFO: Health check OK
2026-09-27T13:56:47.313638Z coredns[759]: INFO: plugin/kubernetes: 61 resource records
2026-09-27T13:56:56.313638Z coredns[611]: INFO: Reloading configuration
2026-09-27T13:57:05.313638Z coredns[953]: INFO: plugin/ready: Still waiting on: "kubernetes"
2026-09-27T13:57:13.313638Z coredns[120]: INFO: Health check OK
2026-09-27T13:57:22.313638Z coredns[953]: INFO: plugin/ready: Still waiting on: "kubernetes"
2026-09-27T13:57:31.313638Z coredns[120]: INFO: Health check OK
2026-09-27T13:57:39.313638Z coredns[769]: WARN: too many open files
2026-09-27T13:57:48.313638Z coredns[120]: INFO: Health check OK
2026-09-27T13:57:56.313638Z coredns[120]: INFO: Health check OK
2026-09-27T13:58:05.313638Z coredns[953]: INFO: plugin/ready: Still waiting on: "kubernetes"
2026-09-27T13:58:14.313638Z coredns[120]: INFO: Health check OK
2026-09-27T13:58:22.313638Z coredns[611]: INFO: Reloading configuration
2026-09-27T13:58:31.313638Z coredns[120]: INFO: Health check OK
2026-09-27T13:58:40.313638Z coredns[759]: INFO: plugin/kubernetes: 61 resource records
2026-09-27T13:58:48.313638Z coredns[759]: INFO: plugin/kubernetes: 61 resource records
2026-09-27T13:58:57.313638Z coredns[611]: INFO: Reloading configuration
2026-09-27T13:59:06.313638Z coredns[892]: ERROR: plugin/errors: 10.175.254.205:29556 - no such host
2026-09-27T13:59:14.313638Z coredns[611]: INFO: Reloading configuration
2026-09-27T13:59:23.313638Z coredns[120]: INFO: Health check OK
2026-09-27T13:59:32.313638Z coredns[120]: INFO: Health check OK
2026-09-27T13:59:40.313638Z coredns[120]: INFO: Health check OK
2026-09-27T13:59:49.313638Z coredns[611]: INFO: Reloading configuration
2026-09-27T13:59:57.313638Z coredns[759]: INFO: plugin/kubernetes: 61 resource records
2026-09-27T14:00:06.313638Z coredns[759]: INFO: plugin/kubernetes: 61 resource records
2026-09-27T14:00:15.313638Z coredns[953]: INFO: plugin/ready: Still waiting on: "kubernetes"
2026-09-27T14:00:23.313638Z coredns[611]: INFO: Reloading configuration
2026-09-27T14:00:32.313638Z coredns[611]: INFO: Reloading configuration
2026-09-27T14:00:41.313638Z coredns[120]: INFO: Health check OK
2026-09-27T14:00:49.313638Z coredns[759]: INFO: plugin/kubernetes: 61 resource records
2026-09-27T14:00:58.313638Z coredns[953]: INFO: plugin/ready: Still waiting on: "kubernetes"
2026-09-27T14:01:07.313638Z coredns[759]: INFO: plugin/kubernetes: 61 resource records
2026-09-27T14:01:15.313638Z coredns[611]: INFO: Reloading configuration
2026-09-27T14:01:24.313638Z coredns[120]: INFO: Health check OK
2026-09-27T14:01:32.313638Z coredns[120]: INFO: Health check OK
2026-09-27T14:01:41.313638Z coredns[611]: INFO: Reloading configuration
2026-09-27T14:01:50.313638Z coredns[953]: INFO: plugin/ready: Still waiting on: "kubernetes"
2026-09-27T14:01:58.313638Z coredns[759]: INFO: plugin/kubernetes: 61 resource records
2026-09-27T14:02:07.313638Z coredns[953]: INFO: plugin/ready: Still waiting on: "kubernetes"
2026-09-27T14:02:16.313638Z coredns[611]: INFO: Reloading configuration
2026-09-27T14:02:24.313638Z coredns[759]: INFO: plugin/kubernetes: 61 resource records
2026-09-27T14:02:33.313638Z coredns[611]: INFO: Reloading configuration
2026-09-27T14:02:42.313638Z coredns[611]: INFO: Reloading configuration
2026-09-27T14:02:50.313638Z coredns[759]: INFO: plugin/kubernetes: 61 resource records
2026-09-27T14:02:59.313638Z coredns[100]: ERROR: upstream 10.176.16.166:53: read udp 10.31.19.226:10607->10.18.32.136:53: i/o timeout
2026-09-27T14:03:08.313638Z coredns[611]: INFO: Reloading configuration
2026-09-27T14:03:16.313638Z coredns[611]: INFO: Reloading configuration
2026-09-27T14:03:25.313638Z coredns[611]: INFO: Reloading configuration
2026-09-27T14:03:33.313638Z coredns[120]: INFO: Health check OK
2026-09-27T14:03:42.313638Z coredns[120]: INFO: Health check OK
2026-09-27T14:03:51.313638Z coredns[120]: INFO: Health check OK
2026-09-27T14:03:59.313638Z coredns[953]: INFO: plugin/ready: Still waiting on: "kubernetes"
2026-09-27T14:04:08.313638Z coredns[120]: INFO: Health check OK
2026-09-27T14:04:17.313638Z coredns[120]: INFO: Health check OK
2026-09-27T14:04:25.313638Z coredns[953]: INFO: plugin/ready: Still waiting on: "kubernetes"
2026-09-27T14:04:34.313638Z coredns[611]: INFO: Reloading configuration
2026-09-27T14:04:43.313638Z coredns[953]: INFO: plugin/ready: Still waiting on: "kubernetes"
2026-09-27T14:04:51.313638Z coredns[759]: INFO: plugin/kubernetes: 61 resource records
2026-09-27T14:05:00.313638Z coredns[892]: ERROR: plugin/errors: 10.175.254.205:29556 - no such host
2026-09-27T14:05:08.313638Z coredns[120]: INFO: Health check OK
2026-09-27T14:05:17.313638Z coredns[759]: INFO: plugin/kubernetes: 61 resource records
2026-09-27T14:05:26.313638Z coredns[759]: INFO: plugin/kubernetes: 61 resource records
2026-09-27T14:05:34.313638Z coredns[611]: INFO: Reloading configuration
2026-09-27T14:05:43.313638Z coredns[120]: INFO: Health check OK
2026-09-27T14:05:52.313638Z coredns[759]: INFO: plugin/kubernetes: 61 resource records
2026-09-27T14:06:00.313638Z coredns[953]: INFO: plugin/ready: Still waiting on: "kubernetes"
2026-09-27T14:06:09.313638Z coredns[120]: INFO: Health check OK
2026-09-27T14:06:18.313638Z coredns[953]: INFO: plugin/ready: Still waiting on: "kubernetes"
2026-09-27T14:06:26.313638Z coredns[759]: INFO: plugin/kubernetes: 61 resource records
2026-09-27T14:06:35.313638Z coredns[759]: INFO: plugin/kubernetes: 61 resource records
2026-09-27T14:06:44.313638Z coredns[953]: INFO: plugin/ready: Still waiting on: "kubernetes"
2026-09-27T14:06:52.313638Z coredns[759]: INFO: plugin/kubernetes: 61 resource records
2026-09-27T14:07:01.313638Z coredns[953]: INFO: plugin/ready: Still waiting on: "kubernetes"
2026-09-27T14:07:09.313638Z coredns[953]: INFO: plugin/ready: Still waiting on: "kubernetes"
2026-09-27T14:07:18.313638Z coredns[892]: ERROR: plugin/errors: 10.175.254.205:29556 - no such host
2026-09-27T14:07:27.313638Z coredns[611]: INFO: Reloading configuration
2026-09-27T14:07:35.313638Z coredns[120]: INFO: Health check OK
2026-09-27T14:07:44.313638Z coredns[611]: INFO: Reloading configuration
2026-09-27T14:07:53.313638Z coredns[100]: ERROR: upstream 10.176.16.166:53: read udp 10.31.19.226:10607->10.18.32.136:53: i/o timeout
2026-09-27T14:08:01.313638Z coredns[120]: INFO: Health check OK
2026-09-27T14:08:10.313638Z coredns[255]: ERROR: failed to list *v1.Service: Get "https://10.214.2.177:443": net/http: TLS handshake timeout
2026-09-27T14:08:19.313638Z coredns[759]: INFO: plugin/kubernetes: 61 resource records
2026-09-27T14:08:27.313638Z coredns[611]: INFO: Reloading configuration
2026-09-27T14:08:36.313638Z coredns[611]: INFO: Reloading configuration
2026-09-27T14:08:44.313638Z coredns[759]: INFO: plugin/kubernetes: 61 resource records
2026-09-27T14:08:53.313638Z coredns[611]: INFO: Reloading configuration
2026-09-27T14:09:02.313638Z coredns[759]: INFO: plugin/kubernetes: 61 resource records
2026-09-27T14:09:10.313638Z coredns[611]: INFO: Reloading configuration
2026-09-27T14:09:19.313638Z coredns[611]: INFO: Reloading configuration
2026-09-27T14:09:28.313638Z coredns[120]: INFO: Health check OK
2026-09-27T14:09:36.313638Z coredns[953]: INFO: plugin/ready: Still waiting on: "kubernetes"
2026-09-27T14:09:45.313638Z coredns[759]: INFO: plugin/kubernetes: 61 resource records
2026-09-27T14:09:54.313638Z coredns[611]: INFO: Reloading configuration
2026-09-27T14:10:02.313638Z coredns[120]: INFO: Health check OK
2026-09-27T14:10:11.313638Z coredns[953]: INFO: plugin/ready: Still waiting on: "kubernetes"
2026-09-27T14:10:20.313638Z coredns[759]: INFO: plugin/kubernetes: 61 resource records
2026-09-27T14:10:28.313638Z coredns[953]: INFO: plugin/ready: Still waiting on: "kubernetes"
2026-09-27T14:10:37.313638Z coredns[611]: INFO: Reloading configuration
2026-09-27T14:10:45.313638Z coredns[120]: INFO: Health check OK
2026-09-27T14:10:54.313638Z coredns[759]: INFO: plugin/kubernetes: 61 resource records
2026-09-27T14:11:03.313638Z coredns[255]: ERROR: failed to list *v1.Service: Get "https://10.214.2.177:443": net/http: TLS handshake timeout
2026-09-27T14:11:11.313638Z coredns[953]: INFO: plugin/ready: Still waiting on: "kubernetes"
2026-09-27T14:11:20.313638Z coredns[120]: INFO: Health check OK
2026-09-27T14:11:29.313638Z coredns[953]: INFO: plugin/ready: Still waiting on: "kubernetes"
2026-09-27T14:11:37.313638Z coredns[953]: INFO: plugin/ready: Still waiting on: "kubernetes"
2026-09-27T14:11:46.313638Z coredns[953]: INFO: plugin/ready: Still waiting on: "kubernetes"
2026-09-27T14:11:55.313638Z coredns[759]: INFO: plugin/kubernetes: 61 resource records
2026-09-27T14:12:03.313638Z coredns[120]: INFO: Health check OK
2026-09-27T14:12:12.313638Z coredns[759]: INFO: plugin/kubernetes: 61 resource records
2026-09-27T14:12:20.313638Z coredns[611]: INFO: Reloading configuration
2026-09-27T14:12:29.313638Z coredns[611]: INFO: Reloading configuration
2026-09-27T14:12:38.313638Z coredns[120]: INFO: Health check OK
2026-09-27T14:12:46.313638Z coredns[120]: INFO: Health check OK
2026-09-27T14:12:55.313638Z coredns[953]: INFO: plugin/ready: Still waiting on: "kubernetes"
2026-09-27T14:13:04.313638Z coredns[120]: INFO: Health check OK
2026-09-27T14:13:12.313638Z coredns[953]: INFO: plugin/ready: Still waiting on: "kubernetes"
2026-09-27T14:13:21.313638Z coredns[953]: INFO: plugin/ready: Still waiting on: "kubernetes"
2026-09-27T14:13:30.313638Z coredns[611]: INFO: Reloading configuration
2026-09-27T14:13:38.313638Z coredns[120]: INFO: Health check OK
2026-09-27T14:13:47.313638Z coredns[611]: INFO: Reloading configuration
2026-09-27T14:13:56.313638Z coredns[759]: INFO: plugin/kubernetes: 61 resource records
2026-09-27T14:14:04.313638Z coredns[953]: INFO: plugin/ready: Still waiting on: "kubernetes"
2026-09-27T14:14:13.313638Z coredns[953]: INFO: plugin/ready: Still waiting on: "kubernetes"
2026-09-27T14:14:21.313638Z coredns[611]: INFO: Reloading configuration
2026-09-27T14:14:30.313638Z coredns[611]: INFO: Reloading configuration
2026-09-27T14:14:39.313638Z coredns[953]: INFO: plugin/ready: Still waiting on: "kubernetes"
2026-09-27T14:14:47.313638Z coredns[953]: INFO: plugin/ready: Still waiting on: "kubernetes"
2026-09-27T14:14:56.313638Z coredns[120]: INFO: Health check OK
2026-09-27T14:15:05.313638Z coredns[953]: INFO: plugin/ready: Still waiting on: "kubernetes"
2026-09-27T14:15:13.313638Z coredns[759]: INFO: plugin/kubernetes: 61 resource records
2026-09-27T14:15:22.313638Z coredns[759]: INFO: plugin/kubernetes: 61 resource records
2026-09-27T14:15:31.313638Z coredns[759]: INFO: plugin/kubernetes: 61 resource records
2026-09-27T14:15:39.313638Z coredns[953]: INFO: plugin/ready: Still waiting on: "kubernetes"
2026-09-27T14:15:48.313638Z coredns[611]: INFO: Reloading configuration
2026-09-27T14:15:56.313638Z coredns[759]: INFO: plugin/kubernetes: 61 resource records
2026-09-27T14:16:05.313638Z coredns[611]: INFO: Reloading configuration
2026-09-27T14:16:14.313638Z coredns[120]: INFO: Health check OK
2026-09-27T14:16:22.313638Z coredns[953]: INFO: plugin/ready: Still waiting on: "kubernetes"
2026-09-27T14:16:31.313638Z coredns[759]: INFO: plugin/kubernetes: 61 resource records
2026-09-27T14:16:40.313638Z coredns[759]: INFO: plugin/kubernetes: 61 resource records
2026-09-27T14:16:48.313638Z coredns[953]: INFO: plugin/ready: Still waiting on: "kubernetes"
2026-09-27T14:16:57.313638Z coredns[953]: INFO: plugin/ready: Still waiting on: "kubernetes"
2026-09-27T14:17:06.313638Z coredns[953]: INFO: plugin/ready: Still waiting on: "kubernetes"
2026-09-27T14:17:14.313638Z coredns[953]: INFO: plugin/ready: Still waiting on: "kubernetes"
2026-09-27T14:17:23.313638Z coredns[120]: INFO: Health check OK
2026-09-27T14:17:32.313638Z coredns[759]: INFO: plugin/kubernetes: 61 resource records
2026-09-27T14:17:40.313638Z coredns[759]: INFO: plugin/kubernetes: 61 resource records
2026-09-27T14:17:49.313638Z coredns[120]: INFO: Health check OK
2026-09-27T14:17:57.313638Z coredns[953]: INFO: plugin/ready: Still waiting on: "kubernetes"
2026-09-27T14:18:06.313638Z coredns[120]: INFO: Health check OK
2026-09-27T14:18:15.313638Z coredns[100]: ERROR: upstream 10.176.16.166:53: read udp 10.31.19.226:10607->10.18.32.136:53: i/o timeout
2026-09-27T14:18:23.313638Z coredns[611]: INFO: Reloading configuration
2026-09-27T14:18:32.313638Z coredns[611]: INFO: Reloading configuration
2026-09-27T14:18:41.313638Z coredns[120]: INFO: Health check OK
2026-09-27T14:18:49.313638Z coredns[120]: INFO: Health check OK
2026-09-27T14:18:58.313638Z coredns[953]: INFO: plugin/ready: Still waiting on: "kubernetes"
2026-09-27T14:19:07.313638Z coredns[953]: INFO: plugin/ready: Still waiting on: "kubernetes"
2026-09-27T14:19:15.313638Z coredns[953]: INFO: plugin/ready: Still waiting on: "kubernetes"
2026-09-27T14:19:24.313638Z coredns[759]: INFO: plugin/kubernetes: 61 resource records
2026-09-27T14:19:32.313638Z coredns[759]: INFO: plugin/kubernetes: 61 resource records
2026-09-27T14:19:41.313638Z coredns[759]: INFO: plugin/kubernetes: 61 resource records
2026-09-27T14:19:50.313638Z coredns[120]: INFO: Health check OK
2026-09-27T14:19:58.313638Z coredns[953]: INFO: plugin/ready: Still waiting on: "kubernetes"
2026-09-27T14:20:07.313638Z coredns[953]: INFO: plugin/ready: Still waiting on: "kubernetes"
2026-09-27T14:20:16.313638Z coredns[892]: ERROR: plugin/errors: 10.175.254.205:29556 - no such host
2026-09-27T14:20:24.313638Z coredns[120]: INFO: Health check OK
2026-09-27T14:20:33.313638Z coredns[611]: INFO: Reloading configuration
2026-09-27T14:20:42.313638Z coredns[120]: INFO: Health check OK
2026-09-27T14:20:50.313638Z coredns[611]: INFO: Reloading configuration
2026-09-27T14:20:59.313638Z coredns[953]: INFO: plugin/ready: Still waiting on: "kubernetes"
2026-09-27T14:21:08.313638Z coredns[953]: INFO: plugin/ready: Still waiting on: "kubernetes"
2026-09-27T14:21:16.313638Z coredns[120]: INFO: Health check OK
2026-09-27T14:21:25.313638Z coredns[611]: INFO: Reloading configuration
2026-09-27T14:21:33.313638Z coredns[759]: INFO: plugin/kubernetes: 61 resource records
2026-09-27T14:21:42.313638Z coredns[611]: INFO: Reloading configuration
2026-09-27T14:21:51.313638Z coredns[611]: INFO: Reloading configuration
2026-09-27T14:21:59.313638Z coredns[759]: INFO: plugin/kubernetes: 61 resource records
2026-09-27T14:22:08.313638Z coredns[120]: INFO: Health check OK
2026-09-27T14:22:17.313638Z coredns[611]: INFO: Reloading configuration
2026-09-27T14:22:25.313638Z coredns[611]: INFO: Reloading configuration
2026-09-27T14:22:34.313638Z coredns[120]: INFO: Health check OK
2026-09-27T14:22:43.313638Z coredns[759]: INFO: plugin/kubernetes: 61 resource records
2026-09-27T14:22:51.313638Z coredns[953]: INFO: plugin/ready: Still waiting on: "kubernetes"
2026-09-27T14:23:00.313638Z coredns[611]: INFO: Reloading configuration
2026-09-27T14:23:08.313638Z coredns[611]: INFO: Reloading configuration
2026-09-27T14:23:17.313638Z coredns[759]: INFO: plugin/kubernetes: 61 resource records
2026-09-27T14:23:26.313638Z coredns[120]: INFO: Health check OK
2026-09-27T14:23:34.313638Z coredns[255]: ERROR: failed to list *v1.Service: Get "https://10.214.2.177:443": net/http: TLS handshake timeout
2026-09-27T14:23:43.313638Z coredns[953]: INFO: plugin/ready: Still waiting on: "kubernetes"
2026-09-27T14:23:52.313638Z coredns[759]: INFO: plugin/kubernetes: 61 resource records
2026-09-27T14:24:00.313638Z coredns[120]: INFO: Health check OK
2026-09-27T14:24:09.313638Z coredns[120]: INFO: Health check OK
2026-09-27T14:24:18.313638Z coredns[759]: INFO: plugin/kubernetes: 61 resource records
2026-09-27T14:24:26.313638Z coredns[611]: INFO: Reloading configuration
2026-09-27T14:24:35.313638Z coredns[769]: WARN: too many open files
2026-09-27T14:24:44.313638Z coredns[759]: INFO: plugin/kubernetes: 61 resource records
2026-09-27T14:24:52.313638Z coredns[759]: INFO: plugin/kubernetes: 61 resource records
2026-09-27T14:25:01.313638Z coredns[611]: INFO: Reloading configuration
2026-09-27T14:25:09.313638Z coredns[611]: INFO: Reloading configuration
2026-09-27T14:25:18.313638Z coredns[953]: INFO: plugin/ready: Still waiting on: "kubernetes"
2026-09-27T14:25:27.313638Z coredns[611]: INFO: Reloading configuration
2026-09-27T14:25:35.313638Z coredns[611]: INFO: Reloading configuration
2026-09-27T14:25:44.313638Z coredns[759]: INFO: plugin/kubernetes: 61 resource records
2026-09-27T14:25:53.313638Z coredns[120]: INFO: Health check OK
2026-09-27T14:26:01.313638Z coredns[953]: INFO: plugin/ready: Still waiting on: "kubernetes"
2026-09-27T14:26:10.313638Z coredns[120]: INFO: Health check OK
2026-09-27T14:26:19.313638Z coredns[953]: INFO: plugin/ready: Still waiting on: "kubernetes"
2026-09-27T14:26:27.313638Z coredns[611]: INFO: Reloading configuration
2026-09-27T14:26:36.313638Z coredns[953]: INFO: plugin/ready: Still waiting on: "kubernetes"
2026-09-27T14:26:44.313638Z coredns[611]: INFO: Reloading configuration
2026-09-27T14:26:53.313638Z coredns[759]: INFO: plugin/kubernetes: 61 resource records
2026-09-27T14:27:02.313638Z coredns[611]: INFO: Reloading configuration
2026-09-27T14:27:10.313638Z coredns[611]: INFO: Reloading configuration
2026-09-27T14:27:19.313638Z coredns[759]: INFO: plugin/kubernetes: 61 resource records
2026-09-27T14:27:28.313638Z coredns[611]: INFO: Reloading configuration
2026-09-27T14:27:36.313638Z coredns[611]: INFO: Reloading configuration
2026-09-27T14:27:45.313638Z coredns[953]: INFO: plugin/ready: Still waiting on: "kubernetes"
2026-09-27T14:27:54.313638Z coredns[953]: INFO: plugin/ready: Still waiting on: "kubernetes"
2026-09-27T14:28:02.313638Z coredns[769]: WARN: too many open files
2026-09-27T14:28:11.313638Z coredns[120]: INFO: Health check OK
2026-09-27T14:28:20.313638Z coredns[611]: INFO: Reloading configuration
2026-09-27T14:28:28.313638Z coredns[759]: INFO: plugin/kubernetes: 61 resource records
2026-09-27T14:28:37.313638Z coredns[953]: INFO: plugin/ready: Still waiting on: "kubernetes"
2026-09-27T14:28:45.313638Z coredns[611]: INFO: Reloading configuration
2026-09-27T14:28:54.313638Z coredns[759]: INFO: plugin/kubernetes: 61 resource records
2026-09-27T14:29:03.313638Z coredns[759]: INFO: plugin/kubernetes: 61 resource records
2026-09-27T14:29:11.313638Z coredns[953]: INFO: plugin/ready: Still waiting on: "kubernetes"
2026-09-27T14:29:20.313638Z coredns[120]: INFO: Health check OK
2026-09-27T14:29:29.313638Z coredns[611]: INFO: Reloading configuration
2026-09-27T14:29:37.313638Z coredns[120]: INFO: Health check OK
2026-09-27T14:29:46.313638Z coredns[759]: INFO: plugin/kubernetes: 61 resource records
2026-09-27T14:29:55.313638Z coredns[120]: INFO: Health check OK
2026-09-27T14:30:03.313638Z coredns[120]: INFO: Health check OK
2026-09-27T14:30:12.313638Z coredns[120]: INFO: Health check OK
2026-09-27T14:30:20.313638Z coredns[611]: INFO: Reloading configuration
2026-09-27T14:30:29.313638Z coredns[120]: INFO: Health check OK
2026-09-27T14:30:38.313638Z coredns[611]: INFO: Reloading configuration
2026-09-27T14:30:46.313638Z coredns[953]: INFO: plugin/ready: Still waiting on: "kubernetes"
2026-09-27T14:30:55.313638Z coredns[611]: INFO: Reloading configuration
2026-09-27T14:31:04.313638Z coredns[759]: INFO: plugin/kubernetes: 61 resource records
2026-09-27T14:31:12.313638Z coredns[100]: ERROR: upstream 10.176.16.166:53: read udp 10.31.19.226:10607->10.18.32.136:53: i/o timeout
2026-09-27T14:31:21.313638Z coredns[120]: INFO: Health check OK
2026-09-27T14:31:30.313638Z coredns[120]: INFO: Health check OK
2026-09-27T14:31:38.313638Z coredns[892]: ERROR: plugin/errors: 10.175.254.205:29556 - no such host
2026-09-27T14:31:47.313638Z coredns[120]: INFO: Health check OK
2026-09-27T14:31:56.313638Z coredns[892]: ERROR: plugin/errors: 10.175.254.205:29556 - no such host
2026-09-27T14:32:04.313638Z coredns[759]: INFO: plugin/kubernetes: 61 resource records
2026-09-27T14:32:13.313638Z coredns[120]: INFO: Health check OK
2026-09-27T14:32:21.313638Z coredns[120]: INFO: Health check OK
2026-09-27T14:32:30.313638Z coredns[120]: INFO: Health check OK
2026-09-27T14:32:39.313638Z coredns[759]: INFO: plugin/kubernetes: 61 resource records
2026-09-27T14:32:47.313638Z coredns[120]: INFO: Health check OK
2026-09-27T14:32:56.313638Z coredns[953]: INFO: plugin/ready: Still waiting on: "kubernetes"
2026-09-27T14:33:05.313638Z coredns[953]: INFO: plugin/ready: Still waiting on: "kubernetes"
2026-09-27T14:33:13.313638Z coredns[759]: INFO: plugin/kubernetes: 61 resource records
2026-09-27T14:33:22.313638Z coredns[120]: INFO: Health check OK
2026-09-27T14:33:31.313638Z coredns[611]: INFO: Reloading configuration
2026-09-27T14:33:39.313638Z coredns[759]: INFO: plugin/kubernetes: 61 resource records
2026-09-27T14:33:48.313638Z coredns[953]: INFO: plugin/ready: Still waiting on: "kubernetes"
2026-09-27T14:33:56.313638Z coredns[120]: INFO: Health check OK
2026-09-27T14:34:05.313638Z coredns[759]: INFO: plugin/kubernetes: 61 resource records
2026-09-27T14:34:14.313638Z coredns[759]: INFO: plugin/kubernetes: 61 resource records
2026-09-27T14:34:22.313638Z coredns[759]: INFO: plugin/kubernetes: 61 resource records
2026-09-27T14:34:31.313638Z coredns[611]: INFO: Reloading configuration
2026-09-27T14:34:40.313638Z coredns[120]: INFO: Health check OK
2026-09-27T14:34:48.313638Z coredns[100]: ERROR: upstream 10.176.16.166:53: read udp 10.31.19.226:10607->10.18.32.136:53: i/o timeout
2026-09-27T14:34:57.313638Z coredns[953]: INFO: plugin/ready: Still waiting on: "kubernetes"
2026-09-27T14:35:06.313638Z coredns[611]: INFO: Reloading configuration
2026-09-27T14:35:14.313638Z coredns[953]: INFO: plugin/ready: Still waiting on: "kubernetes"
2026-09-27T14:35:23.313638Z coredns[611]: INFO: Reloading configuration
2026-09-27T08:35:32.319372Z aws-node[518]: INFO: Health check OK
2026-09-27T08:35:40.319372Z aws-node[733]: INFO: Reloading configuration
2026-09-27T08:35:49.319372Z aws-node[377]: INFO: plugin/ready: Still waiting on: "kubernetes"
2026-09-27T08:35:57.319372Z aws-node[377]: INFO: plugin/ready: Still waiting on: "kubernetes"
2026-09-27T08:36:06.319372Z aws-node[518]: INFO: Health check OK
2026-09-27T08:36:15.319372Z aws-node[761]: INFO: plugin/kubernetes: 68 resource records
2026-09-27T08:36:23.319372Z aws-node[518]: INFO: Health check OK
2026-09-27T08:36:32.319372Z aws-node[733]: INFO: Reloading configuration
2026-09-27T08:36:41.319372Z aws-node[761]: INFO: plugin/kubernetes: 68 resource records
2026-09-27T08:36:49.319372Z aws-node[733]: INFO: Reloading configuration
2026-09-27T08:36:58.319372Z aws-node[733]: INFO: Reloading configuration
2026-09-27T08:37:07.319372Z aws-node[733]: INFO: Reloading configuration
2026-09-27T08:37:15.319372Z aws-node[733]: INFO: Reloading configuration
2026-09-27T08:37:24.319372Z aws-node[518]: INFO: Health check OK
2026-09-27T08:37:32.319372Z aws-node[733]: INFO: Reloading configuration
2026-09-27T08:37:41.319372Z aws-node[377]: INFO: plugin/ready: Still waiting on: "kubernetes"
2026-09-27T08:37:50.319372Z aws-node[761]: INFO: plugin/kubernetes: 68 resource records
2026-09-27T08:37:58.319372Z aws-node[761]: INFO: plugin/kubernetes: 68 resource records
2026-09-27T08:38:07.319372Z aws-node[518]: INFO: Health check OK
2026-09-27T08:38:16.319372Z aws-node[377]: INFO: plugin/ready: Still waiting on: "kubernetes"
2026-09-27T08:38:24.319372Z aws-node[377]: INFO: plugin/ready: Still waiting on: "kubernetes"
2026-09-27T08:38:33.319372Z aws-node[761]: INFO: plugin/kubernetes: 68 resource records
2026-09-27T08:38:42.319372Z aws-node[761]: INFO: plugin/kubernetes: 68 resource records
2026-09-27T08:38:50.319372Z aws-node[733]: INFO: Reloading configuration
2026-09-27T08:38:59.319372Z aws-node[483]: WARN: too many open files
2026-09-27T08:39:08.319372Z aws-node[761]: INFO: plugin/kubernetes: 68 resource records
2026-09-27T08:39:16.319372Z aws-node[377]: INFO: plugin/ready: Still waiting on: "kubernetes"
2026-09-27T08:39:25.319372Z aws-node[377]: INFO: plugin/ready: Still waiting on: "kubernetes"
2026-09-27T08:39:33.319372Z aws-node[518]: INFO: Health check OK
2026-09-27T08:39:42.319372Z aws-node[377]: INFO: plugin/ready: Still waiting on: "kubernetes"
2026-09-27T08:39:51.319372Z aws-node[733]: INFO: Reloading configuration
2026-09-27T08:39:59.319372Z aws-node[518]: INFO: Health check OK
2026-09-27T08:40:08.319372Z aws-node[518]: INFO: Health check OK
2026-09-27T08:40:17.319372Z aws-node[377]: INFO: plugin/ready: Still waiting on: "kubernetes"
2026-09-27T08:40:25.319372Z aws-node[246]: ERROR: failed to list *v1.Service: Get "https://10.6.106.25:443": net/http: TLS handshake timeout
2026-09-27T08:40:34.319372Z aws-node[377]: INFO: plugin/ready: Still waiting on: "kubernetes"
2026-09-27T08:40:43.319372Z aws-node[761]: INFO: plugin/kubernetes: 68 resource records
2026-09-27T08:40:51.319372Z aws-node[377]: INFO: plugin/ready: Still waiting on: "kubernetes"
2026-09-27T08:41:00.319372Z aws-node[377]: INFO: plugin/ready: Still waiting on: "kubernetes"
2026-09-27T08:41:08.319372Z aws-node[761]: INFO: plugin/kubernetes: 68 resource records
2026-09-27T08:41:17.319372Z aws-node[518]: INFO: Health check OK
2026-09-27T08:41:26.319372Z aws-node[733]: INFO: Reloading configuration
2026-09-27T08:41:34.319372Z aws-node[761]: INFO: plugin/kubernetes: 68 resource records
2026-09-27T08:41:43.319372Z aws-node[733]: INFO: Reloading configuration
2026-09-27T08:41:52.319372Z aws-node[518]: INFO: Health check OK
2026-09-27T08:42:00.319372Z aws-node[761]: INFO: plugin/kubernetes: 68 resource records
2026-09-27T08:42:09.319372Z aws-node[733]: INFO: Reloading configuration
2026-09-27T08:42:18.319372Z aws-node[761]: INFO: plugin/kubernetes: 68 resource records
2026-09-27T08:42:26.319372Z aws-node[733]: INFO: Reloading configuration
2026-09-27T08:42:35.319372Z aws-node[377]: INFO: plugin/ready: Still waiting on: "kubernetes"
2026-09-27T08:42:44.319372Z aws-node[377]: INFO: plugin/ready: Still waiting on: "kubernetes"
2026-09-27T08:42:52.319372Z aws-node[761]: INFO: plugin/kubernetes: 68 resource records
2026-09-27T08:43:01.319372Z aws-node[518]: INFO: Health check OK
2026-09-27T08:43:09.319372Z aws-node[761]: INFO: plugin/kubernetes: 68 resource records
2026-09-27T08:43:18.319372Z aws-node[733]: INFO: Reloading configuration
2026-09-27T08:43:27.319372Z aws-node[733]: INFO: Reloading configuration
2026-09-27T08:43:35.319372Z aws-node[761]: INFO: plugin/kubernetes: 68 resource records
2026-09-27T08:43:44.319372Z aws-node[733]: INFO: Reloading configuration
2026-09-27T08:43:53.319372Z aws-node[518]: INFO: Health check OK
2026-09-27T08:44:01.319372Z aws-node[733]: INFO: Reloading configuration
2026-09-27T08:44:10.319372Z aws-node[761]: INFO: plugin/kubernetes: 68 resource records
2026-09-27T08:44:19.319372Z aws-node[377]: INFO: plugin/ready: Still waiting on: "kubernetes"
2026-09-27T08:44:27.319372Z aws-node[733]: INFO: Reloading configuration
2026-09-27T08:44:36.319372Z aws-node[377]: INFO: plugin/ready: Still waiting on: "kubernetes"
2026-09-27T08:44:44.319372Z aws-node[377]: INFO: plugin/ready: Still waiting on: "kubernetes"
2026-09-27T08:44:53.319372Z aws-node[377]: INFO: plugin/ready: Still waiting on: "kubernetes"
2026-09-27T08:45:02.319372Z aws-node[733]: INFO: Reloading configuration
2026-09-27T08:45:10.319372Z aws-node[761]: INFO: plugin/kubernetes: 68 resource records
2026-09-27T08:45:19.319372Z aws-node[377]: INFO: plugin/ready: Still waiting on: "kubernetes"
2026-09-27T08:45:28.319372Z aws-node[518]: INFO: Health check OK
2026-09-27T08:45:36.319372Z aws-node[518]: INFO: Health check OK
2026-09-27T08:45:45.319372Z aws-node[733]: INFO: Reloading configuration
2026-09-27T08:45:54.319372Z aws-node[761]: INFO: plugin/kubernetes: 68 resource records
2026-09-27T08:46:02.319372Z aws-node[761]: INFO: plugin/kubernetes: 68 resource records
2026-09-27T08:46:11.319372Z aws-node[761]: INFO: plugin/kubernetes: 68 resource records
2026-09-27T08:46:20.319372Z aws-node[518]: INFO: Health check OK
2026-09-27T08:46:28.319372Z aws-node[761]: INFO: plugin/kubernetes: 68 resource records
2026-09-27T08:46:37.319372Z aws-node[761]: INFO: plugin/kubernetes: 68 resource records
2026-09-27T08:46:45.319372Z aws-node[761]: INFO: plugin/kubernetes: 68 resource records
2026-09-27T08:46:54.319372Z aws-node[377]: INFO: plugin/ready: Still waiting on: "kubernetes"
2026-09-27T08:47:03.319372Z aws-node[377]: INFO: plugin/ready: Still waiting on: "kubernetes"
2026-09-27T08:47:11.319372Z aws-node[733]: INFO: Reloading configuration
2026-09-27T08:47:20.319372Z aws-node[518]: INFO: Health check OK
2026-09-27T08:47:29.319372Z aws-node[518]: INFO: Health check OK
2026-09-27T08:47:37.319372Z aws-node[761]: INFO: plugin/kubernetes: 68 resource records
2026-09-27T08:47:46.319372Z aws-node[377]: INFO: plugin/ready: Still waiting on: "kubernetes"
2026-09-27T08:47:55.319372Z aws-node[761]: INFO: plugin/kubernetes: 68 resource records
2026-09-27T08:48:03.319372Z aws-node[761]: INFO: plugin/kubernetes: 68 resource records
2026-09-27T08:48:12.319372Z aws-node[518]: INFO: Health check OK
2026-09-27T08:48:20.319372Z aws-node[761]: INFO: plugin/kubernetes: 68 resource records
2026-09-27T08:48:29.319372Z aws-node[518]: INFO: Health check OK
2026-09-27T08:48:38.319372Z aws-node[377]: INFO: plugin/ready: Still waiting on: "kubernetes"
2026-09-27T08:48:46.319372Z aws-node[377]: INFO: plugin/ready: Still waiting on: "kubernetes"
2026-09-27T08:48:55.319372Z aws-node[733]: INFO: Reloading configuration
2026-09-27T08:49:04.319372Z aws-node[733]: INFO: Reloading configuration
2026-09-27T08:49:12.319372Z aws-node[761]: INFO: plugin/kubernetes: 68 resource records
2026-09-27T08:49:21.319372Z aws-node[377]: INFO: plugin/ready: Still waiting on: "kubernetes"
2026-09-27T08:49:30.319372Z aws-node[377]: INFO: plugin/ready: Still waiting on: "kubernetes"
2026-09-27T08:49:38.319372Z aws-node[761]: INFO: plugin/kubernetes: 68 resource records
2026-09-27T08:49:47.319372Z aws-node[986]: ERROR: plugin/errors: 10.80.131.140:49335 - no such host
2026-09-27T08:49:56.319372Z aws-node[483]: WARN: too many open files
2026-09-27T08:50:04.319372Z aws-node[377]: INFO: plugin/ready: Still waiting on: "kubernetes"
2026-09-27T08:50:13.319372Z aws-node[733]: INFO: Reloading configuration
2026-09-27T08:50:21.319372Z aws-node[761]: INFO: plugin/kubernetes: 68 resource records
2026-09-27T08:50:30.319372Z aws-node[761]: INFO: plugin/kubernetes: 68 resource records
2026-09-27T08:50:39.319372Z aws-node[733]: INFO: Reloading configuration
2026-09-27T08:50:47.319372Z aws-node[733]: INFO: Reloading configuration
2026-09-27T08:50:56.319372Z aws-node[377]: INFO: plugin/ready: Still waiting on: "kubernetes"
2026-09-27T08:51:05.319372Z aws-node[733]: INFO: Reloading configuration
2026-09-27T08:51:13.319372Z aws-node[518]: INFO: Health check OK
2026-09-27T08:51:22.319372Z aws-node[377]: INFO: plugin/ready: Still waiting on: "kubernetes"
2026-09-27T08:51:31.319372Z aws-node[518]: INFO: Health check OK
2026-09-27T08:51:39.319372Z aws-node[733]: INFO: Reloading configuration
2026-09-27T08:51:48.319372Z aws-node[377]: INFO: plugin/ready: Still waiting on: "kubernetes"
2026-09-27T08:51:56.319372Z aws-node[377]: INFO: plugin/ready: Still waiting on: "kubernetes"
2026-09-27T08:52:05.319372Z aws-node[761]: INFO: plugin/kubernetes: 68 resource records
2026-09-27T08:52:14.319372Z aws-node[733]: INFO: Reloading configuration
2026-09-27T08:52:22.319372Z aws-node[377]: INFO: plugin/ready: Still waiting on: "kubernetes"
2026-09-27T08:52:31.319372Z aws-node[377]: INFO: plugin/ready: Still waiting on: "kubernetes"
2026-09-27T08:52:40.319372Z aws-node[518]: INFO: Health check OK
2026-09-27T08:52:48.319372Z aws-node[733]: INFO: Reloading configuration
2026-09-27T08:52:57.319372Z aws-node[518]: INFO: Health check OK
2026-09-27T08:53:06.319372Z aws-node[761]: INFO: plugin/kubernetes: 68 resource records
2026-09-27T08:53:14.319372Z aws-node[518]: INFO: Health check OK
2026-09-27T08:53:23.319372Z aws-node[377]: INFO: plugin/ready: Still waiting on: "kubernetes"
2026-09-27T08:53:32.319372Z aws-node[733]: INFO: Reloading configuration
2026-09-27T08:53:40.319372Z aws-node[733]: INFO: Reloading configuration
2026-09-27T08:53:49.319372Z aws-node[518]: INFO: Health check OK
2026-09-27T08:53:57.319372Z aws-node[518]: INFO: Health check OK
2026-09-27T08:54:06.319372Z aws-node[518]: INFO: Health check OK
2026-09-27T08:54:15.319372Z aws-node[761]: INFO: plugin/kubernetes: 68 resource records
2026-09-27T08:54:23.319372Z aws-node[518]: INFO: Health check OK
2026-09-27T08:54:32.319372Z aws-node[761]: INFO: plugin/kubernetes: 68 resource records
2026-09-27T08:54:41.319372Z aws-node[518]: INFO: Health check OK
2026-09-27T08:54:49.319372Z aws-node[733]: INFO: Reloading configuration
2026-09-27T08:54:58.319372Z aws-node[761]: INFO: plugin/kubernetes: 68 resource records
2026-09-27T08:55:07.319372Z aws-node[377]: INFO: plugin/ready: Still waiting on: "kubernetes"
2026-09-27T08:55:15.319372Z aws-node[733]: INFO: Reloading configuration
2026-09-27T08:55:24.319372Z aws-node[518]: INFO: Health check OK
2026-09-27T08:55:32.319372Z aws-node[733]: INFO: Reloading configuration
2026-09-27T08:55:41.319372Z aws-node[377]: INFO: plugin/ready: Still waiting on: "kubernetes"
2026-09-27T08:55:50.319372Z aws-node[518]: INFO: Health check OK
2026-09-27T08:55:58.319372Z aws-node[761]: INFO: plugin/kubernetes: 68 resource records
2026-09-27T08:56:07.319372Z aws-node[761]: INFO: plugin/kubernetes: 68 resource records
2026-09-27T08:56:16.319372Z aws-node[733]: INFO: Reloading configuration
2026-09-27T08:56:24.319372Z aws-node[377]: INFO: plugin/ready: Still waiting on: "kubernetes"
2026-09-27T08:56:33.319372Z aws-node[377]: INFO: plugin/ready: Still waiting on: "kubernetes"
2026-09-27T08:56:42.319372Z aws-node[377]: INFO: plugin/ready: Still waiting on: "kubernetes"
2026-09-27T08:56:50.319372Z aws-node[761]: INFO: plugin/kubernetes: 68 resource records
2026-09-27T08:56:59.319372Z aws-node[518]: INFO: Health check OK
2026-09-27T08:57:08.319372Z aws-node[733]: INFO: Reloading configuration
2026-09-27T08:57:16.319372Z aws-node[761]: INFO: plugin/kubernetes: 68 resource records
2026-09-27T08:57:25.319372Z aws-node[733]: INFO: Reloading configuration
2026-09-27T08:57:33.319372Z aws-node[761]: INFO: plugin/kubernetes: 68 resource records
2026-09-27T08:57:42.319372Z aws-node[377]: INFO: plugin/ready: Still waiting on: "kubernetes"
2026-09-27T08:57:51.319372Z aws-node[377]: INFO: plugin/ready: Still waiting on: "kubernetes"
2026-09-27T08:57:59.319372Z aws-node[761]: INFO: plugin/kubernetes: 68 resource records
2026-09-27T08:58:08.319372Z aws-node[761]: INFO: plugin/kubernetes: 68 resource records
2026-09-27T08:58:17.319372Z aws-node[483]: WARN: too many open files
2026-09-27T08:58:25.319372Z aws-node[377]: INFO: plugin/ready: Still waiting on: "kubernetes"
2026-09-27T08:58:34.319372Z aws-node[518]: INFO: Health check OK
2026-09-27T08:58:43.319372Z aws-node[761]: INFO: plugin/kubernetes: 68 resource records
2026-09-27T08:58:51.319372Z aws-node[733]: INFO: Reloading configuration
2026-09-27T08:59:00.319372Z aws-node[733]: INFO: Reloading configuration
2026-09-27T08:59:08.319372Z aws-node[733]: INFO: Reloading configuration
2026-09-27T08:59:17.319372Z aws-node[733]: INFO: Reloading configuration
2026-09-27T08:59:26.319372Z aws-node[518]: INFO: Health check OK
2026-09-27T08:59:34.319372Z aws-node[518]: INFO: Health check OK
2026-09-27T08:59:43.319372Z aws-node[733]: INFO: Reloading configuration
2026-09-27T08:59:52.319372Z aws-node[377]: INFO: plugin/ready: Still waiting on: "kubernetes"
2026-09-27T09:00:00.319372Z aws-node[246]: ERROR: failed to list *v1.Service: Get "https://10.6.106.25:443": net/http: TLS handshake timeout
2026-09-27T09:00:09.319372Z aws-node[733]: INFO: Reloading configuration
2026-09-27T09:00:18.319372Z aws-node[733]: INFO: Reloading configuration
2026-09-27T09:00:26.319372Z aws-node[761]: INFO: plugin/kubernetes: 68 resource records
2026-09-27T09:00:35.319372Z aws-node[761]: INFO: plugin/kubernetes: 68 resource records
2026-09-27T09:00:44.319372Z aws-node[761]: INFO: plugin/kubernetes: 68 resource records
2026-09-27T09:00:52.319372Z aws-node[761]: INFO: plugin/kubernetes: 68 resource records
2026-09-27T09:01:01.319372Z aws-node[733]: INFO: Reloading configuration
2026-09-27T09:01:09.319372Z aws-node[761]: INFO: plugin/kubernetes: 68 resource records
2026-09-27T09:01:18.319372Z aws-node[761]: INFO: plugin/kubernetes: 68 resource records
2026-09-27T09:01:27.319372Z aws-node[761]: INFO: plugin/kubernetes: 68 resource records
2026-09-27T09:01:35.319372Z aws-node[377]: INFO: plugin/ready: Still waiting on: "kubernetes"
2026-09-27T09:01:44.319372Z aws-node[518]: INFO: Health check OK
2026-09-27T09:01:53.319372Z aws-node[518]: INFO: Health check OK
2026-09-27T09:02:01.319372Z aws-node[733]: INFO: Reloading configuration
2026-09-27T09:02:10.319372Z aws-node[518]: INFO: Health check OK
2026-09-27T09:02:19.319372Z aws-node[377]: INFO: plugin/ready: Still waiting on: "kubernetes"
2026-09-27T09:02:27.319372Z aws-node[518]: INFO: Health check OK
2026-09-27T09:02:36.319372Z aws-node[377]: INFO: plugin/ready: Still waiting on: "kubernetes"
2026-09-27T09:02:44.319372Z aws-node[761]: INFO: plugin/kubernetes: 68 resource records
2026-09-27T09:02:53.319372Z aws-node[733]: INFO: Reloading configuration
2026-09-27T09:03:02.319372Z aws-node[377]: INFO: plugin/ready: Still waiting on: "kubernetes"
2026-09-27T09:03:10.319372Z aws-node[761]: INFO: plugin/kubernetes: 68 resource records
2026-09-27T09:03:19.319372Z aws-node[761]: INFO: plugin/kubernetes: 68 resource records
2026-09-27T09:03:28.319372Z aws-node[761]: INFO: plugin/kubernetes: 68 resource records
2026-09-27T09:03:36.319372Z aws-node[986]: ERROR: plugin/errors: 10.80.131.140:49335 - no such host
2026-09-27T09:03:45.319372Z aws-node[761]: INFO: plugin/kubernetes: 68 resource records
2026-09-27T09:03:54.319372Z aws-node[761]: INFO: plugin/kubernetes: 68 resource records
2026-09-27T09:04:02.319372Z aws-node[733]: INFO: Reloading configuration
2026-09-27T09:04:11.319372Z aws-node[761]: INFO: plugin/kubernetes: 68 resource records
2026-09-27T09:04:20.319372Z aws-node[761]: INFO: plugin/kubernetes: 68 resource records
2026-09-27T09:04:28.319372Z aws-node[518]: INFO: Health check OK
2026-09-27T09:04:37.319372Z aws-node[761]: INFO: plugin/kubernetes: 68 resource records
2026-09-27T09:04:45.319372Z aws-node[377]: INFO: plugin/ready: Still waiting on: "kubernetes"
2026-09-27T09:04:54.319372Z aws-node[733]: INFO: Reloading configuration
2026-09-27T09:05:03.319372Z aws-node[761]: INFO: plugin/kubernetes: 68 resource records
2026-09-27T09:05:11.319372Z aws-node[518]: INFO: Health check OK
2026-09-27T09:05:20.319372Z aws-node[235]: ERROR: upstream 10.100.41.115:53: read udp 10.133.154.175:43076->10.240.134.29:53: i/o timeout
2026-09-27T09:05:29.319372Z aws-node[518]: INFO: Health check OK
2026-09-27T09:05:37.319372Z aws-node[377]: INFO: plugin/ready: Still waiting on: "kubernetes"
2026-09-27T09:05:46.319372Z aws-node[733]: INFO: Reloading configuration
2026-09-27T09:05:55.319372Z aws-node[377]: INFO: plugin/ready: Still waiting on: "kubernetes"
2026-09-27T09:06:03.319372Z aws-node[518]: INFO: Health check OK
2026-09-27T09:06:12.319372Z aws-node[377]: INFO: plugin/ready: Still waiting on: "kubernetes"
2026-09-27T09:06:20.319372Z aws-node[377]: INFO: plugin/ready: Still waiting on: "kubernetes"
2026-09-27T09:06:29.319372Z aws-node[733]: INFO: Reloading configuration
2026-09-27T09:06:38.319372Z aws-node[986]: ERROR: plugin/errors: 10.80.131.140:49335 - no such host
2026-09-27T09:06:46.319372Z aws-node[235]: ERROR: upstream 10.100.41.115:53: read udp 10.133.154.175:43076->10.240.134.29:53: i/o timeout
2026-09-27T09:06:55.319372Z aws-node[377]: INFO: plugin/ready: Still waiting on: "kubernetes"
2026-09-27T09:07:04.319372Z aws-node[761]: INFO: plugin/kubernetes: 68 resource records
2026-09-27T09:07:12.319372Z aws-node[518]: INFO: Health check OK
2026-09-27T09:07:21.319372Z aws-node[761]: INFO: plugin/kubernetes: 68 resource records
2026-09-27T09:07:30.319372Z aws-node[377]: INFO: plugin/ready: Still waiting on: "kubernetes"
2026-09-27T09:07:38.319372Z aws-node[518]: INFO: Health check OK
2026-09-27T09:07:47.319372Z aws-node[733]: INFO: Reloading configuration
2026-09-27T09:07:56.319372Z aws-node[761]: INFO: plugin/kubernetes: 68 resource records
2026-09-27T09:08:04.319372Z aws-node[733]: INFO: Reloading configuration
2026-09-27T09:08:13.319372Z aws-node[377]: INFO: plugin/ready: Still waiting on: "kubernetes"
2026-09-27T09:08:21.319372Z aws-node[377]: INFO: plugin/ready: Still waiting on: "kubernetes"
2026-09-27T09:08:30.319372Z aws-node[518]: INFO: Health check OK
2026-09-27T09:08:39.319372Z aws-node[518]: INFO: Health check OK
2026-09-27T09:08:47.319372Z aws-node[518]: INFO: Health check OK
2026-09-27T09:08:56.319372Z aws-node[761]: INFO: plugin/kubernetes: 68 resource records
2026-09-27T09:09:05.319372Z aws-node[377]: INFO: plugin/ready: Still waiting on: "kubernetes"
2026-09-27T09:09:13.319372Z aws-node[377]: INFO: plugin/ready: Still waiting on: "kubernetes"
2026-09-27T09:09:22.319372Z aws-node[733]: INFO: Reloading configuration
2026-09-27T09:09:31.319372Z aws-node[518]: INFO: Health check OK
2026-09-27T09:09:39.319372Z aws-node[518]: INFO: Health check OK
2026-09-27T09:09:48.319372Z aws-node[377]: INFO: plugin/ready: Still waiting on: "kubernetes"
2026-09-27T09:09:56.319372Z aws-node[986]: ERROR: plugin/errors: 10.80.131.140:49335 - no such host
2026-09-27T09:10:05.319372Z aws-node[761]: INFO: plugin/kubernetes: 68 resource records
2026-09-27T09:10:14.319372Z aws-node[761]: INFO: plugin/kubernetes: 68 resource records
2026-09-27T09:10:22.319372Z aws-node[246]: ERROR: failed to list *v1.Service: Get "https://10.6.106.25:443": net/http: TLS handshake timeout
2026-09-27T09:10:31.319372Z aws-node[761]: INFO: plugin/kubernetes: 68 resource records
2026-09-27T09:10:40.319372Z aws-node[518]: INFO: Health check OK
2026-09-27T09:10:48.319372Z aws-node[518]: INFO: Health check OK
2026-09-27T09:10:57.319372Z aws-node[518]: INFO: Health check OK
2026-09-27T09:11:06.319372Z aws-node[761]: INFO: plugin/kubernetes: 68 resource records
2026-09-27T09:11:14.319372Z aws-node[377]: INFO: plugin/ready: Still waiting on: "kubernetes"
2026-09-27T09:11:23.319372Z aws-node[377]: INFO: plugin/ready: Still waiting on: "kubernetes"
2026-09-27T09:11:32.319372Z aws-node[761]: INFO: plugin/kubernetes: 68 resource records
2026-09-27T09:11:40.319372Z aws-node[377]: INFO: plugin/ready: Still waiting on: "kubernetes"
2026-09-27T09:11:49.319372Z aws-node[986]: ERROR: plugin/errors: 10.80.131.140:49335 - no such host
2026-09-27T09:11:57.319372Z aws-node[518]: INFO: Health check OK
2026-09-27T09:12:06.319372Z aws-node[733]: INFO: Reloading configuration
2026-09-27T09:12:15.319372Z aws-node[377]: INFO: plugin/ready: Still waiting on: "kubernetes"
2026-09-27T09:12:23.319372Z aws-node[761]: INFO: plugin/kubernetes: 68 resource records
2026-09-27T09:12:32.319372Z aws-node[761]: INFO: plugin/kubernetes: 68 resource records
2026-09-27T09:12:41.319372Z aws-node[518]: INFO: Health check OK
2026-09-27T09:12:49.319372Z aws-node[518]: INFO: Health check OK
2026-09-27T09:12:58.319372Z aws-node[761]: INFO: plugin/kubernetes: 68 resource records
2026-09-27T09:13:07.319372Z aws-node[733]: INFO: Reloading configuration
2026-09-27T09:13:15.319372Z aws-node[761]: INFO: plugin/kubernetes: 68 resource records
2026-09-27T09:13:24.319372Z aws-node[518]: INFO: Health check OK
2026-09-27T09:13:32.319372Z aws-node[733]: INFO: Reloading configuration
2026-09-27T09:13:41.319372Z aws-node[733]: INFO: Reloading configuration
2026-09-27T09:13:50.319372Z aws-node[518]: INFO: Health check OK
2026-09-27T09:13:58.319372Z aws-node[761]: INFO: plugin/kubernetes: 68 resource records
2026-09-27T09:14:07.319372Z aws-node[733]: INFO: Reloading configuration
2026-09-27T09:14:16.319372Z aws-node[761]: INFO: plugin/kubernetes: 68 resource records
2026-09-27T09:14:24.319372Z aws-node[518]: INFO: Health check OK
2026-09-27T09:14:33.319372Z aws-node[761]: INFO: plugin/kubernetes: 68 resource records
2026-09-27T09:14:42.319372Z aws-node[761]: INFO: plugin/kubernetes: 68 resource records
2026-09-27T09:14:50.319372Z aws-node[377]: INFO: plugin/ready: Still waiting on: "kubernetes"
2026-09-27T09:14:59.319372Z aws-node[761]: INFO: plugin/kubernetes: 68 resource records
2026-09-27T09:15:08.319372Z aws-node[377]: INFO: plugin/ready: Still waiting on: "kubernetes"
2026-09-27T09:15:16.319372Z aws-node[518]: INFO: Health check OK
2026-09-27T09:15:25.319372Z aws-node[518]: INFO: Health check OK
2026-09-27T09:15:33.319372Z aws-node[377]: INFO: plugin/ready: Still waiting on: "kubernetes"
2026-09-27T09:15:42.319372Z aws-node[761]: INFO: plugin/kubernetes: 68 resource records
2026-09-27T09:15:51.319372Z aws-node[518]: INFO: Health check OK
2026-09-27T09:15:59.319372Z aws-node[518]: INFO: Health check OK
2026-09-27T09:16:08.319372Z aws-node[377]: INFO: plugin/ready: Still waiting on: "kubernetes"
2026-09-27T09:16:17.319372Z aws-node[518]: INFO: Health check OK
2026-09-27T09:16:25.319372Z aws-node[761]: INFO: plugin/kubernetes: 68 resource records
2026-09-27T09:16:34.319372Z aws-node[761]: INFO: plugin/kubernetes: 68 resource records
2026-09-27T09:16:43.319372Z aws-node[377]: INFO: plugin/ready: Still waiting on: "kubernetes"
2026-09-27T09:16:51.319372Z aws-node[518]: INFO: Health check OK
2026-09-27T09:17:00.319372Z aws-node[733]: INFO: Reloading configuration
2026-09-27T09:17:08.319372Z aws-node[377]: INFO: plugin/ready: Still waiting on: "kubernetes"
2026-09-27T09:17:17.319372Z aws-node[377]: INFO: plugin/ready: Still waiting on: "kubernetes"
2026-09-27T09:17:26.319372Z aws-node[761]: INFO: plugin/kubernetes: 68 resource records
2026-09-27T09:17:34.319372Z aws-node[377]: INFO: plugin/ready: Still waiting on: "kubernetes"
2026-09-27T09:17:43.319372Z aws-node[377]: INFO: plugin/ready: Still waiting on: "kubernetes"
2026-09-27T09:17:52.319372Z aws-node[761]: INFO: plugin/kubernetes: 68 resource records
2026-09-27T09:18:00.319372Z aws-node[733]: INFO: Reloading configuration
2026-09-27T09:18:09.319372Z aws-node[761]: INFO: plugin/kubernetes: 68 resource records
2026-09-27T09:18:18.319372Z aws-node[761]: INFO: plugin/kubernetes: 68 resource records
2026-09-27T09:18:26.319372Z aws-node[761]: INFO: plugin/kubernetes: 68 resource records
2026-09-27T09:18:35.319372Z aws-node[733]: INFO: Reloading configuration
2026-09-27T09:18:44.319372Z aws-node[761]: INFO: plugin/kubernetes: 68 resource records
2026-09-27T09:18:52.319372Z aws-node[733]: INFO: Reloading configuration
2026-09-27T09:19:01.319372Z aws-node[235]: ERROR: upstream 10.100.41.115:53: read udp 10.133.154.175:43076->10.240.134.29:53: i/o timeout
2026-09-27T09:19:09.319372Z aws-node[761]: INFO: plugin/kubernetes: 68 resource records
2026-09-27T09:19:18.319372Z aws-node[761]: INFO: plugin/kubernetes: 68 resource records
2026-09-27T09:19:27.319372Z aws-node[761]: INFO: plugin/kubernetes: 68 resource records
2026-09-27T09:19:35.319372Z aws-node[377]: INFO: plugin/ready: Still waiting on: "kubernetes"
2026-09-27T09:19:44.319372Z aws-node[733]: INFO: Reloading configuration
2026-09-27T09:19:53.319372Z aws-node[377]: INFO: plugin/ready: Still waiting on: "kubernetes"
2026-09-27T09:20:01.319372Z aws-node[377]: INFO: plugin/ready: Still waiting on: "kubernetes"
2026-09-27T09:20:10.319372Z aws-node[761]: INFO: plugin/kubernetes: 68 resource records
2026-09-27T09:20:19.319372Z aws-node[733]: INFO: Reloading configuration
2026-09-27T09:20:27.319372Z aws-node[761]: INFO: plugin/kubernetes: 68 resource records
2026-09-27T09:20:36.319372Z aws-node[761]: INFO: plugin/kubernetes: 68 resource records
2026-09-27T09:20:44.319372Z aws-node[733]: INFO: Reloading configuration
2026-09-27T09:20:53.319372Z aws-node[761]: INFO: plugin/kubernetes: 68 resource records
2026-09-27T09:21:02.319372Z aws-node[377]: INFO: plugin/ready: Still waiting on: "kubernetes"
2026-09-27T09:21:10.319372Z aws-node[761]: INFO: plugin/kubernetes: 68 resource records
2026-09-27T09:21:19.319372Z aws-node[761]: INFO: plugin/kubernetes: 68 resource records
2026-09-27T09:21:28.319372Z aws-node[733]: INFO: Reloading configuration
2026-09-27T09:21:36.319372Z aws-node[733]: INFO: Reloading configuration
2026-09-27T09:21:45.319372Z aws-node[377]: INFO: plugin/ready: Still waiting on: "kubernetes"
2026-09-27T09:21:54.319372Z aws-node[761]: INFO: plugin/kubernetes: 68 resource records
2026-09-27T09:22:02.319372Z aws-node[761]: INFO: plugin/kubernetes: 68 resource records
2026-09-27T09:22:11.319372Z aws-node[518]: INFO: Health check OK
2026-09-27T09:22:20.319372Z aws-node[733]: INFO: Reloading configuration
2026-09-27T09:22:28.319372Z aws-node[733]: INFO: Reloading configuration
2026-09-27T09:22:37.319372Z aws-node[733]: INFO: Reloading configuration
2026-09-27T09:22:45.319372Z aws-node[733]: INFO: Reloading configuration
2026-09-27T09:22:54.319372Z aws-node[377]: INFO: plugin/ready: Still waiting on: "kubernetes"
2026-09-27T09:23:03.319372Z aws-node[761]: INFO: plugin/kubernetes: 68 resource records
2026-09-27T09:23:11.319372Z aws-node[733]: INFO: Reloading configuration
2026-09-27T09:23:20.319372Z aws-node[761]: INFO: plugin/kubernetes: 68 resource records
2026-09-27T09:23:29.319372Z aws-node[733]: INFO: Reloading configuration
2026-09-27T09:23:37.319372Z aws-node[761]: INFO: plugin/kubernetes: 68 resource records
2026-09-27T09:23:46.319372Z aws-node[518]: INFO: Health check OK
2026-09-27T09:23:55.319372Z aws-node[733]: INFO: Reloading configuration
2026-09-27T09:24:03.319372Z aws-node[761]: INFO: plugin/kubernetes: 68 resource records
2026-09-27T09:24:12.319372Z aws-node[761]: INFO: plugin/kubernetes: 68 resource records
2026-09-27T09:24:20.319372Z aws-node[518]: INFO: Health check OK
2026-09-27T09:24:29.319372Z aws-node[761]: INFO: plugin/kubernetes: 68 resource records
2026-09-27T09:24:38.319372Z aws-node[518]: INFO: Health check OK
2026-09-27T09:24:46.319372Z aws-node[377]: INFO: plugin/ready: Still waiting on: "kubernetes"
2026-09-27T09:24:55.319372Z aws-node[518]: INFO: Health check OK
2026-09-27T09:25:04.319372Z aws-node[733]: INFO: Reloading configuration
2026-09-27T09:25:12.319372Z aws-node[518]: INFO: Health check OK
2026-09-27T09:25:21.319372Z aws-node[733]: INFO: Reloading configuration
2026-09-27T09:25:30.319372Z aws-node[483]: WARN: too many open files
2026-09-27T09:25:38.319372Z aws-node[518]: INFO: Health check OK
2026-09-27T09:25:47.319372Z aws-node[733]: INFO: Reloading configuration
2026-09-27T09:25:56.319372Z aws-node[518]: INFO: Health check OK
2026-09-27T09:26:04.319372Z aws-node[377]: INFO: plugin/ready: Still waiting on: "kubernetes"
2026-09-27T09:26:13.319372Z aws-node[518]: INFO: Health check OK
2026-09-27T09:26:21.319372Z aws-node[518]: INFO: Health check OK
2026-09-27T09:26:30.319372Z aws-node[377]: INFO: plugin/ready: Still waiting on: "kubernetes"
2026-09-27T09:26:39.319372Z aws-node[377]: INFO: plugin/ready: Still waiting on: "kubernetes"
2026-09-27T09:26:47.319372Z aws-node[733]: INFO: Reloading configuration
2026-09-27T09:26:56.319372Z aws-node[518]: INFO: Health check OK
2026-09-27T09:27:05.319372Z aws-node[761]: INFO: plugin/kubernetes: 68 resource records
2026-09-27T09:27:13.319372Z aws-node[733]: INFO: Reloading configuration
2026-09-27T09:27:22.319372Z aws-node[518]: INFO: Health check OK
2026-09-27T09:27:31.319372Z aws-node[518]: INFO: Health check OK
2026-09-27T09:27:39.319372Z aws-node[733]: INFO: Reloading configuration
2026-09-27T09:27:48.319372Z aws-node[761]: INFO: plugin/kubernetes: 68 resource records
2026-09-27T09:27:56.319372Z aws-node[377]: INFO: plugin/ready: Still waiting on: "kubernetes"
2026-09-27T09:28:05.319372Z aws-node[377]: INFO: plugin/ready: Still waiting on: "kubernetes"
2026-09-27T09:28:14.319372Z aws-node[518]: INFO: Health check OK
2026-09-27T09:28:22.319372Z aws-node[377]: INFO: plugin/ready: Still waiting on: "kubernetes"
2026-09-27T09:28:31.319372Z aws-node[518]: INFO: Health check OK
2026-09-27T09:28:40.319372Z aws-node[518]: INFO: Health check OK
2026-09-27T09:28:48.319372Z aws-node[518]: INFO: Health check OK
2026-09-27T09:28:57.319372Z aws-node[518]: INFO: Health check OK
2026-09-27T09:29:06.319372Z aws-node[761]: INFO: plugin/kubernetes: 68 resource records
2026-09-27T09:29:14.319372Z aws-node[518]: INFO: Health check OK
2026-09-27T09:29:23.319372Z aws-node[518]: INFO: Health check OK
2026-09-27T09:29:32.319372Z aws-node[377]: INFO: plugin/ready: Still waiting on: "kubernetes"
2026-09-27T09:29:40.319372Z aws-node[518]: INFO: Health check OK
2026-09-27T09:29:49.319372Z aws-node[733]: INFO: Reloading configuration
2026-09-27T09:29:57.319372Z aws-node[733]: INFO: Reloading configuration
2026-09-27T09:30:06.319372Z aws-node[377]: INFO: plugin/ready: Still waiting on: "kubernetes"
2026-09-27T09:30:15.319372Z aws-node[761]: INFO: plugin/kubernetes: 68 resource records
2026-09-27T09:30:23.319372Z aws-node[761]: INFO: plugin/kubernetes: 68 resource records
2026-09-27T09:30:32.319372Z aws-node[761]: INFO: plugin/kubernetes: 68 resource records
2026-09-27T09:30:41.319372Z aws-node[733]: INFO: Reloading configuration
2026-09-27T09:30:49.319372Z aws-node[518]: INFO: Health check OK
2026-09-27T09:30:58.319372Z aws-node[518]: INFO: Health check OK
2026-09-27T09:31:07.319372Z aws-node[377]: INFO: plugin/ready: Still waiting on: "kubernetes"
2026-09-27T09:31:15.319372Z aws-node[733]: INFO: Reloading configuration
2026-09-27T09:31:24.319372Z aws-node[733]: INFO: Reloading configuration
2026-09-27T09:31:32.319372Z aws-node[733]: INFO: Reloading configuration
2026-09-27T09:31:41.319372Z aws-node[377]: INFO: plugin/ready: Still waiting on: "kubernetes"
2026-09-27T09:31:50.319372Z aws-node[518]: INFO: Health check OK
2026-09-27T09:31:58.319372Z aws-node[733]: INFO: Reloading configuration
2026-09-27T09:32:07.319372Z aws-node[733]: INFO: Reloading configuration
2026-09-27T09:32:16.319372Z aws-node[761]: INFO: plugin/kubernetes: 68 resource records
2026-09-27T09:32:24.319372Z aws-node[733]: INFO: Reloading configuration
2026-09-27T09:32:33.319372Z aws-node[733]: INFO: Reloading configuration
2026-09-27T09:32:42.319372Z aws-node[733]: INFO: Reloading configuration
2026-09-27T09:32:50.319372Z aws-node[761]: INFO: plugin/kubernetes: 68 resource records
2026-09-27T09:32:59.319372Z aws-node[733]: INFO: Reloading configuration
2026-09-27T09:33:08.319372Z aws-node[518]: INFO: Health check OK
2026-09-27T09:33:16.319372Z aws-node[377]: INFO: plugin/ready: Still waiting on: "kubernetes"
2026-09-27T09:33:25.319372Z aws-node[733]: INFO: Reloading configuration
2026-09-27T09:33:33.319372Z aws-node[733]: INFO: Reloading configuration
2026-09-27T09:33:42.319372Z aws-node[518]: INFO: Health check OK
2026-09-27T09:33:51.319372Z aws-node[733]: INFO: Reloading configuration
2026-09-27T09:33:59.319372Z aws-node[761]: INFO: plugin/kubernetes: 68 resource records
2026-09-27T09:34:08.319372Z aws-node[518]: INFO: Health check OK
2026-09-27T09:34:17.319372Z aws-node[518]: INFO: Health check OK
2026-09-27T09:34:25.319372Z aws-node[518]: INFO: Health check OK
2026-09-27T09:34:34.319372Z aws-node[761]: INFO: plugin/kubernetes: 68 resource records
2026-09-27T09:34:43.319372Z aws-node[733]: INFO: Reloading configuration
2026-09-27T09:34:51.319372Z aws-node[377]: INFO: plugin/ready: Still waiting on: "kubernetes"
2026-09-27T09:35:00.319372Z aws-node[518]: INFO: Health check OK
2026-09-27T09:35:08.319372Z aws-node[733]: INFO: Reloading configuration
2026-09-27T09:35:17.319372Z aws-node[518]: INFO: Health check OK
2026-09-27T09:35:26.319372Z aws-node[761]: INFO: plugin/kubernetes: 68 resource records
2026-09-27T09:35:34.319372Z aws-node[733]: INFO: Reloading configuration
2026-09-27T09:35:43.319372Z aws-node[518]: INFO: Health check OK
2026-09-27T09:35:52.319372Z aws-node[761]: INFO: plugin/kubernetes: 68 resource records
2026-09-27T09:36:00.319372Z aws-node[377]: INFO: plugin/ready: Still waiting on: "kubernetes"
2026-09-27T09:36:09.319372Z aws-node[518]: INFO: Health check OK
2026-09-27T09:36:18.319372Z aws-node[518]: INFO: Health check OK
2026-09-27T09:36:26.319372Z aws-node[518]: INFO: Health check OK
2026-09-27T09:36:35.319372Z aws-node[377]: INFO: plugin/ready: Still waiting on: "kubernetes"
2026-09-27T09:36:44.319372Z aws-node[761]: INFO: plugin/kubernetes: 68 resource records
2026-09-27T09:36:52.319372Z aws-node[518]: INFO: Health check OK
2026-09-27T09:37:01.319372Z aws-node[518]: INFO: Health check OK
2026-09-27T09:37:09.319372Z aws-node[518]: INFO: Health check OK
2026-09-27T09:37:18.319372Z aws-node[377]: INFO: plugin/ready: Still waiting on: "kubernetes"
2026-09-27T09:37:27.319372Z aws-node[377]: INFO: plugin/ready: Still waiting on: "kubernetes"
2026-09-27T09:37:35.319372Z aws-node[377]: INFO: plugin/ready: Still waiting on: "kubernetes"
2026-09-27T09:37:44.319372Z aws-node[377]: INFO: plugin/ready: Still waiting on: "kubernetes"
2026-09-27T09:37:53.319372Z aws-node[377]: INFO: plugin/ready: Still waiting on: "kubernetes"
2026-09-27T09:38:01.319372Z aws-node[733]: INFO: Reloading configuration
2026-09-27T09:38:10.319372Z aws-node[377]: INFO: plugin/ready: Still waiting on: "kubernetes"
2026-09-27T09:38:19.319372Z aws-node[518]: INFO: Health check OK
2026-09-27T09:38:27.319372Z aws-node[733]: INFO: Reloading configuration
2026-09-27T09:38:36.319372Z aws-node[733]: INFO: Reloading configuration
2026-09-27T09:38:44.319372Z aws-node[986]: ERROR: plugin/errors: 10.80.131.140:49335 - no such host
2026-09-27T09:38:53.319372Z aws-node[761]: INFO: plugin/kubernetes: 68 resource records
2026-09-27T09:39:02.319372Z aws-node[761]: INFO: plugin/kubernetes: 68 resource records
2026-09-27T09:39:10.319372Z aws-node[761]: INFO: plugin/kubernetes: 68 resource records
2026-09-27T09:39:19.319372Z aws-node[733]: INFO: Reloading configuration
2026-09-27T09:39:28.319372Z aws-node[733]: INFO: Reloading configuration
2026-09-27T09:39:36.319372Z aws-node[518]: INFO: Health check OK
2026-09-27T09:39:45.319372Z aws-node[377]: INFO: plugin/ready: Still waiting on: "kubernetes"
2026-09-27T09:39:54.319372Z aws-node[377]: INFO: plugin/ready: Still waiting on: "kubernetes"
2026-09-27T09:40:02.319372Z aws-node[761]: INFO: plugin/kubernetes: 68 resource records
2026-09-27T09:40:11.319372Z aws-node[377]: INFO: plugin/ready: Still waiting on: "kubernetes"
2026-09-27T09:40:20.319372Z aws-node[761]: INFO: plugin/kubernetes: 68 resource records
2026-09-27T09:40:28.319372Z aws-node[733]: INFO: Reloading configuration
2026-09-27T09:40:37.319372Z aws-node[733]: INFO: Reloading configuration
2026-09-27T09:40:45.319372Z aws-node[733]: INFO: Reloading configuration
2026-09-27T09:40:54.319372Z aws-node[761]: INFO: plugin/kubernetes: 68 resource records
2026-09-27T09:41:03.319372Z aws-node[377]: INFO: plugin/ready: Still waiting on: "kubernetes"
2026-09-27T09:41:11.319372Z aws-node[377]: INFO: plugin/ready: Still waiting on: "kubernetes"
2026-09-27T09:41:20.319372Z aws-node[518]: INFO: Health check OK
2026-09-27T09:41:29.319372Z aws-node[518]: INFO: Health check OK
2026-09-27T09:41:37.319372Z aws-node[377]: INFO: plugin/ready: Still waiting on: "kubernetes"
2026-09-27T09:41:46.319372Z aws-node[377]: INFO: plugin/ready: Still waiting on: "kubernetes"
2026-09-27T09:41:55.319372Z aws-node[377]: INFO: plugin/ready: Still waiting on: "kubernetes"
2026-09-27T09:42:03.319372Z aws-node[733]: INFO: Reloading configuration
2026-09-27T09:42:12.319372Z aws-node[733]: INFO: Reloading configuration
2026-09-27T09:42:20.319372Z aws-node[377]: INFO: plugin/ready: Still waiting on: "kubernetes"
2026-09-27T09:42:29.319372Z aws-node[733]: INFO: Reloading configuration
2026-09-27T09:42:38.319372Z aws-node[761]: INFO: plugin/kubernetes: 68 resource records
2026-09-27T09:42:46.319372Z aws-node[377]: INFO: plugin/ready: Still waiting on: "kubernetes"
2026-09-27T09:42:55.319372Z aws-node[377]: INFO: plugin/ready: Still waiting on: "kubernetes"
2026-09-27T09:43:04.319372Z aws-node[761]: INFO: plugin/kubernetes: 68 resource records
2026-09-27T09:43:12.319372Z aws-node[761]: INFO: plugin/kubernetes: 68 resource records
2026-09-27T09:43:21.319372Z aws-node[377]: INFO: plugin/ready: Still waiting on: "kubernetes"
2026-09-27T09:43:30.319372Z aws-node[733]: INFO: Reloading configuration
2026-09-27T09:43:38.319372Z aws-node[733]: INFO: Reloading configuration
2026-09-27T09:43:47.319372Z aws-node[246]: ERROR: failed to list *v1.Service: Get "https://10.6.106.25:443": net/http: TLS handshake timeout
2026-09-27T09:43:56.319372Z aws-node[518]: INFO: Health check OK
2026-09-27T09:44:04.319372Z aws-node[377]: INFO: plugin/ready: Still waiting on: "kubernetes"
2026-09-27T09:44:13.319372Z aws-node[733]: INFO: Reloading configuration
2026-09-27T09:44:21.319372Z aws-node[733]: INFO: Reloading configuration
2026-09-27T09:44:30.319372Z aws-node[518]: INFO: Health check OK
2026-09-27T09:44:39.319372Z aws-node[761]: INFO: plugin/kubernetes: 68 resource records
2026-09-27T09:44:47.319372Z aws-node[518]: INFO: Health check OK
2026-09-27T09:44:56.319372Z aws-node[377]: INFO: plugin/ready: Still waiting on: "kubernetes"
2026-09-27T09:45:05.319372Z aws-node[377]: INFO: plugin/ready: Still waiting on: "kubernetes"
2026-09-27T09:45:13.319372Z aws-node[761]: INFO: plugin/kubernetes: 68 resource records
2026-09-27T09:45:22.319372Z aws-node[518]: INFO: Health check OK
2026-09-27T09:45:31.319372Z aws-node[518]: INFO: Health check OK
2026-09-27T09:45:39.319372Z aws-node[377]: INFO: plugin/ready: Still waiting on: "kubernetes"
2026-09-27T09:45:48.319372Z aws-node[518]: INFO: Health check OK
2026-09-27T09:45:56.319372Z aws-node[483]: WARN: too many open files
2026-09-27T09:46:05.319372Z aws-node[377]: INFO: plugin/ready: Still waiting on: "kubernetes"
2026-09-27T09:46:14.319372Z aws-node[761]: INFO: plugin/kubernetes: 68 resource records
2026-09-27T09:46:22.319372Z aws-node[518]: INFO: Health check OK
2026-09-27T09:46:31.319372Z aws-node[377]: INFO: plugin/ready: Still waiting on: "kubernetes"
2026-09-27T09:46:40.319372Z aws-node[761]: INFO: plugin/kubernetes: 68 resource records
2026-09-27T09:46:48.319372Z aws-node[761]: INFO: plugin/kubernetes: 68 resource records
2026-09-27T09:46:57.319372Z aws-node[518]: INFO: Health check OK
2026-09-27T09:47:06.319372Z aws-node[733]: INFO: Reloading configuration
2026-09-27T09:47:14.319372Z aws-node[761]: INFO: plugin/kubernetes: 68 resource records
2026-09-27T09:47:23.319372Z aws-node[761]: INFO: plugin/kubernetes: 68 resource records
2026-09-27T09:47:32.319372Z aws-node[377]: INFO: plugin/ready: Still waiting on: "kubernetes"
2026-09-27T09:47:40.319372Z aws-node[518]: INFO: Health check OK
2026-09-27T09:47:49.319372Z aws-node[377]: INFO: plugin/ready: Still waiting on: "kubernetes"
2026-09-27T09:47:57.319372Z aws-node[761]: INFO: plugin/kubernetes: 68 resource records
2026-09-27T09:48:06.319372Z aws-node[733]: INFO: Reloading configuration
2026-09-27T09:48:15.319372Z aws-node[733]: INFO: Reloading configuration
2026-09-27T09:48:23.319372Z aws-node[733]: INFO: Reloading configuration
2026-09-27T09:48:32.319372Z aws-node[518]: INFO: Health check OK
2026-09-27T09:48:41.319372Z aws-node[761]: INFO: plugin/kubernetes: 68 resource records
2026-09-27T09:48:49.319372Z aws-node[518]: INFO: Health check OK
2026-09-27T09:48:58.319372Z aws-node[733]: INFO: Reloading configuration
2026-09-27T09:49:07.319372Z aws-node[377]: INFO: plugin/ready: Still waiting on: "kubernetes"
2026-09-27T09:49:15.319372Z aws-node[518]: INFO: Health check OK
2026-09-27T09:49:24.319372Z aws-node[733]: INFO: Reloading configuration
2026-09-27T09:49:32.319372Z aws-node[377]: INFO: plugin/ready: Still waiting on: "kubernetes"
2026-09-27T09:49:41.319372Z aws-node[518]: INFO: Health check OK
2026-09-27T09:49:50.319372Z aws-node[518]: INFO: Health check OK
2026-09-27T09:49:58.319372Z aws-node[246]: ERROR: failed to list *v1.Service: Get "https://10.6.106.25:443": net/http: TLS handshake timeout
2026-09-27T09:50:07.319372Z aws-node[377]: INFO: plugin/ready: Still waiting on: "kubernetes"
2026-09-27T09:50:16.319372Z aws-node[377]: INFO: plugin/ready: Still waiting on: "kubernetes"
2026-09-27T09:50:24.319372Z aws-node[761]: INFO: plugin/kubernetes: 68 resource records
2026-09-27T09:50:33.319372Z aws-node[761]: INFO: plugin/kubernetes: 68 resource records
2026-09-27T09:50:42.319372Z aws-node[733]: INFO: Reloading configuration
2026-09-27T09:50:50.319372Z aws-node[518]: INFO: Health check OK
2026-09-27T09:50:59.319372Z aws-node[377]: INFO: plugin/ready: Still waiting on: "kubernetes"
2026-09-27T09:51:08.319372Z aws-node[518]: INFO: Health check OK
2026-09-27T09:51:16.319372Z aws-node[733]: INFO: Reloading configuration
2026-09-27T09:51:25.319372Z aws-node[235]: ERROR: upstream 10.100.41.115:53: read udp 10.133.154.175:43076->10.240.134.29:53: i/o timeout
2026-09-27T09:51:33.319372Z aws-node[733]: INFO: Reloading configuration
2026-09-27T09:51:42.319372Z aws-node[733]: INFO: Reloading configuration
2026-09-27T09:51:51.319372Z aws-node[377]: INFO: plugin/ready: Still waiting on: "kubernetes"
2026-09-27T09:51:59.319372Z aws-node[246]: ERROR: failed to list *v1.Service: Get "https://10.6.106.25:443": net/http: TLS handshake timeout
2026-09-27T09:52:08.319372Z aws-node[733]: INFO: Reloading configuration
2026-09-27T09:52:17.319372Z aws-node[761]: INFO: plugin/kubernetes: 68 resource records
2026-09-27T09:52:25.319372Z aws-node[761]: INFO: plugin/kubernetes: 68 resource records
2026-09-27T09:52:34.319372Z aws-node[377]: INFO: plugin/ready: Still waiting on: "kubernetes"
2026-09-27T09:52:43.319372Z aws-node[733]: INFO: Reloading configuration
2026-09-27T09:52:51.319372Z aws-node[518]: INFO: Health check OK
2026-09-27T09:53:00.319372Z aws-node[761]: INFO: plugin/kubernetes: 68 resource records
2026-09-27T09:53:08.319372Z aws-node[733]: INFO: Reloading configuration
2026-09-27T09:53:17.319372Z aws-node[761]: INFO: plugin/kubernetes: 68 resource records
2026-09-27T09:53:26.319372Z aws-node[377]: INFO: plugin/ready: Still waiting on: "kubernetes"
2026-09-27T09:53:34.319372Z aws-node[733]: INFO: Reloading configuration
2026-09-27T09:53:43.319372Z aws-node[518]: INFO: Health check OK
2026-09-27T09:53:52.319372Z aws-node[733]: INFO: Reloading configuration
2026-09-27T09:54:00.319372Z aws-node[733]: INFO: Reloading configuration
2026-09-27T09:54:09.319372Z aws-node[377]: INFO: plugin/ready: Still waiting on: "kubernetes"
2026-09-27T09:54:18.319372Z aws-node[733]: INFO: Reloading configuration
2026-09-27T09:54:26.319372Z aws-node[761]: INFO: plugin/kubernetes: 68 resource records
2026-09-27T09:54:35.319372Z aws-node[761]: INFO: plugin/kubernetes: 68 resource records
2026-09-27T09:54:44.319372Z aws-node[761]: INFO: plugin/kubernetes: 68 resource records
2026-09-27T09:54:52.319372Z aws-node[518]: INFO: Health check OK
2026-09-27T09:55:01.319372Z aws-node[761]: INFO: plugin/kubernetes: 68 resource records
2026-09-27T09:55:09.319372Z aws-node[518]: INFO: Health check OK
2026-09-27T09:55:18.319372Z aws-node[761]: INFO: plugin/kubernetes: 68 resource records
2026-09-27T09:55:27.319372Z aws-node[733]: INFO: Reloading configuration
2026-09-27T09:55:35.319372Z aws-node[377]: INFO: plugin/ready: Still waiting on: "kubernetes"
2026-09-27T09:55:44.319372Z aws-node[733]: INFO: Reloading configuration
2026-09-27T09:55:53.319372Z aws-node[377]: INFO: plugin/ready: Still waiting on: "kubernetes"
2026-09-27T09:56:01.319372Z aws-node[733]: INFO: Reloading configuration
2026-09-27T09:56:10.319372Z aws-node[377]: INFO: plugin/ready: Still waiting on: "kubernetes"
2026-09-27T09:56:19.319372Z aws-node[986]: ERROR: plugin/errors: 10.80.131.140:49335 - no such host
2026-09-27T09:56:27.319372Z aws-node[733]: INFO: Reloading configuration
2026-09-27T09:56:36.319372Z aws-node[377]: INFO: plugin/ready: Still waiting on: "kubernetes"
2026-09-27T09:56:44.319372Z aws-node[377]: INFO: plugin/ready: Still waiting on: "kubernetes"
2026-09-27T09:56:53.319372Z aws-node[761]: INFO: plugin/kubernetes: 68 resource records
2026-09-27T09:57:02.319372Z aws-node[986]: ERROR: plugin/errors: 10.80.131.140:49335 - no such host
2026-09-27T09:57:10.319372Z aws-node[377]: INFO: plugin/ready: Still waiting on: "kubernetes"
2026-09-27T09:57:19.319372Z aws-node[761]: INFO: plugin/kubernetes: 68 resource records
2026-09-27T09:57:28.319372Z aws-node[761]: INFO: plugin/kubernetes: 68 resource records
2026-09-27T09:57:36.319372Z aws-node[377]: INFO: plugin/ready: Still waiting on: "kubernetes"
2026-09-27T09:57:45.319372Z aws-node[733]: INFO: Reloading configuration
2026-09-27T09:57:54.319372Z aws-node[733]: INFO: Reloading configuration
2026-09-27T09:58:02.319372Z aws-node[377]: INFO: plugin/ready: Still waiting on: "kubernetes"
2026-09-27T09:58:11.319372Z aws-node[761]: INFO: plugin/kubernetes: 68 resource records
2026-09-27T09:58:20.319372Z aws-node[518]: INFO: Health check OK
2026-09-27T09:58:28.319372Z aws-node[246]: ERROR: failed to list *v1.Service: Get "https://10.6.106.25:443": net/http: TLS handshake timeout
2026-09-27T09:58:37.319372Z aws-node[377]: INFO: plugin/ready: Still waiting on: "kubernetes"
2026-09-27T09:58:45.319372Z aws-node[761]: INFO: plugin/kubernetes: 68 resource records
2026-09-27T09:58:54.319372Z aws-node[377]: INFO: plugin/ready: Still waiting on: "kubernetes"
2026-09-27T09:59:03.319372Z aws-node[733]: INFO: Reloading configuration
2026-09-27T09:59:11.319372Z aws-node[761]: INFO: plugin/kubernetes: 68 resource records
2026-09-27T09:59:20.319372Z aws-node[518]: INFO: Health check OK
2026-09-27T09:59:29.319372Z aws-node[761]: INFO: plugin/kubernetes: 68 resource records
2026-09-27T09:59:37.319372Z aws-node[733]: INFO: Reloading configuration
2026-09-27T09:59:46.319372Z aws-node[377]: INFO: plugin/ready: Still waiting on: "kubernetes"
2026-09-27T09:59:55.319372Z aws-node[761]: INFO: plugin/kubernetes: 68 resource records
2026-09-27T10:00:03.319372Z aws-node[733]: INFO: Reloading configuration
2026-09-27T10:00:12.319372Z aws-node[761]: INFO: plugin/kubernetes: 68 resource records
2026-09-27T10:00:20.319372Z aws-node[377]: INFO: plugin/ready: Still waiting on: "kubernetes"
2026-09-27T10:00:29.319372Z aws-node[377]: INFO: plugin/ready: Still waiting on: "kubernetes"
2026-09-27T10:00:38.319372Z aws-node[377]: INFO: plugin/ready: Still waiting on: "kubernetes"
2026-09-27T10:00:46.319372Z aws-node[518]: INFO: Health check OK
2026-09-27T10:00:55.319372Z aws-node[733]: INFO: Reloading configuration
2026-09-27T10:01:04.319372Z aws-node[733]: INFO: Reloading configuration
2026-09-27T10:01:12.319372Z aws-node[986]: ERROR: plugin/errors: 10.80.131.140:49335 - no such host
2026-09-27T10:01:21.319372Z aws-node[377]: INFO: plugin/ready: Still waiting on: "kubernetes"
2026-09-27T10:01:30.319372Z aws-node[761]: INFO: plugin/kubernetes: 68 resource records
2026-09-27T10:01:38.319372Z aws-node[483]: WARN: too many open files
2026-09-27T10:01:47.319372Z aws-node[518]: INFO: Health check OK
2026-09-27T10:01:56.319372Z aws-node[733]: INFO: Reloading configuration
2026-09-27T10:02:04.319372Z aws-node[733]: INFO: Reloading configuration
2026-09-27T10:02:13.319372Z aws-node[761]: INFO: plugin/kubernetes: 68 resource records
2026-09-27T10:02:21.319372Z aws-node[377]: INFO: plugin/ready: Still waiting on: "kubernetes"
2026-09-27T10:02:30.319372Z aws-node[761]: INFO: plugin/kubernetes: 68 resource records
2026-09-27T10:02:39.319372Z aws-node[733]: INFO: Reloading configuration
2026-09-27T10:02:47.319372Z aws-node[761]: INFO: plugin/kubernetes: 68 resource records
2026-09-27T10:02:56.319372Z aws-node[377]: INFO: plugin/ready: Still waiting on: "kubernetes"
2026-09-27T10:03:05.319372Z aws-node[761]: INFO: plugin/kubernetes: 68 resource records
2026-09-27T10:03:13.319372Z aws-node[761]: INFO: plugin/kubernetes: 68 resource records
2026-09-27T10:03:22.319372Z aws-node[377]: INFO: plugin/ready: Still waiting on: "kubernetes"
2026-09-27T10:03:31.319372Z aws-node[377]: INFO: plugin/ready: Still waiting on: "kubernetes"
2026-09-27T10:03:39.319372Z aws-node[733]: INFO: Reloading configuration
2026-09-27T10:03:48.319372Z aws-node[246]: ERROR: failed to list *v1.Service: Get "https://10.6.106.25:443": net/http: TLS handshake timeout
2026-09-27T10:03:56.319372Z aws-node[733]: INFO: Reloading configuration
2026-09-27T10:04:05.319372Z aws-node[518]: INFO: Health check OK
2026-09-27T10:04:14.319372Z aws-node[733]: INFO: Reloading configuration
2026-09-27T10:04:22.319372Z aws-node[377]: INFO: plugin/ready: Still waiting on: "kubernetes"
2026-09-27T10:04:31.319372Z aws-node[246]: ERROR: failed to list *v1.Service: Get "https://10.6.106.25:443": net/http: TLS handshake timeout
2026-09-27T10:04:40.319372Z aws-node[377]: INFO: plugin/ready: Still waiting on: "kubernetes"
2026-09-27T10:04:48.319372Z aws-node[518]: INFO: Health check OK
2026-09-27T10:04:57.319372Z aws-node[377]: INFO: plugin/ready: Still waiting on: "kubernetes"
2026-09-27T10:05:06.319372Z aws-node[761]: INFO: plugin/kubernetes: 68 resource records
2026-09-27T10:05:14.319372Z aws-node[518]: INFO: Health check OK
2026-09-27T10:05:23.319372Z aws-node[761]: INFO: plugin/kubernetes: 68 resource records
2026-09-27T10:05:32.319372Z aws-node[377]: INFO: plugin/ready: Still waiting on: "kubernetes"
2026-09-27T10:05:40.319372Z aws-node[733]: INFO: Reloading configuration
2026-09-27T10:05:49.319372Z aws-node[986]: ERROR: plugin/errors: 10.80.131.140:49335 - no such host
2026-09-27T10:05:57.319372Z aws-node[518]: INFO: Health check OK
2026-09-27T10:06:06.319372Z aws-node[246]: ERROR: failed to list *v1.Service: Get "https://10.6.106.25:443": net/http: TLS handshake timeout
2026-09-27T10:06:15.319372Z aws-node[377]: INFO: plugin/ready: Still waiting on: "kubernetes"
2026-09-27T10:06:23.319372Z aws-node[986]: ERROR: plugin/errors: 10.80.131.140:49335 - no such host
2026-09-27T10:06:32.319372Z aws-node[518]: INFO: Health check OK
2026-09-27T10:06:41.319372Z aws-node[235]: ERROR: upstream 10.100.41.115:53: read udp 10.133.154.175:43076->10.240.134.29:53: i/o timeout
2026-09-27T10:06:49.319372Z aws-node[761]: INFO: plugin/kubernetes: 68 resource records
2026-09-27T10:06:58.319372Z aws-node[761]: INFO: plugin/kubernetes: 68 resource records
2026-09-27T10:07:07.319372Z aws-node[518]: INFO: Health check OK
2026-09-27T10:07:15.319372Z aws-node[733]: INFO: Reloading configuration
2026-09-27T10:07:24.319372Z aws-node[518]: INFO: Health check OK
2026-09-27T10:07:32.319372Z aws-node[761]: INFO: plugin/kubernetes: 68 resource records
2026-09-27T10:07:41.319372Z aws-node[761]: INFO: plugin/kubernetes: 68 resource records
2026-09-27T10:07:50.319372Z aws-node[733]: INFO: Reloading configuration
2026-09-27T10:07:58.319372Z aws-node[518]: INFO: Health check OK
2026-09-27T10:08:07.319372Z aws-node[733]: INFO: Reloading configuration
2026-09-27T10:08:16.319372Z aws-node[733]: INFO: Reloading configuration
2026-09-27T10:08:24.319372Z aws-node[518]: INFO: Health check OK
2026-09-27T10:08:33.319372Z aws-node[518]: INFO: Health check OK
2026-09-27T10:08:42.319372Z aws-node[518]: INFO: Health check OK
2026-09-27T10:08:50.319372Z aws-node[377]: INFO: plugin/ready: Still waiting on: "kubernetes"
2026-09-27T10:08:59.319372Z aws-node[733]: INFO: Reloading configuration
2026-09-27T10:09:08.319372Z aws-node[246]: ERROR: failed to list *v1.Service: Get "https://10.6.106.25:443": net/http: TLS handshake timeout
2026-09-27T10:09:16.319372Z aws-node[761]: INFO: plugin/kubernetes: 68 resource records
2026-09-27T10:09:25.319372Z aws-node[377]: INFO: plugin/ready: Still waiting on: "kubernetes"
2026-09-27T10:09:33.319372Z aws-node[733]: INFO: Reloading configuration
2026-09-27T10:09:42.319372Z aws-node[761]: INFO: plugin/kubernetes: 68 resource records
2026-09-27T10:09:51.319372Z aws-node[377]: INFO: plugin/ready: Still waiting on: "kubernetes"
2026-09-27T10:09:59.319372Z aws-node[518]: INFO: Health check OK
2026-09-27T10:10:08.319372Z aws-node[518]: INFO: Health check OK
2026-09-27T10:10:17.319372Z aws-node[377]: INFO: plugin/ready: Still waiting on: "kubernetes"
2026-09-27T10:10:25.319372Z aws-node[518]: INFO: Health check OK
2026-09-27T10:10:34.319372Z aws-node[761]: INFO: plugin/kubernetes: 68 resource records
2026-09-27T10:10:43.319372Z aws-node[761]: INFO: plugin/kubernetes: 68 resource records
2026-09-27T10:10:51.319372Z aws-node[377]: INFO: plugin/ready: Still waiting on: "kubernetes"
2026-09-27T10:11:00.319372Z aws-node[377]: INFO: plugin/ready: Still waiting on: "kubernetes"
2026-09-27T10:11:08.319372Z aws-node[518]: INFO: Health check OK
2026-09-27T10:11:17.319372Z aws-node[377]: INFO: plugin/ready: Still waiting on: "kubernetes"
2026-09-27T10:11:26.319372Z aws-node[377]: INFO: plugin/ready: Still waiting on: "kubernetes"
2026-09-27T10:11:34.319372Z aws-node[733]: INFO: Reloading configuration
2026-09-27T10:11:43.319372Z aws-node[761]: INFO: plugin/kubernetes: 68 resource records
2026-09-27T10:11:52.319372Z aws-node[377]: INFO: plugin/ready: Still waiting on: "kubernetes"
2026-09-27T10:12:00.319372Z aws-node[733]: INFO: Reloading configuration
2026-09-27T10:12:09.319372Z aws-node[733]: INFO: Reloading configuration
2026-09-27T10:12:18.319372Z aws-node[733]: INFO: Reloading configuration
2026-09-27T10:12:26.319372Z aws-node[518]: INFO: Health check OK
2026-09-27T10:12:35.319372Z aws-node[733]: INFO: Reloading configuration
2026-09-27T10:12:44.319372Z aws-node[377]: INFO: plugin/ready: Still waiting on: "kubernetes"
2026-09-27T10:12:52.319372Z aws-node[761]: INFO: plugin/kubernetes: 68 resource records
2026-09-27T10:13:01.319372Z aws-node[733]: INFO: Reloading configuration
2026-09-27T10:13:09.319372Z aws-node[518]: INFO: Health check OK
2026-09-27T10:13:18.319372Z aws-node[518]: INFO: Health check OK
2026-09-27T10:13:27.319372Z aws-node[377]: INFO: plugin/ready: Still waiting on: "kubernetes"
2026-09-27T10:13:35.319372Z aws-node[733]: INFO: Reloading configuration
2026-09-27T10:13:44.319372Z aws-node[761]: INFO: plugin/kubernetes: 68 resource records
2026-09-27T10:13:53.319372Z aws-node[377]: INFO: plugin/ready: Still waiting on: "kubernetes"
2026-09-27T10:14:01.319372Z aws-node[761]: INFO: plugin/kubernetes: 68 resource records
2026-09-27T10:14:10.319372Z aws-node[733]: INFO: Reloading configuration
2026-09-27T10:14:19.319372Z aws-node[733]: INFO: Reloading configuration
2026-09-27T10:14:27.319372Z aws-node[518]: INFO: Health check OK
2026-09-27T10:14:36.319372Z aws-node[518]: INFO: Health check OK
2026-09-27T10:14:44.319372Z aws-node[377]: INFO: plugin/ready: Still waiting on: "kubernetes"
2026-09-27T10:14:53.319372Z aws-node[733]: INFO: Reloading configuration
2026-09-27T10:15:02.319372Z aws-node[761]: INFO: plugin/kubernetes: 68 resource records
2026-09-27T10:15:10.319372Z aws-node[761]: INFO: plugin/kubernetes: 68 resource records
2026-09-27T10:15:19.319372Z aws-node[377]: INFO: plugin/ready: Still waiting on: "kubernetes"
2026-09-27T10:15:28.319372Z aws-node[733]: INFO: Reloading configuration
2026-09-27T10:15:36.319372Z aws-node[518]: INFO: Health check OK
2026-09-27T10:15:45.319372Z aws-node[377]: INFO: plugin/ready: Still waiting on: "kubernetes"
2026-09-27T10:15:54.319372Z aws-node[377]: INFO: plugin/ready: Still waiting on: "kubernetes"
2026-09-27T10:16:02.319372Z aws-node[377]: INFO: plugin/ready: Still waiting on: "kubernetes"
2026-09-27T10:16:11.319372Z aws-node[733]: INFO: Reloading configuration
2026-09-27T10:16:20.319372Z aws-node[733]: INFO: Reloading configuration
2026-09-27T10:16:28.319372Z aws-node[761]: INFO: plugin/kubernetes: 68 resource records
2026-09-27T10:16:37.319372Z aws-node[733]: INFO: Reloading configuration
2026-09-27T10:16:45.319372Z aws-node[733]: INFO: Reloading configuration
2026-09-27T10:16:54.319372Z aws-node[377]: INFO: plugin/ready: Still waiting on: "kubernetes"
2026-09-27T10:17:03.319372Z aws-node[761]: INFO: plugin/kubernetes: 68 resource records
2026-09-27T10:17:11.319372Z aws-node[761]: INFO: plugin/kubernetes: 68 resource records
2026-09-27T10:17:20.319372Z aws-node[761]: INFO: plugin/kubernetes: 68 resource records
2026-09-27T10:17:29.319372Z aws-node[733]: INFO: Reloading configuration
2026-09-27T10:17:37.319372Z aws-node[733]: INFO: Reloading configuration
2026-09-27T10:17:46.319372Z aws-node[733]: INFO: Reloading configuration
2026-09-27T10:17:55.319372Z aws-node[518]: INFO: Health check OK
2026-09-27T10:18:03.319372Z aws-node[377]: INFO: plugin/ready: Still waiting on: "kubernetes"
2026-09-27T10:18:12.319372Z aws-node[761]: INFO: plugin/kubernetes: 68 resource records
2026-09-27T10:18:20.319372Z aws-node[733]: INFO: Reloading configuration
2026-09-27T10:18:29.319372Z aws-node[518]: INFO: Health check OK
2026-09-27T10:18:38.319372Z aws-node[377]: INFO: plugin/ready: Still waiting on: "kubernetes"
2026-09-27T10:18:46.319372Z aws-node[518]: INFO: Health check OK
2026-09-27T10:18:55.319372Z aws-node[733]: INFO: Reloading configuration
2026-09-27T10:19:04.319372Z aws-node[518]: INFO: Health check OK
2026-09-27T10:19:12.319372Z aws-node[733]: INFO: Reloading configuration
2026-09-27T10:19:21.319372Z aws-node[377]: INFO: plugin/ready: Still waiting on: "kubernetes"
2026-09-27T10:19:30.319372Z aws-node[377]: INFO: plugin/ready: Still waiting on: "kubernetes"
2026-09-27T10:19:38.319372Z aws-node[518]: INFO: Health check OK
2026-09-27T10:19:47.319372Z aws-node[761]: INFO: plugin/kubernetes: 68 resource records
2026-09-27T10:19:56.319372Z aws-node[377]: INFO: plugin/ready: Still waiting on: "kubernetes"
2026-09-27T10:20:04.319372Z aws-node[518]: INFO: Health check OK
2026-09-27T10:20:13.319372Z aws-node[518]: INFO: Health check OK
2026-09-27T10:20:21.319372Z aws-node[761]: INFO: plugin/kubernetes: 68 resource records
2026-09-27T10:20:30.319372Z aws-node[518]: INFO: Health check OK
2026-09-27T10:20:39.319372Z aws-node[761]: INFO: plugin/kubernetes: 68 resource records
2026-09-27T10:20:47.319372Z aws-node[518]: INFO: Health check OK
2026-09-27T10:20:56.319372Z aws-node[377]: INFO: plugin/ready: Still waiting on: "kubernetes"
2026-09-27T10:21:05.319372Z aws-node[518]: INFO: Health check OK
2026-09-27T10:21:13.319372Z aws-node[761]: INFO: plugin/kubernetes: 68 resource records
2026-09-27T10:21:22.319372Z aws-node[986]: ERROR: plugin/errors: 10.80.131.140:49335 - no such host
2026-09-27T10:21:31.319372Z aws-node[733]: INFO: Reloading configuration
2026-09-27T10:21:39.319372Z aws-node[761]: INFO: plugin/kubernetes: 68 resource records
2026-09-27T10:21:48.319372Z aws-node[761]: INFO: plugin/kubernetes: 68 resource records
2026-09-27T10:21:56.319372Z aws-node[377]: INFO: plugin/ready: Still waiting on: "kubernetes"
2026-09-27T10:22:05.319372Z aws-node[483]: WARN: too many open files
2026-09-27T10:22:14.319372Z aws-node[733]: INFO: Reloading configuration
2026-09-27T10:22:22.319372Z aws-node[377]: INFO: plugin/ready: Still waiting on: "kubernetes"
2026-09-27T10:22:31.319372Z aws-node[733]: INFO: Reloading configuration
2026-09-27T10:22:40.319372Z aws-node[518]: INFO: Health check OK
2026-09-27T10:22:48.319372Z aws-node[377]: INFO: plugin/ready: Still waiting on: "kubernetes"
2026-09-27T10:22:57.319372Z aws-node[377]: INFO: plugin/ready: Still waiting on: "kubernetes"
2026-09-27T10:23:06.319372Z aws-node[377]: INFO: plugin/ready: Still waiting on: "kubernetes"
2026-09-27T10:23:14.319372Z aws-node[761]: INFO: plugin/kubernetes: 68 resource records
2026-09-27T10:23:23.319372Z aws-node[377]: INFO: plugin/ready: Still waiting on: "kubernetes"
2026-09-27T10:23:32.319372Z aws-node[377]: INFO: plugin/ready: Still waiting on: "kubernetes"
2026-09-27T10:23:40.319372Z aws-node[761]: INFO: plugin/kubernetes: 68 resource records
2026-09-27T10:23:49.319372Z aws-node[761]: INFO: plugin/kubernetes: 68 resource records
2026-09-27T10:23:57.319372Z aws-node[518]: INFO: Health check OK
2026-09-27T10:24:06.319372Z aws-node[761]: INFO: plugin/kubernetes: 68 resource records
2026-09-27T10:24:15.319372Z aws-node[518]: INFO: Health check OK
2026-09-27T10:24:23.319372Z aws-node[518]: INFO: Health check OK
2026-09-27T10:24:32.319372Z aws-node[518]: INFO: Health check OK
2026-09-27T10:24:41.319372Z aws-node[733]: INFO: Reloading configuration
2026-09-27T10:24:49.319372Z aws-node[761]: INFO: plugin/kubernetes: 68 resource records
2026-09-27T10:24:58.319372Z aws-node[483]: WARN: too many open files
2026-09-27T10:25:07.319372Z aws-node[761]: INFO: plugin/kubernetes: 68 resource records
2026-09-27T10:25:15.319372Z aws-node[733]: INFO: Reloading configuration
2026-09-27T10:25:24.319372Z aws-node[483]: WARN: too many open files
2026-09-27T10:25:32.319372Z aws-node[733]: INFO: Reloading configuration
2026-09-27T10:25:41.319372Z aws-node[518]: INFO: Health check OK
2026-09-27T10:25:50.319372Z aws-node[377]: INFO: plugin/ready: Still waiting on: "kubernetes"
2026-09-27T10:25:58.319372Z aws-node[761]: INFO: plugin/kubernetes: 68 resource records
2026-09-27T10:26:07.319372Z aws-node[733]: INFO: Reloading configuration
2026-09-27T10:26:16.319372Z aws-node[733]: INFO: Reloading configuration
2026-09-27T10:26:24.319372Z aws-node[377]: INFO: plugin/ready: Still waiting on: "kubernetes"
2026-09-27T10:26:33.319372Z aws-node[733]: INFO: Reloading configuration
2026-09-27T10:26:42.319372Z aws-node[733]: INFO: Reloading configuration
2026-09-27T10:26:50.319372Z aws-node[733]: INFO: Reloading configuration
2026-09-27T10:26:59.319372Z aws-node[518]: INFO: Health check OK
2026-09-27T10:27:08.319372Z aws-node[518]: INFO: Health check OK
2026-09-27T10:27:16.319372Z aws-node[235]: ERROR: upstream 10.100.41.115:53: read udp 10.133.154.175:43076->10.240.134.29:53: i/o timeout
2026-09-27T10:27:25.319372Z aws-node[518]: INFO: Health check OK
2026-09-27T10:27:33.319372Z aws-node[733]: INFO: Reloading configuration
2026-09-27T10:27:42.319372Z aws-node[733]: INFO: Reloading configuration
2026-09-27T10:27:51.319372Z aws-node[986]: ERROR: plugin/errors: 10.80.131.140:49335 - no such host
2026-09-27T10:27:59.319372Z aws-node[761]: INFO: plugin/kubernetes: 68 resource records
2026-09-27T10:28:08.319372Z aws-node[377]: INFO: plugin/ready: Still waiting on: "kubernetes"
2026-09-27T10:28:17.319372Z aws-node[986]: ERROR: plugin/errors: 10.80.131.140:49335 - no such host
2026-09-27T10:28:25.319372Z aws-node[733]: INFO: Reloading configuration
2026-09-27T10:28:34.319372Z aws-node[377]: INFO: plugin/ready: Still waiting on: "kubernetes"
2026-09-27T10:28:43.319372Z aws-node[733]: INFO: Reloading configuration
2026-09-27T10:28:51.319372Z aws-node[761]: INFO: plugin/kubernetes: 68 resource records
2026-09-27T10:29:00.319372Z aws-node[377]: INFO: plugin/ready: Still waiting on: "kubernetes"
2026-09-27T10:29:08.319372Z aws-node[518]: INFO: Health check OK
2026-09-27T10:29:17.319372Z aws-node[733]: INFO: Reloading configuration
2026-09-27T10:29:26.319372Z aws-node[377]: INFO: plugin/ready: Still waiting on: "kubernetes"
2026-09-27T10:29:34.319372Z aws-node[518]: INFO: Health check OK
2026-09-27T10:29:43.319372Z aws-node[377]: INFO: plugin/ready: Still waiting on: "kubernetes"
2026-09-27T10:29:52.319372Z aws-node[733]: INFO: Reloading configuration
2026-09-27T10:30:00.319372Z aws-node[761]: INFO: plugin/kubernetes: 68 resource records
2026-09-27T10:30:09.319372Z aws-node[733]: INFO: Reloading configuration
2026-09-27T10:30:18.319372Z aws-node[761]: INFO: plugin/kubernetes: 68 resource records
2026-09-27T10:30:26.319372Z aws-node[377]: INFO: plugin/ready: Still waiting on: "kubernetes"
2026-09-27T10:30:35.319372Z aws-node[518]: INFO: Health check OK
2026-09-27T10:30:44.319372Z aws-node[733]: INFO: Reloading configuration
2026-09-27T10:30:52.319372Z aws-node[733]: INFO: Reloading configuration
2026-09-27T10:31:01.319372Z aws-node[761]: INFO: plugin/kubernetes: 68 resource records
2026-09-27T10:31:09.319372Z aws-node[377]: INFO: plugin/ready: Still waiting on: "kubernetes"
2026-09-27T10:31:18.319372Z aws-node[518]: INFO: Health check OK
2026-09-27T10:31:27.319372Z aws-node[518]: INFO: Health check OK
2026-09-27T10:31:35.319372Z aws-node[377]: INFO: plugin/ready: Still waiting on: "kubernetes"
2026-09-27T10:31:44.319372Z aws-node[518]: INFO: Health check OK
2026-09-27T10:31:53.319372Z aws-node[761]: INFO: plugin/kubernetes: 68 resource records
2026-09-27T10:32:01.319372Z aws-node[733]: INFO: Reloading configuration
2026-09-27T10:32:10.319372Z aws-node[377]: INFO: plugin/ready: Still waiting on: "kubernetes"
2026-09-27T10:32:19.319372Z aws-node[518]: INFO: Health check OK
2026-09-27T10:32:27.319372Z aws-node[733]: INFO: Reloading configuration
2026-09-27T10:32:36.319372Z aws-node[733]: INFO: Reloading configuration
2026-09-27T10:32:44.319372Z aws-node[377]: INFO: plugin/ready: Still waiting on: "kubernetes"
2026-09-27T10:32:53.319372Z aws-node[518]: INFO: Health check OK
2026-09-27T10:33:02.319372Z aws-node[518]: INFO: Health check OK
2026-09-27T10:33:10.319372Z aws-node[518]: INFO: Health check OK
2026-09-27T10:33:19.319372Z aws-node[733]: INFO: Reloading configuration
2026-09-27T10:33:28.319372Z aws-node[377]: INFO: plugin/ready: Still waiting on: "kubernetes"
2026-09-27T10:33:36.319372Z aws-node[377]: INFO: plugin/ready: Still waiting on: "kubernetes"
2026-09-27T10:33:45.319372Z aws-node[733]: INFO: Reloading configuration
2026-09-27T10:33:54.319372Z aws-node[733]: INFO: Reloading configuration
2026-09-27T10:34:02.319372Z aws-node[518]: INFO: Health check OK
2026-09-27T10:34:11.319372Z aws-node[518]: INFO: Health check OK
2026-09-27T10:34:20.319372Z aws-node[761]: INFO: plugin/kubernetes: 68 resource records
2026-09-27T10:34:28.319372Z aws-node[518]: INFO: Health check OK
2026-09-27T10:34:37.319372Z aws-node[761]: INFO: plugin/kubernetes: 68 resource records
2026-09-27T10:34:45.319372Z aws-node[733]: INFO: Reloading configuration
2026-09-27T10:34:54.319372Z aws-node[733]: INFO: Reloading configuration
2026-09-27T10:35:03.319372Z aws-node[761]: INFO: plugin/kubernetes: 68 resource records
2026-09-27T10:35:11.319372Z aws-node[518]: INFO: Health check OK
2026-09-27T10:35:20.319372Z aws-node[235]: ERROR: upstream 10.100.41.115:53: read udp 10.133.154.175:43076->10.240.134.29:53: i/o timeout
2026-09-27T10:35:29.319372Z aws-node[518]: INFO: Health check OK
2026-09-27T10:35:37.319372Z aws-node[518]: INFO: Health check OK
2026-09-27T10:35:46.319372Z aws-node[518]: INFO: Health check OK
2026-09-27T10:35:55.319372Z aws-node[518]: INFO: Health check OK
2026-09-27T10:36:03.319372Z aws-node[733]: INFO: Reloading configuration
2026-09-27T10:36:12.319372Z aws-node[733]: INFO: Reloading configuration
2026-09-27T10:36:20.319372Z aws-node[733]: INFO: Reloading configuration
2026-09-27T10:36:29.319372Z aws-node[761]: INFO: plugin/kubernetes: 68 resource records
2026-09-27T10:36:38.319372Z aws-node[761]: INFO: plugin/kubernetes: 68 resource records
2026-09-27T10:36:46.319372Z aws-node[733]: INFO: Reloading configuration
2026-09-27T10:36:55.319372Z aws-node[733]: INFO: Reloading configuration
2026-09-27T10:37:04.319372Z aws-node[518]: INFO: Health check OK
2026-09-27T10:37:12.319372Z aws-node[377]: INFO: plugin/ready: Still waiting on: "kubernetes"
2026-09-27T10:37:21.319372Z aws-node[518]: INFO: Health check OK
2026-09-27T10:37:30.319372Z aws-node[518]: INFO: Health check OK
2026-09-27T10:37:38.319372Z aws-node[518]: INFO: Health check OK
2026-09-27T10:37:47.319372Z aws-node[761]: INFO: plugin/kubernetes: 68 resource records
2026-09-27T10:37:56.319372Z aws-node[377]: INFO: plugin/ready: Still waiting on: "kubernetes"
2026-09-27T10:38:04.319372Z aws-node[377]: INFO: plugin/ready: Still waiting on: "kubernetes"
2026-09-27T10:38:13.319372Z aws-node[518]: INFO: Health check OK
2026-09-27T10:38:21.319372Z aws-node[518]: INFO: Health check OK
2026-09-27T10:38:30.319372Z aws-node[518]: INFO: Health check OK
2026-09-27T10:38:39.319372Z aws-node[518]: INFO: Health check OK
2026-09-27T10:38:47.319372Z aws-node[377]: INFO: plugin/ready: Still waiting on: "kubernetes"
2026-09-27T10:38:56.319372Z aws-node[761]: INFO: plugin/kubernetes: 68 resource records
2026-09-27T10:39:05.319372Z aws-node[518]: INFO: Health check OK
2026-09-27T10:39:13.319372Z aws-node[733]: INFO: Reloading configuration
2026-09-27T10:39:22.319372Z aws-node[733]: INFO: Reloading configuration
2026-09-27T10:39:31.319372Z aws-node[518]: INFO: Health check OK
2026-09-27T10:39:39.319372Z aws-node[518]: INFO: Health check OK
2026-09-27T10:39:48.319372Z aws-node[377]: INFO: plugin/ready: Still waiting on: "kubernetes"
2026-09-27T10:39:56.319372Z aws-node[377]: INFO: plugin/ready: Still waiting on: "kubernetes"
2026-09-27T10:40:05.319372Z aws-node[761]: INFO: plugin/kubernetes: 68 resource records
2026-09-27T10:40:14.319372Z aws-node[377]: INFO: plugin/ready: Still waiting on: "kubernetes"
2026-09-27T10:40:22.319372Z aws-node[761]: INFO: plugin/kubernetes: 68 resource records
2026-09-27T10:40:31.319372Z aws-node[733]: INFO: Reloading configuration
2026-09-27T10:40:40.319372Z aws-node[761]: INFO: plugin/kubernetes: 68 resource records
2026-09-27T10:40:48.319372Z aws-node[733]: INFO: Reloading configuration
2026-09-27T10:40:57.319372Z aws-node[518]: INFO: Health check OK
2026-09-27T10:41:06.319372Z aws-node[761]: INFO: plugin/kubernetes: 68 resource records
2026-09-27T10:41:14.319372Z aws-node[761]: INFO: plugin/kubernetes: 68 resource records
2026-09-27T10:41:23.319372Z aws-node[377]: INFO: plugin/ready: Still waiting on: "kubernetes"
2026-09-27T10:41:32.319372Z aws-node[377]: INFO: plugin/ready: Still waiting on: "kubernetes"
2026-09-27T10:41:40.319372Z aws-node[377]: INFO: plugin/ready: Still waiting on: "kubernetes"
2026-09-27T10:41:49.319372Z aws-node[761]: INFO: plugin/kubernetes: 68 resource records
2026-09-27T10:41:57.319372Z aws-node[518]: INFO: Health check OK
2026-09-27T10:42:06.319372Z aws-node[518]: INFO: Health check OK
2026-09-27T10:42:15.319372Z aws-node[733]: INFO: Reloading configuration
2026-09-27T10:42:23.319372Z aws-node[518]: INFO: Health check OK
2026-09-27T10:42:32.319372Z aws-node[518]: INFO: Health check OK
2026-09-27T10:42:41.319372Z aws-node[761]: INFO: plugin/kubernetes: 68 resource records
2026-09-27T10:42:49.319372Z aws-node[377]: INFO: plugin/ready: Still waiting on: "kubernetes"
2026-09-27T10:42:58.319372Z aws-node[377]: INFO: plugin/ready: Still waiting on: "kubernetes"
2026-09-27T10:43:07.319372Z aws-node[761]: INFO: plugin/kubernetes: 68 resource records
2026-09-27T10:43:15.319372Z aws-node[761]: INFO: plugin/kubernetes: 68 resource records
2026-09-27T10:43:24.319372Z aws-node[761]: INFO: plugin/kubernetes: 68 resource records
2026-09-27T10:43:32.319372Z aws-node[377]: INFO: plugin/ready: Still waiting on: "kubernetes"
2026-09-27T10:43:41.319372Z aws-node[518]: INFO: Health check OK
2026-09-27T10:43:50.319372Z aws-node[518]: INFO: Health check OK
2026-09-27T10:43:58.319372Z aws-node[377]: INFO: plugin/ready: Still waiting on: "kubernetes"
2026-09-27T10:44:07.319372Z aws-node[518]: INFO: Health check OK
2026-09-27T10:44:16.319372Z aws-node[733]: INFO: Reloading configuration
2026-09-27T10:44:24.319372Z aws-node[761]: INFO: plugin/kubernetes: 68 resource records
2026-09-27T10:44:33.319372Z aws-node[377]: INFO: plugin/ready: Still waiting on: "kubernetes"
2026-09-27T10:44:42.319372Z aws-node[761]: INFO: plugin/kubernetes: 68 resource records
2026-09-27T10:44:50.319372Z aws-node[518]: INFO: Health check OK
2026-09-27T10:44:59.319372Z aws-node[377]: INFO: plugin/ready: Still waiting on: "kubernetes"
2026-09-27T10:45:08.319372Z aws-node[733]: INFO: Reloading configuration
2026-09-27T10:45:16.319372Z aws-node[518]: INFO: Health check OK
2026-09-27T10:45:25.319372Z aws-node[518]: INFO: Health check OK
2026-09-27T10:45:33.319372Z aws-node[377]: INFO: plugin/ready: Still waiting on: "kubernetes"
2026-09-27T10:45:42.319372Z aws-node[377]: INFO: plugin/ready: Still waiting on: "kubernetes"
2026-09-27T10:45:51.319372Z aws-node[733]: INFO: Reloading configuration
2026-09-27T10:45:59.319372Z aws-node[761]: INFO: plugin/kubernetes: 68 resource records
2026-09-27T10:46:08.319372Z aws-node[518]: INFO: Health check OK
2026-09-27T10:46:17.319372Z aws-node[377]: INFO: plugin/ready: Still waiting on: "kubernetes"
2026-09-27T10:46:25.319372Z aws-node[518]: INFO: Health check OK
2026-09-27T10:46:34.319372Z aws-node[518]: INFO: Health check OK
2026-09-27T10:46:43.319372Z aws-node[377]: INFO: plugin/ready: Still waiting on: "kubernetes"
2026-09-27T10:46:51.319372Z aws-node[377]: INFO: plugin/ready: Still waiting on: "kubernetes"
2026-09-27T10:47:00.319372Z aws-node[377]: INFO: plugin/ready: Still waiting on: "kubernetes"
2026-09-27T10:47:08.319372Z aws-node[518]: INFO: Health check OK
2026-09-27T10:47:17.319372Z aws-node[733]: INFO: Reloading configuration
2026-09-27T10:47:26.319372Z aws-node[761]: INFO: plugin/kubernetes: 68 resource records
2026-09-27T10:47:34.319372Z aws-node[733]: INFO: Reloading configuration
2026-09-27T10:47:43.319372Z aws-node[377]: INFO: plugin/ready: Still waiting on: "kubernetes"
2026-09-27T10:47:52.319372Z aws-node[377]: INFO: plugin/ready: Still waiting on: "kubernetes"
2026-09-27T10:48:00.319372Z aws-node[235]: ERROR: upstream 10.100.41.115:53: read udp 10.133.154.175:43076->10.240.134.29:53: i/o timeout
2026-09-27T10:48:09.319372Z aws-node[761]: INFO: plugin/kubernetes: 68 resource records
2026-09-27T10:48:18.319372Z aws-node[518]: INFO: Health check OK
2026-09-27T10:48:26.319372Z aws-node[518]: INFO: Health check OK
2026-09-27T10:48:35.319372Z aws-node[733]: INFO: Reloading configuration
2026-09-27T10:48:44.319372Z aws-node[518]: INFO: Health check OK
2026-09-27T10:48:52.319372Z aws-node[518]: INFO: Health check OK
2026-09-27T10:49:01.319372Z aws-node[377]: INFO: plugin/ready: Still waiting on: "kubernetes"
2026-09-27T10:49:09.319372Z aws-node[733]: INFO: Reloading configuration
2026-09-27T10:49:18.319372Z aws-node[761]: INFO: plugin/kubernetes: 68 resource records
2026-09-27T10:49:27.319372Z aws-node[518]: INFO: Health check OK
2026-09-27T10:49:35.319372Z aws-node[761]: INFO: plugin/kubernetes: 68 resource records
2026-09-27T10:49:44.319372Z aws-node[518]: INFO: Health check OK
2026-09-27T10:49:53.319372Z aws-node[377]: INFO: plugin/ready: Still waiting on: "kubernetes"
2026-09-27T10:50:01.319372Z aws-node[377]: INFO: plugin/ready: Still waiting on: "kubernetes"
2026-09-27T10:50:10.319372Z aws-node[518]: INFO: Health check OK
2026-09-27T10:50:19.319372Z aws-node[761]: INFO: plugin/kubernetes: 68 resource records
2026-09-27T10:50:27.319372Z aws-node[518]: INFO: Health check OK
2026-09-27T10:50:36.319372Z aws-node[733]: INFO: Reloading configuration
2026-09-27T10:50:44.319372Z aws-node[377]: INFO: plugin/ready: Still waiting on: "kubernetes"
2026-09-27T10:50:53.319372Z aws-node[733]: INFO: Reloading configuration
2026-09-27T10:51:02.319372Z aws-node[518]: INFO: Health check OK
2026-09-27T10:51:10.319372Z aws-node[761]: INFO: plugin/kubernetes: 68 resource records
2026-09-27T10:51:19.319372Z aws-node[518]: INFO: Health check OK
2026-09-27T10:51:28.319372Z aws-node[518]: INFO: Health check OK
2026-09-27T10:51:36.319372Z aws-node[518]: INFO: Health check OK
2026-09-27T10:51:45.319372Z aws-node[761]: INFO: plugin/kubernetes: 68 resource records
2026-09-27T10:51:54.319372Z aws-node[518]: INFO: Health check OK
2026-09-27T10:52:02.319372Z aws-node[518]: INFO: Health check OK
2026-09-27T10:52:11.319372Z aws-node[733]: INFO: Reloading configuration
2026-09-27T10:52:20.319372Z aws-node[761]: INFO: plugin/kubernetes: 68 resource records
2026-09-27T10:52:28.319372Z aws-node[518]: INFO: Health check OK
2026-09-27T10:52:37.319372Z aws-node[518]: INFO: Health check OK
2026-09-27T10:52:45.319372Z aws-node[733]: INFO: Reloading configuration
2026-09-27T10:52:54.319372Z aws-node[761]: INFO: plugin/kubernetes: 68 resource records
2026-09-27T10:53:03.319372Z aws-node[377]: INFO: plugin/ready: Still waiting on: "kubernetes"
2026-09-27T10:53:11.319372Z aws-node[377]: INFO: plugin/ready: Still waiting on: "kubernetes"
2026-09-27T10:53:20.319372Z aws-node[761]: INFO: plugin/kubernetes: 68 resource records
2026-09-27T10:53:29.319372Z aws-node[377]: INFO: plugin/ready: Still waiting on: "kubernetes"
2026-09-27T10:53:37.319372Z aws-node[761]: INFO: plugin/kubernetes: 68 resource records
2026-09-27T10:53:46.319372Z aws-node[377]: INFO: plugin/ready: Still waiting on: "kubernetes"
2026-09-27T10:53:55.319372Z aws-node[377]: INFO: plugin/ready: Still waiting on: "kubernetes"
2026-09-27T10:54:03.319372Z aws-node[761]: INFO: plugin/kubernetes: 68 resource records
2026-09-27T10:54:12.319372Z aws-node[733]: INFO: Reloading configuration
2026-09-27T10:54:20.319372Z aws-node[761]: INFO: plugin/kubernetes: 68 resource records
2026-09-27T10:54:29.319372Z aws-node[733]: INFO: Reloading configuration
2026-09-27T10:54:38.319372Z aws-node[377]: INFO: plugin/ready: Still waiting on: "kubernetes"
2026-09-27T10:54:46.319372Z aws-node[377]: INFO: plugin/ready: Still waiting on: "kubernetes"
2026-09-27T10:54:55.319372Z aws-node[377]: INFO: plugin/ready: Still waiting on: "kubernetes"
2026-09-27T10:55:04.319372Z aws-node[377]: INFO: plugin/ready: Still waiting on: "kubernetes"
2026-09-27T10:55:12.319372Z aws-node[733]: INFO: Reloading configuration
2026-09-27T10:55:21.319372Z aws-node[518]: INFO: Health check OK
2026-09-27T10:55:30.319372Z aws-node[733]: INFO: Reloading configuration
2026-09-27T10:55:38.319372Z aws-node[761]: INFO: plugin/kubernetes: 68 resource records
2026-09-27T10:55:47.319372Z aws-node[377]: INFO: plugin/ready: Still waiting on: "kubernetes"
2026-09-27T10:55:56.319372Z aws-node[518]: INFO: Health check OK
2026-09-27T10:56:04.319372Z aws-node[733]: INFO: Reloading configuration
2026-09-27T10:56:13.319372Z aws-node[518]: INFO: Health check OK
2026-09-27T10:56:21.319372Z aws-node[761]: INFO: plugin/kubernetes: 68 resource records
2026-09-27T10:56:30.319372Z aws-node[377]: INFO: plugin/ready: Still waiting on: "kubernetes"
2026-09-27T10:56:39.319372Z aws-node[518]: INFO: Health check OK
2026-09-27T10:56:47.319372Z aws-node[518]: INFO: Health check OK
2026-09-27T10:56:56.319372Z aws-node[518]: INFO: Health check OK
2026-09-27T10:57:05.319372Z aws-node[733]: INFO: Reloading configuration
2026-09-27T10:57:13.319372Z aws-node[518]: INFO: Health check OK
2026-09-27T10:57:22.319372Z aws-node[761]: INFO: plugin/kubernetes: 68 resource records
2026-09-27T10:57:31.319372Z aws-node[518]: INFO: Health check OK
2026-09-27T10:57:39.319372Z aws-node[761]: INFO: plugin/kubernetes: 68 resource records
2026-09-27T10:57:48.319372Z aws-node[733]: INFO: Reloading configuration
2026-09-27T10:57:56.319372Z aws-node[518]: INFO: Health check OK
2026-09-27T10:58:05.319372Z aws-node[518]: INFO: Health check OK
2026-09-27T10:58:14.319372Z aws-node[518]: INFO: Health check OK
2026-09-27T10:58:22.319372Z aws-node[733]: INFO: Reloading configuration
2026-09-27T10:58:31.319372Z aws-node[377]: INFO: plugin/ready: Still waiting on: "kubernetes"
2026-09-27T10:58:40.319372Z aws-node[377]: INFO: plugin/ready: Still waiting on: "kubernetes"
2026-09-27T10:58:48.319372Z aws-node[761]: INFO: plugin/kubernetes: 68 resource records
2026-09-27T10:58:57.319372Z aws-node[377]: INFO: plugin/ready: Still waiting on: "kubernetes"
2026-09-27T10:59:06.319372Z aws-node[761]: INFO: plugin/kubernetes: 68 resource records
2026-09-27T10:59:14.319372Z aws-node[761]: INFO: plugin/kubernetes: 68 resource records
2026-09-27T10:59:23.319372Z aws-node[246]: ERROR: failed to list *v1.Service: Get "https://10.6.106.25:443": net/http: TLS handshake timeout
2026-09-27T10:59:32.319372Z aws-node[761]: INFO: plugin/kubernetes: 68 resource records
2026-09-27T10:59:40.319372Z aws-node[377]: INFO: plugin/ready: Still waiting on: "kubernetes"
2026-09-27T10:59:49.319372Z aws-node[377]: INFO: plugin/ready: Still waiting on: "kubernetes"
2026-09-27T10:59:57.319372Z aws-node[761]: INFO: plugin/kubernetes: 68 resource records
2026-09-27T11:00:06.319372Z aws-node[518]: INFO: Health check OK
2026-09-27T11:00:15.319372Z aws-node[733]: INFO: Reloading configuration
2026-09-27T11:00:23.319372Z aws-node[518]: INFO: Health check OK
2026-09-27T11:00:32.319372Z aws-node[761]: INFO: plugin/kubernetes: 68 resource records
2026-09-27T11:00:41.319372Z aws-node[377]: INFO: plugin/ready: Still waiting on: "kubernetes"
2026-09-27T11:00:49.319372Z aws-node[761]: INFO: plugin/kubernetes: 68 resource records
2026-09-27T11:00:58.319372Z aws-node[733]: INFO: Reloading configuration
2026-09-27T11:01:07.319372Z aws-node[761]: INFO: plugin/kubernetes: 68 resource records
2026-09-27T11:01:15.319372Z aws-node[518]: INFO: Health check OK
2026-09-27T11:01:24.319372Z aws-node[761]: INFO: plugin/kubernetes: 68 resource records
2026-09-27T11:01:32.319372Z aws-node[377]: INFO: plugin/ready: Still waiting on: "kubernetes"
2026-09-27T11:01:41.319372Z aws-node[761]: INFO: plugin/kubernetes: 68 resource records
2026-09-27T11:01:50.319372Z aws-node[518]: INFO: Health check OK
2026-09-27T11:01:58.319372Z aws-node[377]: INFO: plugin/ready: Still waiting on: "kubernetes"
2026-09-27T11:02:07.319372Z aws-node[377]: INFO: plugin/ready: Still waiting on: "kubernetes"
2026-09-27T11:02:16.319372Z aws-node[235]: ERROR: upstream 10.100.41.115:53: read udp 10.133.154.175:43076->10.240.134.29:53: i/o timeout
2026-09-27T11:02:24.319372Z aws-node[761]: INFO: plugin/kubernetes: 68 resource records
2026-09-27T11:02:33.319372Z aws-node[377]: INFO: plugin/ready: Still waiting on: "kubernetes"
2026-09-27T11:02:42.319372Z aws-node[518]: INFO: Health check OK
2026-09-27T11:02:50.319372Z aws-node[518]: INFO: Health check OK
2026-09-27T11:02:59.319372Z aws-node[733]: INFO: Reloading configuration
2026-09-27T11:03:08.319372Z aws-node[518]: INFO: Health check OK
2026-09-27T11:03:16.319372Z aws-node[518]: INFO: Health check OK
2026-09-27T11:03:25.319372Z aws-node[518]: INFO: Health check OK
2026-09-27T11:03:33.319372Z aws-node[761]: INFO: plugin/kubernetes: 68 resource records
2026-09-27T11:03:42.319372Z aws-node[733]: INFO: Reloading configuration
2026-09-27T11:03:51.319372Z aws-node[761]: INFO: plugin/kubernetes: 68 resource records
2026-09-27T11:03:59.319372Z aws-node[518]: INFO: Health check OK
2026-09-27T11:04:08.319372Z aws-node[518]: INFO: Health check OK
2026-09-27T11:04:17.319372Z aws-node[761]: INFO: plugin/kubernetes: 68 resource records
2026-09-27T11:04:25.319372Z aws-node[377]: INFO: plugin/ready: Still waiting on: "kubernetes"
2026-09-27T11:04:34.319372Z aws-node[518]: INFO: Health check OK
2026-09-27T11:04:43.319372Z aws-node[377]: INFO: plugin/ready: Still waiting on: "kubernetes"
2026-09-27T11:04:51.319372Z aws-node[761]: INFO: plugin/kubernetes: 68 resource records
2026-09-27T11:05:00.319372Z aws-node[518]: INFO: Health check OK
2026-09-27T11:05:08.319372Z aws-node[733]: INFO: Reloading configuration
2026-09-27T11:05:17.319372Z aws-node[761]: INFO: plugin/kubernetes: 68 resource records
2026-09-27T11:05:26.319372Z aws-node[761]: INFO: plugin/kubernetes: 68 resource records
2026-09-27T11:05:34.319372Z aws-node[518]: INFO: Health check OK
2026-09-27T11:05:43.319372Z aws-node[733]: INFO: Reloading configuration
2026-09-27T11:05:52.319372Z aws-node[733]: INFO: Reloading configuration
2026-09-27T11:06:00.319372Z aws-node[761]: INFO: plugin/kubernetes: 68 resource records
2026-09-27T11:06:09.319372Z aws-node[733]: INFO: Reloading configuration
2026-09-27T11:06:18.319372Z aws-node[377]: INFO: plugin/ready: Still waiting on: "kubernetes"
2026-09-27T11:06:26.319372Z aws-node[377]: INFO: plugin/ready: Still waiting on: "kubernetes"
2026-09-27T11:06:35.319372Z aws-node[518]: INFO: Health check OK
2026-09-27T11:06:44.319372Z aws-node[377]: INFO: plugin/ready: Still waiting on: "kubernetes"
2026-09-27T11:06:52.319372Z aws-node[235]: ERROR: upstream 10.100.41.115:53: read udp 10.133.154.175:43076->10.240.134.29:53: i/o timeout
2026-09-27T11:07:01.319372Z aws-node[518]: INFO: Health check OK
2026-09-27T11:07:09.319372Z aws-node[761]: INFO: plugin/kubernetes: 68 resource records
2026-09-27T11:07:18.319372Z aws-node[733]: INFO: Reloading configuration
2026-09-27T11:07:27.319372Z aws-node[733]: INFO: Reloading configuration
2026-09-27T11:07:35.319372Z aws-node[733]: INFO: Reloading configuration
2026-09-27T11:07:44.319372Z aws-node[377]: INFO: plugin/ready: Still waiting on: "kubernetes"
2026-09-27T11:07:53.319372Z aws-node[733]: INFO: Reloading configuration
2026-09-27T11:08:01.319372Z aws-node[761]: INFO: plugin/kubernetes: 68 resource records
2026-09-27T11:08:10.319372Z aws-node[733]: INFO: Reloading configuration
2026-09-27T11:08:19.319372Z aws-node[733]: INFO: Reloading configuration
2026-09-27T11:08:27.319372Z aws-node[761]: INFO: plugin/kubernetes: 68 resource records
2026-09-27T11:08:36.319372Z aws-node[761]: INFO: plugin/kubernetes: 68 resource records
2026-09-27T11:08:44.319372Z aws-node[377]: INFO: plugin/ready: Still waiting on: "kubernetes"
2026-09-27T11:08:53.319372Z aws-node[761]: INFO: plugin/kubernetes: 68 resource records
2026-09-27T11:09:02.319372Z aws-node[733]: INFO: Reloading configuration
2026-09-27T11:09:10.319372Z aws-node[483]: WARN: too many open files
2026-09-27T11:09:19.319372Z aws-node[377]: INFO: plugin/ready: Still waiting on: "kubernetes"
2026-09-27T11:09:28.319372Z aws-node[518]: INFO: Health check OK
2026-09-27T11:09:36.319372Z aws-node[761]: INFO: plugin/kubernetes: 68 resource records
2026-09-27T11:09:45.319372Z aws-node[761]: INFO: plugin/kubernetes: 68 resource records
2026-09-27T11:09:54.319372Z aws-node[733]: INFO: Reloading configuration
2026-09-27T11:10:02.319372Z aws-node[518]: INFO: Health check OK
2026-09-27T11:10:11.319372Z aws-node[377]: INFO: plugin/ready: Still waiting on: "kubernetes"
2026-09-27T11:10:20.319372Z aws-node[761]: INFO: plugin/kubernetes: 68 resource records
2026-09-27T11:10:28.319372Z aws-node[733]: INFO: Reloading configuration
2026-09-27T11:10:37.319372Z aws-node[761]: INFO: plugin/kubernetes: 68 resource records
2026-09-27T11:10:45.319372Z aws-node[733]: INFO: Reloading configuration
2026-09-27T11:10:54.319372Z aws-node[733]: INFO: Reloading configuration
2026-09-27T11:11:03.319372Z aws-node[733]: INFO: Reloading configuration
2026-09-27T11:11:11.319372Z aws-node[377]: INFO: plugin/ready: Still waiting on: "kubernetes"
2026-09-27T11:11:20.319372Z aws-node[518]: INFO: Health check OK
2026-09-27T11:11:29.319372Z aws-node[733]: INFO: Reloading configuration
2026-09-27T11:11:37.319372Z aws-node[518]: INFO: Health check OK
2026-09-27T11:11:46.319372Z aws-node[733]: INFO: Reloading configuration
2026-09-27T11:11:55.319372Z aws-node[518]: INFO: Health check OK
2026-09-27T11:12:03.319372Z aws-node[518]: INFO: Health check OK
2026-09-27T11:12:12.319372Z aws-node[733]: INFO: Reloading configuration
2026-09-27T11:12:20.319372Z aws-node[518]: INFO: Health check OK
2026-09-27T11:12:29.319372Z aws-node[377]: INFO: plugin/ready: Still waiting on: "kubernetes"
2026-09-27T11:12:38.319372Z aws-node[377]: INFO: plugin/ready: Still waiting on: "kubernetes"
2026-09-27T11:12:46.319372Z aws-node[235]: ERROR: upstream 10.100.41.115:53: read udp 10.133.154.175:43076->10.240.134.29:53: i/o timeout
2026-09-27T11:12:55.319372Z aws-node[377]: INFO: plugin/ready: Still waiting on: "kubernetes"
2026-09-27T11:13:04.319372Z aws-node[377]: INFO: plugin/ready: Still waiting on: "kubernetes"
2026-09-27T11:13:12.319372Z aws-node[246]: ERROR: failed to list *v1.Service: Get "https://10.6.106.25:443": net/http: TLS handshake timeout
2026-09-27T11:13:21.319372Z aws-node[761]: INFO: plugin/kubernetes: 68 resource records
2026-09-27T11:13:30.319372Z aws-node[518]: INFO: Health check OK
2026-09-27T11:13:38.319372Z aws-node[761]: INFO: plugin/kubernetes: 68 resource records
2026-09-27T11:13:47.319372Z aws-node[986]: ERROR: plugin/errors: 10.80.131.140:49335 - no such host
2026-09-27T11:13:56.319372Z aws-node[235]: ERROR: upstream 10.100.41.115:53: read udp 10.133.154.175:43076->10.240.134.29:53: i/o timeout
2026-09-27T11:14:04.319372Z aws-node[761]: INFO: plugin/kubernetes: 68 resource records
2026-09-27T11:14:13.319372Z aws-node[733]: INFO: Reloading configuration
2026-09-27T11:14:21.319372Z aws-node[733]: INFO: Reloading configuration
2026-09-27T11:14:30.319372Z aws-node[377]: INFO: plugin/ready: Still waiting on: "kubernetes"
2026-09-27T11:14:39.319372Z aws-node[761]: INFO: plugin/kubernetes: 68 resource records
2026-09-27T11:14:47.319372Z aws-node[377]: INFO: plugin/ready: Still waiting on: "kubernetes"
2026-09-27T11:14:56.319372Z aws-node[733]: INFO: Reloading configuration
2026-09-27T11:15:05.319372Z aws-node[761]: INFO: plugin/kubernetes: 68 resource records
2026-09-27T11:15:13.319372Z aws-node[761]: INFO: plugin/kubernetes: 68 resource records
2026-09-27T11:15:22.319372Z aws-node[733]: INFO: Reloading configuration
2026-09-27T11:15:31.319372Z aws-node[518]: INFO: Health check OK
2026-09-27T11:15:39.319372Z aws-node[518]: INFO: Health check OK
2026-09-27T11:15:48.319372Z aws-node[518]: INFO: Health check OK
2026-09-27T11:15:56.319372Z aws-node[377]: INFO: plugin/ready: Still waiting on: "kubernetes"
2026-09-27T11:16:05.319372Z aws-node[761]: INFO: plugin/kubernetes: 68 resource records
2026-09-27T11:16:14.319372Z aws-node[733]: INFO: Reloading configuration
2026-09-27T11:16:22.319372Z aws-node[518]: INFO: Health check OK
2026-09-27T11:16:31.319372Z aws-node[986]: ERROR: plugin/errors: 10.80.131.140:49335 - no such host
2026-09-27T11:16:40.319372Z aws-node[483]: WARN: too many open files
2026-09-27T11:16:48.319372Z aws-node[761]: INFO: plugin/kubernetes: 68 resource records
2026-09-27T11:16:57.319372Z aws-node[761]: INFO: plugin/kubernetes: 68 resource records
2026-09-27T11:17:06.319372Z aws-node[377]: INFO: plugin/ready: Still waiting on: "kubernetes"
2026-09-27T11:17:14.319372Z aws-node[377]: INFO: plugin/ready: Still waiting on: "kubernetes"
2026-09-27T11:17:23.319372Z aws-node[733]: INFO: Reloading configuration
2026-09-27T11:17:32.319372Z aws-node[761]: INFO: plugin/kubernetes: 68 resource records
2026-09-27T11:17:40.319372Z aws-node[733]: INFO: Reloading configuration
2026-09-27T11:17:49.319372Z aws-node[377]: INFO: plugin/ready: Still waiting on: "kubernetes"
2026-09-27T11:17:57.319372Z aws-node[518]: INFO: Health check OK
2026-09-27T11:18:06.319372Z aws-node[761]: INFO: plugin/kubernetes: 68 resource records
2026-09-27T11:18:15.319372Z aws-node[377]: INFO: plugin/ready: Still waiting on: "kubernetes"
2026-09-27T11:18:23.319372Z aws-node[733]: INFO: Reloading configuration
2026-09-27T11:18:32.319372Z aws-node[377]: INFO: plugin/ready: Still waiting on: "kubernetes"
2026-09-27T11:18:41.319372Z aws-node[518]: INFO: Health check OK
2026-09-27T11:18:49.319372Z aws-node[377]: INFO: plugin/ready: Still waiting on: "kubernetes"
2026-09-27T11:18:58.319372Z aws-node[761]: INFO: plugin/kubernetes: 68 resource records
2026-09-27T11:19:07.319372Z aws-node[733]: INFO: Reloading configuration
2026-09-27T11:19:15.319372Z aws-node[986]: ERROR: plugin/errors: 10.80.131.140:49335 - no such host
2026-09-27T11:19:24.319372Z aws-node[518]: INFO: Health check OK
2026-09-27T11:19:32.319372Z aws-node[518]: INFO: Health check OK
2026-09-27T11:19:41.319372Z aws-node[518]: INFO: Health check OK
2026-09-27T11:19:50.319372Z aws-node[733]: INFO: Reloading configuration
2026-09-27T11:19:58.319372Z aws-node[733]: INFO: Reloading configuration
2026-09-27T11:20:07.319372Z aws-node[518]: INFO: Health check OK
2026-09-27T11:20:16.319372Z aws-node[377]: INFO: plugin/ready: Still waiting on: "kubernetes"
2026-09-27T11:20:24.319372Z aws-node[761]: INFO: plugin/kubernetes: 68 resource records
2026-09-27T11:20:33.319372Z aws-node[518]: INFO: Health check OK
2026-09-27T11:20:42.319372Z aws-node[761]: INFO: plugin/kubernetes: 68 resource records
2026-09-27T11:20:50.319372Z aws-node[761]: INFO: plugin/kubernetes: 68 resource records
2026-09-27T11:20:59.319372Z aws-node[733]: INFO: Reloading configuration
2026-09-27T11:21:08.319372Z aws-node[377]: INFO: plugin/ready: Still waiting on: "kubernetes"
2026-09-27T11:21:16.319372Z aws-node[518]: INFO: Health check OK
2026-09-27T11:21:25.319372Z aws-node[761]: INFO: plugin/kubernetes: 68 resource records
2026-09-27T11:21:33.319372Z aws-node[761]: INFO: plugin/kubernetes: 68 resource records
2026-09-27T11:21:42.319372Z aws-node[377]: INFO: plugin/ready: Still waiting on: "kubernetes"
2026-09-27T11:21:51.319372Z aws-node[733]: INFO: Reloading configuration
2026-09-27T11:21:59.319372Z aws-node[761]: INFO: plugin/kubernetes: 68 resource records
2026-09-27T11:22:08.319372Z aws-node[518]: INFO: Health check OK
2026-09-27T11:22:17.319372Z aws-node[377]: INFO: plugin/ready: Still waiting on: "kubernetes"
2026-09-27T11:22:25.319372Z aws-node[761]: INFO: plugin/kubernetes: 68 resource records
2026-09-27T11:22:34.319372Z aws-node[518]: INFO: Health check OK
2026-09-27T11:22:43.319372Z aws-node[761]: INFO: plugin/kubernetes: 68 resource records
2026-09-27T11:22:51.319372Z aws-node[377]: INFO: plugin/ready: Still waiting on: "kubernetes"
2026-09-27T11:23:00.319372Z aws-node[377]: INFO: plugin/ready: Still waiting on: "kubernetes"
2026-09-27T11:23:08.319372Z aws-node[761]: INFO: plugin/kubernetes: 68 resource records
2026-09-27T11:23:17.319372Z aws-node[733]: INFO: Reloading configuration
2026-09-27T11:23:26.319372Z aws-node[518]: INFO: Health check OK
2026-09-27T11:23:34.319372Z aws-node[733]: INFO: Reloading configuration
2026-09-27T11:23:43.319372Z aws-node[377]: INFO: plugin/ready: Still waiting on: "kubernetes"
2026-09-27T11:23:52.319372Z aws-node[733]: INFO: Reloading configuration
2026-09-27T11:24:00.319372Z aws-node[235]: ERROR: upstream 10.100.41.115:53: read udp 10.133.154.175:43076->10.240.134.29:53: i/o timeout
2026-09-27T11:24:09.319372Z aws-node[761]: INFO: plugin/kubernetes: 68 resource records
2026-09-27T11:24:18.319372Z aws-node[761]: INFO: plugin/kubernetes: 68 resource records
2026-09-27T11:24:26.319372Z aws-node[733]: INFO: Reloading configuration
2026-09-27T11:24:35.319372Z aws-node[377]: INFO: plugin/ready: Still waiting on: "kubernetes"
2026-09-27T11:24:44.319372Z aws-node[761]: INFO: plugin/kubernetes: 68 resource records
2026-09-27T11:24:52.319372Z aws-node[377]: INFO: plugin/ready: Still waiting on: "kubernetes"
2026-09-27T11:25:01.319372Z aws-node[733]: INFO: Reloading configuration
2026-09-27T11:25:09.319372Z aws-node[733]: INFO: Reloading configuration
2026-09-27T11:25:18.319372Z aws-node[761]: INFO: plugin/kubernetes: 68 resource records
2026-09-27T11:25:27.319372Z aws-node[733]: INFO: Reloading configuration
2026-09-27T11:25:35.319372Z aws-node[761]: INFO: plugin/kubernetes: 68 resource records
2026-09-27T11:25:44.319372Z aws-node[761]: INFO: plugin/kubernetes: 68 resource records
2026-09-27T11:25:53.319372Z aws-node[377]: INFO: plugin/ready: Still waiting on: "kubernetes"
2026-09-27T11:26:01.319372Z aws-node[733]: INFO: Reloading configuration
2026-09-27T11:26:10.319372Z aws-node[377]: INFO: plugin/ready: Still waiting on: "kubernetes"
2026-09-27T11:26:19.319372Z aws-node[377]: INFO: plugin/ready: Still waiting on: "kubernetes"
2026-09-27T11:26:27.319372Z aws-node[761]: INFO: plugin/kubernetes: 68 resource records
2026-09-27T11:26:36.319372Z aws-node[761]: INFO: plugin/kubernetes: 68 resource records
2026-09-27T11:26:44.319372Z aws-node[518]: INFO: Health check OK
2026-09-27T11:26:53.319372Z aws-node[377]: INFO: plugin/ready: Still waiting on: "kubernetes"
2026-09-27T11:27:02.319372Z aws-node[377]: INFO: plugin/ready: Still waiting on: "kubernetes"
2026-09-27T11:27:10.319372Z aws-node[377]: INFO: plugin/ready: Still waiting on: "kubernetes"
2026-09-27T11:27:19.319372Z aws-node[377]: INFO: plugin/ready: Still waiting on: "kubernetes"
2026-09-27T11:27:28.319372Z aws-node[518]: INFO: Health check OK
2026-09-27T11:27:36.319372Z aws-node[518]: INFO: Health check OK
2026-09-27T11:27:45.319372Z aws-node[733]: INFO: Reloading configuration
2026-09-27T11:27:54.319372Z aws-node[518]: INFO: Health check OK
2026-09-27T11:28:02.319372Z aws-node[761]: INFO: plugin/kubernetes: 68 resource records
2026-09-27T11:28:11.319372Z aws-node[377]: INFO: plugin/ready: Still waiting on: "kubernetes"
2026-09-27T11:28:20.319372Z aws-node[518]: INFO: Health check OK
2026-09-27T11:28:28.319372Z aws-node[761]: INFO: plugin/kubernetes: 68 resource records
2026-09-27T11:28:37.319372Z aws-node[761]: INFO: plugin/kubernetes: 68 resource records
2026-09-27T11:28:45.319372Z aws-node[761]: INFO: plugin/kubernetes: 68 resource records
2026-09-27T11:28:54.319372Z aws-node[518]: INFO: Health check OK
2026-09-27T11:29:03.319372Z aws-node[761]: INFO: plugin/kubernetes: 68 resource records
2026-09-27T11:29:11.319372Z aws-node[518]: INFO: Health check OK
2026-09-27T11:29:20.319372Z aws-node[733]: INFO: Reloading configuration
2026-09-27T11:29:29.319372Z aws-node[733]: INFO: Reloading configuration
2026-09-27T11:29:37.319372Z aws-node[761]: INFO: plugin/kubernetes: 68 resource records
2026-09-27T11:29:46.319372Z aws-node[518]: INFO: Health check OK
2026-09-27T11:29:55.319372Z aws-node[518]: INFO: Health check OK
2026-09-27T11:30:03.319372Z aws-node[761]: INFO: plugin/kubernetes: 68 resource records
2026-09-27T11:30:12.319372Z aws-node[761]: INFO: plugin/kubernetes: 68 resource records
2026-09-27T11:30:20.319372Z aws-node[246]: ERROR: failed to list *v1.Service: Get "https://10.6.106.25:443": net/http: TLS handshake timeout
2026-09-27T11:30:29.319372Z aws-node[761]: INFO: plugin/kubernetes: 68 resource records
2026-09-27T11:30:38.319372Z aws-node[761]: INFO: plugin/kubernetes: 68 resource records
2026-09-27T11:30:46.319372Z aws-node[761]: INFO: plugin/kubernetes: 68 resource records
2026-09-27T11:30:55.319372Z aws-node[518]: INFO: Health check OK
2026-09-27T11:31:04.319372Z aws-node[761]: INFO: plugin/kubernetes: 68 resource records
2026-09-27T11:31:12.319372Z aws-node[733]: INFO: Reloading configuration
2026-09-27T11:31:21.319372Z aws-node[761]: INFO: plugin/kubernetes: 68 resource records
2026-09-27T11:31:30.319372Z aws-node[733]: INFO: Reloading configuration
2026-09-27T11:31:38.319372Z aws-node[377]: INFO: plugin/ready: Still waiting on: "kubernetes"
2026-09-27T11:31:47.319372Z aws-node[733]: INFO: Reloading configuration
2026-09-27T11:31:56.319372Z aws-node[733]: INFO: Reloading configuration
2026-09-27T11:32:04.319372Z aws-node[733]: INFO: Reloading configuration
2026-09-27T11:32:13.319372Z aws-node[377]: INFO: plugin/ready: Still waiting on: "kubernetes"
2026-09-27T11:32:21.319372Z aws-node[518]: INFO: Health check OK
2026-09-27T11:32:30.319372Z aws-node[377]: INFO: plugin/ready: Still waiting on: "kubernetes"
2026-09-27T11:32:39.319372Z aws-node[518]: INFO: Health check OK
2026-09-27T11:32:47.319372Z aws-node[733]: INFO: Reloading configuration
2026-09-27T11:32:56.319372Z aws-node[377]: INFO: plugin/ready: Still waiting on: "kubernetes"
2026-09-27T11:33:05.319372Z aws-node[518]: INFO: Health check OK
2026-09-27T11:33:13.319372Z aws-node[518]: INFO: Health check OK
2026-09-27T11:33:22.319372Z aws-node[518]: INFO: Health check OK
2026-09-27T11:33:31.319372Z aws-node[761]: INFO: plugin/kubernetes: 68 resource records
2026-09-27T11:33:39.319372Z aws-node[733]: INFO: Reloading configuration
2026-09-27T11:33:48.319372Z aws-node[377]: INFO: plugin/ready: Still waiting on: "kubernetes"
2026-09-27T11:33:56.319372Z aws-node[377]: INFO: plugin/ready: Still waiting on: "kubernetes"
2026-09-27T11:34:05.319372Z aws-node[733]: INFO: Reloading configuration
2026-09-27T11:34:14.319372Z aws-node[377]: INFO: plugin/ready: Still waiting on: "kubernetes"
2026-09-27T11:34:22.319372Z aws-node[733]: INFO: Reloading configuration
2026-09-27T11:34:31.319372Z aws-node[733]: INFO: Reloading configuration
2026-09-27T11:34:40.319372Z aws-node[518]: INFO: Health check OK
2026-09-27T11:34:48.319372Z aws-node[733]: INFO: Reloading configuration
2026-09-27T11:34:57.319372Z aws-node[761]: INFO: plugin/kubernetes: 68 resource records
2026-09-27T11:35:06.319372Z aws-node[377]: INFO: plugin/ready: Still waiting on: "kubernetes"
2026-09-27T11:35:14.319372Z aws-node[733]: INFO: Reloading configuration
2026-09-27T11:35:23.319372Z aws-node[377]: INFO: plugin/ready: Still waiting on: "kubernetes"
2026-09-27T11:35:32.319372Z aws-node[733]: INFO: Reloading configuration
2026-09-27T11:35:40.319372Z aws-node[761]: INFO: plugin/kubernetes: 68 resource records
2026-09-27T11:35:49.319372Z aws-node[733]: INFO: Reloading configuration
2026-09-27T11:35:57.319372Z aws-node[733]: INFO: Reloading configuration
2026-09-27T11:36:06.319372Z aws-node[518]: INFO: Health check OK
2026-09-27T11:36:15.319372Z aws-node[377]: INFO: plugin/ready: Still waiting on: "kubernetes"
2026-09-27T11:36:23.319372Z aws-node[761]: INFO: plugin/kubernetes: 68 resource records
2026-09-27T11:36:32.319372Z aws-node[518]: INFO: Health check OK
2026-09-27T11:36:41.319372Z aws-node[377]: INFO: plugin/ready: Still waiting on: "kubernetes"
2026-09-27T11:36:49.319372Z aws-node[377]: INFO: plugin/ready: Still waiting on: "kubernetes"
2026-09-27T11:36:58.319372Z aws-node[761]: INFO: plugin/kubernetes: 68 resource records
2026-09-27T11:37:07.319372Z aws-node[518]: INFO: Health check OK
2026-09-27T11:37:15.319372Z aws-node[733]: INFO: Reloading configuration
2026-09-27T11:37:24.319372Z aws-node[377]: INFO: plugin/ready: Still waiting on: "kubernetes"
2026-09-27T11:37:32.319372Z aws-node[518]: INFO: Health check OK
2026-09-27T11:37:41.319372Z aws-node[518]: INFO: Health check OK
2026-09-27T11:37:50.319372Z aws-node[733]: INFO: Reloading configuration
2026-09-27T11:37:58.319372Z aws-node[761]: INFO: plugin/kubernetes: 68 resource records
2026-09-27T11:38:07.319372Z aws-node[377]: INFO: plugin/ready: Still waiting on: "kubernetes"
2026-09-27T11:38:16.319372Z aws-node[761]: INFO: plugin/kubernetes: 68 resource records
2026-09-27T11:38:24.319372Z aws-node[377]: INFO: plugin/ready: Still waiting on: "kubernetes"
2026-09-27T11:38:33.319372Z aws-node[377]: INFO: plugin/ready: Still waiting on: "kubernetes"
2026-09-27T11:38:42.319372Z aws-node[377]: INFO: plugin/ready: Still waiting on: "kubernetes"
2026-09-27T11:38:50.319372Z aws-node[733]: INFO: Reloading configuration
2026-09-27T11:38:59.319372Z aws-node[246]: ERROR: failed to list *v1.Service: Get "https://10.6.106.25:443": net/http: TLS handshake timeout
2026-09-27T11:39:08.319372Z aws-node[518]: INFO: Health check OK
2026-09-27T11:39:16.319372Z aws-node[518]: INFO: Health check OK
2026-09-27T11:39:25.319372Z aws-node[733]: INFO: Reloading configuration
2026-09-27T11:39:33.319372Z aws-node[986]: ERROR: plugin/errors: 10.80.131.140:49335 - no such host
2026-09-27T11:39:42.319372Z aws-node[761]: INFO: plugin/kubernetes: 68 resource records
2026-09-27T11:39:51.319372Z aws-node[761]: INFO: plugin/kubernetes: 68 resource records
2026-09-27T11:39:59.319372Z aws-node[761]: INFO: plugin/kubernetes: 68 resource records
2026-09-27T11:40:08.319372Z aws-node[518]: INFO: Health check OK
2026-09-27T11:40:17.319372Z aws-node[761]: INFO: plugin/kubernetes: 68 resource records
2026-09-27T11:40:25.319372Z aws-node[377]: INFO: plugin/ready: Still waiting on: "kubernetes"
2026-09-27T11:40:34.319372Z aws-node[761]: INFO: plugin/kubernetes: 68 resource records
2026-09-27T11:40:43.319372Z aws-node[761]: INFO: plugin/kubernetes: 68 resource records
2026-09-27T11:40:51.319372Z aws-node[377]: INFO: plugin/ready: Still waiting on: "kubernetes"
2026-09-27T11:41:00.319372Z aws-node[733]: INFO: Reloading configuration
2026-09-27T11:41:08.319372Z aws-node[733]: INFO: Reloading configuration
2026-09-27T11:41:17.319372Z aws-node[761]: INFO: plugin/kubernetes: 68 resource records
2026-09-27T11:41:26.319372Z aws-node[518]: INFO: Health check OK
2026-09-27T11:41:34.319372Z aws-node[733]: INFO: Reloading configuration
2026-09-27T11:41:43.319372Z aws-node[377]: INFO: plugin/ready: Still waiting on: "kubernetes"
2026-09-27T11:41:52.319372Z aws-node[761]: INFO: plugin/kubernetes: 68 resource records
2026-09-27T11:42:00.319372Z aws-node[377]: INFO: plugin/ready: Still waiting on: "kubernetes"
2026-09-27T11:42:09.319372Z aws-node[377]: INFO: plugin/ready: Still waiting on: "kubernetes"
2026-09-27T11:42:18.319372Z aws-node[518]: INFO: Health check OK
2026-09-27T11:42:26.319372Z aws-node[518]: INFO: Health check OK
2026-09-27T11:42:35.319372Z aws-node[733]: INFO: Reloading configuration
2026-09-27T11:42:44.319372Z aws-node[377]: INFO: plugin/ready: Still waiting on: "kubernetes"
2026-09-27T11:42:52.319372Z aws-node[761]: INFO: plugin/kubernetes: 68 resource records
2026-09-27T11:43:01.319372Z aws-node[518]: INFO: Health check OK
2026-09-27T11:43:09.319372Z aws-node[518]: INFO: Health check OK
2026-09-27T11:43:18.319372Z aws-node[733]: INFO: Reloading configuration
2026-09-27T11:43:27.319372Z aws-node[377]: INFO: plugin/ready: Still waiting on: "kubernetes"
2026-09-27T11:43:35.319372Z aws-node[733]: INFO: Reloading configuration
2026-09-27T11:43:44.319372Z aws-node[733]: INFO: Reloading configuration
2026-09-27T11:43:53.319372Z aws-node[733]: INFO: Reloading configuration
2026-09-27T11:44:01.319372Z aws-node[518]: INFO: Health check OK
2026-09-27T11:44:10.319372Z aws-node[761]: INFO: plugin/kubernetes: 68 resource records
2026-09-27T11:44:19.319372Z aws-node[518]: INFO: Health check OK
2026-09-27T11:44:27.319372Z aws-node[733]: INFO: Reloading configuration
2026-09-27T11:44:36.319372Z aws-node[377]: INFO: plugin/ready: Still waiting on: "kubernetes"
2026-09-27T11:44:44.319372Z aws-node[518]: INFO: Health check OK
2026-09-27T11:44:53.319372Z aws-node[733]: INFO: Reloading configuration
2026-09-27T11:45:02.319372Z aws-node[377]: INFO: plugin/ready: Still waiting on: "kubernetes"
2026-09-27T11:45:10.319372Z aws-node[518]: INFO: Health check OK
2026-09-27T11:45:19.319372Z aws-node[235]: ERROR: upstream 10.100.41.115:53: read udp 10.133.154.175:43076->10.240.134.29:53: i/o timeout
2026-09-27T11:45:28.319372Z aws-node[518]: INFO: Health check OK
2026-09-27T11:45:36.319372Z aws-node[518]: INFO: Health check OK
2026-09-27T11:45:45.319372Z aws-node[377]: INFO: plugin/ready: Still waiting on: "kubernetes"
2026-09-27T11:45:54.319372Z aws-node[761]: INFO: plugin/kubernetes: 68 resource records
2026-09-27T11:46:02.319372Z aws-node[733]: INFO: Reloading configuration
2026-09-27T11:46:11.319372Z aws-node[733]: INFO: Reloading configuration
2026-09-27T11:46:20.319372Z aws-node[518]: INFO: Health check OK
2026-09-27T11:46:28.319372Z aws-node[377]: INFO: plugin/ready: Still waiting on: "kubernetes"
2026-09-27T11:46:37.319372Z aws-node[733]: INFO: Reloading configuration
2026-09-27T11:46:45.319372Z aws-node[761]: INFO: plugin/kubernetes: 68 resource records
2026-09-27T11:46:54.319372Z aws-node[733]: INFO: Reloading configuration
2026-09-27T11:47:03.319372Z aws-node[518]: INFO: Health check OK
2026-09-27T11:47:11.319372Z aws-node[518]: INFO: Health check OK
2026-09-27T11:47:20.319372Z aws-node[377]: INFO: plugin/ready: Still waiting on: "kubernetes"
2026-09-27T11:47:29.319372Z aws-node[518]: INFO: Health check OK
2026-09-27T11:47:37.319372Z aws-node[761]: INFO: plugin/kubernetes: 68 resource records
2026-09-27T11:47:46.319372Z aws-node[518]: INFO: Health check OK
2026-09-27T11:47:55.319372Z aws-node[733]: INFO: Reloading configuration
2026-09-27T11:48:03.319372Z aws-node[518]: INFO: Health check OK
2026-09-27T11:48:12.319372Z aws-node[733]: INFO: Reloading configuration
2026-09-27T11:48:20.319372Z aws-node[761]: INFO: plugin/kubernetes: 68 resource records
2026-09-27T11:48:29.319372Z aws-node[761]: INFO: plugin/kubernetes: 68 resource records
2026-09-27T11:48:38.319372Z aws-node[761]: INFO: plugin/kubernetes: 68 resource records
2026-09-27T11:48:46.319372Z aws-node[761]: INFO: plugin/kubernetes: 68 resource records
2026-09-27T11:48:55.319372Z aws-node[761]: INFO: plugin/kubernetes: 68 resource records
2026-09-27T11:49:04.319372Z aws-node[733]: INFO: Reloading configuration
2026-09-27T11:49:12.319372Z aws-node[518]: INFO: Health check OK
2026-09-27T11:49:21.319372Z aws-node[761]: INFO: plugin/kubernetes: 68 resource records
2026-09-27T11:49:30.319372Z aws-node[518]: INFO: Health check OK
2026-09-27T11:49:38.319372Z aws-node[761]: INFO: plugin/kubernetes: 68 resource records
2026-09-27T11:49:47.319372Z aws-node[733]: INFO: Reloading configuration
2026-09-27T11:49:56.319372Z aws-node[761]: INFO: plugin/kubernetes: 68 resource records
2026-09-27T11:50:04.319372Z aws-node[733]: INFO: Reloading configuration
2026-09-27T11:50:13.319372Z aws-node[733]: INFO: Reloading configuration
2026-09-27T11:50:21.319372Z aws-node[761]: INFO: plugin/kubernetes: 68 resource records
2026-09-27T11:50:30.319372Z aws-node[377]: INFO: plugin/ready: Still waiting on: "kubernetes"
2026-09-27T11:50:39.319372Z aws-node[377]: INFO: plugin/ready: Still waiting on: "kubernetes"
2026-09-27T11:50:47.319372Z aws-node[377]: INFO: plugin/ready: Still waiting on: "kubernetes"
2026-09-27T11:50:56.319372Z aws-node[733]: INFO: Reloading configuration
2026-09-27T11:51:05.319372Z aws-node[733]: INFO: Reloading configuration
2026-09-27T11:51:13.319372Z aws-node[518]: INFO: Health check OK
2026-09-27T11:51:22.319372Z aws-node[518]: INFO: Health check OK
2026-09-27T11:51:31.319372Z aws-node[518]: INFO: Health check OK
2026-09-27T11:51:39.319372Z aws-node[518]: INFO: Health check OK
2026-09-27T11:51:48.319372Z aws-node[761]: INFO: plugin/kubernetes: 68 resource records
2026-09-27T11:51:56.319372Z aws-node[518]: INFO: Health check OK
2026-09-27T11:52:05.319372Z aws-node[761]: INFO: plugin/kubernetes: 68 resource records
2026-09-27T11:52:14.319372Z aws-node[733]: INFO: Reloading configuration
2026-09-27T11:52:22.319372Z aws-node[761]: INFO: plugin/kubernetes: 68 resource records
2026-09-27T11:52:31.319372Z aws-node[377]: INFO: plugin/ready: Still waiting on: "kubernetes"
2026-09-27T11:52:40.319372Z aws-node[761]: INFO: plugin/kubernetes: 68 resource records
2026-09-27T11:52:48.319372Z aws-node[733]: INFO: Reloading configuration
2026-09-27T11:52:57.319372Z aws-node[518]: INFO: Health check OK
2026-09-27T11:53:06.319372Z aws-node[761]: INFO: plugin/kubernetes: 68 resource records
2026-09-27T11:53:14.319372Z aws-node[377]: INFO: plugin/ready: Still waiting on: "kubernetes"
2026-09-27T11:53:23.319372Z aws-node[733]: INFO: Reloading configuration
2026-09-27T11:53:32.319372Z aws-node[377]: INFO: plugin/ready: Still waiting on: "kubernetes"
2026-09-27T11:53:40.319372Z aws-node[761]: INFO: plugin/kubernetes: 68 resource records
2026-09-27T11:53:49.319372Z aws-node[733]: INFO: Reloading configuration
2026-09-27T11:53:57.319372Z aws-node[377]: INFO: plugin/ready: Still waiting on: "kubernetes"
2026-09-27T11:54:06.319372Z aws-node[761]: INFO: plugin/kubernetes: 68 resource records
2026-09-27T11:54:15.319372Z aws-node[377]: INFO: plugin/ready: Still waiting on: "kubernetes"
2026-09-27T11:54:23.319372Z aws-node[761]: INFO: plugin/kubernetes: 68 resource records
2026-09-27T11:54:32.319372Z aws-node[733]: INFO: Reloading configuration
2026-09-27T11:54:41.319372Z aws-node[761]: INFO: plugin/kubernetes: 68 resource records
2026-09-27T11:54:49.319372Z aws-node[761]: INFO: plugin/kubernetes: 68 resource records
2026-09-27T11:54:58.319372Z aws-node[518]: INFO: Health check OK
2026-09-27T11:55:07.319372Z aws-node[733]: INFO: Reloading configuration
2026-09-27T11:55:15.319372Z aws-node[733]: INFO: Reloading configuration
2026-09-27T11:55:24.319372Z aws-node[518]: INFO: Health check OK
2026-09-27T11:55:32.319372Z aws-node[761]: INFO: plugin/kubernetes: 68 resource records
2026-09-27T11:55:41.319372Z aws-node[377]: INFO: plugin/ready: Still waiting on: "kubernetes"
2026-09-27T11:55:50.319372Z aws-node[518]: INFO: Health check OK
2026-09-27T11:55:58.319372Z aws-node[518]: INFO: Health check OK
2026-09-27T11:56:07.319372Z aws-node[377]: INFO: plugin/ready: Still waiting on: "kubernetes"
2026-09-27T11:56:16.319372Z aws-node[377]: INFO: plugin/ready: Still waiting on: "kubernetes"
2026-09-27T11:56:24.319372Z aws-node[761]: INFO: plugin/kubernetes: 68 resource records
2026-09-27T11:56:33.319372Z aws-node[761]: INFO: plugin/kubernetes: 68 resource records
2026-09-27T11:56:42.319372Z aws-node[377]: INFO: plugin/ready: Still waiting on: "kubernetes"
2026-09-27T11:56:50.319372Z aws-node[733]: INFO: Reloading configuration
2026-09-27T11:56:59.319372Z aws-node[518]: INFO: Health check OK
2026-09-27T11:57:08.319372Z aws-node[518]: INFO: Health check OK
2026-09-27T11:57:16.319372Z aws-node[733]: INFO: Reloading configuration
2026-09-27T11:57:25.319372Z aws-node[377]: INFO: plugin/ready: Still waiting on: "kubernetes"
2026-09-27T11:57:33.319372Z aws-node[761]: INFO: plugin/kubernetes: 68 resource records
2026-09-27T11:57:42.319372Z aws-node[377]: INFO: plugin/ready: Still waiting on: "kubernetes"
2026-09-27T11:57:51.319372Z aws-node[377]: INFO: plugin/ready: Still waiting on: "kubernetes"
2026-09-27T11:57:59.319372Z aws-node[761]: INFO: plugin/kubernetes: 68 resource records
2026-09-27T11:58:08.319372Z aws-node[518]: INFO: Health check OK
2026-09-27T11:58:17.319372Z aws-node[733]: INFO: Reloading configuration
2026-09-27T11:58:25.319372Z aws-node[246]: ERROR: failed to list *v1.Service: Get "https://10.6.106.25:443": net/http: TLS handshake timeout
2026-09-27T11:58:34.319372Z aws-node[377]: INFO: plugin/ready: Still waiting on: "kubernetes"
2026-09-27T11:58:43.319372Z aws-node[518]: INFO: Health check OK
2026-09-27T11:58:51.319372Z aws-node[377]: INFO: plugin/ready: Still waiting on: "kubernetes"
2026-09-27T11:59:00.319372Z aws-node[518]: INFO: Health check OK
2026-09-27T11:59:08.319372Z aws-node[518]: INFO: Health check OK
2026-09-27T11:59:17.319372Z aws-node[518]: INFO: Health check OK
2026-09-27T11:59:26.319372Z aws-node[377]: INFO: plugin/ready: Still waiting on: "kubernetes"
2026-09-27T11:59:34.319372Z aws-node[761]: INFO: plugin/kubernetes: 68 resource records
2026-09-27T11:59:43.319372Z aws-node[518]: INFO: Health check OK
2026-09-27T11:59:52.319372Z aws-node[761]: INFO: plugin/kubernetes: 68 resource records
2026-09-27T12:00:00.319372Z aws-node[761]: INFO: plugin/kubernetes: 68 resource records
2026-09-27T12:00:09.319372Z aws-node[518]: INFO: Health check OK
2026-09-27T12:00:18.319372Z aws-node[377]: INFO: plugin/ready: Still waiting on: "kubernetes"
2026-09-27T12:00:26.319372Z aws-node[733]: INFO: Reloading configuration
2026-09-27T12:00:35.319372Z aws-node[377]: INFO: plugin/ready: Still waiting on: "kubernetes"
2026-09-27T12:00:44.319372Z aws-node[518]: INFO: Health check OK
2026-09-27T12:00:52.319372Z aws-node[733]: INFO: Reloading configuration
2026-09-27T12:01:01.319372Z aws-node[733]: INFO: Reloading configuration
2026-09-27T12:01:09.319372Z aws-node[761]: INFO: plugin/kubernetes: 68 resource records
2026-09-27T12:01:18.319372Z aws-node[761]: INFO: plugin/kubernetes: 68 resource records
2026-09-27T12:01:27.319372Z aws-node[377]: INFO: plugin/ready: Still waiting on: "kubernetes"
2026-09-27T12:01:35.319372Z aws-node[377]: INFO: plugin/ready: Still waiting on: "kubernetes"
2026-09-27T12:01:44.319372Z aws-node[761]: INFO: plugin/kubernetes: 68 resource records
2026-09-27T12:01:53.319372Z aws-node[733]: INFO: Reloading configuration
2026-09-27T12:02:01.319372Z aws-node[377]: INFO: plugin/ready: Still waiting on: "kubernetes"
2026-09-27T12:02:10.319372Z aws-node[377]: INFO: plugin/ready: Still waiting on: "kubernetes"
2026-09-27T12:02:19.319372Z aws-node[377]: INFO: plugin/ready: Still waiting on: "kubernetes"
2026-09-27T12:02:27.319372Z aws-node[733]: INFO: Reloading configuration
2026-09-27T12:02:36.319372Z aws-node[733]: INFO: Reloading configuration
2026-09-27T12:02:44.319372Z aws-node[518]: INFO: Health check OK
2026-09-27T12:02:53.319372Z aws-node[733]: INFO: Reloading configuration
2026-09-27T12:03:02.319372Z aws-node[377]: INFO: plugin/ready: Still waiting on: "kubernetes"
2026-09-27T12:03:10.319372Z aws-node[235]: ERROR: upstream 10.100.41.115:53: read udp 10.133.154.175:43076->10.240.134.29:53: i/o timeout
2026-09-27T12:03:19.319372Z aws-node[733]: INFO: Reloading configuration
2026-09-27T12:03:28.319372Z aws-node[733]: INFO: Reloading configuration
2026-09-27T12:03:36.319372Z aws-node[518]: INFO: Health check OK
2026-09-27T12:03:45.319372Z aws-node[733]: INFO: Reloading configuration
2026-09-27T12:03:54.319372Z aws-node[733]: INFO: Reloading configuration
2026-09-27T12:04:02.319372Z aws-node[377]: INFO: plugin/ready: Still waiting on: "kubernetes"
2026-09-27T12:04:11.319372Z aws-node[761]: INFO: plugin/kubernetes: 68 resource records
2026-09-27T12:04:20.319372Z aws-node[761]: INFO: plugin/kubernetes: 68 resource records
2026-09-27T12:04:28.319372Z aws-node[733]: INFO: Reloading configuration
2026-09-27T12:04:37.319372Z aws-node[761]: INFO: plugin/kubernetes: 68 resource records
2026-09-27T12:04:45.319372Z aws-node[761]: INFO: plugin/kubernetes: 68 resource records
2026-09-27T12:04:54.319372Z aws-node[761]: INFO: plugin/kubernetes: 68 resource records
2026-09-27T12:05:03.319372Z aws-node[761]: INFO: plugin/kubernetes: 68 resource records
2026-09-27T12:05:11.319372Z aws-node[377]: INFO: plugin/ready: Still waiting on: "kubernetes"
2026-09-27T12:05:20.319372Z aws-node[733]: INFO: Reloading configuration
2026-09-27T12:05:29.319372Z aws-node[377]: INFO: plugin/ready: Still waiting on: "kubernetes"
2026-09-27T12:05:37.319372Z aws-node[761]: INFO: plugin/kubernetes: 68 resource records
2026-09-27T12:05:46.319372Z aws-node[733]: INFO: Reloading configuration
2026-09-27T12:05:55.319372Z aws-node[761]: INFO: plugin/kubernetes: 68 resource records
2026-09-27T12:06:03.319372Z aws-node[518]: INFO: Health check OK
2026-09-27T12:06:12.319372Z aws-node[733]: INFO: Reloading configuration
2026-09-27T12:06:20.319372Z aws-node[761]: INFO: plugin/kubernetes: 68 resource records
2026-09-27T12:06:29.319372Z aws-node[518]: INFO: Health check OK
2026-09-27T12:06:38.319372Z aws-node[761]: INFO: plugin/kubernetes: 68 resource records
2026-09-27T12:06:46.319372Z aws-node[377]: INFO: plugin/ready: Still waiting on: "kubernetes"
2026-09-27T12:06:55.319372Z aws-node[733]: INFO: Reloading configuration
2026-09-27T12:07:04.319372Z aws-node[377]: INFO: plugin/ready: Still waiting on: "kubernetes"
2026-09-27T12:07:12.319372Z aws-node[761]: INFO: plugin/kubernetes: 68 resource records
2026-09-27T12:07:21.319372Z aws-node[377]: INFO: plugin/ready: Still waiting on: "kubernetes"
2026-09-27T12:07:30.319372Z aws-node[377]: INFO: plugin/ready: Still waiting on: "kubernetes"
2026-09-27T12:07:38.319372Z aws-node[518]: INFO: Health check OK
2026-09-27T12:07:47.319372Z aws-node[518]: INFO: Health check OK
2026-09-27T12:07:56.319372Z aws-node[761]: INFO: plugin/kubernetes: 68 resource records
2026-09-27T12:08:04.319372Z aws-node[761]: INFO: plugin/kubernetes: 68 resource records
2026-09-27T12:08:13.319372Z aws-node[377]: INFO: plugin/ready: Still waiting on: "kubernetes"
2026-09-27T12:08:21.319372Z aws-node[518]: INFO: Health check OK
2026-09-27T12:08:30.319372Z aws-node[761]: INFO: plugin/kubernetes: 68 resource records
2026-09-27T12:08:39.319372Z aws-node[377]: INFO: plugin/ready: Still waiting on: "kubernetes"
2026-09-27T12:08:47.319372Z aws-node[377]: INFO: plugin/ready: Still waiting on: "kubernetes"
2026-09-27T12:08:56.319372Z aws-node[761]: INFO: plugin/kubernetes: 68 resource records
2026-09-27T12:09:05.319372Z aws-node[518]: INFO: Health check OK
2026-09-27T12:09:13.319372Z aws-node[761]: INFO: plugin/kubernetes: 68 resource records
2026-09-27T12:09:22.319372Z aws-node[518]: INFO: Health check OK
2026-09-27T12:09:31.319372Z aws-node[518]: INFO: Health check OK
2026-09-27T12:09:39.319372Z aws-node[733]: INFO: Reloading configuration
2026-09-27T12:09:48.319372Z aws-node[518]: INFO: Health check OK
2026-09-27T12:09:56.319372Z aws-node[733]: INFO: Reloading configuration
2026-09-27T12:10:05.319372Z aws-node[761]: INFO: plugin/kubernetes: 68 resource records
2026-09-27T12:10:14.319372Z aws-node[377]: INFO: plugin/ready: Still waiting on: "kubernetes"
2026-09-27T12:10:22.319372Z aws-node[377]: INFO: plugin/ready: Still waiting on: "kubernetes"
2026-09-27T12:10:31.319372Z aws-node[246]: ERROR: failed to list *v1.Service: Get "https://10.6.106.25:443": net/http: TLS handshake timeout
2026-09-27T12:10:40.319372Z aws-node[761]: INFO: plugin/kubernetes: 68 resource records
2026-09-27T12:10:48.319372Z aws-node[761]: INFO: plugin/kubernetes: 68 resource records
2026-09-27T12:10:57.319372Z aws-node[377]: INFO: plugin/ready: Still waiting on: "kubernetes"
2026-09-27T12:11:06.319372Z aws-node[377]: INFO: plugin/ready: Still waiting on: "kubernetes"
2026-09-27T12:11:14.319372Z aws-node[761]: INFO: plugin/kubernetes: 68 resource records
2026-09-27T12:11:23.319372Z aws-node[761]: INFO: plugin/kubernetes: 68 resource records
2026-09-27T12:11:32.319372Z aws-node[518]: INFO: Health check OK
2026-09-27T12:11:40.319372Z aws-node[733]: INFO: Reloading configuration
2026-09-27T12:11:49.319372Z aws-node[377]: INFO: plugin/ready: Still waiting on: "kubernetes"
2026-09-27T12:11:57.319372Z aws-node[733]: INFO: Reloading configuration
2026-09-27T12:12:06.319372Z aws-node[733]: INFO: Reloading configuration
2026-09-27T12:12:15.319372Z aws-node[761]: INFO: plugin/kubernetes: 68 resource records
2026-09-27T12:12:23.319372Z aws-node[518]: INFO: Health check OK
2026-09-27T12:12:32.319372Z aws-node[733]: INFO: Reloading configuration
2026-09-27T12:12:41.319372Z aws-node[377]: INFO: plugin/ready: Still waiting on: "kubernetes"
2026-09-27T12:12:49.319372Z aws-node[733]: INFO: Reloading configuration
2026-09-27T12:12:58.319372Z aws-node[761]: INFO: plugin/kubernetes: 68 resource records
2026-09-27T12:13:07.319372Z aws-node[518]: INFO: Health check OK
2026-09-27T12:13:15.319372Z aws-node[733]: INFO: Reloading configuration
2026-09-27T12:13:24.319372Z aws-node[377]: INFO: plugin/ready: Still waiting on: "kubernetes"
2026-09-27T12:13:32.319372Z aws-node[761]: INFO: plugin/kubernetes: 68 resource records
2026-09-27T12:13:41.319372Z aws-node[761]: INFO: plugin/kubernetes: 68 resource records
2026-09-27T12:13:50.319372Z aws-node[518]: INFO: Health check OK
2026-09-27T12:13:58.319372Z aws-node[761]: INFO: plugin/kubernetes: 68 resource records
2026-09-27T12:14:07.319372Z aws-node[377]: INFO: plugin/ready: Still waiting on: "kubernetes"
2026-09-27T12:14:16.319372Z aws-node[733]: INFO: Reloading configuration
2026-09-27T12:14:24.319372Z aws-node[761]: INFO: plugin/kubernetes: 68 resource records
2026-09-27T12:14:33.319372Z aws-node[518]: INFO: Health check OK
2026-09-27T12:14:42.319372Z aws-node[377]: INFO: plugin/ready: Still waiting on: "kubernetes"
2026-09-27T12:14:50.319372Z aws-node[733]: INFO: Reloading configuration
2026-09-27T12:14:59.319372Z aws-node[761]: INFO: plugin/kubernetes: 68 resource records
2026-09-27T12:15:08.319372Z aws-node[733]: INFO: Reloading configuration
2026-09-27T12:15:16.319372Z aws-node[377]: INFO: plugin/ready: Still waiting on: "kubernetes"
2026-09-27T12:15:25.319372Z aws-node[518]: INFO: Health check OK
2026-09-27T12:15:33.319372Z aws-node[518]: INFO: Health check OK
2026-09-27T12:15:42.319372Z aws-node[733]: INFO: Reloading configuration
2026-09-27T12:15:51.319372Z aws-node[518]: INFO: Health check OK
2026-09-27T12:15:59.319372Z aws-node[761]: INFO: plugin/kubernetes: 68 resource records
2026-09-27T12:16:08.319372Z aws-node[518]: INFO: Health check OK
2026-09-27T12:16:17.319372Z aws-node[377]: INFO: plugin/ready: Still waiting on: "kubernetes"
2026-09-27T12:16:25.319372Z aws-node[377]: INFO: plugin/ready: Still waiting on: "kubernetes"
2026-09-27T12:16:34.319372Z aws-node[761]: INFO: plugin/kubernetes: 68 resource records
2026-09-27T12:16:43.319372Z aws-node[518]: INFO: Health check OK
2026-09-27T12:16:51.319372Z aws-node[761]: INFO: plugin/kubernetes: 68 resource records
2026-09-27T12:17:00.319372Z aws-node[733]: INFO: Reloading configuration
2026-09-27T12:17:08.319372Z aws-node[518]: INFO: Health check OK
2026-09-27T12:17:17.319372Z aws-node[733]: INFO: Reloading configuration
2026-09-27T12:17:26.319372Z aws-node[761]: INFO: plugin/kubernetes: 68 resource records
2026-09-27T12:17:34.319372Z aws-node[377]: INFO: plugin/ready: Still waiting on: "kubernetes"
2026-09-27T12:17:43.319372Z aws-node[518]: INFO: Health check OK
2026-09-27T12:17:52.319372Z aws-node[733]: INFO: Reloading configuration
2026-09-27T12:18:00.319372Z aws-node[518]: INFO: Health check OK
2026-09-27T12:18:09.319372Z aws-node[761]: INFO: plugin/kubernetes: 68 resource records
2026-09-27T12:18:18.319372Z aws-node[377]: INFO: plugin/ready: Still waiting on: "kubernetes"
2026-09-27T12:18:26.319372Z aws-node[761]: INFO: plugin/kubernetes: 68 resource records
2026-09-27T12:18:35.319372Z aws-node[246]: ERROR: failed to list *v1.Service: Get "https://10.6.106.25:443": net/http: TLS handshake timeout
2026-09-27T12:18:44.319372Z aws-node[761]: INFO: plugin/kubernetes: 68 resource records
2026-09-27T12:18:52.319372Z aws-node[377]: INFO: plugin/ready: Still waiting on: "kubernetes"
2026-09-27T12:19:01.319372Z aws-node[733]: INFO: Reloading configuration
2026-09-27T12:19:09.319372Z aws-node[986]: ERROR: plugin/errors: 10.80.131.140:49335 - no such host
2026-09-27T12:19:18.319372Z aws-node[377]: INFO: plugin/ready: Still waiting on: "kubernetes"
2026-09-27T12:19:27.319372Z aws-node[518]: INFO: Health check OK
2026-09-27T12:19:35.319372Z aws-node[377]: INFO: plugin/ready: Still waiting on: "kubernetes"
2026-09-27T12:19:44.319372Z aws-node[377]: INFO: plugin/ready: Still waiting on: "kubernetes"
2026-09-27T12:19:53.319372Z aws-node[733]: INFO: Reloading configuration
2026-09-27T12:20:01.319372Z aws-node[377]: INFO: plugin/ready: Still waiting on: "kubernetes"
2026-09-27T12:20:10.319372Z aws-node[761]: INFO: plugin/kubernetes: 68 resource records
2026-09-27T12:20:19.319372Z aws-node[377]: INFO: plugin/ready: Still waiting on: "kubernetes"
2026-09-27T12:20:27.319372Z aws-node[761]: INFO: plugin/kubernetes: 68 resource records
2026-09-27T12:20:36.319372Z aws-node[518]: INFO: Health check OK
2026-09-27T12:20:44.319372Z aws-node[518]: INFO: Health check OK
2026-09-27T12:20:53.319372Z aws-node[733]: INFO: Reloading configuration
2026-09-27T12:21:02.319372Z aws-node[761]: INFO: plugin/kubernetes: 68 resource records
2026-09-27T12:21:10.319372Z aws-node[761]: INFO: plugin/kubernetes: 68 resource records
2026-09-27T12:21:19.319372Z aws-node[518]: INFO: Health check OK
2026-09-27T12:21:28.319372Z aws-node[377]: INFO: plugin/ready: Still waiting on: "kubernetes"
2026-09-27T12:21:36.319372Z aws-node[761]: INFO: plugin/kubernetes: 68 resource records
2026-09-27T12:21:45.319372Z aws-node[377]: INFO: plugin/ready: Still waiting on: "kubernetes"
2026-09-27T12:21:54.319372Z aws-node[733]: INFO: Reloading configuration
2026-09-27T12:22:02.319372Z aws-node[377]: INFO: plugin/ready: Still waiting on: "kubernetes"
2026-09-27T12:22:11.319372Z aws-node[377]: INFO: plugin/ready: Still waiting on: "kubernetes"
2026-09-27T12:22:20.319372Z aws-node[518]: INFO: Health check OK
2026-09-27T12:22:28.319372Z aws-node[761]: INFO: plugin/kubernetes: 68 resource records
2026-09-27T12:22:37.319372Z aws-node[377]: INFO: plugin/ready: Still waiting on: "kubernetes"
2026-09-27T12:22:45.319372Z aws-node[733]: INFO: Reloading configuration
2026-09-27T12:22:54.319372Z aws-node[377]: INFO: plugin/ready: Still waiting on: "kubernetes"
2026-09-27T12:23:03.319372Z aws-node[761]: INFO: plugin/kubernetes: 68 resource records
2026-09-27T12:23:11.319372Z aws-node[377]: INFO: plugin/ready: Still waiting on: "kubernetes"
2026-09-27T12:23:20.319372Z aws-node[761]: INFO: plugin/kubernetes: 68 resource records
2026-09-27T12:23:29.319372Z aws-node[761]: INFO: plugin/kubernetes: 68 resource records
2026-09-27T12:23:37.319372Z aws-node[733]: INFO: Reloading configuration
2026-09-27T12:23:46.319372Z aws-node[377]: INFO: plugin/ready: Still waiting on: "kubernetes"
2026-09-27T12:23:55.319372Z aws-node[761]: INFO: plugin/kubernetes: 68 resource records
2026-09-27T12:24:03.319372Z aws-node[761]: INFO: plugin/kubernetes: 68 resource records
2026-09-27T12:24:12.319372Z aws-node[377]: INFO: plugin/ready: Still waiting on: "kubernetes"
2026-09-27T12:24:20.319372Z aws-node[733]: INFO: Reloading configuration
2026-09-27T12:24:29.319372Z aws-node[377]: INFO: plugin/ready: Still waiting on: "kubernetes"
2026-09-27T12:24:38.319372Z aws-node[761]: INFO: plugin/kubernetes: 68 resource records
2026-09-27T12:24:46.319372Z aws-node[377]: INFO: plugin/ready: Still waiting on: "kubernetes"
2026-09-27T12:24:55.319372Z aws-node[733]: INFO: Reloading configuration
2026-09-27T12:25:04.319372Z aws-node[377]: INFO: plugin/ready: Still waiting on: "kubernetes"
2026-09-27T12:25:12.319372Z aws-node[733]: INFO: Reloading configuration
2026-09-27T12:25:21.319372Z aws-node[761]: INFO: plugin/kubernetes: 68 resource records
2026-09-27T12:25:30.319372Z aws-node[518]: INFO: Health check OK
2026-09-27T12:25:38.319372Z aws-node[377]: INFO: plugin/ready: Still waiting on: "kubernetes"
2026-09-27T12:25:47.319372Z aws-node[761]: INFO: plugin/kubernetes: 68 resource records
2026-09-27T12:25:56.319372Z aws-node[761]: INFO: plugin/kubernetes: 68 resource records
2026-09-27T12:26:04.319372Z aws-node[761]: INFO: plugin/kubernetes: 68 resource records
2026-09-27T12:26:13.319372Z aws-node[518]: INFO: Health check OK
2026-09-27T12:26:21.319372Z aws-node[518]: INFO: Health check OK
2026-09-27T12:26:30.319372Z aws-node[733]: INFO: Reloading configuration
2026-09-27T12:26:39.319372Z aws-node[377]: INFO: plugin/ready: Still waiting on: "kubernetes"
2026-09-27T12:26:47.319372Z aws-node[761]: INFO: plugin/kubernetes: 68 resource records
2026-09-27T12:26:56.319372Z aws-node[377]: INFO: plugin/ready: Still waiting on: "kubernetes"
2026-09-27T12:27:05.319372Z aws-node[733]: INFO: Reloading configuration
2026-09-27T12:27:13.319372Z aws-node[518]: INFO: Health check OK
2026-09-27T12:27:22.319372Z aws-node[733]: INFO: Reloading configuration
2026-09-27T12:27:31.319372Z aws-node[733]: INFO: Reloading configuration
2026-09-27T12:27:39.319372Z aws-node[518]: INFO: Health check OK
2026-09-27T12:27:48.319372Z aws-node[733]: INFO: Reloading configuration
2026-09-27T12:27:56.319372Z aws-node[761]: INFO: plugin/kubernetes: 68 resource records
2026-09-27T12:28:05.319372Z aws-node[518]: INFO: Health check OK
2026-09-27T12:28:14.319372Z aws-node[377]: INFO: plugin/ready: Still waiting on: "kubernetes"
2026-09-27T12:28:22.319372Z aws-node[377]: INFO: plugin/ready: Still waiting on: "kubernetes"
2026-09-27T12:28:31.319372Z aws-node[518]: INFO: Health check OK
2026-09-27T12:28:40.319372Z aws-node[377]: INFO: plugin/ready: Still waiting on: "kubernetes"
2026-09-27T12:28:48.319372Z aws-node[377]: INFO: plugin/ready: Still waiting on: "kubernetes"
2026-09-27T12:28:57.319372Z aws-node[761]: INFO: plugin/kubernetes: 68 resource records
2026-09-27T12:29:06.319372Z aws-node[761]: INFO: plugin/kubernetes: 68 resource records
2026-09-27T12:29:14.319372Z aws-node[761]: INFO: plugin/kubernetes: 68 resource records
2026-09-27T12:29:23.319372Z aws-node[733]: INFO: Reloading configuration
2026-09-27T12:29:32.319372Z aws-node[761]: INFO: plugin/kubernetes: 68 resource records
2026-09-27T12:29:40.319372Z aws-node[377]: INFO: plugin/ready: Still waiting on: "kubernetes"
2026-09-27T12:29:49.319372Z aws-node[733]: INFO: Reloading configuration
2026-09-27T12:29:57.319372Z aws-node[518]: INFO: Health check OK
2026-09-27T12:30:06.319372Z aws-node[377]: INFO: plugin/ready: Still waiting on: "kubernetes"
2026-09-27T12:30:15.319372Z aws-node[733]: INFO: Reloading configuration
2026-09-27T12:30:23.319372Z aws-node[733]: INFO: Reloading configuration
2026-09-27T12:30:32.319372Z aws-node[761]: INFO: plugin/kubernetes: 68 resource records
2026-09-27T12:30:41.319372Z aws-node[733]: INFO: Reloading configuration
2026-09-27T12:30:49.319372Z aws-node[518]: INFO: Health check OK
2026-09-27T12:30:58.319372Z aws-node[733]: INFO: Reloading configuration
2026-09-27T12:31:07.319372Z aws-node[733]: INFO: Reloading configuration
2026-09-27T12:31:15.319372Z aws-node[733]: INFO: Reloading configuration
2026-09-27T12:31:24.319372Z aws-node[733]: INFO: Reloading configuration
2026-09-27T12:31:32.319372Z aws-node[483]: WARN: too many open files
2026-09-27T12:31:41.319372Z aws-node[761]: INFO: plugin/kubernetes: 68 resource records
2026-09-27T12:31:50.319372Z aws-node[377]: INFO: plugin/ready: Still waiting on: "kubernetes"
2026-09-27T12:31:58.319372Z aws-node[235]: ERROR: upstream 10.100.41.115:53: read udp 10.133.154.175:43076->10.240.134.29:53: i/o timeout
2026-09-27T12:32:07.319372Z aws-node[377]: INFO: plugin/ready: Still waiting on: "kubernetes"
2026-09-27T12:32:16.319372Z aws-node[377]: INFO: plugin/ready: Still waiting on: "kubernetes"
2026-09-27T12:32:24.319372Z aws-node[377]: INFO: plugin/ready: Still waiting on: "kubernetes"
2026-09-27T12:32:33.319372Z aws-node[518]: INFO: Health check OK
2026-09-27T12:32:42.319372Z aws-node[518]: INFO: Health check OK
2026-09-27T12:32:50.319372Z aws-node[733]: INFO: Reloading configuration
2026-09-27T12:32:59.319372Z aws-node[733]: INFO: Reloading configuration
2026-09-27T12:33:08.319372Z aws-node[377]: INFO: plugin/ready: Still waiting on: "kubernetes"
2026-09-27T12:33:16.319372Z aws-node[377]: INFO: plugin/ready: Still waiting on: "kubernetes"
2026-09-27T12:33:25.319372Z aws-node[733]: INFO: Reloading configuration
2026-09-27T12:33:33.319372Z aws-node[377]: INFO: plugin/ready: Still waiting on: "kubernetes"
2026-09-27T12:33:42.319372Z aws-node[761]: INFO: plugin/kubernetes: 68 resource records
2026-09-27T12:33:51.319372Z aws-node[377]: INFO: plugin/ready: Still waiting on: "kubernetes"
2026-09-27T12:33:59.319372Z aws-node[518]: INFO: Health check OK
2026-09-27T12:34:08.319372Z aws-node[518]: INFO: Health check OK
2026-09-27T12:34:17.319372Z aws-node[483]: WARN: too many open files
2026-09-27T12:34:25.319372Z aws-node[235]: ERROR: upstream 10.100.41.115:53: read udp 10.133.154.175:43076->10.240.134.29:53: i/o timeout
2026-09-27T12:34:34.319372Z aws-node[733]: INFO: Reloading configuration
2026-09-27T12:34:43.319372Z aws-node[377]: INFO: plugin/ready: Still waiting on: "kubernetes"
2026-09-27T12:34:51.319372Z aws-node[518]: INFO: Health check OK
2026-09-27T12:35:00.319372Z aws-node[733]: INFO: Reloading configuration
2026-09-27T12:35:08.319372Z aws-node[733]: INFO: Reloading configuration
2026-09-27T12:35:17.319372Z aws-node[761]: INFO: plugin/kubernetes: 68 resource records
2026-09-27T12:35:26.319372Z aws-node[377]: INFO: plugin/ready: Still waiting on: "kubernetes"
2026-09-27T12:35:34.319372Z aws-node[761]: INFO: plugin/kubernetes: 68 resource records
2026-09-27T12:35:43.319372Z aws-node[518]: INFO: Health check OK
2026-09-27T12:35:52.319372Z aws-node[986]: ERROR: plugin/errors: 10.80.131.140:49335 - no such host
2026-09-27T12:36:00.319372Z aws-node[761]: INFO: plugin/kubernetes: 68 resource records
2026-09-27T12:36:09.319372Z aws-node[733]: INFO: Reloading configuration
2026-09-27T12:36:18.319372Z aws-node[733]: INFO: Reloading configuration
2026-09-27T12:36:26.319372Z aws-node[518]: INFO: Health check OK
2026-09-27T12:36:35.319372Z aws-node[518]: INFO: Health check OK
2026-09-27T12:36:44.319372Z aws-node[733]: INFO: Reloading configuration
2026-09-27T12:36:52.319372Z aws-node[518]: INFO: Health check OK
2026-09-27T12:37:01.319372Z aws-node[761]: INFO: plugin/kubernetes: 68 resource records
2026-09-27T12:37:09.319372Z aws-node[761]: INFO: plugin/kubernetes: 68 resource records
2026-09-27T12:37:18.319372Z aws-node[377]: INFO: plugin/ready: Still waiting on: "kubernetes"
2026-09-27T12:37:27.319372Z aws-node[733]: INFO: Reloading configuration
2026-09-27T12:37:35.319372Z aws-node[518]: INFO: Health check OK
2026-09-27T12:37:44.319372Z aws-node[377]: INFO: plugin/ready: Still waiting on: "kubernetes"
2026-09-27T12:37:53.319372Z aws-node[761]: INFO: plugin/kubernetes: 68 resource records
2026-09-27T12:38:01.319372Z aws-node[761]: INFO: plugin/kubernetes: 68 resource records
2026-09-27T12:38:10.319372Z aws-node[733]: INFO: Reloading configuration
2026-09-27T12:38:19.319372Z aws-node[377]: INFO: plugin/ready: Still waiting on: "kubernetes"
2026-09-27T12:38:27.319372Z aws-node[518]: INFO: Health check OK
2026-09-27T12:38:36.319372Z aws-node[733]: INFO: Reloading configuration
2026-09-27T12:38:44.319372Z aws-node[518]: INFO: Health check OK
2026-09-27T12:38:53.319372Z aws-node[518]: INFO: Health check OK
2026-09-27T12:39:02.319372Z aws-node[761]: INFO: plugin/kubernetes: 68 resource records
2026-09-27T12:39:10.319372Z aws-node[518]: INFO: Health check OK
2026-09-27T12:39:19.319372Z aws-node[733]: INFO: Reloading configuration
2026-09-27T12:39:28.319372Z aws-node[761]: INFO: plugin/kubernetes: 68 resource records
2026-09-27T12:39:36.319372Z aws-node[246]: ERROR: failed to list *v1.Service: Get "https://10.6.106.25:443": net/http: TLS handshake timeout
2026-09-27T12:39:45.319372Z aws-node[377]: INFO: plugin/ready: Still waiting on: "kubernetes"
2026-09-27T12:39:54.319372Z aws-node[377]: INFO: plugin/ready: Still waiting on: "kubernetes"
2026-09-27T12:40:02.319372Z aws-node[733]: INFO: Reloading configuration
2026-09-27T12:40:11.319372Z aws-node[377]: INFO: plugin/ready: Still waiting on: "kubernetes"
2026-09-27T12:40:20.319372Z aws-node[377]: INFO: plugin/ready: Still waiting on: "kubernetes"
2026-09-27T12:40:28.319372Z aws-node[518]: INFO: Health check OK
2026-09-27T12:40:37.319372Z aws-node[518]: INFO: Health check OK
2026-09-27T12:40:45.319372Z aws-node[761]: INFO: plugin/kubernetes: 68 resource records
2026-09-27T12:40:54.319372Z aws-node[518]: INFO: Health check OK
2026-09-27T12:41:03.319372Z aws-node[377]: INFO: plugin/ready: Still waiting on: "kubernetes"
2026-09-27T12:41:11.319372Z aws-node[377]: INFO: plugin/ready: Still waiting on: "kubernetes"
2026-09-27T12:41:20.319372Z aws-node[518]: INFO: Health check OK
2026-09-27T12:41:29.319372Z aws-node[761]: INFO: plugin/kubernetes: 68 resource records
2026-09-27T12:41:37.319372Z aws-node[518]: INFO: Health check OK
2026-09-27T12:41:46.319372Z aws-node[518]: INFO: Health check OK
2026-09-27T12:41:55.319372Z aws-node[518]: INFO: Health check OK
2026-09-27T12:42:03.319372Z aws-node[518]: INFO: Health check OK
2026-09-27T12:42:12.319372Z aws-node[377]: INFO: plugin/ready: Still waiting on: "kubernetes"
2026-09-27T12:42:20.319372Z aws-node[246]: ERROR: failed to list *v1.Service: Get "https://10.6.106.25:443": net/http: TLS handshake timeout
2026-09-27T12:42:29.319372Z aws-node[733]: INFO: Reloading configuration
2026-09-27T12:42:38.319372Z aws-node[761]: INFO: plugin/kubernetes: 68 resource records
2026-09-27T12:42:46.319372Z aws-node[377]: INFO: plugin/ready: Still waiting on: "kubernetes"
2026-09-27T12:42:55.319372Z aws-node[733]: INFO: Reloading configuration
2026-09-27T12:43:04.319372Z aws-node[235]: ERROR: upstream 10.100.41.115:53: read udp 10.133.154.175:43076->10.240.134.29:53: i/o timeout
2026-09-27T12:43:12.319372Z aws-node[518]: INFO: Health check OK
2026-09-27T12:43:21.319372Z aws-node[761]: INFO: plugin/kubernetes: 68 resource records
2026-09-27T12:43:30.319372Z aws-node[483]: WARN: too many open files
2026-09-27T12:43:38.319372Z aws-node[377]: INFO: plugin/ready: Still waiting on: "kubernetes"
2026-09-27T12:43:47.319372Z aws-node[377]: INFO: plugin/ready: Still waiting on: "kubernetes"
2026-09-27T12:43:56.319372Z aws-node[377]: INFO: plugin/ready: Still waiting on: "kubernetes"
2026-09-27T12:44:04.319372Z aws-node[377]: INFO: plugin/ready: Still waiting on: "kubernetes"
2026-09-27T12:44:13.319372Z aws-node[733]: INFO: Reloading configuration
2026-09-27T12:44:21.319372Z aws-node[761]: INFO: plugin/kubernetes: 68 resource records
2026-09-27T12:44:30.319372Z aws-node[761]: INFO: plugin/kubernetes: 68 resource records
2026-09-27T12:44:39.319372Z aws-node[761]: INFO: plugin/kubernetes: 68 resource records
2026-09-27T12:44:47.319372Z aws-node[377]: INFO: plugin/ready: Still waiting on: "kubernetes"
2026-09-27T12:44:56.319372Z aws-node[733]: INFO: Reloading configuration
2026-09-27T12:45:05.319372Z aws-node[518]: INFO: Health check OK
2026-09-27T12:45:13.319372Z aws-node[733]: INFO: Reloading configuration
2026-09-27T12:45:22.319372Z aws-node[733]: INFO: Reloading configuration
2026-09-27T12:45:31.319372Z aws-node[518]: INFO: Health check OK
2026-09-27T12:45:39.319372Z aws-node[518]: INFO: Health check OK
2026-09-27T12:45:48.319372Z aws-node[733]: INFO: Reloading configuration
2026-09-27T12:45:56.319372Z aws-node[761]: INFO: plugin/kubernetes: 68 resource records
2026-09-27T12:46:05.319372Z aws-node[377]: INFO: plugin/ready: Still waiting on: "kubernetes"
2026-09-27T12:46:14.319372Z aws-node[733]: INFO: Reloading configuration
2026-09-27T12:46:22.319372Z aws-node[733]: INFO: Reloading configuration
2026-09-27T12:46:31.319372Z aws-node[733]: INFO: Reloading configuration
2026-09-27T12:46:40.319372Z aws-node[761]: INFO: plugin/kubernetes: 68 resource records
2026-09-27T12:46:48.319372Z aws-node[518]: INFO: Health check OK
2026-09-27T12:46:57.319372Z aws-node[761]: INFO: plugin/kubernetes: 68 resource records
2026-09-27T12:47:06.319372Z aws-node[733]: INFO: Reloading configuration
2026-09-27T12:47:14.319372Z aws-node[377]: INFO: plugin/ready: Still waiting on: "kubernetes"
2026-09-27T12:47:23.319372Z aws-node[377]: INFO: plugin/ready: Still waiting on: "kubernetes"
2026-09-27T12:47:32.319372Z aws-node[377]: INFO: plugin/ready: Still waiting on: "kubernetes"
2026-09-27T12:47:40.319372Z aws-node[377]: INFO: plugin/ready: Still waiting on: "kubernetes"
2026-09-27T12:47:49.319372Z aws-node[733]: INFO: Reloading configuration
2026-09-27T12:47:57.319372Z aws-node[733]: INFO: Reloading configuration
2026-09-27T12:48:06.319372Z aws-node[518]: INFO: Health check OK
2026-09-27T12:48:15.319372Z aws-node[377]: INFO: plugin/ready: Still waiting on: "kubernetes"
2026-09-27T12:48:23.319372Z aws-node[761]: INFO: plugin/kubernetes: 68 resource records
2026-09-27T12:48:32.319372Z aws-node[733]: INFO: Reloading configuration
2026-09-27T12:48:41.319372Z aws-node[377]: INFO: plugin/ready: Still waiting on: "kubernetes"
2026-09-27T12:48:49.319372Z aws-node[733]: INFO: Reloading configuration
2026-09-27T12:48:58.319372Z aws-node[733]: INFO: Reloading configuration
2026-09-27T12:49:07.319372Z aws-node[733]: INFO: Reloading configuration
2026-09-27T12:49:15.319372Z aws-node[733]: INFO: Reloading configuration
2026-09-27T12:49:24.319372Z aws-node[733]: INFO: Reloading configuration
2026-09-27T12:49:32.319372Z aws-node[761]: INFO: plugin/kubernetes: 68 resource records
2026-09-27T12:49:41.319372Z aws-node[518]: INFO: Health check OK
2026-09-27T12:49:50.319372Z aws-node[761]: INFO: plugin/kubernetes: 68 resource records
2026-09-27T12:49:58.319372Z aws-node[733]: INFO: Reloading configuration
2026-09-27T12:50:07.319372Z aws-node[733]: INFO: Reloading configuration
2026-09-27T12:50:16.319372Z aws-node[761]: INFO: plugin/kubernetes: 68 resource records
2026-09-27T12:50:24.319372Z aws-node[761]: INFO: plugin/kubernetes: 68 resource records
2026-09-27T12:50:33.319372Z aws-node[518]: INFO: Health check OK
2026-09-27T12:50:42.319372Z aws-node[518]: INFO: Health check OK
2026-09-27T12:50:50.319372Z aws-node[377]: INFO: plugin/ready: Still waiting on: "kubernetes"
2026-09-27T12:50:59.319372Z aws-node[733]: INFO: Reloading configuration
2026-09-27T12:51:08.319372Z aws-node[518]: INFO: Health check OK
2026-09-27T12:51:16.319372Z aws-node[377]: INFO: plugin/ready: Still waiting on: "kubernetes"
2026-09-27T12:51:25.319372Z aws-node[518]: INFO: Health check OK
2026-09-27T12:51:33.319372Z aws-node[733]: INFO: Reloading configuration
2026-09-27T12:51:42.319372Z aws-node[733]: INFO: Reloading configuration
2026-09-27T12:51:51.319372Z aws-node[518]: INFO: Health check OK
2026-09-27T12:51:59.319372Z aws-node[518]: INFO: Health check OK
2026-09-27T12:52:08.319372Z aws-node[518]: INFO: Health check OK
2026-09-27T12:52:17.319372Z aws-node[761]: INFO: plugin/kubernetes: 68 resource records
2026-09-27T12:52:25.319372Z aws-node[518]: INFO: Health check OK
2026-09-27T12:52:34.319372Z aws-node[733]: INFO: Reloading configuration
2026-09-27T12:52:43.319372Z aws-node[377]: INFO: plugin/ready: Still waiting on: "kubernetes"
2026-09-27T12:52:51.319372Z aws-node[733]: INFO: Reloading configuration
2026-09-27T12:53:00.319372Z aws-node[733]: INFO: Reloading configuration
2026-09-27T12:53:08.319372Z aws-node[518]: INFO: Health check OK
2026-09-27T12:53:17.319372Z aws-node[761]: INFO: plugin/kubernetes: 68 resource records
2026-09-27T12:53:26.319372Z aws-node[986]: ERROR: plugin/errors: 10.80.131.140:49335 - no such host
2026-09-27T12:53:34.319372Z aws-node[518]: INFO: Health check OK
2026-09-27T12:53:43.319372Z aws-node[733]: INFO: Reloading configuration
2026-09-27T12:53:52.319372Z aws-node[377]: INFO: plugin/ready: Still waiting on: "kubernetes"
2026-09-27T12:54:00.319372Z aws-node[377]: INFO: plugin/ready: Still waiting on: "kubernetes"
2026-09-27T12:54:09.319372Z aws-node[518]: INFO: Health check OK
2026-09-27T12:54:18.319372Z aws-node[377]: INFO: plugin/ready: Still waiting on: "kubernetes"
2026-09-27T12:54:26.319372Z aws-node[733]: INFO: Reloading configuration
2026-09-27T12:54:35.319372Z aws-node[761]: INFO: plugin/kubernetes: 68 resource records
2026-09-27T12:54:44.319372Z aws-node[518]: INFO: Health check OK
2026-09-27T12:54:52.319372Z aws-node[761]: INFO: plugin/kubernetes: 68 resource records
2026-09-27T12:55:01.319372Z aws-node[761]: INFO: plugin/kubernetes: 68 resource records
2026-09-27T12:55:09.319372Z aws-node[733]: INFO: Reloading configuration
2026-09-27T12:55:18.319372Z aws-node[518]: INFO: Health check OK
2026-09-27T12:55:27.319372Z aws-node[733]: INFO: Reloading configuration
2026-09-27T12:55:35.319372Z aws-node[518]: INFO: Health check OK
2026-09-27T12:55:44.319372Z aws-node[377]: INFO: plugin/ready: Still waiting on: "kubernetes"
2026-09-27T12:55:53.319372Z aws-node[518]: INFO: Health check OK
2026-09-27T12:56:01.319372Z aws-node[761]: INFO: plugin/kubernetes: 68 resource records
2026-09-27T12:56:10.319372Z aws-node[377]: INFO: plugin/ready: Still waiting on: "kubernetes"
2026-09-27T12:56:19.319372Z aws-node[761]: INFO: plugin/kubernetes: 68 resource records
2026-09-27T12:56:27.319372Z aws-node[377]: INFO: plugin/ready: Still waiting on: "kubernetes"
2026-09-27T12:56:36.319372Z aws-node[377]: INFO: plugin/ready: Still waiting on: "kubernetes"
2026-09-27T12:56:44.319372Z aws-node[377]: INFO: plugin/ready: Still waiting on: "kubernetes"
2026-09-27T12:56:53.319372Z aws-node[761]: INFO: plugin/kubernetes: 68 resource records
2026-09-27T12:57:02.319372Z aws-node[377]: INFO: plugin/ready: Still waiting on: "kubernetes"
2026-09-27T12:57:10.319372Z aws-node[761]: INFO: plugin/kubernetes: 68 resource records
2026-09-27T12:57:19.319372Z aws-node[235]: ERROR: upstream 10.100.41.115:53: read udp 10.133.154.175:43076->10.240.134.29:53: i/o timeout
2026-09-27T12:57:28.319372Z aws-node[761]: INFO: plugin/kubernetes: 68 resource records
2026-09-27T12:57:36.319372Z aws-node[733]: INFO: Reloading configuration
2026-09-27T12:57:45.319372Z aws-node[733]: INFO: Reloading configuration
2026-09-27T12:57:54.319372Z aws-node[986]: ERROR: plugin/errors: 10.80.131.140:49335 - no such host
2026-09-27T12:58:02.319372Z aws-node[377]: INFO: plugin/ready: Still waiting on: "kubernetes"
2026-09-27T12:58:11.319372Z aws-node[518]: INFO: Health check OK
2026-09-27T12:58:20.319372Z aws-node[518]: INFO: Health check OK
2026-09-27T12:58:28.319372Z aws-node[733]: INFO: Reloading configuration
2026-09-27T12:58:37.319372Z aws-node[761]: INFO: plugin/kubernetes: 68 resource records
2026-09-27T12:58:45.319372Z aws-node[733]: INFO: Reloading configuration
2026-09-27T12:58:54.319372Z aws-node[377]: INFO: plugin/ready: Still waiting on: "kubernetes"
2026-09-27T12:59:03.319372Z aws-node[761]: INFO: plugin/kubernetes: 68 resource records
2026-09-27T12:59:11.319372Z aws-node[761]: INFO: plugin/kubernetes: 68 resource records
2026-09-27T12:59:20.319372Z aws-node[518]: INFO: Health check OK
2026-09-27T12:59:29.319372Z aws-node[761]: INFO: plugin/kubernetes: 68 resource records
2026-09-27T12:59:37.319372Z aws-node[518]: INFO: Health check OK
2026-09-27T12:59:46.319372Z aws-node[483]: WARN: too many open files
2026-09-27T12:59:55.319372Z aws-node[733]: INFO: Reloading configuration
2026-09-27T13:00:03.319372Z aws-node[518]: INFO: Health check OK
2026-09-27T13:00:12.319372Z aws-node[518]: INFO: Health check OK
2026-09-27T13:00:20.319372Z aws-node[518]: INFO: Health check OK
2026-09-27T13:00:29.319372Z aws-node[518]: INFO: Health check OK
2026-09-27T13:00:38.319372Z aws-node[518]: INFO: Health check OK
2026-09-27T13:00:46.319372Z aws-node[377]: INFO: plugin/ready: Still waiting on: "kubernetes"
2026-09-27T13:00:55.319372Z aws-node[518]: INFO: Health check OK
2026-09-27T13:01:04.319372Z aws-node[733]: INFO: Reloading configuration
2026-09-27T13:01:12.319372Z aws-node[377]: INFO: plugin/ready: Still waiting on: "kubernetes"
2026-09-27T13:01:21.319372Z aws-node[733]: INFO: Reloading configuration
2026-09-27T13:01:30.319372Z aws-node[518]: INFO: Health check OK
2026-09-27T13:01:38.319372Z aws-node[518]: INFO: Health check OK
2026-09-27T13:01:47.319372Z aws-node[733]: INFO: Reloading configuration
2026-09-27T13:01:56.319372Z aws-node[377]: INFO: plugin/ready: Still waiting on: "kubernetes"
2026-09-27T13:02:04.319372Z aws-node[377]: INFO: plugin/ready: Still waiting on: "kubernetes"
2026-09-27T13:02:13.319372Z aws-node[377]: INFO: plugin/ready: Still waiting on: "kubernetes"
2026-09-27T13:02:21.319372Z aws-node[377]: INFO: plugin/ready: Still waiting on: "kubernetes"
2026-09-27T13:02:30.319372Z aws-node[518]: INFO: Health check OK
2026-09-27T13:02:39.319372Z aws-node[761]: INFO: plugin/kubernetes: 68 resource records
2026-09-27T13:02:47.319372Z aws-node[377]: INFO: plugin/ready: Still waiting on: "kubernetes"
2026-09-27T13:02:56.319372Z aws-node[377]: INFO: plugin/ready: Still waiting on: "kubernetes"
2026-09-27T13:03:05.319372Z aws-node[733]: INFO: Reloading configuration
2026-09-27T13:03:13.319372Z aws-node[377]: INFO: plugin/ready: Still waiting on: "kubernetes"
2026-09-27T13:03:22.319372Z aws-node[761]: INFO: plugin/kubernetes: 68 resource records
2026-09-27T13:03:31.319372Z aws-node[377]: INFO: plugin/ready: Still waiting on: "kubernetes"
2026-09-27T13:03:39.319372Z aws-node[761]: INFO: plugin/kubernetes: 68 resource records
2026-09-27T13:03:48.319372Z aws-node[761]: INFO: plugin/kubernetes: 68 resource records
2026-09-27T13:03:56.319372Z aws-node[733]: INFO: Reloading configuration
2026-09-27T13:04:05.319372Z aws-node[518]: INFO: Health check OK
2026-09-27T13:04:14.319372Z aws-node[518]: INFO: Health check OK
2026-09-27T13:04:22.319372Z aws-node[518]: INFO: Health check OK
2026-09-27T13:04:31.319372Z aws-node[733]: INFO: Reloading configuration
2026-09-27T13:04:40.319372Z aws-node[518]: INFO: Health check OK
2026-09-27T13:04:48.319372Z aws-node[733]: INFO: Reloading configuration
2026-09-27T13:04:57.319372Z aws-node[377]: INFO: plugin/ready: Still waiting on: "kubernetes"
2026-09-27T13:05:06.319372Z aws-node[518]: INFO: Health check OK
2026-09-27T13:05:14.319372Z aws-node[377]: INFO: plugin/ready: Still waiting on: "kubernetes"
2026-09-27T13:05:23.319372Z aws-node[761]: INFO: plugin/kubernetes: 68 resource records
2026-09-27T13:05:32.319372Z aws-node[761]: INFO: plugin/kubernetes: 68 resource records
2026-09-27T13:05:40.319372Z aws-node[377]: INFO: plugin/ready: Still waiting on: "kubernetes"
2026-09-27T13:05:49.319372Z aws-node[377]: INFO: plugin/ready: Still waiting on: "kubernetes"
2026-09-27T13:05:57.319372Z aws-node[733]: INFO: Reloading configuration
2026-09-27T13:06:06.319372Z aws-node[733]: INFO: Reloading configuration
2026-09-27T13:06:15.319372Z aws-node[377]: INFO: plugin/ready: Still waiting on: "kubernetes"
2026-09-27T13:06:23.319372Z aws-node[733]: INFO: Reloading configuration
2026-09-27T13:06:32.319372Z aws-node[733]: INFO: Reloading configuration
2026-09-27T13:06:41.319372Z aws-node[761]: INFO: plugin/kubernetes: 68 resource records
2026-09-27T13:06:49.319372Z aws-node[518]: INFO: Health check OK
2026-09-27T13:06:58.319372Z aws-node[761]: INFO: plugin/kubernetes: 68 resource records
2026-09-27T13:07:07.319372Z aws-node[377]: INFO: plugin/ready: Still waiting on: "kubernetes"
2026-09-27T13:07:15.319372Z aws-node[733]: INFO: Reloading configuration
2026-09-27T13:07:24.319372Z aws-node[761]: INFO: plugin/kubernetes: 68 resource records
2026-09-27T13:07:32.319372Z aws-node[733]: INFO: Reloading configuration
2026-09-27T13:07:41.319372Z aws-node[733]: INFO: Reloading configuration
2026-09-27T13:07:50.319372Z aws-node[377]: INFO: plugin/ready: Still waiting on: "kubernetes"
2026-09-27T13:07:58.319372Z aws-node[518]: INFO: Health check OK
2026-09-27T13:08:07.319372Z aws-node[518]: INFO: Health check OK
2026-09-27T13:08:16.319372Z aws-node[733]: INFO: Reloading configuration
2026-09-27T13:08:24.319372Z aws-node[761]: INFO: plugin/kubernetes: 68 resource records
2026-09-27T13:08:33.319372Z aws-node[761]: INFO: plugin/kubernetes: 68 resource records
2026-09-27T13:08:42.319372Z aws-node[518]: INFO: Health check OK
2026-09-27T13:08:50.319372Z aws-node[377]: INFO: plugin/ready: Still waiting on: "kubernetes"
2026-09-27T13:08:59.319372Z aws-node[377]: INFO: plugin/ready: Still waiting on: "kubernetes"
2026-09-27T13:09:08.319372Z aws-node[761]: INFO: plugin/kubernetes: 68 resource records
2026-09-27T13:09:16.319372Z aws-node[761]: INFO: plugin/kubernetes: 68 resource records
2026-09-27T13:09:25.319372Z aws-node[377]: INFO: plugin/ready: Still waiting on: "kubernetes"
2026-09-27T13:09:33.319372Z aws-node[518]: INFO: Health check OK
2026-09-27T13:09:42.319372Z aws-node[761]: INFO: plugin/kubernetes: 68 resource records
2026-09-27T13:09:51.319372Z aws-node[733]: INFO: Reloading configuration
2026-09-27T13:09:59.319372Z aws-node[733]: INFO: Reloading configuration
2026-09-27T13:10:08.319372Z aws-node[733]: INFO: Reloading configuration
2026-09-27T13:10:17.319372Z aws-node[761]: INFO: plugin/kubernetes: 68 resource records
2026-09-27T13:10:25.319372Z aws-node[733]: INFO: Reloading configuration
2026-09-27T13:10:34.319372Z aws-node[733]: INFO: Reloading configuration
2026-09-27T13:10:43.319372Z aws-node[377]: INFO: plugin/ready: Still waiting on: "kubernetes"
2026-09-27T13:10:51.319372Z aws-node[733]: INFO: Reloading configuration
2026-09-27T13:11:00.319372Z aws-node[518]: INFO: Health check OK
2026-09-27T13:11:08.319372Z aws-node[518]: INFO: Health check OK
2026-09-27T13:11:17.319372Z aws-node[733]: INFO: Reloading configuration
2026-09-27T13:11:26.319372Z aws-node[761]: INFO: plugin/kubernetes: 68 resource records
2026-09-27T13:11:34.319372Z aws-node[377]: INFO: plugin/ready: Still waiting on: "kubernetes"
2026-09-27T13:11:43.319372Z aws-node[733]: INFO: Reloading configuration
2026-09-27T13:11:52.319372Z aws-node[761]: INFO: plugin/kubernetes: 68 resource records
2026-09-27T13:12:00.319372Z aws-node[733]: INFO: Reloading configuration
2026-09-27T13:12:09.319372Z aws-node[518]: INFO: Health check OK
2026-09-27T13:12:18.319372Z aws-node[761]: INFO: plugin/kubernetes: 68 resource records
2026-09-27T13:12:26.319372Z aws-node[377]: INFO: plugin/ready: Still waiting on: "kubernetes"
2026-09-27T13:12:35.319372Z aws-node[733]: INFO: Reloading configuration
2026-09-27T13:12:44.319372Z aws-node[761]: INFO: plugin/kubernetes: 68 resource records
2026-09-27T13:12:52.319372Z aws-node[761]: INFO: plugin/kubernetes: 68 resource records
2026-09-27T13:13:01.319372Z aws-node[377]: INFO: plugin/ready: Still waiting on: "kubernetes"
2026-09-27T13:13:09.319372Z aws-node[518]: INFO: Health check OK
2026-09-27T13:13:18.319372Z aws-node[761]: INFO: plugin/kubernetes: 68 resource records
2026-09-27T13:13:27.319372Z aws-node[733]: INFO: Reloading configuration
2026-09-27T13:13:35.319372Z aws-node[235]: ERROR: upstream 10.100.41.115:53: read udp 10.133.154.175:43076->10.240.134.29:53: i/o timeout
2026-09-27T13:13:44.319372Z aws-node[518]: INFO: Health check OK
2026-09-27T13:13:53.319372Z aws-node[483]: WARN: too many open files
2026-09-27T13:14:01.319372Z aws-node[733]: INFO: Reloading configuration
2026-09-27T13:14:10.319372Z aws-node[733]: INFO: Reloading configuration
2026-09-27T13:14:19.319372Z aws-node[761]: INFO: plugin/kubernetes: 68 resource records
2026-09-27T13:14:27.319372Z aws-node[761]: INFO: plugin/kubernetes: 68 resource records
2026-09-27T13:14:36.319372Z aws-node[377]: INFO: plugin/ready: Still waiting on: "kubernetes"
2026-09-27T13:14:44.319372Z aws-node[733]: INFO: Reloading configuration
2026-09-27T13:14:53.319372Z aws-node[377]: INFO: plugin/ready: Still waiting on: "kubernetes"
2026-09-27T13:15:02.319372Z aws-node[377]: INFO: plugin/ready: Still waiting on: "kubernetes"
2026-09-27T13:15:10.319372Z aws-node[733]: INFO: Reloading configuration
2026-09-27T13:15:19.319372Z aws-node[518]: INFO: Health check OK
2026-09-27T13:15:28.319372Z aws-node[761]: INFO: plugin/kubernetes: 68 resource records
2026-09-27T13:15:36.319372Z aws-node[377]: INFO: plugin/ready: Still waiting on: "kubernetes"
2026-09-27T13:15:45.319372Z aws-node[377]: INFO: plugin/ready: Still waiting on: "kubernetes"
2026-09-27T13:15:54.319372Z aws-node[761]: INFO: plugin/kubernetes: 68 resource records
2026-09-27T13:16:02.319372Z aws-node[761]: INFO: plugin/kubernetes: 68 resource records
2026-09-27T13:16:11.319372Z aws-node[377]: INFO: plugin/ready: Still waiting on: "kubernetes"
2026-09-27T13:16:20.319372Z aws-node[377]: INFO: plugin/ready: Still waiting on: "kubernetes"
2026-09-27T13:16:28.319372Z aws-node[761]: INFO: plugin/kubernetes: 68 resource records
2026-09-27T13:16:37.319372Z aws-node[761]: INFO: plugin/kubernetes: 68 resource records
2026-09-27T13:16:45.319372Z aws-node[761]: INFO: plugin/kubernetes: 68 resource records
2026-09-27T13:16:54.319372Z aws-node[518]: INFO: Health check OK
2026-09-27T13:17:03.319372Z aws-node[761]: INFO: plugin/kubernetes: 68 resource records
2026-09-27T13:17:11.319372Z aws-node[377]: INFO: plugin/ready: Still waiting on: "kubernetes"
2026-09-27T13:17:20.319372Z aws-node[761]: INFO: plugin/kubernetes: 68 resource records
2026-09-27T13:17:29.319372Z aws-node[761]: INFO: plugin/kubernetes: 68 resource records
2026-09-27T13:17:37.319372Z aws-node[518]: INFO: Health check OK
2026-09-27T13:17:46.319372Z aws-node[377]: INFO: plugin/ready: Still waiting on: "kubernetes"
2026-09-27T13:17:55.319372Z aws-node[733]: INFO: Reloading configuration
2026-09-27T13:18:03.319372Z aws-node[733]: INFO: Reloading configuration
2026-09-27T13:18:12.319372Z aws-node[518]: INFO: Health check OK
2026-09-27T13:18:20.319372Z aws-node[518]: INFO: Health check OK
2026-09-27T13:18:29.319372Z aws-node[733]: INFO: Reloading configuration
2026-09-27T13:18:38.319372Z aws-node[761]: INFO: plugin/kubernetes: 68 resource records
2026-09-27T13:18:46.319372Z aws-node[761]: INFO: plugin/kubernetes: 68 resource records
2026-09-27T13:18:55.319372Z aws-node[518]: INFO: Health check OK
2026-09-27T13:19:04.319372Z aws-node[518]: INFO: Health check OK
2026-09-27T13:19:12.319372Z aws-node[986]: ERROR: plugin/errors: 10.80.131.140:49335 - no such host
2026-09-27T13:19:21.319372Z aws-node[235]: ERROR: upstream 10.100.41.115:53: read udp 10.133.154.175:43076->10.240.134.29:53: i/o timeout
2026-09-27T13:19:30.319372Z aws-node[518]: INFO: Health check OK
2026-09-27T13:19:38.319372Z aws-node[733]: INFO: Reloading configuration
2026-09-27T13:19:47.319372Z aws-node[377]: INFO: plugin/ready: Still waiting on: "kubernetes"
2026-09-27T13:19:56.319372Z aws-node[377]: INFO: plugin/ready: Still waiting on: "kubernetes"
2026-09-27T13:20:04.319372Z aws-node[761]: INFO: plugin/kubernetes: 68 resource records
2026-09-27T13:20:13.319372Z aws-node[518]: INFO: Health check OK
2026-09-27T13:20:21.319372Z aws-node[733]: INFO: Reloading configuration
2026-09-27T13:20:30.319372Z aws-node[761]: INFO: plugin/kubernetes: 68 resource records
2026-09-27T13:20:39.319372Z aws-node[761]: INFO: plugin/kubernetes: 68 resource records
2026-09-27T13:20:47.319372Z aws-node[761]: INFO: plugin/kubernetes: 68 resource records
2026-09-27T13:20:56.319372Z aws-node[518]: INFO: Health check OK
2026-09-27T13:21:05.319372Z aws-node[761]: INFO: plugin/kubernetes: 68 resource records
2026-09-27T13:21:13.319372Z aws-node[761]: INFO: plugin/kubernetes: 68 resource records
2026-09-27T13:21:22.319372Z aws-node[377]: INFO: plugin/ready: Still waiting on: "kubernetes"
2026-09-27T13:21:31.319372Z aws-node[518]: INFO: Health check OK
2026-09-27T13:21:39.319372Z aws-node[518]: INFO: Health check OK
2026-09-27T13:21:48.319372Z aws-node[733]: INFO: Reloading configuration
2026-09-27T13:21:56.319372Z aws-node[761]: INFO: plugin/kubernetes: 68 resource records
2026-09-27T13:22:05.319372Z aws-node[733]: INFO: Reloading configuration
2026-09-27T13:22:14.319372Z aws-node[518]: INFO: Health check OK
2026-09-27T13:22:22.319372Z aws-node[518]: INFO: Health check OK
2026-09-27T13:22:31.319372Z aws-node[761]: INFO: plugin/kubernetes: 68 resource records
2026-09-27T13:22:40.319372Z aws-node[761]: INFO: plugin/kubernetes: 68 resource records
2026-09-27T13:22:48.319372Z aws-node[518]: INFO: Health check OK
2026-09-27T13:22:57.319372Z aws-node[518]: INFO: Health check OK
2026-09-27T13:23:06.319372Z aws-node[377]: INFO: plugin/ready: Still waiting on: "kubernetes"
2026-09-27T13:23:14.319372Z aws-node[761]: INFO: plugin/kubernetes: 68 resource records
2026-09-27T13:23:23.319372Z aws-node[377]: INFO: plugin/ready: Still waiting on: "kubernetes"
2026-09-27T13:23:32.319372Z aws-node[733]: INFO: Reloading configuration
2026-09-27T13:23:40.319372Z aws-node[377]: INFO: plugin/ready: Still waiting on: "kubernetes"
2026-09-27T13:23:49.319372Z aws-node[518]: INFO: Health check OK
2026-09-27T13:23:57.319372Z aws-node[377]: INFO: plugin/ready: Still waiting on: "kubernetes"
2026-09-27T13:24:06.319372Z aws-node[733]: INFO: Reloading configuration
2026-09-27T13:24:15.319372Z aws-node[377]: INFO: plugin/ready: Still waiting on: "kubernetes"
2026-09-27T13:24:23.319372Z aws-node[377]: INFO: plugin/ready: Still waiting on: "kubernetes"
2026-09-27T13:24:32.319372Z aws-node[377]: INFO: plugin/ready: Still waiting on: "kubernetes"
2026-09-27T13:24:41.319372Z aws-node[761]: INFO: plugin/kubernetes: 68 resource records
2026-09-27T13:24:49.319372Z aws-node[235]: ERROR: upstream 10.100.41.115:53: read udp 10.133.154.175:43076->10.240.134.29:53: i/o timeout
2026-09-27T13:24:58.319372Z aws-node[518]: INFO: Health check OK
2026-09-27T13:25:07.319372Z aws-node[761]: INFO: plugin/kubernetes: 68 resource records
2026-09-27T13:25:15.319372Z aws-node[761]: INFO: plugin/kubernetes: 68 resource records
2026-09-27T13:25:24.319372Z aws-node[518]: INFO: Health check OK
2026-09-27T13:25:32.319372Z aws-node[518]: INFO: Health check OK
2026-09-27T13:25:41.319372Z aws-node[377]: INFO: plugin/ready: Still waiting on: "kubernetes"
2026-09-27T13:25:50.319372Z aws-node[518]: INFO: Health check OK
2026-09-27T13:25:58.319372Z aws-node[377]: INFO: plugin/ready: Still waiting on: "kubernetes"
2026-09-27T13:26:07.319372Z aws-node[377]: INFO: plugin/ready: Still waiting on: "kubernetes"
2026-09-27T13:26:16.319372Z aws-node[518]: INFO: Health check OK
2026-09-27T13:26:24.319372Z aws-node[377]: INFO: plugin/ready: Still waiting on: "kubernetes"
2026-09-27T13:26:33.319372Z aws-node[761]: INFO: plugin/kubernetes: 68 resource records
2026-09-27T13:26:42.319372Z aws-node[518]: INFO: Health check OK
2026-09-27T13:26:50.319372Z aws-node[761]: INFO: plugin/kubernetes: 68 resource records
2026-09-27T13:26:59.319372Z aws-node[761]: INFO: plugin/kubernetes: 68 resource records
2026-09-27T13:27:08.319372Z aws-node[733]: INFO: Reloading configuration
2026-09-27T13:27:16.319372Z aws-node[518]: INFO: Health check OK
2026-09-27T13:27:25.319372Z aws-node[761]: INFO: plugin/kubernetes: 68 resource records
2026-09-27T13:27:33.319372Z aws-node[761]: INFO: plugin/kubernetes: 68 resource records
2026-09-27T13:27:42.319372Z aws-node[377]: INFO: plugin/ready: Still waiting on: "kubernetes"
2026-09-27T13:27:51.319372Z aws-node[377]: INFO: plugin/ready: Still waiting on: "kubernetes"
2026-09-27T13:27:59.319372Z aws-node[377]: INFO: plugin/ready: Still waiting on: "kubernetes"
2026-09-27T13:28:08.319372Z aws-node[733]: INFO: Reloading configuration
2026-09-27T13:28:17.319372Z aws-node[377]: INFO: plugin/ready: Still waiting on: "kubernetes"
2026-09-27T13:28:25.319372Z aws-node[733]: INFO: Reloading configuration
2026-09-27T13:28:34.319372Z aws-node[518]: INFO: Health check OK
2026-09-27T13:28:43.319372Z aws-node[518]: INFO: Health check OK
2026-09-27T13:28:51.319372Z aws-node[377]: INFO: plugin/ready: Still waiting on: "kubernetes"
2026-09-27T13:29:00.319372Z aws-node[761]: INFO: plugin/kubernetes: 68 resource records
2026-09-27T13:29:08.319372Z aws-node[518]: INFO: Health check OK
2026-09-27T13:29:17.319372Z aws-node[377]: INFO: plugin/ready: Still waiting on: "kubernetes"
2026-09-27T13:29:26.319372Z aws-node[518]: INFO: Health check OK
2026-09-27T13:29:34.319372Z aws-node[377]: INFO: plugin/ready: Still waiting on: "kubernetes"
2026-09-27T13:29:43.319372Z aws-node[518]: INFO: Health check OK
2026-09-27T13:29:52.319372Z aws-node[761]: INFO: plugin/kubernetes: 68 resource records
2026-09-27T13:30:00.319372Z aws-node[377]: INFO: plugin/ready: Still waiting on: "kubernetes"
2026-09-27T13:30:09.319372Z aws-node[518]: INFO: Health check OK
2026-09-27T13:30:18.319372Z aws-node[377]: INFO: plugin/ready: Still waiting on: "kubernetes"
2026-09-27T13:30:26.319372Z aws-node[733]: INFO: Reloading configuration
2026-09-27T13:30:35.319372Z aws-node[518]: INFO: Health check OK
2026-09-27T13:30:44.319372Z aws-node[761]: INFO: plugin/kubernetes: 68 resource records
2026-09-27T13:30:52.319372Z aws-node[246]: ERROR: failed to list *v1.Service: Get "https://10.6.106.25:443": net/http: TLS handshake timeout
2026-09-27T13:31:01.319372Z aws-node[761]: INFO: plugin/kubernetes: 68 resource records
2026-09-27T13:31:09.319372Z aws-node[733]: INFO: Reloading configuration
2026-09-27T13:31:18.319372Z aws-node[733]: INFO: Reloading configuration
2026-09-27T13:31:27.319372Z aws-node[733]: INFO: Reloading configuration
2026-09-27T13:31:35.319372Z aws-node[518]: INFO: Health check OK
2026-09-27T13:31:44.319372Z aws-node[761]: INFO: plugin/kubernetes: 68 resource records
2026-09-27T13:31:53.319372Z aws-node[733]: INFO: Reloading configuration
2026-09-27T13:32:01.319372Z aws-node[518]: INFO: Health check OK
2026-09-27T13:32:10.319372Z aws-node[377]: INFO: plugin/ready: Still waiting on: "kubernetes"
2026-09-27T13:32:19.319372Z aws-node[733]: INFO: Reloading configuration
2026-09-27T13:32:27.319372Z aws-node[377]: INFO: plugin/ready: Still waiting on: "kubernetes"
2026-09-27T13:32:36.319372Z aws-node[518]: INFO: Health check OK
2026-09-27T13:32:44.319372Z aws-node[377]: INFO: plugin/ready: Still waiting on: "kubernetes"
2026-09-27T13:32:53.319372Z aws-node[483]: WARN: too many open files
2026-09-27T13:33:02.319372Z aws-node[733]: INFO: Reloading configuration
2026-09-27T13:33:10.319372Z aws-node[377]: INFO: plugin/ready: Still waiting on: "kubernetes"
2026-09-27T13:33:19.319372Z aws-node[518]: INFO: Health check OK
2026-09-27T13:33:28.319372Z aws-node[518]: INFO: Health check OK
2026-09-27T13:33:36.319372Z aws-node[733]: INFO: Reloading configuration
2026-09-27T13:33:45.319372Z aws-node[377]: INFO: plugin/ready: Still waiting on: "kubernetes"
2026-09-27T13:33:54.319372Z aws-node[518]: INFO: Health check OK
2026-09-27T13:34:02.319372Z aws-node[761]: INFO: plugin/kubernetes: 68 resource records
2026-09-27T13:34:11.319372Z aws-node[761]: INFO: plugin/kubernetes: 68 resource records
2026-09-27T13:34:20.319372Z aws-node[761]: INFO: plugin/kubernetes: 68 resource records
2026-09-27T13:34:28.319372Z aws-node[518]: INFO: Health check OK
2026-09-27T13:34:37.319372Z aws-node[377]: INFO: plugin/ready: Still waiting on: "kubernetes"
2026-09-27T13:34:45.319372Z aws-node[377]: INFO: plugin/ready: Still waiting on: "kubernetes"
2026-09-27T13:34:54.319372Z aws-node[761]: INFO: plugin/kubernetes: 68 resource records
2026-09-27T13:35:03.319372Z aws-node[761]: INFO: plugin/kubernetes: 68 resource records
2026-09-27T13:35:11.319372Z aws-node[377]: INFO: plugin/ready: Still waiting on: "kubernetes"
2026-09-27T13:35:20.319372Z aws-node[377]: INFO: plugin/ready: Still waiting on: "kubernetes"
2026-09-27T13:35:29.319372Z aws-node[377]: INFO: plugin/ready: Still waiting on: "kubernetes"
2026-09-27T13:35:37.319372Z aws-node[518]: INFO: Health check OK
2026-09-27T13:35:46.319372Z aws-node[761]: INFO: plugin/kubernetes: 68 resource records
2026-09-27T13:35:55.319372Z aws-node[518]: INFO: Health check OK
2026-09-27T13:36:03.319372Z aws-node[761]: INFO: plugin/kubernetes: 68 resource records
2026-09-27T13:36:12.319372Z aws-node[761]: INFO: plugin/kubernetes: 68 resource records
2026-09-27T13:36:20.319372Z aws-node[518]: INFO: Health check OK
2026-09-27T13:36:29.319372Z aws-node[733]: INFO: Reloading configuration
2026-09-27T13:36:38.319372Z aws-node[377]: INFO: plugin/ready: Still waiting on: "kubernetes"
2026-09-27T13:36:46.319372Z aws-node[733]: INFO: Reloading configuration
2026-09-27T13:36:55.319372Z aws-node[761]: INFO: plugin/kubernetes: 68 resource records
2026-09-27T13:37:04.319372Z aws-node[733]: INFO: Reloading configuration
2026-09-27T13:37:12.319372Z aws-node[483]: WARN: too many open files
2026-09-27T13:37:21.319372Z aws-node[377]: INFO: plugin/ready: Still waiting on: "kubernetes"
2026-09-27T13:37:30.319372Z aws-node[377]: INFO: plugin/ready: Still waiting on: "kubernetes"
2026-09-27T13:37:38.319372Z aws-node[377]: INFO: plugin/ready: Still waiting on: "kubernetes"
2026-09-27T13:37:47.319372Z aws-node[377]: INFO: plugin/ready: Still waiting on: "kubernetes"
2026-09-27T13:37:56.319372Z aws-node[518]: INFO: Health check OK
2026-09-27T13:38:04.319372Z aws-node[518]: INFO: Health check OK
2026-09-27T13:38:13.319372Z aws-node[761]: INFO: plugin/kubernetes: 68 resource records
2026-09-27T13:38:21.319372Z aws-node[377]: INFO: plugin/ready: Still waiting on: "kubernetes"
2026-09-27T13:38:30.319372Z aws-node[733]: INFO: Reloading configuration
2026-09-27T13:38:39.319372Z aws-node[761]: INFO: plugin/kubernetes: 68 resource records
2026-09-27T13:38:47.319372Z aws-node[518]: INFO: Health check OK
2026-09-27T13:38:56.319372Z aws-node[733]: INFO: Reloading configuration
2026-09-27T13:39:05.319372Z aws-node[733]: INFO: Reloading configuration
2026-09-27T13:39:13.319372Z aws-node[377]: INFO: plugin/ready: Still waiting on: "kubernetes"
2026-09-27T13:39:22.319372Z aws-node[761]: INFO: plugin/kubernetes: 68 resource records
2026-09-27T13:39:31.319372Z aws-node[377]: INFO: plugin/ready: Still waiting on: "kubernetes"
2026-09-27T13:39:39.319372Z aws-node[761]: INFO: plugin/kubernetes: 68 resource records
2026-09-27T13:39:48.319372Z aws-node[377]: INFO: plugin/ready: Still waiting on: "kubernetes"
2026-09-27T13:39:56.319372Z aws-node[377]: INFO: plugin/ready: Still waiting on: "kubernetes"
2026-09-27T13:40:05.319372Z aws-node[761]: INFO: plugin/kubernetes: 68 resource records
2026-09-27T13:40:14.319372Z aws-node[518]: INFO: Health check OK
2026-09-27T13:40:22.319372Z aws-node[518]: INFO: Health check OK
2026-09-27T13:40:31.319372Z aws-node[761]: INFO: plugin/kubernetes: 68 resource records
2026-09-27T13:40:40.319372Z aws-node[733]: INFO: Reloading configuration
2026-09-27T13:40:48.319372Z aws-node[733]: INFO: Reloading configuration
2026-09-27T13:40:57.319372Z aws-node[761]: INFO: plugin/kubernetes: 68 resource records
2026-09-27T13:41:06.319372Z aws-node[733]: INFO: Reloading configuration
2026-09-27T13:41:14.319372Z aws-node[518]: INFO: Health check OK
2026-09-27T13:41:23.319372Z aws-node[518]: INFO: Health check OK
2026-09-27T13:41:32.319372Z aws-node[518]: INFO: Health check OK
2026-09-27T13:41:40.319372Z aws-node[761]: INFO: plugin/kubernetes: 68 resource records
2026-09-27T13:41:49.319372Z aws-node[518]: INFO: Health check OK
2026-09-27T13:41:57.319372Z aws-node[733]: INFO: Reloading configuration
2026-09-27T13:42:06.319372Z aws-node[518]: INFO: Health check OK
2026-09-27T13:42:15.319372Z aws-node[733]: INFO: Reloading configuration
2026-09-27T13:42:23.319372Z aws-node[761]: INFO: plugin/kubernetes: 68 resource records
2026-09-27T13:42:32.319372Z aws-node[377]: INFO: plugin/ready: Still waiting on: "kubernetes"
2026-09-27T13:42:41.319372Z aws-node[518]: INFO: Health check OK
2026-09-27T13:42:49.319372Z aws-node[761]: INFO: plugin/kubernetes: 68 resource records
2026-09-27T13:42:58.319372Z aws-node[518]: INFO: Health check OK
2026-09-27T13:43:07.319372Z aws-node[518]: INFO: Health check OK
2026-09-27T13:43:15.319372Z aws-node[518]: INFO: Health check OK
2026-09-27T13:43:24.319372Z aws-node[761]: INFO: plugin/kubernetes: 68 resource records
2026-09-27T13:43:32.319372Z aws-node[377]: INFO: plugin/ready: Still waiting on: "kubernetes"
2026-09-27T13:43:41.319372Z aws-node[518]: INFO: Health check OK
2026-09-27T13:43:50.319372Z aws-node[733]: INFO: Reloading configuration
2026-09-27T13:43:58.319372Z aws-node[377]: INFO: plugin/ready: Still waiting on: "kubernetes"
2026-09-27T13:44:07.319372Z aws-node[377]: INFO: plugin/ready: Still waiting on: "kubernetes"
2026-09-27T13:44:16.319372Z aws-node[518]: INFO: Health check OK
2026-09-27T13:44:24.319372Z aws-node[518]: INFO: Health check OK
2026-09-27T13:44:33.319372Z aws-node[377]: INFO: plugin/ready: Still waiting on: "kubernetes"
2026-09-27T13:44:42.319372Z aws-node[518]: INFO: Health check OK
2026-09-27T13:44:50.319372Z aws-node[518]: INFO: Health check OK
2026-09-27T13:44:59.319372Z aws-node[986]: ERROR: plugin/errors: 10.80.131.140:49335 - no such host
2026-09-27T13:45:08.319372Z aws-node[733]: INFO: Reloading configuration
2026-09-27T13:45:16.319372Z aws-node[733]: INFO: Reloading configuration
2026-09-27T13:45:25.319372Z aws-node[377]: INFO: plugin/ready: Still waiting on: "kubernetes"
2026-09-27T13:45:33.319372Z aws-node[761]: INFO: plugin/kubernetes: 68 resource records
2026-09-27T13:45:42.319372Z aws-node[733]: INFO: Reloading configuration
2026-09-27T13:45:51.319372Z aws-node[761]: INFO: plugin/kubernetes: 68 resource records
2026-09-27T13:45:59.319372Z aws-node[733]: INFO: Reloading configuration
2026-09-27T13:46:08.319372Z aws-node[518]: INFO: Health check OK
2026-09-27T13:46:17.319372Z aws-node[761]: INFO: plugin/kubernetes: 68 resource records
2026-09-27T13:46:25.319372Z aws-node[377]: INFO: plugin/ready: Still waiting on: "kubernetes"
2026-09-27T13:46:34.319372Z aws-node[518]: INFO: Health check OK
2026-09-27T13:46:43.319372Z aws-node[761]: INFO: plugin/kubernetes: 68 resource records
2026-09-27T13:46:51.319372Z aws-node[518]: INFO: Health check OK
2026-09-27T13:47:00.319372Z aws-node[518]: INFO: Health check OK
2026-09-27T13:47:08.319372Z aws-node[518]: INFO: Health check OK
2026-09-27T13:47:17.319372Z aws-node[518]: INFO: Health check OK
2026-09-27T13:47:26.319372Z aws-node[761]: INFO: plugin/kubernetes: 68 resource records
2026-09-27T13:47:34.319372Z aws-node[518]: INFO: Health check OK
2026-09-27T13:47:43.319372Z aws-node[377]: INFO: plugin/ready: Still waiting on: "kubernetes"
2026-09-27T13:47:52.319372Z aws-node[733]: INFO: Reloading configuration
2026-09-27T13:48:00.319372Z aws-node[761]: INFO: plugin/kubernetes: 68 resource records
2026-09-27T13:48:09.319372Z aws-node[377]: INFO: plugin/ready: Still waiting on: "kubernetes"
2026-09-27T13:48:18.319372Z aws-node[483]: WARN: too many open files
2026-09-27T13:48:26.319372Z aws-node[518]: INFO: Health check OK
2026-09-27T13:48:35.319372Z aws-node[518]: INFO: Health check OK
2026-09-27T13:48:44.319372Z aws-node[377]: INFO: plugin/ready: Still waiting on: "kubernetes"
2026-09-27T13:48:52.319372Z aws-node[733]: INFO: Reloading configuration
2026-09-27T13:49:01.319372Z aws-node[761]: INFO: plugin/kubernetes: 68 resource records
2026-09-27T13:49:09.319372Z aws-node[761]: INFO: plugin/kubernetes: 68 resource records
2026-09-27T13:49:18.319372Z aws-node[518]: INFO: Health check OK
2026-09-27T13:49:27.319372Z aws-node[518]: INFO: Health check OK
2026-09-27T13:49:35.319372Z aws-node[377]: INFO: plugin/ready: Still waiting on: "kubernetes"
2026-09-27T13:49:44.319372Z aws-node[518]: INFO: Health check OK
2026-09-27T13:49:53.319372Z aws-node[518]: INFO: Health check OK
2026-09-27T13:50:01.319372Z aws-node[761]: INFO: plugin/kubernetes: 68 resource records
2026-09-27T13:50:10.319372Z aws-node[518]: INFO: Health check OK
2026-09-27T13:50:19.319372Z aws-node[377]: INFO: plugin/ready: Still waiting on: "kubernetes"
2026-09-27T13:50:27.319372Z aws-node[235]: ERROR: upstream 10.100.41.115:53: read udp 10.133.154.175:43076->10.240.134.29:53: i/o timeout
2026-09-27T13:50:36.319372Z aws-node[518]: INFO: Health check OK
2026-09-27T13:50:44.319372Z aws-node[518]: INFO: Health check OK
2026-09-27T13:50:53.319372Z aws-node[518]: INFO: Health check OK
2026-09-27T13:51:02.319372Z aws-node[518]: INFO: Health check OK
2026-09-27T13:51:10.319372Z aws-node[733]: INFO: Reloading configuration
2026-09-27T13:51:19.319372Z aws-node[377]: INFO: plugin/ready: Still waiting on: "kubernetes"
2026-09-27T13:51:28.319372Z aws-node[377]: INFO: plugin/ready: Still waiting on: "kubernetes"
2026-09-27T13:51:36.319372Z aws-node[518]: INFO: Health check OK
2026-09-27T13:51:45.319372Z aws-node[733]: INFO: Reloading configuration
2026-09-27T13:51:54.319372Z aws-node[518]: INFO: Health check OK
2026-09-27T13:52:02.319372Z aws-node[761]: INFO: plugin/kubernetes: 68 resource records
2026-09-27T13:52:11.319372Z aws-node[518]: INFO: Health check OK
2026-09-27T13:52:20.319372Z aws-node[377]: INFO: plugin/ready: Still waiting on: "kubernetes"
2026-09-27T13:52:28.319372Z aws-node[733]: INFO: Reloading configuration
2026-09-27T13:52:37.319372Z aws-node[761]: INFO: plugin/kubernetes: 68 resource records
2026-09-27T13:52:45.319372Z aws-node[733]: INFO: Reloading configuration
2026-09-27T13:52:54.319372Z aws-node[377]: INFO: plugin/ready: Still waiting on: "kubernetes"
2026-09-27T13:53:03.319372Z aws-node[761]: INFO: plugin/kubernetes: 68 resource records
2026-09-27T13:53:11.319372Z aws-node[733]: INFO: Reloading configuration
2026-09-27T13:53:20.319372Z aws-node[377]: INFO: plugin/ready: Still waiting on: "kubernetes"
2026-09-27T13:53:29.319372Z aws-node[377]: INFO: plugin/ready: Still waiting on: "kubernetes"
2026-09-27T13:53:37.319372Z aws-node[518]: INFO: Health check OK
2026-09-27T13:53:46.319372Z aws-node[518]: INFO: Health check OK
2026-09-27T13:53:55.319372Z aws-node[518]: INFO: Health check OK
2026-09-27T13:54:03.319372Z aws-node[761]: INFO: plugin/kubernetes: 68 resource records
2026-09-27T13:54:12.319372Z aws-node[518]: INFO: Health check OK
2026-09-27T13:54:20.319372Z aws-node[518]: INFO: Health check OK
2026-09-27T13:54:29.319372Z aws-node[986]: ERROR: plugin/errors: 10.80.131.140:49335 - no such host
2026-09-27T13:54:38.319372Z aws-node[377]: INFO: plugin/ready: Still waiting on: "kubernetes"
2026-09-27T13:54:46.319372Z aws-node[733]: INFO: Reloading configuration
2026-09-27T13:54:55.319372Z aws-node[733]: INFO: Reloading configuration
2026-09-27T13:55:04.319372Z aws-node[761]: INFO: plugin/kubernetes: 68 resource records
2026-09-27T13:55:12.319372Z aws-node[733]: INFO: Reloading configuration
2026-09-27T13:55:21.319372Z aws-node[377]: INFO: plugin/ready: Still waiting on: "kubernetes"
2026-09-27T13:55:30.319372Z aws-node[518]: INFO: Health check OK
2026-09-27T13:55:38.319372Z aws-node[377]: INFO: plugin/ready: Still waiting on: "kubernetes"
2026-09-27T13:55:47.319372Z aws-node[377]: INFO: plugin/ready: Still waiting on: "kubernetes"
2026-09-27T13:55:56.319372Z aws-node[518]: INFO: Health check OK
2026-09-27T13:56:04.319372Z aws-node[377]: INFO: plugin/ready: Still waiting on: "kubernetes"
2026-09-27T13:56:13.319372Z aws-node[518]: INFO: Health check OK
2026-09-27T13:56:21.319372Z aws-node[733]: INFO: Reloading configuration
2026-09-27T13:56:30.319372Z aws-node[518]: INFO: Health check OK
2026-09-27T13:56:39.319372Z aws-node[733]: INFO: Reloading configuration
2026-09-27T13:56:47.319372Z aws-node[377]: INFO: plugin/ready: Still waiting on: "kubernetes"
2026-09-27T13:56:56.319372Z aws-node[377]: INFO: plugin/ready: Still waiting on: "kubernetes"
2026-09-27T13:57:05.319372Z aws-node[986]: ERROR: plugin/errors: 10.80.131.140:49335 - no such host
2026-09-27T13:57:13.319372Z aws-node[733]: INFO: Reloading configuration
2026-09-27T13:57:22.319372Z aws-node[518]: INFO: Health check OK
2026-09-27T13:57:31.319372Z aws-node[377]: INFO: plugin/ready: Still waiting on: "kubernetes"
2026-09-27T13:57:39.319372Z aws-node[733]: INFO: Reloading configuration
2026-09-27T13:57:48.319372Z aws-node[377]: INFO: plugin/ready: Still waiting on: "kubernetes"
2026-09-27T13:57:56.319372Z aws-node[761]: INFO: plugin/kubernetes: 68 resource records
2026-09-27T13:58:05.319372Z aws-node[761]: INFO: plugin/kubernetes: 68 resource records
2026-09-27T13:58:14.319372Z aws-node[733]: INFO: Reloading configuration
2026-09-27T13:58:22.319372Z aws-node[733]: INFO: Reloading configuration
2026-09-27T13:58:31.319372Z aws-node[733]: INFO: Reloading configuration
2026-09-27T13:58:40.319372Z aws-node[733]: INFO: Reloading configuration
2026-09-27T13:58:48.319372Z aws-node[761]: INFO: plugin/kubernetes: 68 resource records
2026-09-27T13:58:57.319372Z aws-node[733]: INFO: Reloading configuration
2026-09-27T13:59:06.319372Z aws-node[733]: INFO: Reloading configuration
2026-09-27T13:59:14.319372Z aws-node[518]: INFO: Health check OK
2026-09-27T13:59:23.319372Z aws-node[377]: INFO: plugin/ready: Still waiting on: "kubernetes"
2026-09-27T13:59:32.319372Z aws-node[518]: INFO: Health check OK
2026-09-27T13:59:40.319372Z aws-node[377]: INFO: plugin/ready: Still waiting on: "kubernetes"
2026-09-27T13:59:49.319372Z aws-node[761]: INFO: plugin/kubernetes: 68 resource records
2026-09-27T13:59:57.319372Z aws-node[518]: INFO: Health check OK
2026-09-27T14:00:06.319372Z aws-node[377]: INFO: plugin/ready: Still waiting on: "kubernetes"
2026-09-27T14:00:15.319372Z aws-node[377]: INFO: plugin/ready: Still waiting on: "kubernetes"
2026-09-27T14:00:23.319372Z aws-node[761]: INFO: plugin/kubernetes: 68 resource records
2026-09-27T14:00:32.319372Z aws-node[518]: INFO: Health check OK
2026-09-27T14:00:41.319372Z aws-node[761]: INFO: plugin/kubernetes: 68 resource records
2026-09-27T14:00:49.319372Z aws-node[377]: INFO: plugin/ready: Still waiting on: "kubernetes"
2026-09-27T14:00:58.319372Z aws-node[377]: INFO: plugin/ready: Still waiting on: "kubernetes"
2026-09-27T14:01:07.319372Z aws-node[733]: INFO: Reloading configuration
2026-09-27T14:01:15.319372Z aws-node[235]: ERROR: upstream 10.100.41.115:53: read udp 10.133.154.175:43076->10.240.134.29:53: i/o timeout
2026-09-27T14:01:24.319372Z aws-node[518]: INFO: Health check OK
2026-09-27T14:01:32.319372Z aws-node[377]: INFO: plugin/ready: Still waiting on: "kubernetes"
2026-09-27T14:01:41.319372Z aws-node[733]: INFO: Reloading configuration
2026-09-27T14:01:50.319372Z aws-node[761]: INFO: plugin/kubernetes: 68 resource records
2026-09-27T14:01:58.319372Z aws-node[761]: INFO: plugin/kubernetes: 68 resource records
2026-09-27T14:02:07.319372Z aws-node[986]: ERROR: plugin/errors: 10.80.131.140:49335 - no such host
2026-09-27T14:02:16.319372Z aws-node[986]: ERROR: plugin/errors: 10.80.131.140:49335 - no such host
2026-09-27T14:02:24.319372Z aws-node[377]: INFO: plugin/ready: Still waiting on: "kubernetes"
2026-09-27T14:02:33.319372Z aws-node[761]: INFO: plugin/kubernetes: 68 resource records
2026-09-27T14:02:42.319372Z aws-node[733]: INFO: Reloading configuration
2026-09-27T14:02:50.319372Z aws-node[733]: INFO: Reloading configuration
2026-09-27T14:02:59.319372Z aws-node[377]: INFO: plugin/ready: Still waiting on: "kubernetes"
2026-09-27T14:03:08.319372Z aws-node[761]: INFO: plugin/kubernetes: 68 resource records
2026-09-27T14:03:16.319372Z aws-node[518]: INFO: Health check OK
2026-09-27T14:03:25.319372Z aws-node[518]: INFO: Health check OK
2026-09-27T14:03:33.319372Z aws-node[377]: INFO: plugin/ready: Still waiting on: "kubernetes"
2026-09-27T14:03:42.319372Z aws-node[377]: INFO: plugin/ready: Still waiting on: "kubernetes"
2026-09-27T14:03:51.319372Z aws-node[518]: INFO: Health check OK
2026-09-27T14:03:59.319372Z aws-node[377]: INFO: plugin/ready: Still waiting on: "kubernetes"
2026-09-27T14:04:08.319372Z aws-node[733]: INFO: Reloading configuration
2026-09-27T14:04:17.319372Z aws-node[377]: INFO: plugin/ready: Still waiting on: "kubernetes"
2026-09-27T14:04:25.319372Z aws-node[518]: INFO: Health check OK
2026-09-27T14:04:34.319372Z aws-node[518]: INFO: Health check OK
2026-09-27T14:04:43.319372Z aws-node[761]: INFO: plugin/kubernetes: 68 resource records
2026-09-27T14:04:51.319372Z aws-node[733]: INFO: Reloading configuration
2026-09-27T14:05:00.319372Z aws-node[761]: INFO: plugin/kubernetes: 68 resource records
2026-09-27T14:05:08.319372Z aws-node[761]: INFO: plugin/kubernetes: 68 resource records
2026-09-27T14:05:17.319372Z aws-node[761]: INFO: plugin/kubernetes: 68 resource records
2026-09-27T14:05:26.319372Z aws-node[377]: INFO: plugin/ready: Still waiting on: "kubernetes"
2026-09-27T14:05:34.319372Z aws-node[518]: INFO: Health check OK
2026-09-27T14:05:43.319372Z aws-node[518]: INFO: Health check OK
2026-09-27T14:05:52.319372Z aws-node[733]: INFO: Reloading configuration
2026-09-27T14:06:00.319372Z aws-node[733]: INFO: Reloading configuration
2026-09-27T14:06:09.319372Z aws-node[761]: INFO: plugin/kubernetes: 68 resource records
2026-09-27T14:06:18.319372Z aws-node[761]: INFO: plugin/kubernetes: 68 resource records
2026-09-27T14:06:26.319372Z aws-node[518]: INFO: Health check OK
2026-09-27T14:06:35.319372Z aws-node[518]: INFO: Health check OK
2026-09-27T14:06:44.319372Z aws-node[518]: INFO: Health check OK
2026-09-27T14:06:52.319372Z aws-node[733]: INFO: Reloading configuration
2026-09-27T14:07:01.319372Z aws-node[518]: INFO: Health check OK
2026-09-27T14:07:09.319372Z aws-node[518]: INFO: Health check OK
2026-09-27T14:07:18.319372Z aws-node[733]: INFO: Reloading configuration
2026-09-27T14:07:27.319372Z aws-node[761]: INFO: plugin/kubernetes: 68 resource records
2026-09-27T14:07:35.319372Z aws-node[761]: INFO: plugin/kubernetes: 68 resource records
2026-09-27T14:07:44.319372Z aws-node[761]: INFO: plugin/kubernetes: 68 resource records
2026-09-27T14:07:53.319372Z aws-node[518]: INFO: Health check OK
2026-09-27T14:08:01.319372Z aws-node[377]: INFO: plugin/ready: Still waiting on: "kubernetes"
2026-09-27T14:08:10.319372Z aws-node[518]: INFO: Health check OK
2026-09-27T14:08:19.319372Z aws-node[377]: INFO: plugin/ready: Still waiting on: "kubernetes"
2026-09-27T14:08:27.319372Z aws-node[518]: INFO: Health check OK
2026-09-27T14:08:36.319372Z aws-node[733]: INFO: Reloading configuration
2026-09-27T14:08:44.319372Z aws-node[761]: INFO: plugin/kubernetes: 68 resource records
2026-09-27T14:08:53.319372Z aws-node[733]: INFO: Reloading configuration
2026-09-27T14:09:02.319372Z aws-node[733]: INFO: Reloading configuration
2026-09-27T14:09:10.319372Z aws-node[377]: INFO: plugin/ready: Still waiting on: "kubernetes"
2026-09-27T14:09:19.319372Z aws-node[518]: INFO: Health check OK
2026-09-27T14:09:28.319372Z aws-node[733]: INFO: Reloading configuration
2026-09-27T14:09:36.319372Z aws-node[761]: INFO: plugin/kubernetes: 68 resource records
2026-09-27T14:09:45.319372Z aws-node[761]: INFO: plugin/kubernetes: 68 resource records
2026-09-27T14:09:54.319372Z aws-node[518]: INFO: Health check OK
2026-09-27T14:10:02.319372Z aws-node[377]: INFO: plugin/ready: Still waiting on: "kubernetes"
2026-09-27T14:10:11.319372Z aws-node[733]: INFO: Reloading configuration
2026-09-27T14:10:20.319372Z aws-node[761]: INFO: plugin/kubernetes: 68 resource records
2026-09-27T14:10:28.319372Z aws-node[518]: INFO: Health check OK
2026-09-27T14:10:37.319372Z aws-node[518]: INFO: Health check OK
2026-09-27T14:10:45.319372Z aws-node[377]: INFO: plugin/ready: Still waiting on: "kubernetes"
2026-09-27T14:10:54.319372Z aws-node[518]: INFO: Health check OK
2026-09-27T14:11:03.319372Z aws-node[761]: INFO: plugin/kubernetes: 68 resource records
2026-09-27T14:11:11.319372Z aws-node[518]: INFO: Health check OK
2026-09-27T14:11:20.319372Z aws-node[733]: INFO: Reloading configuration
2026-09-27T14:11:29.319372Z aws-node[377]: INFO: plugin/ready: Still waiting on: "kubernetes"
2026-09-27T14:11:37.319372Z aws-node[377]: INFO: plugin/ready: Still waiting on: "kubernetes"
2026-09-27T14:11:46.319372Z aws-node[377]: INFO: plugin/ready: Still waiting on: "kubernetes"
2026-09-27T14:11:55.319372Z aws-node[518]: INFO: Health check OK
2026-09-27T14:12:03.319372Z aws-node[377]: INFO: plugin/ready: Still waiting on: "kubernetes"
2026-09-27T14:12:12.319372Z aws-node[761]: INFO: plugin/kubernetes: 68 resource records
2026-09-27T14:12:20.319372Z aws-node[761]: INFO: plugin/kubernetes: 68 resource records
2026-09-27T14:12:29.319372Z aws-node[733]: INFO: Reloading configuration
2026-09-27T14:12:38.319372Z aws-node[518]: INFO: Health check OK
2026-09-27T14:12:46.319372Z aws-node[986]: ERROR: plugin/errors: 10.80.131.140:49335 - no such host
2026-09-27T14:12:55.319372Z aws-node[377]: INFO: plugin/ready: Still waiting on: "kubernetes"
2026-09-27T14:13:04.319372Z aws-node[761]: INFO: plugin/kubernetes: 68 resource records
2026-09-27T14:13:12.319372Z aws-node[377]: INFO: plugin/ready: Still waiting on: "kubernetes"
2026-09-27T14:13:21.319372Z aws-node[518]: INFO: Health check OK
2026-09-27T14:13:30.319372Z aws-node[518]: INFO: Health check OK
2026-09-27T14:13:38.319372Z aws-node[377]: INFO: plugin/ready: Still waiting on: "kubernetes"
2026-09-27T14:13:47.319372Z aws-node[518]: INFO: Health check OK
2026-09-27T14:13:56.319372Z aws-node[761]: INFO: plugin/kubernetes: 68 resource records
2026-09-27T14:14:04.319372Z aws-node[518]: INFO: Health check OK
2026-09-27T14:14:13.319372Z aws-node[377]: INFO: plugin/ready: Still waiting on: "kubernetes"
2026-09-27T14:14:21.319372Z aws-node[377]: INFO: plugin/ready: Still waiting on: "kubernetes"
2026-09-27T14:14:30.319372Z aws-node[761]: INFO: plugin/kubernetes: 68 resource records
2026-09-27T14:14:39.319372Z aws-node[761]: INFO: plugin/kubernetes: 68 resource records
2026-09-27T14:14:47.319372Z aws-node[761]: INFO: plugin/kubernetes: 68 resource records
2026-09-27T14:14:56.319372Z aws-node[377]: INFO: plugin/ready: Still waiting on: "kubernetes"
2026-09-27T14:15:05.319372Z aws-node[733]: INFO: Reloading configuration
2026-09-27T14:15:13.319372Z aws-node[518]: INFO: Health check OK
2026-09-27T14:15:22.319372Z aws-node[518]: INFO: Health check OK
2026-09-27T14:15:31.319372Z aws-node[377]: INFO: plugin/ready: Still waiting on: "kubernetes"
2026-09-27T14:15:39.319372Z aws-node[733]: INFO: Reloading configuration
2026-09-27T14:15:48.319372Z aws-node[377]: INFO: plugin/ready: Still waiting on: "kubernetes"
2026-09-27T14:15:56.319372Z aws-node[761]: INFO: plugin/kubernetes: 68 resource records
2026-09-27T14:16:05.319372Z aws-node[733]: INFO: Reloading configuration
2026-09-27T14:16:14.319372Z aws-node[518]: INFO: Health check OK
2026-09-27T14:16:22.319372Z aws-node[483]: WARN: too many open files
2026-09-27T14:16:31.319372Z aws-node[733]: INFO: Reloading configuration
2026-09-27T14:16:40.319372Z aws-node[377]: INFO: plugin/ready: Still waiting on: "kubernetes"
2026-09-27T14:16:48.319372Z aws-node[518]: INFO: Health check OK
2026-09-27T14:16:57.319372Z aws-node[377]: INFO: plugin/ready: Still waiting on: "kubernetes"
2026-09-27T14:17:06.319372Z aws-node[733]: INFO: Reloading configuration
2026-09-27T14:17:14.319372Z aws-node[518]: INFO: Health check OK
2026-09-27T14:17:23.319372Z aws-node[733]: INFO: Reloading configuration
2026-09-27T14:17:32.319372Z aws-node[733]: INFO: Reloading configuration
2026-09-27T14:17:40.319372Z aws-node[377]: INFO: plugin/ready: Still waiting on: "kubernetes"
2026-09-27T14:17:49.319372Z aws-node[377]: INFO: plugin/ready: Still waiting on: "kubernetes"
2026-09-27T14:17:57.319372Z aws-node[733]: INFO: Reloading configuration
2026-09-27T14:18:06.319372Z aws-node[761]: INFO: plugin/kubernetes: 68 resource records
2026-09-27T14:18:15.319372Z aws-node[377]: INFO: plugin/ready: Still waiting on: "kubernetes"
2026-09-27T14:18:23.319372Z aws-node[761]: INFO: plugin/kubernetes: 68 resource records
2026-09-27T14:18:32.319372Z aws-node[733]: INFO: Reloading configuration
2026-09-27T14:18:41.319372Z aws-node[518]: INFO: Health check OK
2026-09-27T14:18:49.319372Z aws-node[377]: INFO: plugin/ready: Still waiting on: "kubernetes"
2026-09-27T14:18:58.319372Z aws-node[518]: INFO: Health check OK
2026-09-27T14:19:07.319372Z aws-node[518]: INFO: Health check OK
2026-09-27T14:19:15.319372Z aws-node[518]: INFO: Health check OK
2026-09-27T14:19:24.319372Z aws-node[377]: INFO: plugin/ready: Still waiting on: "kubernetes"
2026-09-27T14:19:32.319372Z aws-node[986]: ERROR: plugin/errors: 10.80.131.140:49335 - no such host
2026-09-27T14:19:41.319372Z aws-node[733]: INFO: Reloading configuration
2026-09-27T14:19:50.319372Z aws-node[733]: INFO: Reloading configuration
2026-09-27T14:19:58.319372Z aws-node[377]: INFO: plugin/ready: Still waiting on: "kubernetes"
2026-09-27T14:20:07.319372Z aws-node[518]: INFO: Health check OK
2026-09-27T14:20:16.319372Z aws-node[518]: INFO: Health check OK
2026-09-27T14:20:24.319372Z aws-node[377]: INFO: plugin/ready: Still waiting on: "kubernetes"
2026-09-27T14:20:33.319372Z aws-node[761]: INFO: plugin/kubernetes: 68 resource records
2026-09-27T14:20:42.319372Z aws-node[761]: INFO: plugin/kubernetes: 68 resource records
2026-09-27T14:20:50.319372Z aws-node[377]: INFO: plugin/ready: Still waiting on: "kubernetes"
2026-09-27T14:20:59.319372Z aws-node[377]: INFO: plugin/ready: Still waiting on: "kubernetes"
2026-09-27T14:21:08.319372Z aws-node[761]: INFO: plugin/kubernetes: 68 resource records
2026-09-27T14:21:16.319372Z aws-node[761]: INFO: plugin/kubernetes: 68 resource records
2026-09-27T14:21:25.319372Z aws-node[733]: INFO: Reloading configuration
2026-09-27T14:21:33.319372Z aws-node[761]: INFO: plugin/kubernetes: 68 resource records
2026-09-27T14:21:42.319372Z aws-node[761]: INFO: plugin/kubernetes: 68 resource records
2026-09-27T14:21:51.319372Z aws-node[733]: INFO: Reloading configuration
2026-09-27T14:21:59.319372Z aws-node[518]: INFO: Health check OK
2026-09-27T14:22:08.319372Z aws-node[761]: INFO: plugin/kubernetes: 68 resource records
2026-09-27T14:22:17.319372Z aws-node[733]: INFO: Reloading configuration
2026-09-27T14:22:25.319372Z aws-node[761]: INFO: plugin/kubernetes: 68 resource records
2026-09-27T14:22:34.319372Z aws-node[518]: INFO: Health check OK
2026-09-27T14:22:43.319372Z aws-node[733]: INFO: Reloading configuration
2026-09-27T14:22:51.319372Z aws-node[518]: INFO: Health check OK
2026-09-27T14:23:00.319372Z aws-node[518]: INFO: Health check OK
2026-09-27T14:23:08.319372Z aws-node[761]: INFO: plugin/kubernetes: 68 resource records
2026-09-27T14:23:17.319372Z aws-node[733]: INFO: Reloading configuration
2026-09-27T14:23:26.319372Z aws-node[761]: INFO: plugin/kubernetes: 68 resource records
2026-09-27T14:23:34.319372Z aws-node[377]: INFO: plugin/ready: Still waiting on: "kubernetes"
2026-09-27T14:23:43.319372Z aws-node[733]: INFO: Reloading configuration
2026-09-27T14:23:52.319372Z aws-node[377]: INFO: plugin/ready: Still waiting on: "kubernetes"
2026-09-27T14:24:00.319372Z aws-node[733]: INFO: Reloading configuration
2026-09-27T14:24:09.319372Z aws-node[518]: INFO: Health check OK
2026-09-27T14:24:18.319372Z aws-node[518]: INFO: Health check OK
2026-09-27T14:24:26.319372Z aws-node[246]: ERROR: failed to list *v1.Service: Get "https://10.6.106.25:443": net/http: TLS handshake timeout
2026-09-27T14:24:35.319372Z aws-node[518]: INFO: Health check OK
2026-09-27T14:24:44.319372Z aws-node[733]: INFO: Reloading configuration
2026-09-27T14:24:52.319372Z aws-node[377]: INFO: plugin/ready: Still waiting on: "kubernetes"
2026-09-27T14:25:01.319372Z aws-node[377]: INFO: plugin/ready: Still waiting on: "kubernetes"
2026-09-27T14:25:09.319372Z aws-node[761]: INFO: plugin/kubernetes: 68 resource records
2026-09-27T14:25:18.319372Z aws-node[518]: INFO: Health check OK
2026-09-27T14:25:27.319372Z aws-node[761]: INFO: plugin/kubernetes: 68 resource records
2026-09-27T14:25:35.319372Z aws-node[377]: INFO: plugin/ready: Still waiting on: "kubernetes"
2026-09-27T14:25:44.319372Z aws-node[761]: INFO: plugin/kubernetes: 68 resource records
2026-09-27T14:25:53.319372Z aws-node[377]: INFO: plugin/ready: Still waiting on: "kubernetes"
2026-09-27T14:26:01.319372Z aws-node[733]: INFO: Reloading configuration
2026-09-27T14:26:10.319372Z aws-node[235]: ERROR: upstream 10.100.41.115:53: read udp 10.133.154.175:43076->10.240.134.29:53: i/o timeout
2026-09-27T14:26:19.319372Z aws-node[733]: INFO: Reloading configuration
2026-09-27T14:26:27.319372Z aws-node[518]: INFO: Health check OK
2026-09-27T14:26:36.319372Z aws-node[377]: INFO: plugin/ready: Still waiting on: "kubernetes"
2026-09-27T14:26:44.319372Z aws-node[518]: INFO: Health check OK
2026-09-27T14:26:53.319372Z aws-node[733]: INFO: Reloading configuration
2026-09-27T14:27:02.319372Z aws-node[733]: INFO: Reloading configuration
2026-09-27T14:27:10.319372Z aws-node[733]: INFO: Reloading configuration
2026-09-27T14:27:19.319372Z aws-node[733]: INFO: Reloading configuration
2026-09-27T14:27:28.319372Z aws-node[518]: INFO: Health check OK
2026-09-27T14:27:36.319372Z aws-node[761]: INFO: plugin/kubernetes: 68 resource records
2026-09-27T14:27:45.319372Z aws-node[518]: INFO: Health check OK
2026-09-27T14:27:54.319372Z aws-node[733]: INFO: Reloading configuration
2026-09-27T14:28:02.319372Z aws-node[518]: INFO: Health check OK
2026-09-27T14:28:11.319372Z aws-node[518]: INFO: Health check OK
2026-09-27T14:28:20.319372Z aws-node[761]: INFO: plugin/kubernetes: 68 resource records
2026-09-27T14:28:28.319372Z aws-node[733]: INFO: Reloading configuration
2026-09-27T14:28:37.319372Z aws-node[518]: INFO: Health check OK
2026-09-27T14:28:45.319372Z aws-node[377]: INFO: plugin/ready: Still waiting on: "kubernetes"
2026-09-27T14:28:54.319372Z aws-node[377]: INFO: plugin/ready: Still waiting on: "kubernetes"
2026-09-27T14:29:03.319372Z aws-node[733]: INFO: Reloading configuration
2026-09-27T14:29:11.319372Z aws-node[733]: INFO: Reloading configuration
2026-09-27T14:29:20.319372Z aws-node[733]: INFO: Reloading configuration
2026-09-27T14:29:29.319372Z aws-node[761]: INFO: plugin/kubernetes: 68 resource records
2026-09-27T14:29:37.319372Z aws-node[377]: INFO: plugin/ready: Still waiting on: "kubernetes"
2026-09-27T14:29:46.319372Z aws-node[733]: INFO: Reloading configuration
2026-09-27T14:29:55.319372Z aws-node[518]: INFO: Health check OK
2026-09-27T14:30:03.319372Z aws-node[761]: INFO: plugin/kubernetes: 68 resource records
2026-09-27T14:30:12.319372Z aws-node[761]: INFO: plugin/kubernetes: 68 resource records
2026-09-27T14:30:20.319372Z aws-node[518]: INFO: Health check OK
2026-09-27T14:30:29.319372Z aws-node[518]: INFO: Health check OK
2026-09-27T14:30:38.319372Z aws-node[761]: INFO: plugin/kubernetes: 68 resource records
2026-09-27T14:30:46.319372Z aws-node[761]: INFO: plugin/kubernetes: 68 resource records
2026-09-27T14:30:55.319372Z aws-node[518]: INFO: Health check OK
2026-09-27T14:31:04.319372Z aws-node[761]: INFO: plugin/kubernetes: 68 resource records
2026-09-27T14:31:12.319372Z aws-node[483]: WARN: too many open files
2026-09-27T14:31:21.319372Z aws-node[246]: ERROR: failed to list *v1.Service: Get "https://10.6.106.25:443": net/http: TLS handshake timeout
2026-09-27T14:31:30.319372Z aws-node[377]: INFO: plugin/ready: Still waiting on: "kubernetes"
2026-09-27T14:31:38.319372Z aws-node[518]: INFO: Health check OK
2026-09-27T14:31:47.319372Z aws-node[377]: INFO: plugin/ready: Still waiting on: "kubernetes"
2026-09-27T14:31:56.319372Z aws-node[377]: INFO: plugin/ready: Still waiting on: "kubernetes"
2026-09-27T14:32:04.319372Z aws-node[733]: INFO: Reloading configuration
2026-09-27T14:32:13.319372Z aws-node[986]: ERROR: plugin/errors: 10.80.131.140:49335 - no such host
2026-09-27T14:32:21.319372Z aws-node[733]: INFO: Reloading configuration
2026-09-27T14:32:30.319372Z aws-node[761]: INFO: plugin/kubernetes: 68 resource records
2026-09-27T14:32:39.319372Z aws-node[733]: INFO: Reloading configuration
2026-09-27T14:32:47.319372Z aws-node[377]: INFO: plugin/ready: Still waiting on: "kubernetes"
2026-09-27T14:32:56.319372Z aws-node[518]: INFO: Health check OK
2026-09-27T14:33:05.319372Z aws-node[377]: INFO: plugin/ready: Still waiting on: "kubernetes"
2026-09-27T14:33:13.319372Z aws-node[733]: INFO: Reloading configuration
2026-09-27T14:33:22.319372Z aws-node[518]: INFO: Health check OK
2026-09-27T14:33:31.319372Z aws-node[733]: INFO: Reloading configuration
2026-09-27T14:33:39.319372Z aws-node[761]: INFO: plugin/kubernetes: 68 resource records
2026-09-27T14:33:48.319372Z aws-node[518]: INFO: Health check OK
2026-09-27T14:33:56.319372Z aws-node[377]: INFO: plugin/ready: Still waiting on: "kubernetes"
2026-09-27T14:34:05.319372Z aws-node[377]: INFO: plugin/ready: Still waiting on: "kubernetes"
2026-09-27T14:34:14.319372Z aws-node[518]: INFO: Health check OK
2026-09-27T14:34:22.319372Z aws-node[733]: INFO: Reloading configuration
2026-09-27T14:34:31.319372Z aws-node[733]: INFO: Reloading configuration
2026-09-27T14:34:40.319372Z aws-node[761]: INFO: plugin/kubernetes: 68 resource records
2026-09-27T14:34:48.319372Z aws-node[483]: WARN: too many open files
2026-09-27T14:34:57.319372Z aws-node[377]: INFO: plugin/ready: Still waiting on: "kubernetes"
2026-09-27T14:35:06.319372Z aws-node[733]: INFO: Reloading configuration
2026-09-27T14:35:14.319372Z aws-node[377]: INFO: plugin/ready: Still waiting on: "kubernetes"
2026-09-27T14:35:23.319372Z aws-node[518]: INFO: Health check OK
