2026-09-27T08:35:32.319372Z aws-node[518]: INFO: Health check OK
2026-09-27T08:35:40.319372Z aws-node[733]: INFO: Reloading configuration
2026-09-27T08:35:49.319372Z aws-node[377]: INFO: plugin/ready: Still waiting on: "kubernetes"
2026-09-27T08:35:57.319372Z aws-node[377]: INFO: plugin/ready: Still waiting on: "kubernetes"
2026-09-27T08:36:06.319372Z aws-node[518]: INFO: Health check OK
2026-09-27T08:36:15.319372Z aws-node[761]: INFO: plugin/kubernetes: 68 resource records
2026-09-27T08:36:23.319372Z aws-node[518]: INFO: Health check OK
2026-09-27T08:36:32.319372Z aws-node[733]: INFO: Reloading configuration
2026-09-27T08:36:41.319372Z aws-node[761]: INFO: plugin/kubernetes: 68 resource records
2026-09-27T08:36:49.319372Z aws-node[733]: INFO: Reloading configuration
2026-09-27T08:36:58.319372Z aws-node[733]: INFO: Reloading configuration
2026-09-27T08:37:07.319372Z aws-node[733]: INFO: Reloading configuration
2026-09-27T08:37:15.319372Z aws-node[733]: INFO: Reloading configuration
2026-09-27T08:37:24.319372Z aws-node[518]: INFO: Health check OK
2026-09-27T08:37:32.319372Z aws-node[733]: INFO: Reloading configuration
2026-09-27T08:37:41.319372Z aws-node[377]: INFO: plugin/ready: Still waiting on: "kubernetes"
2026-09-27T08:37:50.319372Z aws-node[761]: INFO: plugin/kubernetes: 68 resource records
2026-09-27T08:37:58.319372Z aws-node[761]: INFO: plugin/kubernetes: 68 resource records
2026-09-27T08:38:07.319372Z aws-node[518]: INFO: Health check OK
2026-09-27T08:38:16.319372Z aws-node[377]: INFO: plugin/ready: Still waiting on: "kubernetes"
2026-09-27T08:38:24.319372Z aws-node[377]: INFO: plugin/ready: Still waiting on: "kubernetes"
2026-09-27T08:38:33.319372Z aws-node[761]: INFO: plugin/kubernetes: 68 resource records
2026-09-27T08:38:42.319372Z aws-node[761]: INFO: plugin/kubernetes: 68 resource records
2026-09-27T08:38:50.319372Z aws-node[733]: INFO: Reloading configuration
2026-09-27T08:38:59.319372Z aws-node[483]: WARN: too many open files
2026-09-27T08:39:08.319372Z aws-node[761]: INFO: plugin/kubernetes: 68 resource records
2026-09-27T08:39:16.319372Z aws-node[377]: INFO: plugin/ready: Still waiting on: "kubernetes"
2026-09-27T08:39:25.319372Z aws-node[377]: INFO: plugin/ready: Still waiting on: "kubernetes"
2026-09-27T08:39:33.319372Z aws-node[518]: INFO: Health check OK
2026-09-27T08:39:42.319372Z aws-node[377]: INFO: plugin/ready: Still waiting on: "kubernetes"
2026-09-27T08:39:51.319372Z aws-node[733]: INFO: Reloading configuration
2026-09-27T08:39:59.319372Z aws-node[518]: INFO: Health check OK
2026-09-27T08:40:08.319372Z aws-node[518]: INFO: Health check OK
2026-09-27T08:40:17.319372Z aws-node[377]: INFO: plugin/ready: Still waiting on: "kubernetes"
2026-09-27T08:40:25.319372Z aws-node[246]: ERROR: failed to list *v1.Service: Get "https://10.6.106.25:443": net/http: TLS handshake timeout
2026-09-27T08:40:34.319372Z aws-node[377]: INFO: plugin/ready: Still waiting on: "kubernetes"
2026-09-27T08:40:43.319372Z aws-node[761]: INFO: plugin/kubernetes: 68 resource records
2026-09-27T08:40:51.319372Z aws-node[377]: INFO: plugin/ready: Still waiting on: "kubernetes"
2026-09-27T08:41:00.319372Z aws-node[377]: INFO: plugin/ready: Still waiting on: "kubernetes"
2026-09-27T08:41:08.319372Z aws-node[761]: INFO: plugin/kubernetes: 68 resource records
2026-09-27T08:41:17.319372Z aws-node[518]: INFO: Health check OK
2026-09-27T08:41:26.319372Z aws-node[733]: INFO: Reloading configuration
2026-09-27T08:41:34.319372Z aws-node[761]: INFO: plugin/kubernetes: 68 resource records
2026-09-27T08:41:43.319372Z aws-node[733]: INFO: Reloading configuration
2026-09-27T08:41:52.319372Z aws-node[518]: INFO: Health check OK
2026-09-27T08:42:00.319372Z aws-node[761]: INFO: plugin/kubernetes: 68 resource records
2026-09-27T08:42:09.319372Z aws-node[733]: INFO: Reloading configuration
2026-09-27T08:42:18.319372Z aws-node[761]: INFO: plugin/kubernetes: 68 resource records
2026-09-27T08:42:26.319372Z aws-node[733]: INFO: Reloading configuration
2026-09-27T08:42:35.319372Z aws-node[377]: INFO: plugin/ready: Still waiting on: "kubernetes"
2026-09-27T08:42:44.319372Z aws-node[377]: INFO: plugin/ready: Still waiting on: "kubernetes"
2026-09-27T08:42:52.319372Z aws-node[761]: INFO: plugin/kubernetes: 68 resource records
2026-09-27T08:43:01.319372Z aws-node[518]: INFO: Health check OK
2026-09-27T08:43:09.319372Z aws-node[761]: INFO: plugin/kubernetes: 68 resource records
2026-09-27T08:43:18.319372Z aws-node[733]: INFO: Reloading configuration
2026-09-27T08:43:27.319372Z aws-node[733]: INFO: Reloading configuration
2026-09-27T08:43:35.319372Z aws-node[761]: INFO: plugin/kubernetes: 68 resource records
2026-09-27T08:43:44.319372Z aws-node[733]: INFO: Reloading configuration
2026-09-27T08:43:53.319372Z aws-node[518]: INFO: Health check OK
2026-09-27T08:44:01.319372Z aws-node[733]: INFO: Reloading configuration
2026-09-27T08:44:10.319372Z aws-node[761]: INFO: plugin/kubernetes: 68 resource records
2026-09-27T08:44:19.319372Z aws-node[377]: INFO: plugin/ready: Still waiting on: "kubernetes"
2026-09-27T08:44:27.319372Z aws-node[733]: INFO: Reloading configuration
2026-09-27T08:44:36.319372Z aws-node[377]: INFO: plugin/ready: Still waiting on: "kubernetes"
2026-09-27T08:44:44.319372Z aws-node[377]: INFO: plugin/ready: Still waiting on: "kubernetes"
2026-09-27T08:44:53.319372Z aws-node[377]: INFO: plugin/ready: Still waiting on: "kubernetes"
2026-09-27T08:45:02.319372Z aws-node[733]: INFO: Reloading configuration
2026-09-27T08:45:10.319372Z aws-node[761]: INFO: plugin/kubernetes: 68 resource records
2026-09-27T08:45:19.319372Z aws-node[377]: INFO: plugin/ready: Still waiting on: "kubernetes"
2026-09-27T08:45:28.319372Z aws-node[518]: INFO: Health check OK
2026-09-27T08:45:36.319372Z aws-node[518]: INFO: Health check OK
2026-09-27T08:45:45.319372Z aws-node[733]: INFO: Reloading configuration
2026-09-27T08:45:54.319372Z aws-node[761]: INFO: plugin/kubernetes: 68 resource records
2026-09-27T08:46:02.319372Z aws-node[761]: INFO: plugin/kubernetes: 68 resource records
2026-09-27T08:46:11.319372Z aws-node[761]: INFO: plugin/kubernetes: 68 resource records
2026-09-27T08:46:20.319372Z aws-node[518]: INFO: Health check OK
2026-09-27T08:46:28.319372Z aws-node[761]: INFO: plugin/kubernetes: 68 resource records
2026-09-27T08:46:37.319372Z aws-node[761]: INFO: plugin/kubernetes: 68 resource records
2026-09-27T08:46:45.319372Z aws-node[761]: INFO: plugin/kubernetes: 68 resource records
2026-09-27T08:46:54.319372Z aws-node[377]: INFO: plugin/ready: Still waiting on: "kubernetes"
2026-09-27T08:47:03.319372Z aws-node[377]: INFO: plugin/ready: Still waiting on: "kubernetes"
2026-09-27T08:47:11.319372Z aws-node[733]: INFO: Reloading configuration
2026-09-27T08:47:20.319372Z aws-node[518]: INFO: Health check OK
2026-09-27T08:47:29.319372Z aws-node[518]: INFO: Health check OK
2026-09-27T08:47:37.319372Z aws-node[761]: INFO: plugin/kubernetes: 68 resource records
2026-09-27T08:47:46.319372Z aws-node[377]: INFO: plugin/ready: Still waiting on: "kubernetes"
2026-09-27T08:47:55.319372Z aws-node[761]: INFO: plugin/kubernetes: 68 resource records
2026-09-27T08:48:03.319372Z aws-node[761]: INFO: plugin/kubernetes: 68 resource records
2026-09-27T08:48:12.319372Z aws-node[518]: INFO: Health check OK
2026-09-27T08:48:20.319372Z aws-node[761]: INFO: plugin/kubernetes: 68 resource records
2026-09-27T08:48:29.319372Z aws-node[518]: INFO: Health check OK
2026-09-27T08:48:38.319372Z aws-node[377]: INFO: plugin/ready: Still waiting on: "kubernetes"
2026-09-27T08:48:46.319372Z aws-node[377]: INFO: plugin/ready: Still waiting on: "kubernetes"
2026-09-27T08:48:55.319372Z aws-node[733]: INFO: Reloading configuration
2026-09-27T08:49:04.319372Z aws-node[733]: INFO: Reloading configuration
2026-09-27T08:49:12.319372Z aws-node[761]: INFO: plugin/kubernetes: 68 resource records
2026-09-27T08:49:21.319372Z aws-node[377]: INFO: plugin/ready: Still waiting on: "kubernetes"
2026-09-27T08:49:30.319372Z aws-node[377]: INFO: plugin/ready: Still waiting on: "kubernetes"
2026-09-27T08:49:38.319372Z aws-node[761]: INFO: plugin/kubernetes: 68 resource records
2026-09-27T08:49:47.319372Z aws-node[986]: ERROR: plugin/errors: 10.80.131.140:49335 - no such host
2026-09-27T08:49:56.319372Z aws-node[483]: WARN: too many open files
2026-09-27T08:50:04.319372Z aws-node[377]: INFO: plugin/ready: Still waiting on: "kubernetes"
2026-09-27T08:50:13.319372Z aws-node[733]: INFO: Reloading configuration
2026-09-27T08:50:21.319372Z aws-node[761]: INFO: plugin/kubernetes: 68 resource records
2026-09-27T08:50:30.319372Z aws-node[761]: INFO: plugin/kubernetes: 68 resource records
2026-09-27T08:50:39.319372Z aws-node[733]: INFO: Reloading configuration
2026-09-27T08:50:47.319372Z aws-node[733]: INFO: Reloading configuration
2026-09-27T08:50:56.319372Z aws-node[377]: INFO: plugin/ready: Still waiting on: "kubernetes"
2026-09-27T08:51:05.319372Z aws-node[733]: INFO: Reloading configuration
2026-09-27T08:51:13.319372Z aws-node[518]: INFO: Health check OK
2026-09-27T08:51:22.319372Z aws-node[377]: INFO: plugin/ready: Still waiting on: "kubernetes"
2026-09-27T08:51:31.319372Z aws-node[518]: INFO: Health check OK
2026-09-27T08:51:39.319372Z aws-node[733]: INFO: Reloading configuration
2026-09-27T08:51:48.319372Z aws-node[377]: INFO: plugin/ready: Still waiting on: "kubernetes"
2026-09-27T08:51:56.319372Z aws-node[377]: INFO: plugin/ready: Still waiting on: "kubernetes"
2026-09-27T08:52:05.319372Z aws-node[761]: INFO: plugin/kubernetes: 68 resource records
2026-09-27T08:52:14.319372Z aws-node[733]: INFO: Reloading configuration
2026-09-27T08:52:22.319372Z aws-node[377]: INFO: plugin/ready: Still waiting on: "kubernetes"
2026-09-27T08:52:31.319372Z aws-node[377]: INFO: plugin/ready: Still waiting on: "kubernetes"
2026-09-27T08:52:40.319372Z aws-node[518]: INFO: Health check OK
2026-09-27T08:52:48.319372Z aws-node[733]: INFO: Reloading configuration
2026-09-27T08:52:57.319372Z aws-node[518]: INFO: Health check OK
2026-09-27T08:53:06.319372Z aws-node[761]: INFO: plugin/kubernetes: 68 resource records
2026-09-27T08:53:14.319372Z aws-node[518]: INFO: Health check OK
2026-09-27T08:53:23.319372Z aws-node[377]: INFO: plugin/ready: Still waiting on: "kubernetes"
2026-09-27T08:53:32.319372Z aws-node[733]: INFO: Reloading configuration
2026-09-27T08:53:40.319372Z aws-node[733]: INFO: Reloading configuration
2026-09-27T08:53:49.319372Z aws-node[518]: INFO: Health check OK
2026-09-27T08:53:57.319372Z aws-node[518]: INFO: Health check OK
2026-09-27T08:54:06.319372Z aws-node[518]: INFO: Health check OK
2026-09-27T08:54:15.319372Z aws-node[761]: INFO: plugin/kubernetes: 68 resource records
2026-09-27T08:54:23.319372Z aws-node[518]: INFO: Health check OK
2026-09-27T08:54:32.319372Z aws-node[761]: INFO: plugin/kubernetes: 68 resource records
2026-09-27T08:54:41.319372Z aws-node[518]: INFO: Health check OK
2026-09-27T08:54:49.319372Z aws-node[733]: INFO: Reloading configuration
2026-09-27T08:54:58.319372Z aws-node[761]: INFO: plugin/kubernetes: 68 resource records
2026-09-27T08:55:07.319372Z aws-node[377]: INFO: plugin/ready: Still waiting on: "kubernetes"
2026-09-27T08:55:15.319372Z aws-node[733]: INFO: Reloading configuration
2026-09-27T08:55:24.319372Z aws-node[518]: INFO: Health check OK
2026-09-27T08:55:32.319372Z aws-node[733]: INFO: Reloading configuration
2026-09-27T08:55:41.319372Z aws-node[377]: INFO: plugin/ready: Still waiting on: "kubernetes"
2026-09-27T08:55:50.319372Z aws-node[518]: INFO: Health check OK
2026-09-27T08:55:58.319372Z aws-node[761]: INFO: plugin/kubernetes: 68 resource records
2026-09-27T08:56:07.319372Z aws-node[761]: INFO: plugin/kubernetes: 68 resource records
2026-09-27T08:56:16.319372Z aws-node[733]: INFO: Reloading configuration
2026-09-27T08:56:24.319372Z aws-node[377]: INFO: plugin/ready: Still waiting on: "kubernetes"
2026-09-27T08:56:33.319372Z aws-node[377]: INFO: plugin/ready: Still waiting on: "kubernetes"
2026-09-27T08:56:42.319372Z aws-node[377]: INFO: plugin/ready: Still waiting on: "kubernetes"
2026-09-27T08:56:50.319372Z aws-node[761]: INFO: plugin/kubernetes: 68 resource records
2026-09-27T08:56:59.319372Z aws-node[518]: INFO: Health check OK
2026-09-27T08:57:08.319372Z aws-node[733]: INFO: Reloading configuration
2026-09-27T08:57:16.319372Z aws-node[761]: INFO: plugin/kubernetes: 68 resource records
2026-09-27T08:57:25.319372Z aws-node[733]: INFO: Reloading configuration
2026-09-27T08:57:33.319372Z aws-node[761]: INFO: plugin/kubernetes: 68 resource records
2026-09-27T08:57:42.319372Z aws-node[377]: INFO: plugin/ready: Still waiting on: "kubernetes"
2026-09-27T08:57:51.319372Z aws-node[377]: INFO: plugin/ready: Still waiting on: "kubernetes"
2026-09-27T08:57:59.319372Z aws-node[761]: INFO: plugin/kubernetes: 68 resource records
2026-09-27T08:58:08.319372Z aws-node[761]: INFO: plugin/kubernetes: 68 resource records
2026-09-27T08:58:17.319372Z aws-node[483]: WARN: too many open files
2026-09-27T08:58:25.319372Z aws-node[377]: INFO: plugin/ready: Still waiting on: "kubernetes"
2026-09-27T08:58:34.319372Z aws-node[518]: INFO: Health check OK
2026-09-27T08:58:43.319372Z aws-node[761]: INFO: plugin/kubernetes: 68 resource records
2026-09-27T08:58:51.319372Z aws-node[733]: INFO: Reloading configuration
2026-09-27T08:59:00.319372Z aws-node[733]: INFO: Reloading configuration
2026-09-27T08:59:08.319372Z aws-node[733]: INFO: Reloading configuration
2026-09-27T08:59:17.319372Z aws-node[733]: INFO: Reloading configuration
2026-09-27T08:59:26.319372Z aws-node[518]: INFO: Health check OK
2026-09-27T08:59:34.319372Z aws-node[518]: INFO: Health check OK
2026-09-27T08:59:43.319372Z aws-node[733]: INFO: Reloading configuration
2026-09-27T08:59:52.319372Z aws-node[377]: INFO: plugin/ready: Still waiting on: "kubernetes"
2026-09-27T09:00:00.319372Z aws-node[246]: ERROR: failed to list *v1.Service: Get "https://10.6.106.25:443": net/http: TLS handshake timeout
2026-09-27T09:00:09.319372Z aws-node[733]: INFO: Reloading configuration
2026-09-27T09:00:18.319372Z aws-node[733]: INFO: Reloading configuration
2026-09-27T09:00:26.319372Z aws-node[761]: INFO: plugin/kubernetes: 68 resource records
2026-09-27T09:00:35.319372Z aws-node[761]: INFO: plugin/kubernetes: 68 resource records
2026-09-27T09:00:44.319372Z aws-node[761]: INFO: plugin/kubernetes: 68 resource records
2026-09-27T09:00:52.319372Z aws-node[761]: INFO: plugin/kubernetes: 68 resource records
2026-09-27T09:01:01.319372Z aws-node[733]: INFO: Reloading configuration
2026-09-27T09:01:09.319372Z aws-node[761]: INFO: plugin/kubernetes: 68 resource records
2026-09-27T09:01:18.319372Z aws-node[761]: INFO: plugin/kubernetes: 68 resource records
2026-09-27T09:01:27.319372Z aws-node[761]: INFO: plugin/kubernetes: 68 resource records
2026-09-27T09:01:35.319372Z aws-node[377]: INFO: plugin/ready: Still waiting on: "kubernetes"
2026-09-27T09:01:44.319372Z aws-node[518]: INFO: Health check OK
2026-09-27T09:01:53.319372Z aws-node[518]: INFO: Health check OK
2026-09-27T09:02:01.319372Z aws-node[733]: INFO: Reloading configuration
2026-09-27T09:02:10.319372Z aws-node[518]: INFO: Health check OK
2026-09-27T09:02:19.319372Z aws-node[377]: INFO: plugin/ready: Still waiting on: "kubernetes"
2026-09-27T09:02:27.319372Z aws-node[518]: INFO: Health check OK
2026-09-27T09:02:36.319372Z aws-node[377]: INFO: plugin/ready: Still waiting on: "kubernetes"
2026-09-27T09:02:44.319372Z aws-node[761]: INFO: plugin/kubernetes: 68 resource records
2026-09-27T09:02:53.319372Z aws-node[733]: INFO: Reloading configuration
2026-09-27T09:03:02.319372Z aws-node[377]: INFO: plugin/ready: Still waiting on: "kubernetes"
2026-09-27T09:03:10.319372Z aws-node[761]: INFO: plugin/kubernetes: 68 resource records
2026-09-27T09:03:19.319372Z aws-node[761]: INFO: plugin/kubernetes: 68 resource records
2026-09-27T09:03:28.319372Z aws-node[761]: INFO: plugin/kubernetes: 68 resource records
2026-09-27T09:03:36.319372Z aws-node[986]: ERROR: plugin/errors: 10.80.131.140:49335 - no such host
2026-09-27T09:03:45.319372Z aws-node[761]: INFO: plugin/kubernetes: 68 resource records
2026-09-27T09:03:54.319372Z aws-node[761]: INFO: plugin/kubernetes: 68 resource records
2026-09-27T09:04:02.319372Z aws-node[733]: INFO: Reloading configuration
2026-09-27T09:04:11.319372Z aws-node[761]: INFO: plugin/kubernetes: 68 resource records
2026-09-27T09:04:20.319372Z aws-node[761]: INFO: plugin/kubernetes: 68 resource records
2026-09-27T09:04:28.319372Z aws-node[518]: INFO: Health check OK
2026-09-27T09:04:37.319372Z aws-node[761]: INFO: plugin/kubernetes: 68 resource records
2026-09-27T09:04:45.319372Z aws-node[377]: INFO: plugin/ready: Still waiting on: "kubernetes"
2026-09-27T09:04:54.319372Z aws-node[733]: INFO: Reloading configuration
2026-09-27T09:05:03.319372Z aws-node[761]: INFO: plugin/kubernetes: 68 resource records
2026-09-27T09:05:11.319372Z aws-node[518]: INFO: Health check OK
2026-09-27T09:05:20.319372Z aws-node[235]: ERROR: upstream 10.100.41.115:53: read udp 10.133.154.175:43076->10.240.134.29:53: i/o timeout
2026-09-27T09:05:29.319372Z aws-node[518]: INFO: Health check OK
2026-09-27T09:05:37.319372Z aws-node[377]: INFO: plugin/ready: Still waiting on: "kubernetes"
2026-09-27T09:05:46.319372Z aws-node[733]: INFO: Reloading configuration
2026-09-27T09:05:55.319372Z aws-node[377]: INFO: plugin/ready: Still waiting on: "kubernetes"
2026-09-27T09:06:03.319372Z aws-node[518]: INFO: Health check OK
2026-09-27T09:06:12.319372Z aws-node[377]: INFO: plugin/ready: Still waiting on: "kubernetes"
2026-09-27T09:06:20.319372Z aws-node[377]: INFO: plugin/ready: Still waiting on: "kubernetes"
2026-09-27T09:06:29.319372Z aws-node[733]: INFO: Reloading configuration
2026-09-27T09:06:38.319372Z aws-node[986]: ERROR: plugin/errors: 10.80.131.140:49335 - no such host
2026-09-27T09:06:46.319372Z aws-node[235]: ERROR: upstream 10.100.41.115:53: read udp 10.133.154.175:43076->10.240.134.29:53: i/o timeout
2026-09-27T09:06:55.319372Z aws-node[377]: INFO: plugin/ready: Still waiting on: "kubernetes"
2026-09-27T09:07:04.319372Z aws-node[761]: INFO: plugin/kubernetes: 68 resource records
2026-09-27T09:07:12.319372Z aws-node[518]: INFO: Health check OK
2026-09-27T09:07:21.319372Z aws-node[761]: INFO: plugin/kubernetes: 68 resource records
2026-09-27T09:07:30.319372Z aws-node[377]: INFO: plugin/ready: Still waiting on: "kubernetes"
2026-09-27T09:07:38.319372Z aws-node[518]: INFO: Health check OK
2026-09-27T09:07:47.319372Z aws-node[733]: INFO: Reloading configuration
2026-09-27T09:07:56.319372Z aws-node[761]: INFO: plugin/kubernetes: 68 resource records
2026-09-27T09:08:04.319372Z aws-node[733]: INFO: Reloading configuration
2026-09-27T09:08:13.319372Z aws-node[377]: INFO: plugin/ready: Still waiting on: "kubernetes"
2026-09-27T09:08:21.319372Z aws-node[377]: INFO: plugin/ready: Still waiting on: "kubernetes"
2026-09-27T09:08:30.319372Z aws-node[518]: INFO: Health check OK
2026-09-27T09:08:39.319372Z aws-node[518]: INFO: Health check OK
2026-09-27T09:08:47.319372Z aws-node[518]: INFO: Health check OK
2026-09-27T09:08:56.319372Z aws-node[761]: INFO: plugin/kubernetes: 68 resource records
2026-09-27T09:09:05.319372Z aws-node[377]: INFO: plugin/ready: Still waiting on: "kubernetes"
2026-09-27T09:09:13.319372Z aws-node[377]: INFO: plugin/ready: Still waiting on: "kubernetes"
2026-09-27T09:09:22.319372Z aws-node[733]: INFO: Reloading configuration
2026-09-27T09:09:31.319372Z aws-node[518]: INFO: Health check OK
2026-09-27T09:09:39.319372Z aws-node[518]: INFO: Health check OK
2026-09-27T09:09:48.319372Z aws-node[377]: INFO: plugin/ready: Still waiting on: "kubernetes"
2026-09-27T09:09:56.319372Z aws-node[986]: ERROR: plugin/errors: 10.80.131.140:49335 - no such host
2026-09-27T09:10:05.319372Z aws-node[761]: INFO: plugin/kubernetes: 68 resource records
2026-09-27T09:10:14.319372Z aws-node[761]: INFO: plugin/kubernetes: 68 resource records
2026-09-27T09:10:22.319372Z aws-node[246]: ERROR: failed to list *v1.Service: Get "https://10.6.106.25:443": net/http: TLS handshake timeout
2026-09-27T09:10:31.319372Z aws-node[761]: INFO: plugin/kubernetes: 68 resource records
2026-09-27T09:10:40.319372Z aws-node[518]: INFO: Health check OK
2026-09-27T09:10:48.319372Z aws-node[518]: INFO: Health check OK
2026-09-27T09:10:57.319372Z aws-node[518]: INFO: Health check OK
2026-09-27T09:11:06.319372Z aws-node[761]: INFO: plugin/kubernetes: 68 resource records
2026-09-27T09:11:14.319372Z aws-node[377]: INFO: plugin/ready: Still waiting on: "kubernetes"
2026-09-27T09:11:23.319372Z aws-node[377]: INFO: plugin/ready: Still waiting on: "kubernetes"
2026-09-27T09:11:32.319372Z aws-node[761]: INFO: plugin/kubernetes: 68 resource records
2026-09-27T09:11:40.319372Z aws-node[377]: INFO: plugin/ready: Still waiting on: "kubernetes"
2026-09-27T09:11:49.319372Z aws-node[986]: ERROR: plugin/errors: 10.80.131.140:49335 - no such host
2026-09-27T09:11:57.319372Z aws-node[518]: INFO: Health check OK
2026-09-27T09:12:06.319372Z aws-node[733]: INFO: Reloading configuration
2026-09-27T09:12:15.319372Z aws-node[377]: INFO: plugin/ready: Still waiting on: "kubernetes"
2026-09-27T09:12:23.319372Z aws-node[761]: INFO: plugin/kubernetes: 68 resource records
2026-09-27T09:12:32.319372Z aws-node[761]: INFO: plugin/kubernetes: 68 resource records
2026-09-27T09:12:41.319372Z aws-node[518]: INFO: Health check OK
2026-09-27T09:12:49.319372Z aws-node[518]: INFO: Health check OK
2026-09-27T09:12:58.319372Z aws-node[761]: INFO: plugin/kubernetes: 68 resource records
2026-09-27T09:13:07.319372Z aws-node[733]: INFO: Reloading configuration
2026-09-27T09:13:15.319372Z aws-node[761]: INFO: plugin/kubernetes: 68 resource records
2026-09-27T09:13:24.319372Z aws-node[518]: INFO: Health check OK
2026-09-27T09:13:32.319372Z aws-node[733]: INFO: Reloading configuration
2026-09-27T09:13:41.319372Z aws-node[733]: INFO: Reloading configuration
2026-09-27T09:13:50.319372Z aws-node[518]: INFO: Health check OK
2026-09-27T09:13:58.319372Z aws-node[761]: INFO: plugin/kubernetes: 68 resource records
2026-09-27T09:14:07.319372Z aws-node[733]: INFO: Reloading configuration
2026-09-27T09:14:16.319372Z aws-node[761]: INFO: plugin/kubernetes: 68 resource records
2026-09-27T09:14:24.319372Z aws-node[518]: INFO: Health check OK
2026-09-27T09:14:33.319372Z aws-node[761]: INFO: plugin/kubernetes: 68 resource records
2026-09-27T09:14:42.319372Z aws-node[761]: INFO: plugin/kubernetes: 68 resource records
2026-09-27T09:14:50.319372Z aws-node[377]: INFO: plugin/ready: Still waiting on: "kubernetes"
2026-09-27T09:14:59.319372Z aws-node[761]: INFO: plugin/kubernetes: 68 resource records
2026-09-27T09:15:08.319372Z aws-node[377]: INFO: plugin/ready: Still waiting on: "kubernetes"
2026-09-27T09:15:16.319372Z aws-node[518]: INFO: Health check OK
2026-09-27T09:15:25.319372Z aws-node[518]: INFO: Health check OK
2026-09-27T09:15:33.319372Z aws-node[377]: INFO: plugin/ready: Still waiting on: "kubernetes"
2026-09-27T09:15:42.319372Z aws-node[761]: INFO: plugin/kubernetes: 68 resource records
2026-09-27T09:15:51.319372Z aws-node[518]: INFO: Health check OK
2026-09-27T09:15:59.319372Z aws-node[518]: INFO: Health check OK
2026-09-27T09:16:08.319372Z aws-node[377]: INFO: plugin/ready: Still waiting on: "kubernetes"
2026-09-27T09:16:17.319372Z aws-node[518]: INFO: Health check OK
2026-09-27T09:16:25.319372Z aws-node[761]: INFO: plugin/kubernetes: 68 resource records
2026-09-27T09:16:34.319372Z aws-node[761]: INFO: plugin/kubernetes: 68 resource records
2026-09-27T09:16:43.319372Z aws-node[377]: INFO: plugin/ready: Still waiting on: "kubernetes"
2026-09-27T09:16:51.319372Z aws-node[518]: INFO: Health check OK
2026-09-27T09:17:00.319372Z aws-node[733]: INFO: Reloading configuration
2026-09-27T09:17:08.319372Z aws-node[377]: INFO: plugin/ready: Still waiting on: "kubernetes"
2026-09-27T09:17:17.319372Z aws-node[377]: INFO: plugin/ready: Still waiting on: "kubernetes"
2026-09-27T09:17:26.319372Z aws-node[761]: INFO: plugin/kubernetes: 68 resource records
2026-09-27T09:17:34.319372Z aws-node[377]: INFO: plugin/ready: Still waiting on: "kubernetes"
2026-09-27T09:17:43.319372Z aws-node[377]: INFO: plugin/ready: Still waiting on: "kubernetes"
2026-09-27T09:17:52.319372Z aws-node[761]: INFO: plugin/kubernetes: 68 resource records
2026-09-27T09:18:00.319372Z aws-node[733]: INFO: Reloading configuration
2026-09-27T09:18:09.319372Z aws-node[761]: INFO: plugin/kubernetes: 68 resource records
2026-09-27T09:18:18.319372Z aws-node[761]: INFO: plugin/kubernetes: 68 resource records
2026-09-27T09:18:26.319372Z aws-node[761]: INFO: plugin/kubernetes: 68 resource records
2026-09-27T09:18:35.319372Z aws-node[733]: INFO: Reloading configuration
2026-09-27T09:18:44.319372Z aws-node[761]: INFO: plugin/kubernetes: 68 resource records
2026-09-27T09:18:52.319372Z aws-node[733]: INFO: Reloading configuration
2026-09-27T09:19:01.319372Z aws-node[235]: ERROR: upstream 10.100.41.115:53: read udp 10.133.154.175:43076->10.240.134.29:53: i/o timeout
2026-09-27T09:19:09.319372Z aws-node[761]: INFO: plugin/kubernetes: 68 resource records
2026-09-27T09:19:18.319372Z aws-node[761]: INFO: plugin/kubernetes: 68 resource records
2026-09-27T09:19:27.319372Z aws-node[761]: INFO: plugin/kubernetes: 68 resource records
2026-09-27T09:19:35.319372Z aws-node[377]: INFO: plugin/ready: Still waiting on: "kubernetes"
2026-09-27T09:19:44.319372Z aws-node[733]: INFO: Reloading configuration
2026-09-27T09:19:53.319372Z aws-node[377]: INFO: plugin/ready: Still waiting on: "kubernetes"
2026-09-27T09:20:01.319372Z aws-node[377]: INFO: plugin/ready: Still waiting on: "kubernetes"
2026-09-27T09:20:10.319372Z aws-node[761]: INFO: plugin/kubernetes: 68 resource records
2026-09-27T09:20:19.319372Z aws-node[733]: INFO: Reloading configuration
2026-09-27T09:20:27.319372Z aws-node[761]: INFO: plugin/kubernetes: 68 resource records
2026-09-27T09:20:36.319372Z aws-node[761]: INFO: plugin/kubernetes: 68 resource records
2026-09-27T09:20:44.319372Z aws-node[733]: INFO: Reloading configuration
2026-09-27T09:20:53.319372Z aws-node[761]: INFO: plugin/kubernetes: 68 resource records
2026-09-27T09:21:02.319372Z aws-node[377]: INFO: plugin/ready: Still waiting on: "kubernetes"
2026-09-27T09:21:10.319372Z aws-node[761]: INFO: plugin/kubernetes: 68 resource records
2026-09-27T09:21:19.319372Z aws-node[761]: INFO: plugin/kubernetes: 68 resource records
2026-09-27T09:21:28.319372Z aws-node[733]: INFO: Reloading configuration
2026-09-27T09:21:36.319372Z aws-node[733]: INFO: Reloading configuration
2026-09-27T09:21:45.319372Z aws-node[377]: INFO: plugin/ready: Still waiting on: "kubernetes"
2026-09-27T09:21:54.319372Z aws-node[761]: INFO: plugin/kubernetes: 68 resource records
2026-09-27T09:22:02.319372Z aws-node[761]: INFO: plugin/kubernetes: 68 resource records
2026-09-27T09:22:11.319372Z aws-node[518]: INFO: Health check OK
2026-09-27T09:22:20.319372Z aws-node[733]: INFO: Reloading configuration
2026-09-27T09:22:28.319372Z aws-node[733]: INFO: Reloading configuration
2026-09-27T09:22:37.319372Z aws-node[733]: INFO: Reloading configuration
2026-09-27T09:22:45.319372Z aws-node[733]: INFO: Reloading configuration
2026-09-27T09:22:54.319372Z aws-node[377]: INFO: plugin/ready: Still waiting on: "kubernetes"
2026-09-27T09:23:03.319372Z aws-node[761]: INFO: plugin/kubernetes: 68 resource records
2026-09-27T09:23:11.319372Z aws-node[733]: INFO: Reloading configuration
2026-09-27T09:23:20.319372Z aws-node[761]: INFO: plugin/kubernetes: 68 resource records
2026-09-27T09:23:29.319372Z aws-node[733]: INFO: Reloading configuration
2026-09-27T09:23:37.319372Z aws-node[761]: INFO: plugin/kubernetes: 68 resource records
2026-09-27T09:23:46.319372Z aws-node[518]: INFO: Health check OK
2026-09-27T09:23:55.319372Z aws-node[733]: INFO: Reloading configuration
2026-09-27T09:24:03.319372Z aws-node[761]: INFO: plugin/kubernetes: 68 resource records
2026-09-27T09:24:12.319372Z aws-node[761]: INFO: plugin/kubernetes: 68 resource records
2026-09-27T09:24:20.319372Z aws-node[518]: INFO: Health check OK
2026-09-27T09:24:29.319372Z aws-node[761]: INFO: plugin/kubernetes: 68 resource records
2026-09-27T09:24:38.319372Z aws-node[518]: INFO: Health check OK
2026-09-27T09:24:46.319372Z aws-node[377]: INFO: plugin/ready: Still waiting on: "kubernetes"
2026-09-27T09:24:55.319372Z aws-node[518]: INFO: Health check OK
2026-09-27T09:25:04.319372Z aws-node[733]: INFO: Reloading configuration
2026-09-27T09:25:12.319372Z aws-node[518]: INFO: Health check OK
2026-09-27T09:25:21.319372Z aws-node[733]: INFO: Reloading configuration
2026-09-27T09:25:30.319372Z aws-node[483]: WARN: too many open files
2026-09-27T09:25:38.319372Z aws-node[518]: INFO: Health check OK
2026-09-27T09:25:47.319372Z aws-node[733]: INFO: Reloading configuration
2026-09-27T09:25:56.319372Z aws-node[518]: INFO: Health check OK
2026-09-27T09:26:04.319372Z aws-node[377]: INFO: plugin/ready: Still waiting on: "kubernetes"
2026-09-27T09:26:13.319372Z aws-node[518]: INFO: Health check OK
2026-09-27T09:26:21.319372Z aws-node[518]: INFO: Health check OK
2026-09-27T09:26:30.319372Z aws-node[377]: INFO: plugin/ready: Still waiting on: "kubernetes"
2026-09-27T09:26:39.319372Z aws-node[377]: INFO: plugin/ready: Still waiting on: "kubernetes"
2026-09-27T09:26:47.319372Z aws-node[733]: INFO: Reloading configuration
2026-09-27T09:26:56.319372Z aws-node[518]: INFO: Health check OK
2026-09-27T09:27:05.319372Z aws-node[761]: INFO: plugin/kubernetes: 68 resource records
2026-09-27T09:27:13.319372Z aws-node[733]: INFO: Reloading configuration
2026-09-27T09:27:22.319372Z aws-node[518]: INFO: Health check OK
2026-09-27T09:27:31.319372Z aws-node[518]: INFO: Health check OK
2026-09-27T09:27:39.319372Z aws-node[733]: INFO: Reloading configuration
2026-09-27T09:27:48.319372Z aws-node[761]: INFO: plugin/kubernetes: 68 resource records
2026-09-27T09:27:56.319372Z aws-node[377]: INFO: plugin/ready: Still waiting on: "kubernetes"
2026-09-27T09:28:05.319372Z aws-node[377]: INFO: plugin/ready: Still waiting on: "kubernetes"
2026-09-27T09:28:14.319372Z aws-node[518]: INFO: Health check OK
2026-09-27T09:28:22.319372Z aws-node[377]: INFO: plugin/ready: Still waiting on: "kubernetes"
2026-09-27T09:28:31.319372Z aws-node[518]: INFO: Health check OK
2026-09-27T09:28:40.319372Z aws-node[518]: INFO: Health check OK
2026-09-27T09:28:48.319372Z aws-node[518]: INFO: Health check OK
2026-09-27T09:28:57.319372Z aws-node[518]: INFO: Health check OK
2026-09-27T09:29:06.319372Z aws-node[761]: INFO: plugin/kubernetes: 68 resource records
2026-09-27T09:29:14.319372Z aws-node[518]: INFO: Health check OK
2026-09-27T09:29:23.319372Z aws-node[518]: INFO: Health check OK
2026-09-27T09:29:32.319372Z aws-node[377]: INFO: plugin/ready: Still waiting on: "kubernetes"
2026-09-27T09:29:40.319372Z aws-node[518]: INFO: Health check OK
2026-09-27T09:29:49.319372Z aws-node[733]: INFO: Reloading configuration
2026-09-27T09:29:57.319372Z aws-node[733]: INFO: Reloading configuration
2026-09-27T09:30:06.319372Z aws-node[377]: INFO: plugin/ready: Still waiting on: "kubernetes"
2026-09-27T09:30:15.319372Z aws-node[761]: INFO: plugin/kubernetes: 68 resource records
2026-09-27T09:30:23.319372Z aws-node[761]: INFO: plugin/kubernetes: 68 resource records
2026-09-27T09:30:32.319372Z aws-node[761]: INFO: plugin/kubernetes: 68 resource records
2026-09-27T09:30:41.319372Z aws-node[733]: INFO: Reloading configuration
2026-09-27T09:30:49.319372Z aws-node[518]: INFO: Health check OK
2026-09-27T09:30:58.319372Z aws-node[518]: INFO: Health check OK
2026-09-27T09:31:07.319372Z aws-node[377]: INFO: plugin/ready: Still waiting on: "kubernetes"
2026-09-27T09:31:15.319372Z aws-node[733]: INFO: Reloading configuration
2026-09-27T09:31:24.319372Z aws-node[733]: INFO: Reloading configuration
2026-09-27T09:31:32.319372Z aws-node[733]: INFO: Reloading configuration
2026-09-27T09:31:41.319372Z aws-node[377]: INFO: plugin/ready: Still waiting on: "kubernetes"
2026-09-27T09:31:50.319372Z aws-node[518]: INFO: Health check OK
2026-09-27T09:31:58.319372Z aws-node[733]: INFO: Reloading configuration
2026-09-27T09:32:07.319372Z aws-node[733]: INFO: Reloading configuration
2026-09-27T09:32:16.319372Z aws-node[761]: INFO: plugin/kubernetes: 68 resource records
2026-09-27T09:32:24.319372Z aws-node[733]: INFO: Reloading configuration
2026-09-27T09:32:33.319372Z aws-node[733]: INFO: Reloading configuration
2026-09-27T09:32:42.319372Z aws-node[733]: INFO: Reloading configuration
2026-09-27T09:32:50.319372Z aws-node[761]: INFO: plugin/kubernetes: 68 resource records
2026-09-27T09:32:59.319372Z aws-node[733]: INFO: Reloading configuration
2026-09-27T09:33:08.319372Z aws-node[518]: INFO: Health check OK
2026-09-27T09:33:16.319372Z aws-node[377]: INFO: plugin/ready: Still waiting on: "kubernetes"
2026-09-27T09:33:25.319372Z aws-node[733]: INFO: Reloading configuration
2026-09-27T09:33:33.319372Z aws-node[733]: INFO: Reloading configuration
2026-09-27T09:33:42.319372Z aws-node[518]: INFO: Health check OK
2026-09-27T09:33:51.319372Z aws-node[733]: INFO: Reloading configuration
2026-09-27T09:33:59.319372Z aws-node[761]: INFO: plugin/kubernetes: 68 resource records
2026-09-27T09:34:08.319372Z aws-node[518]: INFO: Health check OK
2026-09-27T09:34:17.319372Z aws-node[518]: INFO: Health check OK
2026-09-27T09:34:25.319372Z aws-node[518]: INFO: Health check OK
2026-09-27T09:34:34.319372Z aws-node[761]: INFO: plugin/kubernetes: 68 resource records
2026-09-27T09:34:43.319372Z aws-node[733]: INFO: Reloading configuration
2026-09-27T09:34:51.319372Z aws-node[377]: INFO: plugin/ready: Still waiting on: "kubernetes"
2026-09-27T09:35:00.319372Z aws-node[518]: INFO: Health check OK
2026-09-27T09:35:08.319372Z aws-node[733]: INFO: Reloading configuration
2026-09-27T09:35:17.319372Z aws-node[518]: INFO: Health check OK
2026-09-27T09:35:26.319372Z aws-node[761]: INFO: plugin/kubernetes: 68 resource records
2026-09-27T09:35:34.319372Z aws-node[733]: INFO: Reloading configuration
2026-09-27T09:35:43.319372Z aws-node[518]: INFO: Health check OK
2026-09-27T09:35:52.319372Z aws-node[761]: INFO: plugin/kubernetes: 68 resource records
2026-09-27T09:36:00.319372Z aws-node[377]: INFO: plugin/ready: Still waiting on: "kubernetes"
2026-09-27T09:36:09.319372Z aws-node[518]: INFO: Health check OK
2026-09-27T09:36:18.319372Z aws-node[518]: INFO: Health check OK
2026-09-27T09:36:26.319372Z aws-node[518]: INFO: Health check OK
2026-09-27T09:36:35.319372Z aws-node[377]: INFO: plugin/ready: Still waiting on: "kubernetes"
2026-09-27T09:36:44.319372Z aws-node[761]: INFO: plugin/kubernetes: 68 resource records
2026-09-27T09:36:52.319372Z aws-node[518]: INFO: Health check OK
2026-09-27T09:37:01.319372Z aws-node[518]: INFO: Health check OK
2026-09-27T09:37:09.319372Z aws-node[518]: INFO: Health check OK
2026-09-27T09:37:18.319372Z aws-node[377]: INFO: plugin/ready: Still waiting on: "kubernetes"
2026-09-27T09:37:27.319372Z aws-node[377]: INFO: plugin/ready: Still waiting on: "kubernetes"
2026-09-27T09:37:35.319372Z aws-node[377]: INFO: plugin/ready: Still waiting on: "kubernetes"
2026-09-27T09:37:44.319372Z aws-node[377]: INFO: plugin/ready: Still waiting on: "kubernetes"
2026-09-27T09:37:53.319372Z aws-node[377]: INFO: plugin/ready: Still waiting on: "kubernetes"
2026-09-27T09:38:01.319372Z aws-node[733]: INFO: Reloading configuration
2026-09-27T09:38:10.319372Z aws-node[377]: INFO: plugin/ready: Still waiting on: "kubernetes"
2026-09-27T09:38:19.319372Z aws-node[518]: INFO: Health check OK
2026-09-27T09:38:27.319372Z aws-node[733]: INFO: Reloading configuration
2026-09-27T09:38:36.319372Z aws-node[733]: INFO: Reloading configuration
2026-09-27T09:38:44.319372Z aws-node[986]: ERROR: plugin/errors: 10.80.131.140:49335 - no such host
2026-09-27T09:38:53.319372Z aws-node[761]: INFO: plugin/kubernetes: 68 resource records
2026-09-27T09:39:02.319372Z aws-node[761]: INFO: plugin/kubernetes: 68 resource records
2026-09-27T09:39:10.319372Z aws-node[761]: INFO: plugin/kubernetes: 68 resource records
2026-09-27T09:39:19.319372Z aws-node[733]: INFO: Reloading configuration
2026-09-27T09:39:28.319372Z aws-node[733]: INFO: Reloading configuration
2026-09-27T09:39:36.319372Z aws-node[518]: INFO: Health check OK
2026-09-27T09:39:45.319372Z aws-node[377]: INFO: plugin/ready: Still waiting on: "kubernetes"
2026-09-27T09:39:54.319372Z aws-node[377]: INFO: plugin/ready: Still waiting on: "kubernetes"
2026-09-27T09:40:02.319372Z aws-node[761]: INFO: plugin/kubernetes: 68 resource records
2026-09-27T09:40:11.319372Z aws-node[377]: INFO: plugin/ready: Still waiting on: "kubernetes"
2026-09-27T09:40:20.319372Z aws-node[761]: INFO: plugin/kubernetes: 68 resource records
2026-09-27T09:40:28.319372Z aws-node[733]: INFO: Reloading configuration
2026-09-27T09:40:37.319372Z aws-node[733]: INFO: Reloading configuration
2026-09-27T09:40:45.319372Z aws-node[733]: INFO: Reloading configuration
2026-09-27T09:40:54.319372Z aws-node[761]: INFO: plugin/kubernetes: 68 resource records
2026-09-27T09:41:03.319372Z aws-node[377]: INFO: plugin/ready: Still waiting on: "kubernetes"
2026-09-27T09:41:11.319372Z aws-node[377]: INFO: plugin/ready: Still waiting on: "kubernetes"
2026-09-27T09:41:20.319372Z aws-node[518]: INFO: Health check OK
2026-09-27T09:41:29.319372Z aws-node[518]: INFO: Health check OK
2026-09-27T09:41:37.319372Z aws-node[377]: INFO: plugin/ready: Still waiting on: "kubernetes"
2026-09-27T09:41:46.319372Z aws-node[377]: INFO: plugin/ready: Still waiting on: "kubernetes"
2026-09-27T09:41:55.319372Z aws-node[377]: INFO: plugin/ready: Still waiting on: "kubernetes"
2026-09-27T09:42:03.319372Z aws-node[733]: INFO: Reloading configuration
2026-09-27T09:42:12.319372Z aws-node[733]: INFO: Reloading configuration
2026-09-27T09:42:20.319372Z aws-node[377]: INFO: plugin/ready: Still waiting on: "kubernetes"
2026-09-27T09:42:29.319372Z aws-node[733]: INFO: Reloading configuration
2026-09-27T09:42:38.319372Z aws-node[761]: INFO: plugin/kubernetes: 68 resource records
2026-09-27T09:42:46.319372Z aws-node[377]: INFO: plugin/ready: Still waiting on: "kubernetes"
2026-09-27T09:42:55.319372Z aws-node[377]: INFO: plugin/ready: Still waiting on: "kubernetes"
2026-09-27T09:43:04.319372Z aws-node[761]: INFO: plugin/kubernetes: 68 resource records
2026-09-27T09:43:12.319372Z aws-node[761]: INFO: plugin/kubernetes: 68 resource records
2026-09-27T09:43:21.319372Z aws-node[377]: INFO: plugin/ready: Still waiting on: "kubernetes"
2026-09-27T09:43:30.319372Z aws-node[733]: INFO: Reloading configuration
2026-09-27T09:43:38.319372Z aws-node[733]: INFO: Reloading configuration
2026-09-27T09:43:47.319372Z aws-node[246]: ERROR: failed to list *v1.Service: Get "https://10.6.106.25:443": net/http: TLS handshake timeout
2026-09-27T09:43:56.319372Z aws-node[518]: INFO: Health check OK
2026-09-27T09:44:04.319372Z aws-node[377]: INFO: plugin/ready: Still waiting on: "kubernetes"
2026-09-27T09:44:13.319372Z aws-node[733]: INFO: Reloading configuration
2026-09-27T09:44:21.319372Z aws-node[733]: INFO: Reloading configuration
2026-09-27T09:44:30.319372Z aws-node[518]: INFO: Health check OK
2026-09-27T09:44:39.319372Z aws-node[761]: INFO: plugin/kubernetes: 68 resource records
2026-09-27T09:44:47.319372Z aws-node[518]: INFO: Health check OK
2026-09-27T09:44:56.319372Z aws-node[377]: INFO: plugin/ready: Still waiting on: "kubernetes"
2026-09-27T09:45:05.319372Z aws-node[377]: INFO: plugin/ready: Still waiting on: "kubernetes"
2026-09-27T09:45:13.319372Z aws-node[761]: INFO: plugin/kubernetes: 68 resource records
2026-09-27T09:45:22.319372Z aws-node[518]: INFO: Health check OK
2026-09-27T09:45:31.319372Z aws-node[518]: INFO: Health check OK
2026-09-27T09:45:39.319372Z aws-node[377]: INFO: plugin/ready: Still waiting on: "kubernetes"
2026-09-27T09:45:48.319372Z aws-node[518]: INFO: Health check OK
2026-09-27T09:45:56.319372Z aws-node[483]: WARN: too many open files
2026-09-27T09:46:05.319372Z aws-node[377]: INFO: plugin/ready: Still waiting on: "kubernetes"
2026-09-27T09:46:14.319372Z aws-node[761]: INFO: plugin/kubernetes: 68 resource records
2026-09-27T09:46:22.319372Z aws-node[518]: INFO: Health check OK
2026-09-27T09:46:31.319372Z aws-node[377]: INFO: plugin/ready: Still waiting on: "kubernetes"
2026-09-27T09:46:40.319372Z aws-node[761]: INFO: plugin/kubernetes: 68 resource records
2026-09-27T09:46:48.319372Z aws-node[761]: INFO: plugin/kubernetes: 68 resource records
2026-09-27T09:46:57.319372Z aws-node[518]: INFO: Health check OK
2026-09-27T09:47:06.319372Z aws-node[733]: INFO: Reloading configuration
2026-09-27T09:47:14.319372Z aws-node[761]: INFO: plugin/kubernetes: 68 resource records
2026-09-27T09:47:23.319372Z aws-node[761]: INFO: plugin/kubernetes: 68 resource records
2026-09-27T09:47:32.319372Z aws-node[377]: INFO: plugin/ready: Still waiting on: "kubernetes"
2026-09-27T09:47:40.319372Z aws-node[518]: INFO: Health check OK
2026-09-27T09:47:49.319372Z aws-node[377]: INFO: plugin/ready: Still waiting on: "kubernetes"
2026-09-27T09:47:57.319372Z aws-node[761]: INFO: plugin/kubernetes: 68 resource records
2026-09-27T09:48:06.319372Z aws-node[733]: INFO: Reloading configuration
2026-09-27T09:48:15.319372Z aws-node[733]: INFO: Reloading configuration
2026-09-27T09:48:23.319372Z aws-node[733]: INFO: Reloading configuration
2026-09-27T09:48:32.319372Z aws-node[518]: INFO: Health check OK
2026-09-27T09:48:41.319372Z aws-node[761]: INFO: plugin/kubernetes: 68 resource records
2026-09-27T09:48:49.319372Z aws-node[518]: INFO: Health check OK
2026-09-27T09:48:58.319372Z aws-node[733]: INFO: Reloading configuration
2026-09-27T09:49:07.319372Z aws-node[377]: INFO: plugin/ready: Still waiting on: "kubernetes"
2026-09-27T09:49:15.319372Z aws-node[518]: INFO: Health check OK
2026-09-27T09:49:24.319372Z aws-node[733]: INFO: Reloading configuration
2026-09-27T09:49:32.319372Z aws-node[377]: INFO: plugin/ready: Still waiting on: "kubernetes"
2026-09-27T09:49:41.319372Z aws-node[518]: INFO: Health check OK
2026-09-27T09:49:50.319372Z aws-node[518]: INFO: Health check OK
2026-09-27T09:49:58.319372Z aws-node[246]: ERROR: failed to list *v1.Service: Get "https://10.6.106.25:443": net/http: TLS handshake timeout
2026-09-27T09:50:07.319372Z aws-node[377]: INFO: plugin/ready: Still waiting on: "kubernetes"
2026-09-27T09:50:16.319372Z aws-node[377]: INFO: plugin/ready: Still waiting on: "kubernetes"
2026-09-27T09:50:24.319372Z aws-node[761]: INFO: plugin/kubernetes: 68 resource records
2026-09-27T09:50:33.319372Z aws-node[761]: INFO: plugin/kubernetes: 68 resource records
2026-09-27T09:50:42.319372Z aws-node[733]: INFO: Reloading configuration
2026-09-27T09:50:50.319372Z aws-node[518]: INFO: Health check OK
2026-09-27T09:50:59.319372Z aws-node[377]: INFO: plugin/ready: Still waiting on: "kubernetes"
2026-09-27T09:51:08.319372Z aws-node[518]: INFO: Health check OK
2026-09-27T09:51:16.319372Z aws-node[733]: INFO: Reloading configuration
2026-09-27T09:51:25.319372Z aws-node[235]: ERROR: upstream 10.100.41.115:53: read udp 10.133.154.175:43076->10.240.134.29:53: i/o timeout
2026-09-27T09:51:33.319372Z aws-node[733]: INFO: Reloading configuration
2026-09-27T09:51:42.319372Z aws-node[733]: INFO: Reloading configuration
2026-09-27T09:51:51.319372Z aws-node[377]: INFO: plugin/ready: Still waiting on: "kubernetes"
2026-09-27T09:51:59.319372Z aws-node[246]: ERROR: failed to list *v1.Service: Get "https://10.6.106.25:443": net/http: TLS handshake timeout
2026-09-27T09:52:08.319372Z aws-node[733]: INFO: Reloading configuration
2026-09-27T09:52:17.319372Z aws-node[761]: INFO: plugin/kubernetes: 68 resource records
2026-09-27T09:52:25.319372Z aws-node[761]: INFO: plugin/kubernetes: 68 resource records
2026-09-27T09:52:34.319372Z aws-node[377]: INFO: plugin/ready: Still waiting on: "kubernetes"
2026-09-27T09:52:43.319372Z aws-node[733]: INFO: Reloading configuration
2026-09-27T09:52:51.319372Z aws-node[518]: INFO: Health check OK
2026-09-27T09:53:00.319372Z aws-node[761]: INFO: plugin/kubernetes: 68 resource records
2026-09-27T09:53:08.319372Z aws-node[733]: INFO: Reloading configuration
2026-09-27T09:53:17.319372Z aws-node[761]: INFO: plugin/kubernetes: 68 resource records
2026-09-27T09:53:26.319372Z aws-node[377]: INFO: plugin/ready: Still waiting on: "kubernetes"
2026-09-27T09:53:34.319372Z aws-node[733]: INFO: Reloading configuration
2026-09-27T09:53:43.319372Z aws-node[518]: INFO: Health check OK
2026-09-27T09:53:52.319372Z aws-node[733]: INFO: Reloading configuration
2026-09-27T09:54:00.319372Z aws-node[733]: INFO: Reloading configuration
2026-09-27T09:54:09.319372Z aws-node[377]: INFO: plugin/ready: Still waiting on: "kubernetes"
2026-09-27T09:54:18.319372Z aws-node[733]: INFO: Reloading configuration
2026-09-27T09:54:26.319372Z aws-node[761]: INFO: plugin/kubernetes: 68 resource records
2026-09-27T09:54:35.319372Z aws-node[761]: INFO: plugin/kubernetes: 68 resource records
2026-09-27T09:54:44.319372Z aws-node[761]: INFO: plugin/kubernetes: 68 resource records
2026-09-27T09:54:52.319372Z aws-node[518]: INFO: Health check OK
2026-09-27T09:55:01.319372Z aws-node[761]: INFO: plugin/kubernetes: 68 resource records
2026-09-27T09:55:09.319372Z aws-node[518]: INFO: Health check OK
2026-09-27T09:55:18.319372Z aws-node[761]: INFO: plugin/kubernetes: 68 resource records
2026-09-27T09:55:27.319372Z aws-node[733]: INFO: Reloading configuration
2026-09-27T09:55:35.319372Z aws-node[377]: INFO: plugin/ready: Still waiting on: "kubernetes"
2026-09-27T09:55:44.319372Z aws-node[733]: INFO: Reloading configuration
2026-09-27T09:55:53.319372Z aws-node[377]: INFO: plugin/ready: Still waiting on: "kubernetes"
2026-09-27T09:56:01.319372Z aws-node[733]: INFO: Reloading configuration
2026-09-27T09:56:10.319372Z aws-node[377]: INFO: plugin/ready: Still waiting on: "kubernetes"
2026-09-27T09:56:19.319372Z aws-node[986]: ERROR: plugin/errors: 10.80.131.140:49335 - no such host
2026-09-27T09:56:27.319372Z aws-node[733]: INFO: Reloading configuration
2026-09-27T09:56:36.319372Z aws-node[377]: INFO: plugin/ready: Still waiting on: "kubernetes"
2026-09-27T09:56:44.319372Z aws-node[377]: INFO: plugin/ready: Still waiting on: "kubernetes"
2026-09-27T09:56:53.319372Z aws-node[761]: INFO: plugin/kubernetes: 68 resource records
2026-09-27T09:57:02.319372Z aws-node[986]: ERROR: plugin/errors: 10.80.131.140:49335 - no such host
2026-09-27T09:57:10.319372Z aws-node[377]: INFO: plugin/ready: Still waiting on: "kubernetes"
2026-09-27T09:57:19.319372Z aws-node[761]: INFO: plugin/kubernetes: 68 resource records
2026-09-27T09:57:28.319372Z aws-node[761]: INFO: plugin/kubernetes: 68 resource records
2026-09-27T09:57:36.319372Z aws-node[377]: INFO: plugin/ready: Still waiting on: "kubernetes"
2026-09-27T09:57:45.319372Z aws-node[733]: INFO: Reloading configuration
2026-09-27T09:57:54.319372Z aws-node[733]: INFO: Reloading configuration
2026-09-27T09:58:02.319372Z aws-node[377]: INFO: plugin/ready: Still waiting on: "kubernetes"
2026-09-27T09:58:11.319372Z aws-node[761]: INFO: plugin/kubernetes: 68 resource records
2026-09-27T09:58:20.319372Z aws-node[518]: INFO: Health check OK
2026-09-27T09:58:28.319372Z aws-node[246]: ERROR: failed to list *v1.Service: Get "https://10.6.106.25:443": net/http: TLS handshake timeout
2026-09-27T09:58:37.319372Z aws-node[377]: INFO: plugin/ready: Still waiting on: "kubernetes"
2026-09-27T09:58:45.319372Z aws-node[761]: INFO: plugin/kubernetes: 68 resource records
2026-09-27T09:58:54.319372Z aws-node[377]: INFO: plugin/ready: Still waiting on: "kubernetes"
2026-09-27T09:59:03.319372Z aws-node[733]: INFO: Reloading configuration
2026-09-27T09:59:11.319372Z aws-node[761]: INFO: plugin/kubernetes: 68 resource records
2026-09-27T09:59:20.319372Z aws-node[518]: INFO: Health check OK
2026-09-27T09:59:29.319372Z aws-node[761]: INFO: plugin/kubernetes: 68 resource records
2026-09-27T09:59:37.319372Z aws-node[733]: INFO: Reloading configuration
2026-09-27T09:59:46.319372Z aws-node[377]: INFO: plugin/ready: Still waiting on: "kubernetes"
2026-09-27T09:59:55.319372Z aws-node[761]: INFO: plugin/kubernetes: 68 resource records
2026-09-27T10:00:03.319372Z aws-node[733]: INFO: Reloading configuration
2026-09-27T10:00:12.319372Z aws-node[761]: INFO: plugin/kubernetes: 68 resource records
2026-09-27T10:00:20.319372Z aws-node[377]: INFO: plugin/ready: Still waiting on: "kubernetes"
2026-09-27T10:00:29.319372Z aws-node[377]: INFO: plugin/ready: Still waiting on: "kubernetes"
2026-09-27T10:00:38.319372Z aws-node[377]: INFO: plugin/ready: Still waiting on: "kubernetes"
2026-09-27T10:00:46.319372Z aws-node[518]: INFO: Health check OK
2026-09-27T10:00:55.319372Z aws-node[733]: INFO: Reloading configuration
2026-09-27T10:01:04.319372Z aws-node[733]: INFO: Reloading configuration
2026-09-27T10:01:12.319372Z aws-node[986]: ERROR: plugin/errors: 10.80.131.140:49335 - no such host
2026-09-27T10:01:21.319372Z aws-node[377]: INFO: plugin/ready: Still waiting on: "kubernetes"
2026-09-27T10:01:30.319372Z aws-node[761]: INFO: plugin/kubernetes: 68 resource records
2026-09-27T10:01:38.319372Z aws-node[483]: WARN: too many open files
2026-09-27T10:01:47.319372Z aws-node[518]: INFO: Health check OK
2026-09-27T10:01:56.319372Z aws-node[733]: INFO: Reloading configuration
2026-09-27T10:02:04.319372Z aws-node[733]: INFO: Reloading configuration
2026-09-27T10:02:13.319372Z aws-node[761]: INFO: plugin/kubernetes: 68 resource records
2026-09-27T10:02:21.319372Z aws-node[377]: INFO: plugin/ready: Still waiting on: "kubernetes"
2026-09-27T10:02:30.319372Z aws-node[761]: INFO: plugin/kubernetes: 68 resource records
2026-09-27T10:02:39.319372Z aws-node[733]: INFO: Reloading configuration
2026-09-27T10:02:47.319372Z aws-node[761]: INFO: plugin/kubernetes: 68 resource records
2026-09-27T10:02:56.319372Z aws-node[377]: INFO: plugin/ready: Still waiting on: "kubernetes"
2026-09-27T10:03:05.319372Z aws-node[761]: INFO: plugin/kubernetes: 68 resource records
2026-09-27T10:03:13.319372Z aws-node[761]: INFO: plugin/kubernetes: 68 resource records
2026-09-27T10:03:22.319372Z aws-node[377]: INFO: plugin/ready: Still waiting on: "kubernetes"
2026-09-27T10:03:31.319372Z aws-node[377]: INFO: plugin/ready: Still waiting on: "kubernetes"
2026-09-27T10:03:39.319372Z aws-node[733]: INFO: Reloading configuration
2026-09-27T10:03:48.319372Z aws-node[246]: ERROR: failed to list *v1.Service: Get "https://10.6.106.25:443": net/http: TLS handshake timeout
2026-09-27T10:03:56.319372Z aws-node[733]: INFO: Reloading configuration
2026-09-27T10:04:05.319372Z aws-node[518]: INFO: Health check OK
2026-09-27T10:04:14.319372Z aws-node[733]: INFO: Reloading configuration
2026-09-27T10:04:22.319372Z aws-node[377]: INFO: plugin/ready: Still waiting on: "kubernetes"
2026-09-27T10:04:31.319372Z aws-node[246]: ERROR: failed to list *v1.Service: Get "https://10.6.106.25:443": net/http: TLS handshake timeout
2026-09-27T10:04:40.319372Z aws-node[377]: INFO: plugin/ready: Still waiting on: "kubernetes"
2026-09-27T10:04:48.319372Z aws-node[518]: INFO: Health check OK
2026-09-27T10:04:57.319372Z aws-node[377]: INFO: plugin/ready: Still waiting on: "kubernetes"
2026-09-27T10:05:06.319372Z aws-node[761]: INFO: plugin/kubernetes: 68 resource records
2026-09-27T10:05:14.319372Z aws-node[518]: INFO: Health check OK
2026-09-27T10:05:23.319372Z aws-node[761]: INFO: plugin/kubernetes: 68 resource records
2026-09-27T10:05:32.319372Z aws-node[377]: INFO: plugin/ready: Still waiting on: "kubernetes"
2026-09-27T10:05:40.319372Z aws-node[733]: INFO: Reloading configuration
2026-09-27T10:05:49.319372Z aws-node[986]: ERROR: plugin/errors: 10.80.131.140:49335 - no such host
2026-09-27T10:05:57.319372Z aws-node[518]: INFO: Health check OK
2026-09-27T10:06:06.319372Z aws-node[246]: ERROR: failed to list *v1.Service: Get "https://10.6.106.25:443": net/http: TLS handshake timeout
2026-09-27T10:06:15.319372Z aws-node[377]: INFO: plugin/ready: Still waiting on: "kubernetes"
2026-09-27T10:06:23.319372Z aws-node[986]: ERROR: plugin/errors: 10.80.131.140:49335 - no such host
2026-09-27T10:06:32.319372Z aws-node[518]: INFO: Health check OK
2026-09-27T10:06:41.319372Z aws-node[235]: ERROR: upstream 10.100.41.115:53: read udp 10.133.154.175:43076->10.240.134.29:53: i/o timeout
2026-09-27T10:06:49.319372Z aws-node[761]: INFO: plugin/kubernetes: 68 resource records
2026-09-27T10:06:58.319372Z aws-node[761]: INFO: plugin/kubernetes: 68 resource records
2026-09-27T10:07:07.319372Z aws-node[518]: INFO: Health check OK
2026-09-27T10:07:15.319372Z aws-node[733]: INFO: Reloading configuration
2026-09-27T10:07:24.319372Z aws-node[518]: INFO: Health check OK
2026-09-27T10:07:32.319372Z aws-node[761]: INFO: plugin/kubernetes: 68 resource records
2026-09-27T10:07:41.319372Z aws-node[761]: INFO: plugin/kubernetes: 68 resource records
2026-09-27T10:07:50.319372Z aws-node[733]: INFO: Reloading configuration
2026-09-27T10:07:58.319372Z aws-node[518]: INFO: Health check OK
2026-09-27T10:08:07.319372Z aws-node[733]: INFO: Reloading configuration
2026-09-27T10:08:16.319372Z aws-node[733]: INFO: Reloading configuration
2026-09-27T10:08:24.319372Z aws-node[518]: INFO: Health check OK
2026-09-27T10:08:33.319372Z aws-node[518]: INFO: Health check OK
2026-09-27T10:08:42.319372Z aws-node[518]: INFO: Health check OK
2026-09-27T10:08:50.319372Z aws-node[377]: INFO: plugin/ready: Still waiting on: "kubernetes"
2026-09-27T10:08:59.319372Z aws-node[733]: INFO: Reloading configuration
2026-09-27T10:09:08.319372Z aws-node[246]: ERROR: failed to list *v1.Service: Get "https://10.6.106.25:443": net/http: TLS handshake timeout
2026-09-27T10:09:16.319372Z aws-node[761]: INFO: plugin/kubernetes: 68 resource records
2026-09-27T10:09:25.319372Z aws-node[377]: INFO: plugin/ready: Still waiting on: "kubernetes"
2026-09-27T10:09:33.319372Z aws-node[733]: INFO: Reloading configuration
2026-09-27T10:09:42.319372Z aws-node[761]: INFO: plugin/kubernetes: 68 resource records
2026-09-27T10:09:51.319372Z aws-node[377]: INFO: plugin/ready: Still waiting on: "kubernetes"
2026-09-27T10:09:59.319372Z aws-node[518]: INFO: Health check OK
2026-09-27T10:10:08.319372Z aws-node[518]: INFO: Health check OK
2026-09-27T10:10:17.319372Z aws-node[377]: INFO: plugin/ready: Still waiting on: "kubernetes"
2026-09-27T10:10:25.319372Z aws-node[518]: INFO: Health check OK
2026-09-27T10:10:34.319372Z aws-node[761]: INFO: plugin/kubernetes: 68 resource records
2026-09-27T10:10:43.319372Z aws-node[761]: INFO: plugin/kubernetes: 68 resource records
2026-09-27T10:10:51.319372Z aws-node[377]: INFO: plugin/ready: Still waiting on: "kubernetes"
2026-09-27T10:11:00.319372Z aws-node[377]: INFO: plugin/ready: Still waiting on: "kubernetes"
2026-09-27T10:11:08.319372Z aws-node[518]: INFO: Health check OK
2026-09-27T10:11:17.319372Z aws-node[377]: INFO: plugin/ready: Still waiting on: "kubernetes"
2026-09-27T10:11:26.319372Z aws-node[377]: INFO: plugin/ready: Still waiting on: "kubernetes"
2026-09-27T10:11:34.319372Z aws-node[733]: INFO: Reloading configuration
2026-09-27T10:11:43.319372Z aws-node[761]: INFO: plugin/kubernetes: 68 resource records
2026-09-27T10:11:52.319372Z aws-node[377]: INFO: plugin/ready: Still waiting on: "kubernetes"
2026-09-27T10:12:00.319372Z aws-node[733]: INFO: Reloading configuration
2026-09-27T10:12:09.319372Z aws-node[733]: INFO: Reloading configuration
2026-09-27T10:12:18.319372Z aws-node[733]: INFO: Reloading configuration
2026-09-27T10:12:26.319372Z aws-node[518]: INFO: Health check OK
2026-09-27T10:12:35.319372Z aws-node[733]: INFO: Reloading configuration
2026-09-27T10:12:44.319372Z aws-node[377]: INFO: plugin/ready: Still waiting on: "kubernetes"
2026-09-27T10:12:52.319372Z aws-node[761]: INFO: plugin/kubernetes: 68 resource records
2026-09-27T10:13:01.319372Z aws-node[733]: INFO: Reloading configuration
2026-09-27T10:13:09.319372Z aws-node[518]: INFO: Health check OK
2026-09-27T10:13:18.319372Z aws-node[518]: INFO: Health check OK
2026-09-27T10:13:27.319372Z aws-node[377]: INFO: plugin/ready: Still waiting on: "kubernetes"
2026-09-27T10:13:35.319372Z aws-node[733]: INFO: Reloading configuration
2026-09-27T10:13:44.319372Z aws-node[761]: INFO: plugin/kubernetes: 68 resource records
2026-09-27T10:13:53.319372Z aws-node[377]: INFO: plugin/ready: Still waiting on: "kubernetes"
2026-09-27T10:14:01.319372Z aws-node[761]: INFO: plugin/kubernetes: 68 resource records
2026-09-27T10:14:10.319372Z aws-node[733]: INFO: Reloading configuration
2026-09-27T10:14:19.319372Z aws-node[733]: INFO: Reloading configuration
2026-09-27T10:14:27.319372Z aws-node[518]: INFO: Health check OK
2026-09-27T10:14:36.319372Z aws-node[518]: INFO: Health check OK
2026-09-27T10:14:44.319372Z aws-node[377]: INFO: plugin/ready: Still waiting on: "kubernetes"
2026-09-27T10:14:53.319372Z aws-node[733]: INFO: Reloading configuration
2026-09-27T10:15:02.319372Z aws-node[761]: INFO: plugin/kubernetes: 68 resource records
2026-09-27T10:15:10.319372Z aws-node[761]: INFO: plugin/kubernetes: 68 resource records
2026-09-27T10:15:19.319372Z aws-node[377]: INFO: plugin/ready: Still waiting on: "kubernetes"
2026-09-27T10:15:28.319372Z aws-node[733]: INFO: Reloading configuration
2026-09-27T10:15:36.319372Z aws-node[518]: INFO: Health check OK
2026-09-27T10:15:45.319372Z aws-node[377]: INFO: plugin/ready: Still waiting on: "kubernetes"
2026-09-27T10:15:54.319372Z aws-node[377]: INFO: plugin/ready: Still waiting on: "kubernetes"
2026-09-27T10:16:02.319372Z aws-node[377]: INFO: plugin/ready: Still waiting on: "kubernetes"
2026-09-27T10:16:11.319372Z aws-node[733]: INFO: Reloading configuration
2026-09-27T10:16:20.319372Z aws-node[733]: INFO: Reloading configuration
2026-09-27T10:16:28.319372Z aws-node[761]: INFO: plugin/kubernetes: 68 resource records
2026-09-27T10:16:37.319372Z aws-node[733]: INFO: Reloading configuration
2026-09-27T10:16:45.319372Z aws-node[733]: INFO: Reloading configuration
2026-09-27T10:16:54.319372Z aws-node[377]: INFO: plugin/ready: Still waiting on: "kubernetes"
2026-09-27T10:17:03.319372Z aws-node[761]: INFO: plugin/kubernetes: 68 resource records
2026-09-27T10:17:11.319372Z aws-node[761]: INFO: plugin/kubernetes: 68 resource records
2026-09-27T10:17:20.319372Z aws-node[761]: INFO: plugin/kubernetes: 68 resource records
2026-09-27T10:17:29.319372Z aws-node[733]: INFO: Reloading configuration
2026-09-27T10:17:37.319372Z aws-node[733]: INFO: Reloading configuration
2026-09-27T10:17:46.319372Z aws-node[733]: INFO: Reloading configuration
2026-09-27T10:17:55.319372Z aws-node[518]: INFO: Health check OK
2026-09-27T10:18:03.319372Z aws-node[377]: INFO: plugin/ready: Still waiting on: "kubernetes"
2026-09-27T10:18:12.319372Z aws-node[761]: INFO: plugin/kubernetes: 68 resource records
2026-09-27T10:18:20.319372Z aws-node[733]: INFO: Reloading configuration
2026-09-27T10:18:29.319372Z aws-node[518]: INFO: Health check OK
2026-09-27T10:18:38.319372Z aws-node[377]: INFO: plugin/ready: Still waiting on: "kubernetes"
2026-09-27T10:18:46.319372Z aws-node[518]: INFO: Health check OK
2026-09-27T10:18:55.319372Z aws-node[733]: INFO: Reloading configuration
2026-09-27T10:19:04.319372Z aws-node[518]: INFO: Health check OK
2026-09-27T10:19:12.319372Z aws-node[733]: INFO: Reloading configuration
2026-09-27T10:19:21.319372Z aws-node[377]: INFO: plugin/ready: Still waiting on: "kubernetes"
2026-09-27T10:19:30.319372Z aws-node[377]: INFO: plugin/ready: Still waiting on: "kubernetes"
2026-09-27T10:19:38.319372Z aws-node[518]: INFO: Health check OK
2026-09-27T10:19:47.319372Z aws-node[761]: INFO: plugin/kubernetes: 68 resource records
2026-09-27T10:19:56.319372Z aws-node[377]: INFO: plugin/ready: Still waiting on: "kubernetes"
2026-09-27T10:20:04.319372Z aws-node[518]: INFO: Health check OK
2026-09-27T10:20:13.319372Z aws-node[518]: INFO: Health check OK
2026-09-27T10:20:21.319372Z aws-node[761]: INFO: plugin/kubernetes: 68 resource records
2026-09-27T10:20:30.319372Z aws-node[518]: INFO: Health check OK
2026-09-27T10:20:39.319372Z aws-node[761]: INFO: plugin/kubernetes: 68 resource records
2026-09-27T10:20:47.319372Z aws-node[518]: INFO: Health check OK
2026-09-27T10:20:56.319372Z aws-node[377]: INFO: plugin/ready: Still waiting on: "kubernetes"
2026-09-27T10:21:05.319372Z aws-node[518]: INFO: Health check OK
2026-09-27T10:21:13.319372Z aws-node[761]: INFO: plugin/kubernetes: 68 resource records
2026-09-27T10:21:22.319372Z aws-node[986]: ERROR: plugin/errors: 10.80.131.140:49335 - no such host
2026-09-27T10:21:31.319372Z aws-node[733]: INFO: Reloading configuration
2026-09-27T10:21:39.319372Z aws-node[761]: INFO: plugin/kubernetes: 68 resource records
2026-09-27T10:21:48.319372Z aws-node[761]: INFO: plugin/kubernetes: 68 resource records
2026-09-27T10:21:56.319372Z aws-node[377]: INFO: plugin/ready: Still waiting on: "kubernetes"
2026-09-27T10:22:05.319372Z aws-node[483]: WARN: too many open files
2026-09-27T10:22:14.319372Z aws-node[733]: INFO: Reloading configuration
2026-09-27T10:22:22.319372Z aws-node[377]: INFO: plugin/ready: Still waiting on: "kubernetes"
2026-09-27T10:22:31.319372Z aws-node[733]: INFO: Reloading configuration
2026-09-27T10:22:40.319372Z aws-node[518]: INFO: Health check OK
2026-09-27T10:22:48.319372Z aws-node[377]: INFO: plugin/ready: Still waiting on: "kubernetes"
2026-09-27T10:22:57.319372Z aws-node[377]: INFO: plugin/ready: Still waiting on: "kubernetes"
2026-09-27T10:23:06.319372Z aws-node[377]: INFO: plugin/ready: Still waiting on: "kubernetes"
2026-09-27T10:23:14.319372Z aws-node[761]: INFO: plugin/kubernetes: 68 resource records
2026-09-27T10:23:23.319372Z aws-node[377]: INFO: plugin/ready: Still waiting on: "kubernetes"
2026-09-27T10:23:32.319372Z aws-node[377]: INFO: plugin/ready: Still waiting on: "kubernetes"
2026-09-27T10:23:40.319372Z aws-node[761]: INFO: plugin/kubernetes: 68 resource records
2026-09-27T10:23:49.319372Z aws-node[761]: INFO: plugin/kubernetes: 68 resource records
2026-09-27T10:23:57.319372Z aws-node[518]: INFO: Health check OK
2026-09-27T10:24:06.319372Z aws-node[761]: INFO: plugin/kubernetes: 68 resource records
2026-09-27T10:24:15.319372Z aws-node[518]: INFO: Health check OK
2026-09-27T10:24:23.319372Z aws-node[518]: INFO: Health check OK
2026-09-27T10:24:32.319372Z aws-node[518]: INFO: Health check OK
2026-09-27T10:24:41.319372Z aws-node[733]: INFO: Reloading configuration
2026-09-27T10:24:49.319372Z aws-node[761]: INFO: plugin/kubernetes: 68 resource records
2026-09-27T10:24:58.319372Z aws-node[483]: WARN: too many open files
2026-09-27T10:25:07.319372Z aws-node[761]: INFO: plugin/kubernetes: 68 resource records
2026-09-27T10:25:15.319372Z aws-node[733]: INFO: Reloading configuration
2026-09-27T10:25:24.319372Z aws-node[483]: WARN: too many open files
2026-09-27T10:25:32.319372Z aws-node[733]: INFO: Reloading configuration
2026-09-27T10:25:41.319372Z aws-node[518]: INFO: Health check OK
2026-09-27T10:25:50.319372Z aws-node[377]: INFO: plugin/ready: Still waiting on: "kubernetes"
2026-09-27T10:25:58.319372Z aws-node[761]: INFO: plugin/kubernetes: 68 resource records
2026-09-27T10:26:07.319372Z aws-node[733]: INFO: Reloading configuration
2026-09-27T10:26:16.319372Z aws-node[733]: INFO: Reloading configuration
2026-09-27T10:26:24.319372Z aws-node[377]: INFO: plugin/ready: Still waiting on: "kubernetes"
2026-09-27T10:26:33.319372Z aws-node[733]: INFO: Reloading configuration
2026-09-27T10:26:42.319372Z aws-node[733]: INFO: Reloading configuration
2026-09-27T10:26:50.319372Z aws-node[733]: INFO: Reloading configuration
2026-09-27T10:26:59.319372Z aws-node[518]: INFO: Health check OK
2026-09-27T10:27:08.319372Z aws-node[518]: INFO: Health check OK
2026-09-27T10:27:16.319372Z aws-node[235]: ERROR: upstream 10.100.41.115:53: read udp 10.133.154.175:43076->10.240.134.29:53: i/o timeout
2026-09-27T10:27:25.319372Z aws-node[518]: INFO: Health check OK
2026-09-27T10:27:33.319372Z aws-node[733]: INFO: Reloading configuration
2026-09-27T10:27:42.319372Z aws-node[733]: INFO: Reloading configuration
2026-09-27T10:27:51.319372Z aws-node[986]: ERROR: plugin/errors: 10.80.131.140:49335 - no such host
2026-09-27T10:27:59.319372Z aws-node[761]: INFO: plugin/kubernetes: 68 resource records
2026-09-27T10:28:08.319372Z aws-node[377]: INFO: plugin/ready: Still waiting on: "kubernetes"
2026-09-27T10:28:17.319372Z aws-node[986]: ERROR: plugin/errors: 10.80.131.140:49335 - no such host
2026-09-27T10:28:25.319372Z aws-node[733]: INFO: Reloading configuration
2026-09-27T10:28:34.319372Z aws-node[377]: INFO: plugin/ready: Still waiting on: "kubernetes"
2026-09-27T10:28:43.319372Z aws-node[733]: INFO: Reloading configuration
2026-09-27T10:28:51.319372Z aws-node[761]: INFO: plugin/kubernetes: 68 resource records
2026-09-27T10:29:00.319372Z aws-node[377]: INFO: plugin/ready: Still waiting on: "kubernetes"
2026-09-27T10:29:08.319372Z aws-node[518]: INFO: Health check OK
2026-09-27T10:29:17.319372Z aws-node[733]: INFO: Reloading configuration
2026-09-27T10:29:26.319372Z aws-node[377]: INFO: plugin/ready: Still waiting on: "kubernetes"
2026-09-27T10:29:34.319372Z aws-node[518]: INFO: Health check OK
2026-09-27T10:29:43.319372Z aws-node[377]: INFO: plugin/ready: Still waiting on: "kubernetes"
2026-09-27T10:29:52.319372Z aws-node[733]: INFO: Reloading configuration
2026-09-27T10:30:00.319372Z aws-node[761]: INFO: plugin/kubernetes: 68 resource records
2026-09-27T10:30:09.319372Z aws-node[733]: INFO: Reloading configuration
2026-09-27T10:30:18.319372Z aws-node[761]: INFO: plugin/kubernetes: 68 resource records
2026-09-27T10:30:26.319372Z aws-node[377]: INFO: plugin/ready: Still waiting on: "kubernetes"
2026-09-27T10:30:35.319372Z aws-node[518]: INFO: Health check OK
2026-09-27T10:30:44.319372Z aws-node[733]: INFO: Reloading configuration
2026-09-27T10:30:52.319372Z aws-node[733]: INFO: Reloading configuration
2026-09-27T10:31:01.319372Z aws-node[761]: INFO: plugin/kubernetes: 68 resource records
2026-09-27T10:31:09.319372Z aws-node[377]: INFO: plugin/ready: Still waiting on: "kubernetes"
2026-09-27T10:31:18.319372Z aws-node[518]: INFO: Health check OK
2026-09-27T10:31:27.319372Z aws-node[518]: INFO: Health check OK
2026-09-27T10:31:35.319372Z aws-node[377]: INFO: plugin/ready: Still waiting on: "kubernetes"
2026-09-27T10:31:44.319372Z aws-node[518]: INFO: Health check OK
2026-09-27T10:31:53.319372Z aws-node[761]: INFO: plugin/kubernetes: 68 resource records
2026-09-27T10:32:01.319372Z aws-node[733]: INFO: Reloading configuration
2026-09-27T10:32:10.319372Z aws-node[377]: INFO: plugin/ready: Still waiting on: "kubernetes"
2026-09-27T10:32:19.319372Z aws-node[518]: INFO: Health check OK
2026-09-27T10:32:27.319372Z aws-node[733]: INFO: Reloading configuration
2026-09-27T10:32:36.319372Z aws-node[733]: INFO: Reloading configuration
2026-09-27T10:32:44.319372Z aws-node[377]: INFO: plugin/ready: Still waiting on: "kubernetes"
2026-09-27T10:32:53.319372Z aws-node[518]: INFO: Health check OK
2026-09-27T10:33:02.319372Z aws-node[518]: INFO: Health check OK
2026-09-27T10:33:10.319372Z aws-node[518]: INFO: Health check OK
2026-09-27T10:33:19.319372Z aws-node[733]: INFO: Reloading configuration
2026-09-27T10:33:28.319372Z aws-node[377]: INFO: plugin/ready: Still waiting on: "kubernetes"
2026-09-27T10:33:36.319372Z aws-node[377]: INFO: plugin/ready: Still waiting on: "kubernetes"
2026-09-27T10:33:45.319372Z aws-node[733]: INFO: Reloading configuration
2026-09-27T10:33:54.319372Z aws-node[733]: INFO: Reloading configuration
2026-09-27T10:34:02.319372Z aws-node[518]: INFO: Health check OK
2026-09-27T10:34:11.319372Z aws-node[518]: INFO: Health check OK
2026-09-27T10:34:20.319372Z aws-node[761]: INFO: plugin/kubernetes: 68 resource records
2026-09-27T10:34:28.319372Z aws-node[518]: INFO: Health check OK
2026-09-27T10:34:37.319372Z aws-node[761]: INFO: plugin/kubernetes: 68 resource records
2026-09-27T10:34:45.319372Z aws-node[733]: INFO: Reloading configuration
2026-09-27T10:34:54.319372Z aws-node[733]: INFO: Reloading configuration
2026-09-27T10:35:03.319372Z aws-node[761]: INFO: plugin/kubernetes: 68 resource records
2026-09-27T10:35:11.319372Z aws-node[518]: INFO: Health check OK
2026-09-27T10:35:20.319372Z aws-node[235]: ERROR: upstream 10.100.41.115:53: read udp 10.133.154.175:43076->10.240.134.29:53: i/o timeout
2026-09-27T10:35:29.319372Z aws-node[518]: INFO: Health check OK
2026-09-27T10:35:37.319372Z aws-node[518]: INFO: Health check OK
2026-09-27T10:35:46.319372Z aws-node[518]: INFO: Health check OK
2026-09-27T10:35:55.319372Z aws-node[518]: INFO: Health check OK
2026-09-27T10:36:03.319372Z aws-node[733]: INFO: Reloading configuration
2026-09-27T10:36:12.319372Z aws-node[733]: INFO: Reloading configuration
2026-09-27T10:36:20.319372Z aws-node[733]: INFO: Reloading configuration
2026-09-27T10:36:29.319372Z aws-node[761]: INFO: plugin/kubernetes: 68 resource records
2026-09-27T10:36:38.319372Z aws-node[761]: INFO: plugin/kubernetes: 68 resource records
2026-09-27T10:36:46.319372Z aws-node[733]: INFO: Reloading configuration
2026-09-27T10:36:55.319372Z aws-node[733]: INFO: Reloading configuration
2026-09-27T10:37:04.319372Z aws-node[518]: INFO: Health check OK
2026-09-27T10:37:12.319372Z aws-node[377]: INFO: plugin/ready: Still waiting on: "kubernetes"
2026-09-27T10:37:21.319372Z aws-node[518]: INFO: Health check OK
2026-09-27T10:37:30.319372Z aws-node[518]: INFO: Health check OK
2026-09-27T10:37:38.319372Z aws-node[518]: INFO: Health check OK
2026-09-27T10:37:47.319372Z aws-node[761]: INFO: plugin/kubernetes: 68 resource records
2026-09-27T10:37:56.319372Z aws-node[377]: INFO: plugin/ready: Still waiting on: "kubernetes"
2026-09-27T10:38:04.319372Z aws-node[377]: INFO: plugin/ready: Still waiting on: "kubernetes"
2026-09-27T10:38:13.319372Z aws-node[518]: INFO: Health check OK
2026-09-27T10:38:21.319372Z aws-node[518]: INFO: Health check OK
2026-09-27T10:38:30.319372Z aws-node[518]: INFO: Health check OK
2026-09-27T10:38:39.319372Z aws-node[518]: INFO: Health check OK
2026-09-27T10:38:47.319372Z aws-node[377]: INFO: plugin/ready: Still waiting on: "kubernetes"
2026-09-27T10:38:56.319372Z aws-node[761]: INFO: plugin/kubernetes: 68 resource records
2026-09-27T10:39:05.319372Z aws-node[518]: INFO: Health check OK
2026-09-27T10:39:13.319372Z aws-node[733]: INFO: Reloading configuration
2026-09-27T10:39:22.319372Z aws-node[733]: INFO: Reloading configuration
2026-09-27T10:39:31.319372Z aws-node[518]: INFO: Health check OK
2026-09-27T10:39:39.319372Z aws-node[518]: INFO: Health check OK
2026-09-27T10:39:48.319372Z aws-node[377]: INFO: plugin/ready: Still waiting on: "kubernetes"
2026-09-27T10:39:56.319372Z aws-node[377]: INFO: plugin/ready: Still waiting on: "kubernetes"
2026-09-27T10:40:05.319372Z aws-node[761]: INFO: plugin/kubernetes: 68 resource records
2026-09-27T10:40:14.319372Z aws-node[377]: INFO: plugin/ready: Still waiting on: "kubernetes"
2026-09-27T10:40:22.319372Z aws-node[761]: INFO: plugin/kubernetes: 68 resource records
2026-09-27T10:40:31.319372Z aws-node[733]: INFO: Reloading configuration
2026-09-27T10:40:40.319372Z aws-node[761]: INFO: plugin/kubernetes: 68 resource records
2026-09-27T10:40:48.319372Z aws-node[733]: INFO: Reloading configuration
2026-09-27T10:40:57.319372Z aws-node[518]: INFO: Health check OK
2026-09-27T10:41:06.319372Z aws-node[761]: INFO: plugin/kubernetes: 68 resource records
2026-09-27T10:41:14.319372Z aws-node[761]: INFO: plugin/kubernetes: 68 resource records
2026-09-27T10:41:23.319372Z aws-node[377]: INFO: plugin/ready: Still waiting on: "kubernetes"
2026-09-27T10:41:32.319372Z aws-node[377]: INFO: plugin/ready: Still waiting on: "kubernetes"
2026-09-27T10:41:40.319372Z aws-node[377]: INFO: plugin/ready: Still waiting on: "kubernetes"
2026-09-27T10:41:49.319372Z aws-node[761]: INFO: plugin/kubernetes: 68 resource records
2026-09-27T10:41:57.319372Z aws-node[518]: INFO: Health check OK
2026-09-27T10:42:06.319372Z aws-node[518]: INFO: Health check OK
2026-09-27T10:42:15.319372Z aws-node[733]: INFO: Reloading configuration
2026-09-27T10:42:23.319372Z aws-node[518]: INFO: Health check OK
2026-09-27T10:42:32.319372Z aws-node[518]: INFO: Health check OK
2026-09-27T10:42:41.319372Z aws-node[761]: INFO: plugin/kubernetes: 68 resource records
2026-09-27T10:42:49.319372Z aws-node[377]: INFO: plugin/ready: Still waiting on: "kubernetes"
2026-09-27T10:42:58.319372Z aws-node[377]: INFO: plugin/ready: Still waiting on: "kubernetes"
2026-09-27T10:43:07.319372Z aws-node[761]: INFO: plugin/kubernetes: 68 resource records
2026-09-27T10:43:15.319372Z aws-node[761]: INFO: plugin/kubernetes: 68 resource records
2026-09-27T10:43:24.319372Z aws-node[761]: INFO: plugin/kubernetes: 68 resource records
2026-09-27T10:43:32.319372Z aws-node[377]: INFO: plugin/ready: Still waiting on: "kubernetes"
2026-09-27T10:43:41.319372Z aws-node[518]: INFO: Health check OK
2026-09-27T10:43:50.319372Z aws-node[518]: INFO: Health check OK
2026-09-27T10:43:58.319372Z aws-node[377]: INFO: plugin/ready: Still waiting on: "kubernetes"
2026-09-27T10:44:07.319372Z aws-node[518]: INFO: Health check OK
2026-09-27T10:44:16.319372Z aws-node[733]: INFO: Reloading configuration
2026-09-27T10:44:24.319372Z aws-node[761]: INFO: plugin/kubernetes: 68 resource records
2026-09-27T10:44:33.319372Z aws-node[377]: INFO: plugin/ready: Still waiting on: "kubernetes"
2026-09-27T10:44:42.319372Z aws-node[761]: INFO: plugin/kubernetes: 68 resource records
2026-09-27T10:44:50.319372Z aws-node[518]: INFO: Health check OK
2026-09-27T10:44:59.319372Z aws-node[377]: INFO: plugin/ready: Still waiting on: "kubernetes"
2026-09-27T10:45:08.319372Z aws-node[733]: INFO: Reloading configuration
2026-09-27T10:45:16.319372Z aws-node[518]: INFO: Health check OK
2026-09-27T10:45:25.319372Z aws-node[518]: INFO: Health check OK
2026-09-27T10:45:33.319372Z aws-node[377]: INFO: plugin/ready: Still waiting on: "kubernetes"
2026-09-27T10:45:42.319372Z aws-node[377]: INFO: plugin/ready: Still waiting on: "kubernetes"
2026-09-27T10:45:51.319372Z aws-node[733]: INFO: Reloading configuration
2026-09-27T10:45:59.319372Z aws-node[761]: INFO: plugin/kubernetes: 68 resource records
2026-09-27T10:46:08.319372Z aws-node[518]: INFO: Health check OK
2026-09-27T10:46:17.319372Z aws-node[377]: INFO: plugin/ready: Still waiting on: "kubernetes"
2026-09-27T10:46:25.319372Z aws-node[518]: INFO: Health check OK
2026-09-27T10:46:34.319372Z aws-node[518]: INFO: Health check OK
2026-09-27T10:46:43.319372Z aws-node[377]: INFO: plugin/ready: Still waiting on: "kubernetes"
2026-09-27T10:46:51.319372Z aws-node[377]: INFO: plugin/ready: Still waiting on: "kubernetes"
2026-09-27T10:47:00.319372Z aws-node[377]: INFO: plugin/ready: Still waiting on: "kubernetes"
2026-09-27T10:47:08.319372Z aws-node[518]: INFO: Health check OK
2026-09-27T10:47:17.319372Z aws-node[733]: INFO: Reloading configuration
2026-09-27T10:47:26.319372Z aws-node[761]: INFO: plugin/kubernetes: 68 resource records
2026-09-27T10:47:34.319372Z aws-node[733]: INFO: Reloading configuration
2026-09-27T10:47:43.319372Z aws-node[377]: INFO: plugin/ready: Still waiting on: "kubernetes"
2026-09-27T10:47:52.319372Z aws-node[377]: INFO: plugin/ready: Still waiting on: "kubernetes"
2026-09-27T10:48:00.319372Z aws-node[235]: ERROR: upstream 10.100.41.115:53: read udp 10.133.154.175:43076->10.240.134.29:53: i/o timeout
2026-09-27T10:48:09.319372Z aws-node[761]: INFO: plugin/kubernetes: 68 resource records
2026-09-27T10:48:18.319372Z aws-node[518]: INFO: Health check OK
2026-09-27T10:48:26.319372Z aws-node[518]: INFO: Health check OK
2026-09-27T10:48:35.319372Z aws-node[733]: INFO: Reloading configuration
2026-09-27T10:48:44.319372Z aws-node[518]: INFO: Health check OK
2026-09-27T10:48:52.319372Z aws-node[518]: INFO: Health check OK
2026-09-27T10:49:01.319372Z aws-node[377]: INFO: plugin/ready: Still waiting on: "kubernetes"
2026-09-27T10:49:09.319372Z aws-node[733]: INFO: Reloading configuration
2026-09-27T10:49:18.319372Z aws-node[761]: INFO: plugin/kubernetes: 68 resource records
2026-09-27T10:49:27.319372Z aws-node[518]: INFO: Health check OK
2026-09-27T10:49:35.319372Z aws-node[761]: INFO: plugin/kubernetes: 68 resource records
2026-09-27T10:49:44.319372Z aws-node[518]: INFO: Health check OK
2026-09-27T10:49:53.319372Z aws-node[377]: INFO: plugin/ready: Still waiting on: "kubernetes"
2026-09-27T10:50:01.319372Z aws-node[377]: INFO: plugin/ready: Still waiting on: "kubernetes"
2026-09-27T10:50:10.319372Z aws-node[518]: INFO: Health check OK
2026-09-27T10:50:19.319372Z aws-node[761]: INFO: plugin/kubernetes: 68 resource records
2026-09-27T10:50:27.319372Z aws-node[518]: INFO: Health check OK
2026-09-27T10:50:36.319372Z aws-node[733]: INFO: Reloading configuration
2026-09-27T10:50:44.319372Z aws-node[377]: INFO: plugin/ready: Still waiting on: "kubernetes"
2026-09-27T10:50:53.319372Z aws-node[733]: INFO: Reloading configuration
2026-09-27T10:51:02.319372Z aws-node[518]: INFO: Health check OK
2026-09-27T10:51:10.319372Z aws-node[761]: INFO: plugin/kubernetes: 68 resource records
2026-09-27T10:51:19.319372Z aws-node[518]: INFO: Health check OK
2026-09-27T10:51:28.319372Z aws-node[518]: INFO: Health check OK
2026-09-27T10:51:36.319372Z aws-node[518]: INFO: Health check OK
2026-09-27T10:51:45.319372Z aws-node[761]: INFO: plugin/kubernetes: 68 resource records
2026-09-27T10:51:54.319372Z aws-node[518]: INFO: Health check OK
2026-09-27T10:52:02.319372Z aws-node[518]: INFO: Health check OK
2026-09-27T10:52:11.319372Z aws-node[733]: INFO: Reloading configuration
2026-09-27T10:52:20.319372Z aws-node[761]: INFO: plugin/kubernetes: 68 resource records
2026-09-27T10:52:28.319372Z aws-node[518]: INFO: Health check OK
2026-09-27T10:52:37.319372Z aws-node[518]: INFO: Health check OK
2026-09-27T10:52:45.319372Z aws-node[733]: INFO: Reloading configuration
2026-09-27T10:52:54.319372Z aws-node[761]: INFO: plugin/kubernetes: 68 resource records
2026-09-27T10:53:03.319372Z aws-node[377]: INFO: plugin/ready: Still waiting on: "kubernetes"
2026-09-27T10:53:11.319372Z aws-node[377]: INFO: plugin/ready: Still waiting on: "kubernetes"
2026-09-27T10:53:20.319372Z aws-node[761]: INFO: plugin/kubernetes: 68 resource records
2026-09-27T10:53:29.319372Z aws-node[377]: INFO: plugin/ready: Still waiting on: "kubernetes"
2026-09-27T10:53:37.319372Z aws-node[761]: INFO: plugin/kubernetes: 68 resource records
2026-09-27T10:53:46.319372Z aws-node[377]: INFO: plugin/ready: Still waiting on: "kubernetes"
2026-09-27T10:53:55.319372Z aws-node[377]: INFO: plugin/ready: Still waiting on: "kubernetes"
2026-09-27T10:54:03.319372Z aws-node[761]: INFO: plugin/kubernetes: 68 resource records
2026-09-27T10:54:12.319372Z aws-node[733]: INFO: Reloading configuration
2026-09-27T10:54:20.319372Z aws-node[761]: INFO: plugin/kubernetes: 68 resource records
2026-09-27T10:54:29.319372Z aws-node[733]: INFO: Reloading configuration
2026-09-27T10:54:38.319372Z aws-node[377]: INFO: plugin/ready: Still waiting on: "kubernetes"
2026-09-27T10:54:46.319372Z aws-node[377]: INFO: plugin/ready: Still waiting on: "kubernetes"
2026-09-27T10:54:55.319372Z aws-node[377]: INFO: plugin/ready: Still waiting on: "kubernetes"
2026-09-27T10:55:04.319372Z aws-node[377]: INFO: plugin/ready: Still waiting on: "kubernetes"
2026-09-27T10:55:12.319372Z aws-node[733]: INFO: Reloading configuration
2026-09-27T10:55:21.319372Z aws-node[518]: INFO: Health check OK
2026-09-27T10:55:30.319372Z aws-node[733]: INFO: Reloading configuration
2026-09-27T10:55:38.319372Z aws-node[761]: INFO: plugin/kubernetes: 68 resource records
2026-09-27T10:55:47.319372Z aws-node[377]: INFO: plugin/ready: Still waiting on: "kubernetes"
2026-09-27T10:55:56.319372Z aws-node[518]: INFO: Health check OK
2026-09-27T10:56:04.319372Z aws-node[733]: INFO: Reloading configuration
2026-09-27T10:56:13.319372Z aws-node[518]: INFO: Health check OK
2026-09-27T10:56:21.319372Z aws-node[761]: INFO: plugin/kubernetes: 68 resource records
2026-09-27T10:56:30.319372Z aws-node[377]: INFO: plugin/ready: Still waiting on: "kubernetes"
2026-09-27T10:56:39.319372Z aws-node[518]: INFO: Health check OK
2026-09-27T10:56:47.319372Z aws-node[518]: INFO: Health check OK
2026-09-27T10:56:56.319372Z aws-node[518]: INFO: Health check OK
2026-09-27T10:57:05.319372Z aws-node[733]: INFO: Reloading configuration
2026-09-27T10:57:13.319372Z aws-node[518]: INFO: Health check OK
2026-09-27T10:57:22.319372Z aws-node[761]: INFO: plugin/kubernetes: 68 resource records
2026-09-27T10:57:31.319372Z aws-node[518]: INFO: Health check OK
2026-09-27T10:57:39.319372Z aws-node[761]: INFO: plugin/kubernetes: 68 resource records
2026-09-27T10:57:48.319372Z aws-node[733]: INFO: Reloading configuration
2026-09-27T10:57:56.319372Z aws-node[518]: INFO: Health check OK
2026-09-27T10:58:05.319372Z aws-node[518]: INFO: Health check OK
2026-09-27T10:58:14.319372Z aws-node[518]: INFO: Health check OK
2026-09-27T10:58:22.319372Z aws-node[733]: INFO: Reloading configuration
2026-09-27T10:58:31.319372Z aws-node[377]: INFO: plugin/ready: Still waiting on: "kubernetes"
2026-09-27T10:58:40.319372Z aws-node[377]: INFO: plugin/ready: Still waiting on: "kubernetes"
2026-09-27T10:58:48.319372Z aws-node[761]: INFO: plugin/kubernetes: 68 resource records
2026-09-27T10:58:57.319372Z aws-node[377]: INFO: plugin/ready: Still waiting on: "kubernetes"
2026-09-27T10:59:06.319372Z aws-node[761]: INFO: plugin/kubernetes: 68 resource records
2026-09-27T10:59:14.319372Z aws-node[761]: INFO: plugin/kubernetes: 68 resource records
2026-09-27T10:59:23.319372Z aws-node[246]: ERROR: failed to list *v1.Service: Get "https://10.6.106.25:443": net/http: TLS handshake timeout
2026-09-27T10:59:32.319372Z aws-node[761]: INFO: plugin/kubernetes: 68 resource records
2026-09-27T10:59:40.319372Z aws-node[377]: INFO: plugin/ready: Still waiting on: "kubernetes"
2026-09-27T10:59:49.319372Z aws-node[377]: INFO: plugin/ready: Still waiting on: "kubernetes"
2026-09-27T10:59:57.319372Z aws-node[761]: INFO: plugin/kubernetes: 68 resource records
2026-09-27T11:00:06.319372Z aws-node[518]: INFO: Health check OK
2026-09-27T11:00:15.319372Z aws-node[733]: INFO: Reloading configuration
2026-09-27T11:00:23.319372Z aws-node[518]: INFO: Health check OK
2026-09-27T11:00:32.319372Z aws-node[761]: INFO: plugin/kubernetes: 68 resource records
2026-09-27T11:00:41.319372Z aws-node[377]: INFO: plugin/ready: Still waiting on: "kubernetes"
2026-09-27T11:00:49.319372Z aws-node[761]: INFO: plugin/kubernetes: 68 resource records
2026-09-27T11:00:58.319372Z aws-node[733]: INFO: Reloading configuration
2026-09-27T11:01:07.319372Z aws-node[761]: INFO: plugin/kubernetes: 68 resource records
2026-09-27T11:01:15.319372Z aws-node[518]: INFO: Health check OK
2026-09-27T11:01:24.319372Z aws-node[761]: INFO: plugin/kubernetes: 68 resource records
2026-09-27T11:01:32.319372Z aws-node[377]: INFO: plugin/ready: Still waiting on: "kubernetes"
2026-09-27T11:01:41.319372Z aws-node[761]: INFO: plugin/kubernetes: 68 resource records
2026-09-27T11:01:50.319372Z aws-node[518]: INFO: Health check OK
2026-09-27T11:01:58.319372Z aws-node[377]: INFO: plugin/ready: Still waiting on: "kubernetes"
2026-09-27T11:02:07.319372Z aws-node[377]: INFO: plugin/ready: Still waiting on: "kubernetes"
2026-09-27T11:02:16.319372Z aws-node[235]: ERROR: upstream 10.100.41.115:53: read udp 10.133.154.175:43076->10.240.134.29:53: i/o timeout
2026-09-27T11:02:24.319372Z aws-node[761]: INFO: plugin/kubernetes: 68 resource records
2026-09-27T11:02:33.319372Z aws-node[377]: INFO: plugin/ready: Still waiting on: "kubernetes"
2026-09-27T11:02:42.319372Z aws-node[518]: INFO: Health check OK
2026-09-27T11:02:50.319372Z aws-node[518]: INFO: Health check OK
2026-09-27T11:02:59.319372Z aws-node[733]: INFO: Reloading configuration
2026-09-27T11:03:08.319372Z aws-node[518]: INFO: Health check OK
2026-09-27T11:03:16.319372Z aws-node[518]: INFO: Health check OK
2026-09-27T11:03:25.319372Z aws-node[518]: INFO: Health check OK
2026-09-27T11:03:33.319372Z aws-node[761]: INFO: plugin/kubernetes: 68 resource records
2026-09-27T11:03:42.319372Z aws-node[733]: INFO: Reloading configuration
2026-09-27T11:03:51.319372Z aws-node[761]: INFO: plugin/kubernetes: 68 resource records
2026-09-27T11:03:59.319372Z aws-node[518]: INFO: Health check OK
2026-09-27T11:04:08.319372Z aws-node[518]: INFO: Health check OK
2026-09-27T11:04:17.319372Z aws-node[761]: INFO: plugin/kubernetes: 68 resource records
2026-09-27T11:04:25.319372Z aws-node[377]: INFO: plugin/ready: Still waiting on: "kubernetes"
2026-09-27T11:04:34.319372Z aws-node[518]: INFO: Health check OK
2026-09-27T11:04:43.319372Z aws-node[377]: INFO: plugin/ready: Still waiting on: "kubernetes"
2026-09-27T11:04:51.319372Z aws-node[761]: INFO: plugin/kubernetes: 68 resource records
2026-09-27T11:05:00.319372Z aws-node[518]: INFO: Health check OK
2026-09-27T11:05:08.319372Z aws-node[733]: INFO: Reloading configuration
2026-09-27T11:05:17.319372Z aws-node[761]: INFO: plugin/kubernetes: 68 resource records
2026-09-27T11:05:26.319372Z aws-node[761]: INFO: plugin/kubernetes: 68 resource records
2026-09-27T11:05:34.319372Z aws-node[518]: INFO: Health check OK
2026-09-27T11:05:43.319372Z aws-node[733]: INFO: Reloading configuration
2026-09-27T11:05:52.319372Z aws-node[733]: INFO: Reloading configuration
2026-09-27T11:06:00.319372Z aws-node[761]: INFO: plugin/kubernetes: 68 resource records
2026-09-27T11:06:09.319372Z aws-node[733]: INFO: Reloading configuration
2026-09-27T11:06:18.319372Z aws-node[377]: INFO: plugin/ready: Still waiting on: "kubernetes"
2026-09-27T11:06:26.319372Z aws-node[377]: INFO: plugin/ready: Still waiting on: "kubernetes"
2026-09-27T11:06:35.319372Z aws-node[518]: INFO: Health check OK
2026-09-27T11:06:44.319372Z aws-node[377]: INFO: plugin/ready: Still waiting on: "kubernetes"
2026-09-27T11:06:52.319372Z aws-node[235]: ERROR: upstream 10.100.41.115:53: read udp 10.133.154.175:43076->10.240.134.29:53: i/o timeout
2026-09-27T11:07:01.319372Z aws-node[518]: INFO: Health check OK
2026-09-27T11:07:09.319372Z aws-node[761]: INFO: plugin/kubernetes: 68 resource records
2026-09-27T11:07:18.319372Z aws-node[733]: INFO: Reloading configuration
2026-09-27T11:07:27.319372Z aws-node[733]: INFO: Reloading configuration
2026-09-27T11:07:35.319372Z aws-node[733]: INFO: Reloading configuration
2026-09-27T11:07:44.319372Z aws-node[377]: INFO: plugin/ready: Still waiting on: "kubernetes"
2026-09-27T11:07:53.319372Z aws-node[733]: INFO: Reloading configuration
2026-09-27T11:08:01.319372Z aws-node[761]: INFO: plugin/kubernetes: 68 resource records
2026-09-27T11:08:10.319372Z aws-node[733]: INFO: Reloading configuration
2026-09-27T11:08:19.319372Z aws-node[733]: INFO: Reloading configuration
2026-09-27T11:08:27.319372Z aws-node[761]: INFO: plugin/kubernetes: 68 resource records
2026-09-27T11:08:36.319372Z aws-node[761]: INFO: plugin/kubernetes: 68 resource records
2026-09-27T11:08:44.319372Z aws-node[377]: INFO: plugin/ready: Still waiting on: "kubernetes"
2026-09-27T11:08:53.319372Z aws-node[761]: INFO: plugin/kubernetes: 68 resource records
2026-09-27T11:09:02.319372Z aws-node[733]: INFO: Reloading configuration
2026-09-27T11:09:10.319372Z aws-node[483]: WARN: too many open files
2026-09-27T11:09:19.319372Z aws-node[377]: INFO: plugin/ready: Still waiting on: "kubernetes"
2026-09-27T11:09:28.319372Z aws-node[518]: INFO: Health check OK
2026-09-27T11:09:36.319372Z aws-node[761]: INFO: plugin/kubernetes: 68 resource records
2026-09-27T11:09:45.319372Z aws-node[761]: INFO: plugin/kubernetes: 68 resource records
2026-09-27T11:09:54.319372Z aws-node[733]: INFO: Reloading configuration
2026-09-27T11:10:02.319372Z aws-node[518]: INFO: Health check OK
2026-09-27T11:10:11.319372Z aws-node[377]: INFO: plugin/ready: Still waiting on: "kubernetes"
2026-09-27T11:10:20.319372Z aws-node[761]: INFO: plugin/kubernetes: 68 resource records
2026-09-27T11:10:28.319372Z aws-node[733]: INFO: Reloading configuration
2026-09-27T11:10:37.319372Z aws-node[761]: INFO: plugin/kubernetes: 68 resource records
2026-09-27T11:10:45.319372Z aws-node[733]: INFO: Reloading configuration
2026-09-27T11:10:54.319372Z aws-node[733]: INFO: Reloading configuration
2026-09-27T11:11:03.319372Z aws-node[733]: INFO: Reloading configuration
2026-09-27T11:11:11.319372Z aws-node[377]: INFO: plugin/ready: Still waiting on: "kubernetes"
2026-09-27T11:11:20.319372Z aws-node[518]: INFO: Health check OK
2026-09-27T11:11:29.319372Z aws-node[733]: INFO: Reloading configuration
2026-09-27T11:11:37.319372Z aws-node[518]: INFO: Health check OK
2026-09-27T11:11:46.319372Z aws-node[733]: INFO: Reloading configuration
2026-09-27T11:11:55.319372Z aws-node[518]: INFO: Health check OK
2026-09-27T11:12:03.319372Z aws-node[518]: INFO: Health check OK
2026-09-27T11:12:12.319372Z aws-node[733]: INFO: Reloading configuration
2026-09-27T11:12:20.319372Z aws-node[518]: INFO: Health check OK
2026-09-27T11:12:29.319372Z aws-node[377]: INFO: plugin/ready: Still waiting on: "kubernetes"
2026-09-27T11:12:38.319372Z aws-node[377]: INFO: plugin/ready: Still waiting on: "kubernetes"
2026-09-27T11:12:46.319372Z aws-node[235]: ERROR: upstream 10.100.41.115:53: read udp 10.133.154.175:43076->10.240.134.29:53: i/o timeout
2026-09-27T11:12:55.319372Z aws-node[377]: INFO: plugin/ready: Still waiting on: "kubernetes"
2026-09-27T11:13:04.319372Z aws-node[377]: INFO: plugin/ready: Still waiting on: "kubernetes"
2026-09-27T11:13:12.319372Z aws-node[246]: ERROR: failed to list *v1.Service: Get "https://10.6.106.25:443": net/http: TLS handshake timeout
2026-09-27T11:13:21.319372Z aws-node[761]: INFO: plugin/kubernetes: 68 resource records
2026-09-27T11:13:30.319372Z aws-node[518]: INFO: Health check OK
2026-09-27T11:13:38.319372Z aws-node[761]: INFO: plugin/kubernetes: 68 resource records
2026-09-27T11:13:47.319372Z aws-node[986]: ERROR: plugin/errors: 10.80.131.140:49335 - no such host
2026-09-27T11:13:56.319372Z aws-node[235]: ERROR: upstream 10.100.41.115:53: read udp 10.133.154.175:43076->10.240.134.29:53: i/o timeout
2026-09-27T11:14:04.319372Z aws-node[761]: INFO: plugin/kubernetes: 68 resource records
2026-09-27T11:14:13.319372Z aws-node[733]: INFO: Reloading configuration
2026-09-27T11:14:21.319372Z aws-node[733]: INFO: Reloading configuration
2026-09-27T11:14:30.319372Z aws-node[377]: INFO: plugin/ready: Still waiting on: "kubernetes"
2026-09-27T11:14:39.319372Z aws-node[761]: INFO: plugin/kubernetes: 68 resource records
2026-09-27T11:14:47.319372Z aws-node[377]: INFO: plugin/ready: Still waiting on: "kubernetes"
2026-09-27T11:14:56.319372Z aws-node[733]: INFO: Reloading configuration
2026-09-27T11:15:05.319372Z aws-node[761]: INFO: plugin/kubernetes: 68 resource records
2026-09-27T11:15:13.319372Z aws-node[761]: INFO: plugin/kubernetes: 68 resource records
2026-09-27T11:15:22.319372Z aws-node[733]: INFO: Reloading configuration
2026-09-27T11:15:31.319372Z aws-node[518]: INFO: Health check OK
2026-09-27T11:15:39.319372Z aws-node[518]: INFO: Health check OK
2026-09-27T11:15:48.319372Z aws-node[518]: INFO: Health check OK
2026-09-27T11:15:56.319372Z aws-node[377]: INFO: plugin/ready: Still waiting on: "kubernetes"
2026-09-27T11:16:05.319372Z aws-node[761]: INFO: plugin/kubernetes: 68 resource records
2026-09-27T11:16:14.319372Z aws-node[733]: INFO: Reloading configuration
2026-09-27T11:16:22.319372Z aws-node[518]: INFO: Health check OK
2026-09-27T11:16:31.319372Z aws-node[986]: ERROR: plugin/errors: 10.80.131.140:49335 - no such host
2026-09-27T11:16:40.319372Z aws-node[483]: WARN: too many open files
2026-09-27T11:16:48.319372Z aws-node[761]: INFO: plugin/kubernetes: 68 resource records
2026-09-27T11:16:57.319372Z aws-node[761]: INFO: plugin/kubernetes: 68 resource records
2026-09-27T11:17:06.319372Z aws-node[377]: INFO: plugin/ready: Still waiting on: "kubernetes"
2026-09-27T11:17:14.319372Z aws-node[377]: INFO: plugin/ready: Still waiting on: "kubernetes"
2026-09-27T11:17:23.319372Z aws-node[733]: INFO: Reloading configuration
2026-09-27T11:17:32.319372Z aws-node[761]: INFO: plugin/kubernetes: 68 resource records
2026-09-27T11:17:40.319372Z aws-node[733]: INFO: Reloading configuration
2026-09-27T11:17:49.319372Z aws-node[377]: INFO: plugin/ready: Still waiting on: "kubernetes"
2026-09-27T11:17:57.319372Z aws-node[518]: INFO: Health check OK
2026-09-27T11:18:06.319372Z aws-node[761]: INFO: plugin/kubernetes: 68 resource records
2026-09-27T11:18:15.319372Z aws-node[377]: INFO: plugin/ready: Still waiting on: "kubernetes"
2026-09-27T11:18:23.319372Z aws-node[733]: INFO: Reloading configuration
2026-09-27T11:18:32.319372Z aws-node[377]: INFO: plugin/ready: Still waiting on: "kubernetes"
2026-09-27T11:18:41.319372Z aws-node[518]: INFO: Health check OK
2026-09-27T11:18:49.319372Z aws-node[377]: INFO: plugin/ready: Still waiting on: "kubernetes"
2026-09-27T11:18:58.319372Z aws-node[761]: INFO: plugin/kubernetes: 68 resource records
2026-09-27T11:19:07.319372Z aws-node[733]: INFO: Reloading configuration
2026-09-27T11:19:15.319372Z aws-node[986]: ERROR: plugin/errors: 10.80.131.140:49335 - no such host
2026-09-27T11:19:24.319372Z aws-node[518]: INFO: Health check OK
2026-09-27T11:19:32.319372Z aws-node[518]: INFO: Health check OK
2026-09-27T11:19:41.319372Z aws-node[518]: INFO: Health check OK
2026-09-27T11:19:50.319372Z aws-node[733]: INFO: Reloading configuration
2026-09-27T11:19:58.319372Z aws-node[733]: INFO: Reloading configuration
2026-09-27T11:20:07.319372Z aws-node[518]: INFO: Health check OK
2026-09-27T11:20:16.319372Z aws-node[377]: INFO: plugin/ready: Still waiting on: "kubernetes"
2026-09-27T11:20:24.319372Z aws-node[761]: INFO: plugin/kubernetes: 68 resource records
2026-09-27T11:20:33.319372Z aws-node[518]: INFO: Health check OK
2026-09-27T11:20:42.319372Z aws-node[761]: INFO: plugin/kubernetes: 68 resource records
2026-09-27T11:20:50.319372Z aws-node[761]: INFO: plugin/kubernetes: 68 resource records
2026-09-27T11:20:59.319372Z aws-node[733]: INFO: Reloading configuration
2026-09-27T11:21:08.319372Z aws-node[377]: INFO: plugin/ready: Still waiting on: "kubernetes"
2026-09-27T11:21:16.319372Z aws-node[518]: INFO: Health check OK
2026-09-27T11:21:25.319372Z aws-node[761]: INFO: plugin/kubernetes: 68 resource records
2026-09-27T11:21:33.319372Z aws-node[761]: INFO: plugin/kubernetes: 68 resource records
2026-09-27T11:21:42.319372Z aws-node[377]: INFO: plugin/ready: Still waiting on: "kubernetes"
2026-09-27T11:21:51.319372Z aws-node[733]: INFO: Reloading configuration
2026-09-27T11:21:59.319372Z aws-node[761]: INFO: plugin/kubernetes: 68 resource records
2026-09-27T11:22:08.319372Z aws-node[518]: INFO: Health check OK
2026-09-27T11:22:17.319372Z aws-node[377]: INFO: plugin/ready: Still waiting on: "kubernetes"
2026-09-27T11:22:25.319372Z aws-node[761]: INFO: plugin/kubernetes: 68 resource records
2026-09-27T11:22:34.319372Z aws-node[518]: INFO: Health check OK
2026-09-27T11:22:43.319372Z aws-node[761]: INFO: plugin/kubernetes: 68 resource records
2026-09-27T11:22:51.319372Z aws-node[377]: INFO: plugin/ready: Still waiting on: "kubernetes"
2026-09-27T11:23:00.319372Z aws-node[377]: INFO: plugin/ready: Still waiting on: "kubernetes"
2026-09-27T11:23:08.319372Z aws-node[761]: INFO: plugin/kubernetes: 68 resource records
2026-09-27T11:23:17.319372Z aws-node[733]: INFO: Reloading configuration
2026-09-27T11:23:26.319372Z aws-node[518]: INFO: Health check OK
2026-09-27T11:23:34.319372Z aws-node[733]: INFO: Reloading configuration
2026-09-27T11:23:43.319372Z aws-node[377]: INFO: plugin/ready: Still waiting on: "kubernetes"
2026-09-27T11:23:52.319372Z aws-node[733]: INFO: Reloading configuration
2026-09-27T11:24:00.319372Z aws-node[235]: ERROR: upstream 10.100.41.115:53: read udp 10.133.154.175:43076->10.240.134.29:53: i/o timeout
2026-09-27T11:24:09.319372Z aws-node[761]: INFO: plugin/kubernetes: 68 resource records
2026-09-27T11:24:18.319372Z aws-node[761]: INFO: plugin/kubernetes: 68 resource records
2026-09-27T11:24:26.319372Z aws-node[733]: INFO: Reloading configuration
2026-09-27T11:24:35.319372Z aws-node[377]: INFO: plugin/ready: Still waiting on: "kubernetes"
2026-09-27T11:24:44.319372Z aws-node[761]: INFO: plugin/kubernetes: 68 resource records
2026-09-27T11:24:52.319372Z aws-node[377]: INFO: plugin/ready: Still waiting on: "kubernetes"
2026-09-27T11:25:01.319372Z aws-node[733]: INFO: Reloading configuration
2026-09-27T11:25:09.319372Z aws-node[733]: INFO: Reloading configuration
2026-09-27T11:25:18.319372Z aws-node[761]: INFO: plugin/kubernetes: 68 resource records
2026-09-27T11:25:27.319372Z aws-node[733]: INFO: Reloading configuration
2026-09-27T11:25:35.319372Z aws-node[761]: INFO: plugin/kubernetes: 68 resource records
2026-09-27T11:25:44.319372Z aws-node[761]: INFO: plugin/kubernetes: 68 resource records
2026-09-27T11:25:53.319372Z aws-node[377]: INFO: plugin/ready: Still waiting on: "kubernetes"
2026-09-27T11:26:01.319372Z aws-node[733]: INFO: Reloading configuration
2026-09-27T11:26:10.319372Z aws-node[377]: INFO: plugin/ready: Still waiting on: "kubernetes"
2026-09-27T11:26:19.319372Z aws-node[377]: INFO: plugin/ready: Still waiting on: "kubernetes"
2026-09-27T11:26:27.319372Z aws-node[761]: INFO: plugin/kubernetes: 68 resource records
2026-09-27T11:26:36.319372Z aws-node[761]: INFO: plugin/kubernetes: 68 resource records
2026-09-27T11:26:44.319372Z aws-node[518]: INFO: Health check OK
2026-09-27T11:26:53.319372Z aws-node[377]: INFO: plugin/ready: Still waiting on: "kubernetes"
2026-09-27T11:27:02.319372Z aws-node[377]: INFO: plugin/ready: Still waiting on: "kubernetes"
2026-09-27T11:27:10.319372Z aws-node[377]: INFO: plugin/ready: Still waiting on: "kubernetes"
2026-09-27T11:27:19.319372Z aws-node[377]: INFO: plugin/ready: Still waiting on: "kubernetes"
2026-09-27T11:27:28.319372Z aws-node[518]: INFO: Health check OK
2026-09-27T11:27:36.319372Z aws-node[518]: INFO: Health check OK
2026-09-27T11:27:45.319372Z aws-node[733]: INFO: Reloading configuration
2026-09-27T11:27:54.319372Z aws-node[518]: INFO: Health check OK
2026-09-27T11:28:02.319372Z aws-node[761]: INFO: plugin/kubernetes: 68 resource records
2026-09-27T11:28:11.319372Z aws-node[377]: INFO: plugin/ready: Still waiting on: "kubernetes"
2026-09-27T11:28:20.319372Z aws-node[518]: INFO: Health check OK
2026-09-27T11:28:28.319372Z aws-node[761]: INFO: plugin/kubernetes: 68 resource records
2026-09-27T11:28:37.319372Z aws-node[761]: INFO: plugin/kubernetes: 68 resource records
2026-09-27T11:28:45.319372Z aws-node[761]: INFO: plugin/kubernetes: 68 resource records
2026-09-27T11:28:54.319372Z aws-node[518]: INFO: Health check OK
2026-09-27T11:29:03.319372Z aws-node[761]: INFO: plugin/kubernetes: 68 resource records
2026-09-27T11:29:11.319372Z aws-node[518]: INFO: Health check OK
2026-09-27T11:29:20.319372Z aws-node[733]: INFO: Reloading configuration
2026-09-27T11:29:29.319372Z aws-node[733]: INFO: Reloading configuration
2026-09-27T11:29:37.319372Z aws-node[761]: INFO: plugin/kubernetes: 68 resource records
2026-09-27T11:29:46.319372Z aws-node[518]: INFO: Health check OK
2026-09-27T11:29:55.319372Z aws-node[518]: INFO: Health check OK
2026-09-27T11:30:03.319372Z aws-node[761]: INFO: plugin/kubernetes: 68 resource records
2026-09-27T11:30:12.319372Z aws-node[761]: INFO: plugin/kubernetes: 68 resource records
2026-09-27T11:30:20.319372Z aws-node[246]: ERROR: failed to list *v1.Service: Get "https://10.6.106.25:443": net/http: TLS handshake timeout
2026-09-27T11:30:29.319372Z aws-node[761]: INFO: plugin/kubernetes: 68 resource records
2026-09-27T11:30:38.319372Z aws-node[761]: INFO: plugin/kubernetes: 68 resource records
2026-09-27T11:30:46.319372Z aws-node[761]: INFO: plugin/kubernetes: 68 resource records
2026-09-27T11:30:55.319372Z aws-node[518]: INFO: Health check OK
2026-09-27T11:31:04.319372Z aws-node[761]: INFO: plugin/kubernetes: 68 resource records
2026-09-27T11:31:12.319372Z aws-node[733]: INFO: Reloading configuration
2026-09-27T11:31:21.319372Z aws-node[761]: INFO: plugin/kubernetes: 68 resource records
2026-09-27T11:31:30.319372Z aws-node[733]: INFO: Reloading configuration
2026-09-27T11:31:38.319372Z aws-node[377]: INFO: plugin/ready: Still waiting on: "kubernetes"
2026-09-27T11:31:47.319372Z aws-node[733]: INFO: Reloading configuration
2026-09-27T11:31:56.319372Z aws-node[733]: INFO: Reloading configuration
2026-09-27T11:32:04.319372Z aws-node[733]: INFO: Reloading configuration
2026-09-27T11:32:13.319372Z aws-node[377]: INFO: plugin/ready: Still waiting on: "kubernetes"
2026-09-27T11:32:21.319372Z aws-node[518]: INFO: Health check OK
2026-09-27T11:32:30.319372Z aws-node[377]: INFO: plugin/ready: Still waiting on: "kubernetes"
2026-09-27T11:32:39.319372Z aws-node[518]: INFO: Health check OK
2026-09-27T11:32:47.319372Z aws-node[733]: INFO: Reloading configuration
2026-09-27T11:32:56.319372Z aws-node[377]: INFO: plugin/ready: Still waiting on: "kubernetes"
2026-09-27T11:33:05.319372Z aws-node[518]: INFO: Health check OK
2026-09-27T11:33:13.319372Z aws-node[518]: INFO: Health check OK
2026-09-27T11:33:22.319372Z aws-node[518]: INFO: Health check OK
2026-09-27T11:33:31.319372Z aws-node[761]: INFO: plugin/kubernetes: 68 resource records
2026-09-27T11:33:39.319372Z aws-node[733]: INFO: Reloading configuration
2026-09-27T11:33:48.319372Z aws-node[377]: INFO: plugin/ready: Still waiting on: "kubernetes"
2026-09-27T11:33:56.319372Z aws-node[377]: INFO: plugin/ready: Still waiting on: "kubernetes"
2026-09-27T11:34:05.319372Z aws-node[733]: INFO: Reloading configuration
2026-09-27T11:34:14.319372Z aws-node[377]: INFO: plugin/ready: Still waiting on: "kubernetes"
2026-09-27T11:34:22.319372Z aws-node[733]: INFO: Reloading configuration
2026-09-27T11:34:31.319372Z aws-node[733]: INFO: Reloading configuration
2026-09-27T11:34:40.319372Z aws-node[518]: INFO: Health check OK
2026-09-27T11:34:48.319372Z aws-node[733]: INFO: Reloading configuration
2026-09-27T11:34:57.319372Z aws-node[761]: INFO: plugin/kubernetes: 68 resource records
2026-09-27T11:35:06.319372Z aws-node[377]: INFO: plugin/ready: Still waiting on: "kubernetes"
2026-09-27T11:35:14.319372Z aws-node[733]: INFO: Reloading configuration
2026-09-27T11:35:23.319372Z aws-node[377]: INFO: plugin/ready: Still waiting on: "kubernetes"
2026-09-27T11:35:32.319372Z aws-node[733]: INFO: Reloading configuration
2026-09-27T11:35:40.319372Z aws-node[761]: INFO: plugin/kubernetes: 68 resource records
2026-09-27T11:35:49.319372Z aws-node[733]: INFO: Reloading configuration
2026-09-27T11:35:57.319372Z aws-node[733]: INFO: Reloading configuration
2026-09-27T11:36:06.319372Z aws-node[518]: INFO: Health check OK
2026-09-27T11:36:15.319372Z aws-node[377]: INFO: plugin/ready: Still waiting on: "kubernetes"
2026-09-27T11:36:23.319372Z aws-node[761]: INFO: plugin/kubernetes: 68 resource records
2026-09-27T11:36:32.319372Z aws-node[518]: INFO: Health check OK
2026-09-27T11:36:41.319372Z aws-node[377]: INFO: plugin/ready: Still waiting on: "kubernetes"
2026-09-27T11:36:49.319372Z aws-node[377]: INFO: plugin/ready: Still waiting on: "kubernetes"
2026-09-27T11:36:58.319372Z aws-node[761]: INFO: plugin/kubernetes: 68 resource records
2026-09-27T11:37:07.319372Z aws-node[518]: INFO: Health check OK
2026-09-27T11:37:15.319372Z aws-node[733]: INFO: Reloading configuration
2026-09-27T11:37:24.319372Z aws-node[377]: INFO: plugin/ready: Still waiting on: "kubernetes"
2026-09-27T11:37:32.319372Z aws-node[518]: INFO: Health check OK
2026-09-27T11:37:41.319372Z aws-node[518]: INFO: Health check OK
2026-09-27T11:37:50.319372Z aws-node[733]: INFO: Reloading configuration
2026-09-27T11:37:58.319372Z aws-node[761]: INFO: plugin/kubernetes: 68 resource records
2026-09-27T11:38:07.319372Z aws-node[377]: INFO: plugin/ready: Still waiting on: "kubernetes"
2026-09-27T11:38:16.319372Z aws-node[761]: INFO: plugin/kubernetes: 68 resource records
2026-09-27T11:38:24.319372Z aws-node[377]: INFO: plugin/ready: Still waiting on: "kubernetes"
2026-09-27T11:38:33.319372Z aws-node[377]: INFO: plugin/ready: Still waiting on: "kubernetes"
2026-09-27T11:38:42.319372Z aws-node[377]: INFO: plugin/ready: Still waiting on: "kubernetes"
2026-09-27T11:38:50.319372Z aws-node[733]: INFO: Reloading configuration
2026-09-27T11:38:59.319372Z aws-node[246]: ERROR: failed to list *v1.Service: Get "https://10.6.106.25:443": net/http: TLS handshake timeout
2026-09-27T11:39:08.319372Z aws-node[518]: INFO: Health check OK
2026-09-27T11:39:16.319372Z aws-node[518]: INFO: Health check OK
2026-09-27T11:39:25.319372Z aws-node[733]: INFO: Reloading configuration
2026-09-27T11:39:33.319372Z aws-node[986]: ERROR: plugin/errors: 10.80.131.140:49335 - no such host
2026-09-27T11:39:42.319372Z aws-node[761]: INFO: plugin/kubernetes: 68 resource records
2026-09-27T11:39:51.319372Z aws-node[761]: INFO: plugin/kubernetes: 68 resource records
2026-09-27T11:39:59.319372Z aws-node[761]: INFO: plugin/kubernetes: 68 resource records
2026-09-27T11:40:08.319372Z aws-node[518]: INFO: Health check OK
2026-09-27T11:40:17.319372Z aws-node[761]: INFO: plugin/kubernetes: 68 resource records
2026-09-27T11:40:25.319372Z aws-node[377]: INFO: plugin/ready: Still waiting on: "kubernetes"
2026-09-27T11:40:34.319372Z aws-node[761]: INFO: plugin/kubernetes: 68 resource records
2026-09-27T11:40:43.319372Z aws-node[761]: INFO: plugin/kubernetes: 68 resource records
2026-09-27T11:40:51.319372Z aws-node[377]: INFO: plugin/ready: Still waiting on: "kubernetes"
2026-09-27T11:41:00.319372Z aws-node[733]: INFO: Reloading configuration
2026-09-27T11:41:08.319372Z aws-node[733]: INFO: Reloading configuration
2026-09-27T11:41:17.319372Z aws-node[761]: INFO: plugin/kubernetes: 68 resource records
2026-09-27T11:41:26.319372Z aws-node[518]: INFO: Health check OK
2026-09-27T11:41:34.319372Z aws-node[733]: INFO: Reloading configuration
2026-09-27T11:41:43.319372Z aws-node[377]: INFO: plugin/ready: Still waiting on: "kubernetes"
2026-09-27T11:41:52.319372Z aws-node[761]: INFO: plugin/kubernetes: 68 resource records
2026-09-27T11:42:00.319372Z aws-node[377]: INFO: plugin/ready: Still waiting on: "kubernetes"
2026-09-27T11:42:09.319372Z aws-node[377]: INFO: plugin/ready: Still waiting on: "kubernetes"
2026-09-27T11:42:18.319372Z aws-node[518]: INFO: Health check OK
2026-09-27T11:42:26.319372Z aws-node[518]: INFO: Health check OK
2026-09-27T11:42:35.319372Z aws-node[733]: INFO: Reloading configuration
2026-09-27T11:42:44.319372Z aws-node[377]: INFO: plugin/ready: Still waiting on: "kubernetes"
2026-09-27T11:42:52.319372Z aws-node[761]: INFO: plugin/kubernetes: 68 resource records
2026-09-27T11:43:01.319372Z aws-node[518]: INFO: Health check OK
2026-09-27T11:43:09.319372Z aws-node[518]: INFO: Health check OK
2026-09-27T11:43:18.319372Z aws-node[733]: INFO: Reloading configuration
2026-09-27T11:43:27.319372Z aws-node[377]: INFO: plugin/ready: Still waiting on: "kubernetes"
2026-09-27T11:43:35.319372Z aws-node[733]: INFO: Reloading configuration
2026-09-27T11:43:44.319372Z aws-node[733]: INFO: Reloading configuration
2026-09-27T11:43:53.319372Z aws-node[733]: INFO: Reloading configuration
2026-09-27T11:44:01.319372Z aws-node[518]: INFO: Health check OK
2026-09-27T11:44:10.319372Z aws-node[761]: INFO: plugin/kubernetes: 68 resource records
2026-09-27T11:44:19.319372Z aws-node[518]: INFO: Health check OK
2026-09-27T11:44:27.319372Z aws-node[733]: INFO: Reloading configuration
2026-09-27T11:44:36.319372Z aws-node[377]: INFO: plugin/ready: Still waiting on: "kubernetes"
2026-09-27T11:44:44.319372Z aws-node[518]: INFO: Health check OK
2026-09-27T11:44:53.319372Z aws-node[733]: INFO: Reloading configuration
2026-09-27T11:45:02.319372Z aws-node[377]: INFO: plugin/ready: Still waiting on: "kubernetes"
2026-09-27T11:45:10.319372Z aws-node[518]: INFO: Health check OK
2026-09-27T11:45:19.319372Z aws-node[235]: ERROR: upstream 10.100.41.115:53: read udp 10.133.154.175:43076->10.240.134.29:53: i/o timeout
2026-09-27T11:45:28.319372Z aws-node[518]: INFO: Health check OK
2026-09-27T11:45:36.319372Z aws-node[518]: INFO: Health check OK
2026-09-27T11:45:45.319372Z aws-node[377]: INFO: plugin/ready: Still waiting on: "kubernetes"
2026-09-27T11:45:54.319372Z aws-node[761]: INFO: plugin/kubernetes: 68 resource records
2026-09-27T11:46:02.319372Z aws-node[733]: INFO: Reloading configuration
2026-09-27T11:46:11.319372Z aws-node[733]: INFO: Reloading configuration
2026-09-27T11:46:20.319372Z aws-node[518]: INFO: Health check OK
2026-09-27T11:46:28.319372Z aws-node[377]: INFO: plugin/ready: Still waiting on: "kubernetes"
2026-09-27T11:46:37.319372Z aws-node[733]: INFO: Reloading configuration
2026-09-27T11:46:45.319372Z aws-node[761]: INFO: plugin/kubernetes: 68 resource records
2026-09-27T11:46:54.319372Z aws-node[733]: INFO: Reloading configuration
2026-09-27T11:47:03.319372Z aws-node[518]: INFO: Health check OK
2026-09-27T11:47:11.319372Z aws-node[518]: INFO: Health check OK
2026-09-27T11:47:20.319372Z aws-node[377]: INFO: plugin/ready: Still waiting on: "kubernetes"
2026-09-27T11:47:29.319372Z aws-node[518]: INFO: Health check OK
2026-09-27T11:47:37.319372Z aws-node[761]: INFO: plugin/kubernetes: 68 resource records
2026-09-27T11:47:46.319372Z aws-node[518]: INFO: Health check OK
2026-09-27T11:47:55.319372Z aws-node[733]: INFO: Reloading configuration
2026-09-27T11:48:03.319372Z aws-node[518]: INFO: Health check OK
2026-09-27T11:48:12.319372Z aws-node[733]: INFO: Reloading configuration
2026-09-27T11:48:20.319372Z aws-node[761]: INFO: plugin/kubernetes: 68 resource records
2026-09-27T11:48:29.319372Z aws-node[761]: INFO: plugin/kubernetes: 68 resource records
2026-09-27T11:48:38.319372Z aws-node[761]: INFO: plugin/kubernetes: 68 resource records
2026-09-27T11:48:46.319372Z aws-node[761]: INFO: plugin/kubernetes: 68 resource records
2026-09-27T11:48:55.319372Z aws-node[761]: INFO: plugin/kubernetes: 68 resource records
2026-09-27T11:49:04.319372Z aws-node[733]: INFO: Reloading configuration
2026-09-27T11:49:12.319372Z aws-node[518]: INFO: Health check OK
2026-09-27T11:49:21.319372Z aws-node[761]: INFO: plugin/kubernetes: 68 resource records
2026-09-27T11:49:30.319372Z aws-node[518]: INFO: Health check OK
2026-09-27T11:49:38.319372Z aws-node[761]: INFO: plugin/kubernetes: 68 resource records
2026-09-27T11:49:47.319372Z aws-node[733]: INFO: Reloading configuration
2026-09-27T11:49:56.319372Z aws-node[761]: INFO: plugin/kubernetes: 68 resource records
2026-09-27T11:50:04.319372Z aws-node[733]: INFO: Reloading configuration
2026-09-27T11:50:13.319372Z aws-node[733]: INFO: Reloading configuration
2026-09-27T11:50:21.319372Z aws-node[761]: INFO: plugin/kubernetes: 68 resource records
2026-09-27T11:50:30.319372Z aws-node[377]: INFO: plugin/ready: Still waiting on: "kubernetes"
2026-09-27T11:50:39.319372Z aws-node[377]: INFO: plugin/ready: Still waiting on: "kubernetes"
2026-09-27T11:50:47.319372Z aws-node[377]: INFO: plugin/ready: Still waiting on: "kubernetes"
2026-09-27T11:50:56.319372Z aws-node[733]: INFO: Reloading configuration
2026-09-27T11:51:05.319372Z aws-node[733]: INFO: Reloading configuration
2026-09-27T11:51:13.319372Z aws-node[518]: INFO: Health check OK
2026-09-27T11:51:22.319372Z aws-node[518]: INFO: Health check OK
2026-09-27T11:51:31.319372Z aws-node[518]: INFO: Health check OK
2026-09-27T11:51:39.319372Z aws-node[518]: INFO: Health check OK
2026-09-27T11:51:48.319372Z aws-node[761]: INFO: plugin/kubernetes: 68 resource records
2026-09-27T11:51:56.319372Z aws-node[518]: INFO: Health check OK
2026-09-27T11:52:05.319372Z aws-node[761]: INFO: plugin/kubernetes: 68 resource records
2026-09-27T11:52:14.319372Z aws-node[733]: INFO: Reloading configuration
2026-09-27T11:52:22.319372Z aws-node[761]: INFO: plugin/kubernetes: 68 resource records
2026-09-27T11:52:31.319372Z aws-node[377]: INFO: plugin/ready: Still waiting on: "kubernetes"
2026-09-27T11:52:40.319372Z aws-node[761]: INFO: plugin/kubernetes: 68 resource records
2026-09-27T11:52:48.319372Z aws-node[733]: INFO: Reloading configuration
2026-09-27T11:52:57.319372Z aws-node[518]: INFO: Health check OK
2026-09-27T11:53:06.319372Z aws-node[761]: INFO: plugin/kubernetes: 68 resource records
2026-09-27T11:53:14.319372Z aws-node[377]: INFO: plugin/ready: Still waiting on: "kubernetes"
2026-09-27T11:53:23.319372Z aws-node[733]: INFO: Reloading configuration
2026-09-27T11:53:32.319372Z aws-node[377]: INFO: plugin/ready: Still waiting on: "kubernetes"
2026-09-27T11:53:40.319372Z aws-node[761]: INFO: plugin/kubernetes: 68 resource records
2026-09-27T11:53:49.319372Z aws-node[733]: INFO: Reloading configuration
2026-09-27T11:53:57.319372Z aws-node[377]: INFO: plugin/ready: Still waiting on: "kubernetes"
2026-09-27T11:54:06.319372Z aws-node[761]: INFO: plugin/kubernetes: 68 resource records
2026-09-27T11:54:15.319372Z aws-node[377]: INFO: plugin/ready: Still waiting on: "kubernetes"
2026-09-27T11:54:23.319372Z aws-node[761]: INFO: plugin/kubernetes: 68 resource records
2026-09-27T11:54:32.319372Z aws-node[733]: INFO: Reloading configuration
2026-09-27T11:54:41.319372Z aws-node[761]: INFO: plugin/kubernetes: 68 resource records
2026-09-27T11:54:49.319372Z aws-node[761]: INFO: plugin/kubernetes: 68 resource records
2026-09-27T11:54:58.319372Z aws-node[518]: INFO: Health check OK
2026-09-27T11:55:07.319372Z aws-node[733]: INFO: Reloading configuration
2026-09-27T11:55:15.319372Z aws-node[733]: INFO: Reloading configuration
2026-09-27T11:55:24.319372Z aws-node[518]: INFO: Health check OK
2026-09-27T11:55:32.319372Z aws-node[761]: INFO: plugin/kubernetes: 68 resource records
2026-09-27T11:55:41.319372Z aws-node[377]: INFO: plugin/ready: Still waiting on: "kubernetes"
2026-09-27T11:55:50.319372Z aws-node[518]: INFO: Health check OK
2026-09-27T11:55:58.319372Z aws-node[518]: INFO: Health check OK
2026-09-27T11:56:07.319372Z aws-node[377]: INFO: plugin/ready: Still waiting on: "kubernetes"
2026-09-27T11:56:16.319372Z aws-node[377]: INFO: plugin/ready: Still waiting on: "kubernetes"
2026-09-27T11:56:24.319372Z aws-node[761]: INFO: plugin/kubernetes: 68 resource records
2026-09-27T11:56:33.319372Z aws-node[761]: INFO: plugin/kubernetes: 68 resource records
2026-09-27T11:56:42.319372Z aws-node[377]: INFO: plugin/ready: Still waiting on: "kubernetes"
2026-09-27T11:56:50.319372Z aws-node[733]: INFO: Reloading configuration
2026-09-27T11:56:59.319372Z aws-node[518]: INFO: Health check OK
2026-09-27T11:57:08.319372Z aws-node[518]: INFO: Health check OK
2026-09-27T11:57:16.319372Z aws-node[733]: INFO: Reloading configuration
2026-09-27T11:57:25.319372Z aws-node[377]: INFO: plugin/ready: Still waiting on: "kubernetes"
2026-09-27T11:57:33.319372Z aws-node[761]: INFO: plugin/kubernetes: 68 resource records
2026-09-27T11:57:42.319372Z aws-node[377]: INFO: plugin/ready: Still waiting on: "kubernetes"
2026-09-27T11:57:51.319372Z aws-node[377]: INFO: plugin/ready: Still waiting on: "kubernetes"
2026-09-27T11:57:59.319372Z aws-node[761]: INFO: plugin/kubernetes: 68 resource records
2026-09-27T11:58:08.319372Z aws-node[518]: INFO: Health check OK
2026-09-27T11:58:17.319372Z aws-node[733]: INFO: Reloading configuration
2026-09-27T11:58:25.319372Z aws-node[246]: ERROR: failed to list *v1.Service: Get "https://10.6.106.25:443": net/http: TLS handshake timeout
2026-09-27T11:58:34.319372Z aws-node[377]: INFO: plugin/ready: Still waiting on: "kubernetes"
2026-09-27T11:58:43.319372Z aws-node[518]: INFO: Health check OK
2026-09-27T11:58:51.319372Z aws-node[377]: INFO: plugin/ready: Still waiting on: "kubernetes"
2026-09-27T11:59:00.319372Z aws-node[518]: INFO: Health check OK
2026-09-27T11:59:08.319372Z aws-node[518]: INFO: Health check OK
2026-09-27T11:59:17.319372Z aws-node[518]: INFO: Health check OK
2026-09-27T11:59:26.319372Z aws-node[377]: INFO: plugin/ready: Still waiting on: "kubernetes"
2026-09-27T11:59:34.319372Z aws-node[761]: INFO: plugin/kubernetes: 68 resource records
2026-09-27T11:59:43.319372Z aws-node[518]: INFO: Health check OK
2026-09-27T11:59:52.319372Z aws-node[761]: INFO: plugin/kubernetes: 68 resource records
2026-09-27T12:00:00.319372Z aws-node[761]: INFO: plugin/kubernetes: 68 resource records
2026-09-27T12:00:09.319372Z aws-node[518]: INFO: Health check OK
2026-09-27T12:00:18.319372Z aws-node[377]: INFO: plugin/ready: Still waiting on: "kubernetes"
2026-09-27T12:00:26.319372Z aws-node[733]: INFO: Reloading configuration
2026-09-27T12:00:35.319372Z aws-node[377]: INFO: plugin/ready: Still waiting on: "kubernetes"
2026-09-27T12:00:44.319372Z aws-node[518]: INFO: Health check OK
2026-09-27T12:00:52.319372Z aws-node[733]: INFO: Reloading configuration
2026-09-27T12:01:01.319372Z aws-node[733]: INFO: Reloading configuration
2026-09-27T12:01:09.319372Z aws-node[761]: INFO: plugin/kubernetes: 68 resource records
2026-09-27T12:01:18.319372Z aws-node[761]: INFO: plugin/kubernetes: 68 resource records
2026-09-27T12:01:27.319372Z aws-node[377]: INFO: plugin/ready: Still waiting on: "kubernetes"
2026-09-27T12:01:35.319372Z aws-node[377]: INFO: plugin/ready: Still waiting on: "kubernetes"
2026-09-27T12:01:44.319372Z aws-node[761]: INFO: plugin/kubernetes: 68 resource records
2026-09-27T12:01:53.319372Z aws-node[733]: INFO: Reloading configuration
2026-09-27T12:02:01.319372Z aws-node[377]: INFO: plugin/ready: Still waiting on: "kubernetes"
2026-09-27T12:02:10.319372Z aws-node[377]: INFO: plugin/ready: Still waiting on: "kubernetes"
2026-09-27T12:02:19.319372Z aws-node[377]: INFO: plugin/ready: Still waiting on: "kubernetes"
2026-09-27T12:02:27.319372Z aws-node[733]: INFO: Reloading configuration
2026-09-27T12:02:36.319372Z aws-node[733]: INFO: Reloading configuration
2026-09-27T12:02:44.319372Z aws-node[518]: INFO: Health check OK
2026-09-27T12:02:53.319372Z aws-node[733]: INFO: Reloading configuration
2026-09-27T12:03:02.319372Z aws-node[377]: INFO: plugin/ready: Still waiting on: "kubernetes"
2026-09-27T12:03:10.319372Z aws-node[235]: ERROR: upstream 10.100.41.115:53: read udp 10.133.154.175:43076->10.240.134.29:53: i/o timeout
2026-09-27T12:03:19.319372Z aws-node[733]: INFO: Reloading configuration
2026-09-27T12:03:28.319372Z aws-node[733]: INFO: Reloading configuration
2026-09-27T12:03:36.319372Z aws-node[518]: INFO: Health check OK
2026-09-27T12:03:45.319372Z aws-node[733]: INFO: Reloading configuration
2026-09-27T12:03:54.319372Z aws-node[733]: INFO: Reloading configuration
2026-09-27T12:04:02.319372Z aws-node[377]: INFO: plugin/ready: Still waiting on: "kubernetes"
2026-09-27T12:04:11.319372Z aws-node[761]: INFO: plugin/kubernetes: 68 resource records
2026-09-27T12:04:20.319372Z aws-node[761]: INFO: plugin/kubernetes: 68 resource records
2026-09-27T12:04:28.319372Z aws-node[733]: INFO: Reloading configuration
2026-09-27T12:04:37.319372Z aws-node[761]: INFO: plugin/kubernetes: 68 resource records
2026-09-27T12:04:45.319372Z aws-node[761]: INFO: plugin/kubernetes: 68 resource records
2026-09-27T12:04:54.319372Z aws-node[761]: INFO: plugin/kubernetes: 68 resource records
2026-09-27T12:05:03.319372Z aws-node[761]: INFO: plugin/kubernetes: 68 resource records
2026-09-27T12:05:11.319372Z aws-node[377]: INFO: plugin/ready: Still waiting on: "kubernetes"
2026-09-27T12:05:20.319372Z aws-node[733]: INFO: Reloading configuration
2026-09-27T12:05:29.319372Z aws-node[377]: INFO: plugin/ready: Still waiting on: "kubernetes"
2026-09-27T12:05:37.319372Z aws-node[761]: INFO: plugin/kubernetes: 68 resource records
2026-09-27T12:05:46.319372Z aws-node[733]: INFO: Reloading configuration
2026-09-27T12:05:55.319372Z aws-node[761]: INFO: plugin/kubernetes: 68 resource records
2026-09-27T12:06:03.319372Z aws-node[518]: INFO: Health check OK
2026-09-27T12:06:12.319372Z aws-node[733]: INFO: Reloading configuration
2026-09-27T12:06:20.319372Z aws-node[761]: INFO: plugin/kubernetes: 68 resource records
2026-09-27T12:06:29.319372Z aws-node[518]: INFO: Health check OK
2026-09-27T12:06:38.319372Z aws-node[761]: INFO: plugin/kubernetes: 68 resource records
2026-09-27T12:06:46.319372Z aws-node[377]: INFO: plugin/ready: Still waiting on: "kubernetes"
2026-09-27T12:06:55.319372Z aws-node[733]: INFO: Reloading configuration
2026-09-27T12:07:04.319372Z aws-node[377]: INFO: plugin/ready: Still waiting on: "kubernetes"
2026-09-27T12:07:12.319372Z aws-node[761]: INFO: plugin/kubernetes: 68 resource records
2026-09-27T12:07:21.319372Z aws-node[377]: INFO: plugin/ready: Still waiting on: "kubernetes"
2026-09-27T12:07:30.319372Z aws-node[377]: INFO: plugin/ready: Still waiting on: "kubernetes"
2026-09-27T12:07:38.319372Z aws-node[518]: INFO: Health check OK
2026-09-27T12:07:47.319372Z aws-node[518]: INFO: Health check OK
2026-09-27T12:07:56.319372Z aws-node[761]: INFO: plugin/kubernetes: 68 resource records
2026-09-27T12:08:04.319372Z aws-node[761]: INFO: plugin/kubernetes: 68 resource records
2026-09-27T12:08:13.319372Z aws-node[377]: INFO: plugin/ready: Still waiting on: "kubernetes"
2026-09-27T12:08:21.319372Z aws-node[518]: INFO: Health check OK
2026-09-27T12:08:30.319372Z aws-node[761]: INFO: plugin/kubernetes: 68 resource records
2026-09-27T12:08:39.319372Z aws-node[377]: INFO: plugin/ready: Still waiting on: "kubernetes"
2026-09-27T12:08:47.319372Z aws-node[377]: INFO: plugin/ready: Still waiting on: "kubernetes"
2026-09-27T12:08:56.319372Z aws-node[761]: INFO: plugin/kubernetes: 68 resource records
2026-09-27T12:09:05.319372Z aws-node[518]: INFO: Health check OK
2026-09-27T12:09:13.319372Z aws-node[761]: INFO: plugin/kubernetes: 68 resource records
2026-09-27T12:09:22.319372Z aws-node[518]: INFO: Health check OK
2026-09-27T12:09:31.319372Z aws-node[518]: INFO: Health check OK
2026-09-27T12:09:39.319372Z aws-node[733]: INFO: Reloading configuration
2026-09-27T12:09:48.319372Z aws-node[518]: INFO: Health check OK
2026-09-27T12:09:56.319372Z aws-node[733]: INFO: Reloading configuration
2026-09-27T12:10:05.319372Z aws-node[761]: INFO: plugin/kubernetes: 68 resource records
2026-09-27T12:10:14.319372Z aws-node[377]: INFO: plugin/ready: Still waiting on: "kubernetes"
2026-09-27T12:10:22.319372Z aws-node[377]: INFO: plugin/ready: Still waiting on: "kubernetes"
2026-09-27T12:10:31.319372Z aws-node[246]: ERROR: failed to list *v1.Service: Get "https://10.6.106.25:443": net/http: TLS handshake timeout
2026-09-27T12:10:40.319372Z aws-node[761]: INFO: plugin/kubernetes: 68 resource records
2026-09-27T12:10:48.319372Z aws-node[761]: INFO: plugin/kubernetes: 68 resource records
2026-09-27T12:10:57.319372Z aws-node[377]: INFO: plugin/ready: Still waiting on: "kubernetes"
2026-09-27T12:11:06.319372Z aws-node[377]: INFO: plugin/ready: Still waiting on: "kubernetes"
2026-09-27T12:11:14.319372Z aws-node[761]: INFO: plugin/kubernetes: 68 resource records
2026-09-27T12:11:23.319372Z aws-node[761]: INFO: plugin/kubernetes: 68 resource records
2026-09-27T12:11:32.319372Z aws-node[518]: INFO: Health check OK
2026-09-27T12:11:40.319372Z aws-node[733]: INFO: Reloading configuration
2026-09-27T12:11:49.319372Z aws-node[377]: INFO: plugin/ready: Still waiting on: "kubernetes"
2026-09-27T12:11:57.319372Z aws-node[733]: INFO: Reloading configuration
2026-09-27T12:12:06.319372Z aws-node[733]: INFO: Reloading configuration
2026-09-27T12:12:15.319372Z aws-node[761]: INFO: plugin/kubernetes: 68 resource records
2026-09-27T12:12:23.319372Z aws-node[518]: INFO: Health check OK
2026-09-27T12:12:32.319372Z aws-node[733]: INFO: Reloading configuration
2026-09-27T12:12:41.319372Z aws-node[377]: INFO: plugin/ready: Still waiting on: "kubernetes"
2026-09-27T12:12:49.319372Z aws-node[733]: INFO: Reloading configuration
2026-09-27T12:12:58.319372Z aws-node[761]: INFO: plugin/kubernetes: 68 resource records
2026-09-27T12:13:07.319372Z aws-node[518]: INFO: Health check OK
2026-09-27T12:13:15.319372Z aws-node[733]: INFO: Reloading configuration
2026-09-27T12:13:24.319372Z aws-node[377]: INFO: plugin/ready: Still waiting on: "kubernetes"
2026-09-27T12:13:32.319372Z aws-node[761]: INFO: plugin/kubernetes: 68 resource records
2026-09-27T12:13:41.319372Z aws-node[761]: INFO: plugin/kubernetes: 68 resource records
2026-09-27T12:13:50.319372Z aws-node[518]: INFO: Health check OK
2026-09-27T12:13:58.319372Z aws-node[761]: INFO: plugin/kubernetes: 68 resource records
2026-09-27T12:14:07.319372Z aws-node[377]: INFO: plugin/ready: Still waiting on: "kubernetes"
2026-09-27T12:14:16.319372Z aws-node[733]: INFO: Reloading configuration
2026-09-27T12:14:24.319372Z aws-node[761]: INFO: plugin/kubernetes: 68 resource records
2026-09-27T12:14:33.319372Z aws-node[518]: INFO: Health check OK
2026-09-27T12:14:42.319372Z aws-node[377]: INFO: plugin/ready: Still waiting on: "kubernetes"
2026-09-27T12:14:50.319372Z aws-node[733]: INFO: Reloading configuration
2026-09-27T12:14:59.319372Z aws-node[761]: INFO: plugin/kubernetes: 68 resource records
2026-09-27T12:15:08.319372Z aws-node[733]: INFO: Reloading configuration
2026-09-27T12:15:16.319372Z aws-node[377]: INFO: plugin/ready: Still waiting on: "kubernetes"
2026-09-27T12:15:25.319372Z aws-node[518]: INFO: Health check OK
2026-09-27T12:15:33.319372Z aws-node[518]: INFO: Health check OK
2026-09-27T12:15:42.319372Z aws-node[733]: INFO: Reloading configuration
2026-09-27T12:15:51.319372Z aws-node[518]: INFO: Health check OK
2026-09-27T12:15:59.319372Z aws-node[761]: INFO: plugin/kubernetes: 68 resource records
2026-09-27T12:16:08.319372Z aws-node[518]: INFO: Health check OK
2026-09-27T12:16:17.319372Z aws-node[377]: INFO: plugin/ready: Still waiting on: "kubernetes"
2026-09-27T12:16:25.319372Z aws-node[377]: INFO: plugin/ready: Still waiting on: "kubernetes"
2026-09-27T12:16:34.319372Z aws-node[761]: INFO: plugin/kubernetes: 68 resource records
2026-09-27T12:16:43.319372Z aws-node[518]: INFO: Health check OK
2026-09-27T12:16:51.319372Z aws-node[761]: INFO: plugin/kubernetes: 68 resource records
2026-09-27T12:17:00.319372Z aws-node[733]: INFO: Reloading configuration
2026-09-27T12:17:08.319372Z aws-node[518]: INFO: Health check OK
2026-09-27T12:17:17.319372Z aws-node[733]: INFO: Reloading configuration
2026-09-27T12:17:26.319372Z aws-node[761]: INFO: plugin/kubernetes: 68 resource records
2026-09-27T12:17:34.319372Z aws-node[377]: INFO: plugin/ready: Still waiting on: "kubernetes"
2026-09-27T12:17:43.319372Z aws-node[518]: INFO: Health check OK
2026-09-27T12:17:52.319372Z aws-node[733]: INFO: Reloading configuration
2026-09-27T12:18:00.319372Z aws-node[518]: INFO: Health check OK
2026-09-27T12:18:09.319372Z aws-node[761]: INFO: plugin/kubernetes: 68 resource records
2026-09-27T12:18:18.319372Z aws-node[377]: INFO: plugin/ready: Still waiting on: "kubernetes"
2026-09-27T12:18:26.319372Z aws-node[761]: INFO: plugin/kubernetes: 68 resource records
2026-09-27T12:18:35.319372Z aws-node[246]: ERROR: failed to list *v1.Service: Get "https://10.6.106.25:443": net/http: TLS handshake timeout
2026-09-27T12:18:44.319372Z aws-node[761]: INFO: plugin/kubernetes: 68 resource records
2026-09-27T12:18:52.319372Z aws-node[377]: INFO: plugin/ready: Still waiting on: "kubernetes"
2026-09-27T12:19:01.319372Z aws-node[733]: INFO: Reloading configuration
2026-09-27T12:19:09.319372Z aws-node[986]: ERROR: plugin/errors: 10.80.131.140:49335 - no such host
2026-09-27T12:19:18.319372Z aws-node[377]: INFO: plugin/ready: Still waiting on: "kubernetes"
2026-09-27T12:19:27.319372Z aws-node[518]: INFO: Health check OK
2026-09-27T12:19:35.319372Z aws-node[377]: INFO: plugin/ready: Still waiting on: "kubernetes"
2026-09-27T12:19:44.319372Z aws-node[377]: INFO: plugin/ready: Still waiting on: "kubernetes"
2026-09-27T12:19:53.319372Z aws-node[733]: INFO: Reloading configuration
2026-09-27T12:20:01.319372Z aws-node[377]: INFO: plugin/ready: Still waiting on: "kubernetes"
2026-09-27T12:20:10.319372Z aws-node[761]: INFO: plugin/kubernetes: 68 resource records
2026-09-27T12:20:19.319372Z aws-node[377]: INFO: plugin/ready: Still waiting on: "kubernetes"
2026-09-27T12:20:27.319372Z aws-node[761]: INFO: plugin/kubernetes: 68 resource records
2026-09-27T12:20:36.319372Z aws-node[518]: INFO: Health check OK
2026-09-27T12:20:44.319372Z aws-node[518]: INFO: Health check OK
2026-09-27T12:20:53.319372Z aws-node[733]: INFO: Reloading configuration
2026-09-27T12:21:02.319372Z aws-node[761]: INFO: plugin/kubernetes: 68 resource records
2026-09-27T12:21:10.319372Z aws-node[761]: INFO: plugin/kubernetes: 68 resource records
2026-09-27T12:21:19.319372Z aws-node[518]: INFO: Health check OK
2026-09-27T12:21:28.319372Z aws-node[377]: INFO: plugin/ready: Still waiting on: "kubernetes"
2026-09-27T12:21:36.319372Z aws-node[761]: INFO: plugin/kubernetes: 68 resource records
2026-09-27T12:21:45.319372Z aws-node[377]: INFO: plugin/ready: Still waiting on: "kubernetes"
2026-09-27T12:21:54.319372Z aws-node[733]: INFO: Reloading configuration
2026-09-27T12:22:02.319372Z aws-node[377]: INFO: plugin/ready: Still waiting on: "kubernetes"
2026-09-27T12:22:11.319372Z aws-node[377]: INFO: plugin/ready: Still waiting on: "kubernetes"
2026-09-27T12:22:20.319372Z aws-node[518]: INFO: Health check OK
2026-09-27T12:22:28.319372Z aws-node[761]: INFO: plugin/kubernetes: 68 resource records
2026-09-27T12:22:37.319372Z aws-node[377]: INFO: plugin/ready: Still waiting on: "kubernetes"
2026-09-27T12:22:45.319372Z aws-node[733]: INFO: Reloading configuration
2026-09-27T12:22:54.319372Z aws-node[377]: INFO: plugin/ready: Still waiting on: "kubernetes"
2026-09-27T12:23:03.319372Z aws-node[761]: INFO: plugin/kubernetes: 68 resource records
2026-09-27T12:23:11.319372Z aws-node[377]: INFO: plugin/ready: Still waiting on: "kubernetes"
2026-09-27T12:23:20.319372Z aws-node[761]: INFO: plugin/kubernetes: 68 resource records
2026-09-27T12:23:29.319372Z aws-node[761]: INFO: plugin/kubernetes: 68 resource records
2026-09-27T12:23:37.319372Z aws-node[733]: INFO: Reloading configuration
2026-09-27T12:23:46.319372Z aws-node[377]: INFO: plugin/ready: Still waiting on: "kubernetes"
2026-09-27T12:23:55.319372Z aws-node[761]: INFO: plugin/kubernetes: 68 resource records
2026-09-27T12:24:03.319372Z aws-node[761]: INFO: plugin/kubernetes: 68 resource records
2026-09-27T12:24:12.319372Z aws-node[377]: INFO: plugin/ready: Still waiting on: "kubernetes"
2026-09-27T12:24:20.319372Z aws-node[733]: INFO: Reloading configuration
2026-09-27T12:24:29.319372Z aws-node[377]: INFO: plugin/ready: Still waiting on: "kubernetes"
2026-09-27T12:24:38.319372Z aws-node[761]: INFO: plugin/kubernetes: 68 resource records
2026-09-27T12:24:46.319372Z aws-node[377]: INFO: plugin/ready: Still waiting on: "kubernetes"
2026-09-27T12:24:55.319372Z aws-node[733]: INFO: Reloading configuration
2026-09-27T12:25:04.319372Z aws-node[377]: INFO: plugin/ready: Still waiting on: "kubernetes"
2026-09-27T12:25:12.319372Z aws-node[733]: INFO: Reloading configuration
2026-09-27T12:25:21.319372Z aws-node[761]: INFO: plugin/kubernetes: 68 resource records
2026-09-27T12:25:30.319372Z aws-node[518]: INFO: Health check OK
2026-09-27T12:25:38.319372Z aws-node[377]: INFO: plugin/ready: Still waiting on: "kubernetes"
2026-09-27T12:25:47.319372Z aws-node[761]: INFO: plugin/kubernetes: 68 resource records
2026-09-27T12:25:56.319372Z aws-node[761]: INFO: plugin/kubernetes: 68 resource records
2026-09-27T12:26:04.319372Z aws-node[761]: INFO: plugin/kubernetes: 68 resource records
2026-09-27T12:26:13.319372Z aws-node[518]: INFO: Health check OK
2026-09-27T12:26:21.319372Z aws-node[518]: INFO: Health check OK
2026-09-27T12:26:30.319372Z aws-node[733]: INFO: Reloading configuration
2026-09-27T12:26:39.319372Z aws-node[377]: INFO: plugin/ready: Still waiting on: "kubernetes"
2026-09-27T12:26:47.319372Z aws-node[761]: INFO: plugin/kubernetes: 68 resource records
2026-09-27T12:26:56.319372Z aws-node[377]: INFO: plugin/ready: Still waiting on: "kubernetes"
2026-09-27T12:27:05.319372Z aws-node[733]: INFO: Reloading configuration
2026-09-27T12:27:13.319372Z aws-node[518]: INFO: Health check OK
2026-09-27T12:27:22.319372Z aws-node[733]: INFO: Reloading configuration
2026-09-27T12:27:31.319372Z aws-node[733]: INFO: Reloading configuration
2026-09-27T12:27:39.319372Z aws-node[518]: INFO: Health check OK
2026-09-27T12:27:48.319372Z aws-node[733]: INFO: Reloading configuration
2026-09-27T12:27:56.319372Z aws-node[761]: INFO: plugin/kubernetes: 68 resource records
2026-09-27T12:28:05.319372Z aws-node[518]: INFO: Health check OK
2026-09-27T12:28:14.319372Z aws-node[377]: INFO: plugin/ready: Still waiting on: "kubernetes"
2026-09-27T12:28:22.319372Z aws-node[377]: INFO: plugin/ready: Still waiting on: "kubernetes"
2026-09-27T12:28:31.319372Z aws-node[518]: INFO: Health check OK
2026-09-27T12:28:40.319372Z aws-node[377]: INFO: plugin/ready: Still waiting on: "kubernetes"
2026-09-27T12:28:48.319372Z aws-node[377]: INFO: plugin/ready: Still waiting on: "kubernetes"
2026-09-27T12:28:57.319372Z aws-node[761]: INFO: plugin/kubernetes: 68 resource records
2026-09-27T12:29:06.319372Z aws-node[761]: INFO: plugin/kubernetes: 68 resource records
2026-09-27T12:29:14.319372Z aws-node[761]: INFO: plugin/kubernetes: 68 resource records
2026-09-27T12:29:23.319372Z aws-node[733]: INFO: Reloading configuration
2026-09-27T12:29:32.319372Z aws-node[761]: INFO: plugin/kubernetes: 68 resource records
2026-09-27T12:29:40.319372Z aws-node[377]: INFO: plugin/ready: Still waiting on: "kubernetes"
2026-09-27T12:29:49.319372Z aws-node[733]: INFO: Reloading configuration
2026-09-27T12:29:57.319372Z aws-node[518]: INFO: Health check OK
2026-09-27T12:30:06.319372Z aws-node[377]: INFO: plugin/ready: Still waiting on: "kubernetes"
2026-09-27T12:30:15.319372Z aws-node[733]: INFO: Reloading configuration
2026-09-27T12:30:23.319372Z aws-node[733]: INFO: Reloading configuration
2026-09-27T12:30:32.319372Z aws-node[761]: INFO: plugin/kubernetes: 68 resource records
2026-09-27T12:30:41.319372Z aws-node[733]: INFO: Reloading configuration
2026-09-27T12:30:49.319372Z aws-node[518]: INFO: Health check OK
2026-09-27T12:30:58.319372Z aws-node[733]: INFO: Reloading configuration
2026-09-27T12:31:07.319372Z aws-node[733]: INFO: Reloading configuration
2026-09-27T12:31:15.319372Z aws-node[733]: INFO: Reloading configuration
2026-09-27T12:31:24.319372Z aws-node[733]: INFO: Reloading configuration
2026-09-27T12:31:32.319372Z aws-node[483]: WARN: too many open files
2026-09-27T12:31:41.319372Z aws-node[761]: INFO: plugin/kubernetes: 68 resource records
2026-09-27T12:31:50.319372Z aws-node[377]: INFO: plugin/ready: Still waiting on: "kubernetes"
2026-09-27T12:31:58.319372Z aws-node[235]: ERROR: upstream 10.100.41.115:53: read udp 10.133.154.175:43076->10.240.134.29:53: i/o timeout
2026-09-27T12:32:07.319372Z aws-node[377]: INFO: plugin/ready: Still waiting on: "kubernetes"
2026-09-27T12:32:16.319372Z aws-node[377]: INFO: plugin/ready: Still waiting on: "kubernetes"
2026-09-27T12:32:24.319372Z aws-node[377]: INFO: plugin/ready: Still waiting on: "kubernetes"
2026-09-27T12:32:33.319372Z aws-node[518]: INFO: Health check OK
2026-09-27T12:32:42.319372Z aws-node[518]: INFO: Health check OK
2026-09-27T12:32:50.319372Z aws-node[733]: INFO: Reloading configuration
2026-09-27T12:32:59.319372Z aws-node[733]: INFO: Reloading configuration
2026-09-27T12:33:08.319372Z aws-node[377]: INFO: plugin/ready: Still waiting on: "kubernetes"
2026-09-27T12:33:16.319372Z aws-node[377]: INFO: plugin/ready: Still waiting on: "kubernetes"
2026-09-27T12:33:25.319372Z aws-node[733]: INFO: Reloading configuration
2026-09-27T12:33:33.319372Z aws-node[377]: INFO: plugin/ready: Still waiting on: "kubernetes"
2026-09-27T12:33:42.319372Z aws-node[761]: INFO: plugin/kubernetes: 68 resource records
2026-09-27T12:33:51.319372Z aws-node[377]: INFO: plugin/ready: Still waiting on: "kubernetes"
2026-09-27T12:33:59.319372Z aws-node[518]: INFO: Health check OK
2026-09-27T12:34:08.319372Z aws-node[518]: INFO: Health check OK
2026-09-27T12:34:17.319372Z aws-node[483]: WARN: too many open files
2026-09-27T12:34:25.319372Z aws-node[235]: ERROR: upstream 10.100.41.115:53: read udp 10.133.154.175:43076->10.240.134.29:53: i/o timeout
2026-09-27T12:34:34.319372Z aws-node[733]: INFO: Reloading configuration
2026-09-27T12:34:43.319372Z aws-node[377]: INFO: plugin/ready: Still waiting on: "kubernetes"
2026-09-27T12:34:51.319372Z aws-node[518]: INFO: Health check OK
2026-09-27T12:35:00.319372Z aws-node[733]: INFO: Reloading configuration
2026-09-27T12:35:08.319372Z aws-node[733]: INFO: Reloading configuration
2026-09-27T12:35:17.319372Z aws-node[761]: INFO: plugin/kubernetes: 68 resource records
2026-09-27T12:35:26.319372Z aws-node[377]: INFO: plugin/ready: Still waiting on: "kubernetes"
2026-09-27T12:35:34.319372Z aws-node[761]: INFO: plugin/kubernetes: 68 resource records
2026-09-27T12:35:43.319372Z aws-node[518]: INFO: Health check OK
2026-09-27T12:35:52.319372Z aws-node[986]: ERROR: plugin/errors: 10.80.131.140:49335 - no such host
2026-09-27T12:36:00.319372Z aws-node[761]: INFO: plugin/kubernetes: 68 resource records
2026-09-27T12:36:09.319372Z aws-node[733]: INFO: Reloading configuration
2026-09-27T12:36:18.319372Z aws-node[733]: INFO: Reloading configuration
2026-09-27T12:36:26.319372Z aws-node[518]: INFO: Health check OK
2026-09-27T12:36:35.319372Z aws-node[518]: INFO: Health check OK
2026-09-27T12:36:44.319372Z aws-node[733]: INFO: Reloading configuration
2026-09-27T12:36:52.319372Z aws-node[518]: INFO: Health check OK
2026-09-27T12:37:01.319372Z aws-node[761]: INFO: plugin/kubernetes: 68 resource records
2026-09-27T12:37:09.319372Z aws-node[761]: INFO: plugin/kubernetes: 68 resource records
2026-09-27T12:37:18.319372Z aws-node[377]: INFO: plugin/ready: Still waiting on: "kubernetes"
2026-09-27T12:37:27.319372Z aws-node[733]: INFO: Reloading configuration
2026-09-27T12:37:35.319372Z aws-node[518]: INFO: Health check OK
2026-09-27T12:37:44.319372Z aws-node[377]: INFO: plugin/ready: Still waiting on: "kubernetes"
2026-09-27T12:37:53.319372Z aws-node[761]: INFO: plugin/kubernetes: 68 resource records
2026-09-27T12:38:01.319372Z aws-node[761]: INFO: plugin/kubernetes: 68 resource records
2026-09-27T12:38:10.319372Z aws-node[733]: INFO: Reloading configuration
2026-09-27T12:38:19.319372Z aws-node[377]: INFO: plugin/ready: Still waiting on: "kubernetes"
2026-09-27T12:38:27.319372Z aws-node[518]: INFO: Health check OK
2026-09-27T12:38:36.319372Z aws-node[733]: INFO: Reloading configuration
2026-09-27T12:38:44.319372Z aws-node[518]: INFO: Health check OK
2026-09-27T12:38:53.319372Z aws-node[518]: INFO: Health check OK
2026-09-27T12:39:02.319372Z aws-node[761]: INFO: plugin/kubernetes: 68 resource records
2026-09-27T12:39:10.319372Z aws-node[518]: INFO: Health check OK
2026-09-27T12:39:19.319372Z aws-node[733]: INFO: Reloading configuration
2026-09-27T12:39:28.319372Z aws-node[761]: INFO: plugin/kubernetes: 68 resource records
2026-09-27T12:39:36.319372Z aws-node[246]: ERROR: failed to list *v1.Service: Get "https://10.6.106.25:443": net/http: TLS handshake timeout
2026-09-27T12:39:45.319372Z aws-node[377]: INFO: plugin/ready: Still waiting on: "kubernetes"
2026-09-27T12:39:54.319372Z aws-node[377]: INFO: plugin/ready: Still waiting on: "kubernetes"
2026-09-27T12:40:02.319372Z aws-node[733]: INFO: Reloading configuration
2026-09-27T12:40:11.319372Z aws-node[377]: INFO: plugin/ready: Still waiting on: "kubernetes"
2026-09-27T12:40:20.319372Z aws-node[377]: INFO: plugin/ready: Still waiting on: "kubernetes"
2026-09-27T12:40:28.319372Z aws-node[518]: INFO: Health check OK
2026-09-27T12:40:37.319372Z aws-node[518]: INFO: Health check OK
2026-09-27T12:40:45.319372Z aws-node[761]: INFO: plugin/kubernetes: 68 resource records
2026-09-27T12:40:54.319372Z aws-node[518]: INFO: Health check OK
2026-09-27T12:41:03.319372Z aws-node[377]: INFO: plugin/ready: Still waiting on: "kubernetes"
2026-09-27T12:41:11.319372Z aws-node[377]: INFO: plugin/ready: Still waiting on: "kubernetes"
2026-09-27T12:41:20.319372Z aws-node[518]: INFO: Health check OK
2026-09-27T12:41:29.319372Z aws-node[761]: INFO: plugin/kubernetes: 68 resource records
2026-09-27T12:41:37.319372Z aws-node[518]: INFO: Health check OK
2026-09-27T12:41:46.319372Z aws-node[518]: INFO: Health check OK
2026-09-27T12:41:55.319372Z aws-node[518]: INFO: Health check OK
2026-09-27T12:42:03.319372Z aws-node[518]: INFO: Health check OK
2026-09-27T12:42:12.319372Z aws-node[377]: INFO: plugin/ready: Still waiting on: "kubernetes"
2026-09-27T12:42:20.319372Z aws-node[246]: ERROR: failed to list *v1.Service: Get "https://10.6.106.25:443": net/http: TLS handshake timeout
2026-09-27T12:42:29.319372Z aws-node[733]: INFO: Reloading configuration
2026-09-27T12:42:38.319372Z aws-node[761]: INFO: plugin/kubernetes: 68 resource records
2026-09-27T12:42:46.319372Z aws-node[377]: INFO: plugin/ready: Still waiting on: "kubernetes"
2026-09-27T12:42:55.319372Z aws-node[733]: INFO: Reloading configuration
2026-09-27T12:43:04.319372Z aws-node[235]: ERROR: upstream 10.100.41.115:53: read udp 10.133.154.175:43076->10.240.134.29:53: i/o timeout
2026-09-27T12:43:12.319372Z aws-node[518]: INFO: Health check OK
2026-09-27T12:43:21.319372Z aws-node[761]: INFO: plugin/kubernetes: 68 resource records
2026-09-27T12:43:30.319372Z aws-node[483]: WARN: too many open files
2026-09-27T12:43:38.319372Z aws-node[377]: INFO: plugin/ready: Still waiting on: "kubernetes"
2026-09-27T12:43:47.319372Z aws-node[377]: INFO: plugin/ready: Still waiting on: "kubernetes"
2026-09-27T12:43:56.319372Z aws-node[377]: INFO: plugin/ready: Still waiting on: "kubernetes"
2026-09-27T12:44:04.319372Z aws-node[377]: INFO: plugin/ready: Still waiting on: "kubernetes"
2026-09-27T12:44:13.319372Z aws-node[733]: INFO: Reloading configuration
2026-09-27T12:44:21.319372Z aws-node[761]: INFO: plugin/kubernetes: 68 resource records
2026-09-27T12:44:30.319372Z aws-node[761]: INFO: plugin/kubernetes: 68 resource records
2026-09-27T12:44:39.319372Z aws-node[761]: INFO: plugin/kubernetes: 68 resource records
2026-09-27T12:44:47.319372Z aws-node[377]: INFO: plugin/ready: Still waiting on: "kubernetes"
2026-09-27T12:44:56.319372Z aws-node[733]: INFO: Reloading configuration
2026-09-27T12:45:05.319372Z aws-node[518]: INFO: Health check OK
2026-09-27T12:45:13.319372Z aws-node[733]: INFO: Reloading configuration
2026-09-27T12:45:22.319372Z aws-node[733]: INFO: Reloading configuration
2026-09-27T12:45:31.319372Z aws-node[518]: INFO: Health check OK
2026-09-27T12:45:39.319372Z aws-node[518]: INFO: Health check OK
2026-09-27T12:45:48.319372Z aws-node[733]: INFO: Reloading configuration
2026-09-27T12:45:56.319372Z aws-node[761]: INFO: plugin/kubernetes: 68 resource records
2026-09-27T12:46:05.319372Z aws-node[377]: INFO: plugin/ready: Still waiting on: "kubernetes"
2026-09-27T12:46:14.319372Z aws-node[733]: INFO: Reloading configuration
2026-09-27T12:46:22.319372Z aws-node[733]: INFO: Reloading configuration
2026-09-27T12:46:31.319372Z aws-node[733]: INFO: Reloading configuration
2026-09-27T12:46:40.319372Z aws-node[761]: INFO: plugin/kubernetes: 68 resource records
2026-09-27T12:46:48.319372Z aws-node[518]: INFO: Health check OK
2026-09-27T12:46:57.319372Z aws-node[761]: INFO: plugin/kubernetes: 68 resource records
2026-09-27T12:47:06.319372Z aws-node[733]: INFO: Reloading configuration
2026-09-27T12:47:14.319372Z aws-node[377]: INFO: plugin/ready: Still waiting on: "kubernetes"
2026-09-27T12:47:23.319372Z aws-node[377]: INFO: plugin/ready: Still waiting on: "kubernetes"
2026-09-27T12:47:32.319372Z aws-node[377]: INFO: plugin/ready: Still waiting on: "kubernetes"
2026-09-27T12:47:40.319372Z aws-node[377]: INFO: plugin/ready: Still waiting on: "kubernetes"
2026-09-27T12:47:49.319372Z aws-node[733]: INFO: Reloading configuration
2026-09-27T12:47:57.319372Z aws-node[733]: INFO: Reloading configuration
2026-09-27T12:48:06.319372Z aws-node[518]: INFO: Health check OK
2026-09-27T12:48:15.319372Z aws-node[377]: INFO: plugin/ready: Still waiting on: "kubernetes"
2026-09-27T12:48:23.319372Z aws-node[761]: INFO: plugin/kubernetes: 68 resource records
2026-09-27T12:48:32.319372Z aws-node[733]: INFO: Reloading configuration
2026-09-27T12:48:41.319372Z aws-node[377]: INFO: plugin/ready: Still waiting on: "kubernetes"
2026-09-27T12:48:49.319372Z aws-node[733]: INFO: Reloading configuration
2026-09-27T12:48:58.319372Z aws-node[733]: INFO: Reloading configuration
2026-09-27T12:49:07.319372Z aws-node[733]: INFO: Reloading configuration
2026-09-27T12:49:15.319372Z aws-node[733]: INFO: Reloading configuration
2026-09-27T12:49:24.319372Z aws-node[733]: INFO: Reloading configuration
2026-09-27T12:49:32.319372Z aws-node[761]: INFO: plugin/kubernetes: 68 resource records
2026-09-27T12:49:41.319372Z aws-node[518]: INFO: Health check OK
2026-09-27T12:49:50.319372Z aws-node[761]: INFO: plugin/kubernetes: 68 resource records
2026-09-27T12:49:58.319372Z aws-node[733]: INFO: Reloading configuration
2026-09-27T12:50:07.319372Z aws-node[733]: INFO: Reloading configuration
2026-09-27T12:50:16.319372Z aws-node[761]: INFO: plugin/kubernetes: 68 resource records
2026-09-27T12:50:24.319372Z aws-node[761]: INFO: plugin/kubernetes: 68 resource records
2026-09-27T12:50:33.319372Z aws-node[518]: INFO: Health check OK
2026-09-27T12:50:42.319372Z aws-node[518]: INFO: Health check OK
2026-09-27T12:50:50.319372Z aws-node[377]: INFO: plugin/ready: Still waiting on: "kubernetes"
2026-09-27T12:50:59.319372Z aws-node[733]: INFO: Reloading configuration
2026-09-27T12:51:08.319372Z aws-node[518]: INFO: Health check OK
2026-09-27T12:51:16.319372Z aws-node[377]: INFO: plugin/ready: Still waiting on: "kubernetes"
2026-09-27T12:51:25.319372Z aws-node[518]: INFO: Health check OK
2026-09-27T12:51:33.319372Z aws-node[733]: INFO: Reloading configuration
2026-09-27T12:51:42.319372Z aws-node[733]: INFO: Reloading configuration
2026-09-27T12:51:51.319372Z aws-node[518]: INFO: Health check OK
2026-09-27T12:51:59.319372Z aws-node[518]: INFO: Health check OK
2026-09-27T12:52:08.319372Z aws-node[518]: INFO: Health check OK
2026-09-27T12:52:17.319372Z aws-node[761]: INFO: plugin/kubernetes: 68 resource records
2026-09-27T12:52:25.319372Z aws-node[518]: INFO: Health check OK
2026-09-27T12:52:34.319372Z aws-node[733]: INFO: Reloading configuration
2026-09-27T12:52:43.319372Z aws-node[377]: INFO: plugin/ready: Still waiting on: "kubernetes"
2026-09-27T12:52:51.319372Z aws-node[733]: INFO: Reloading configuration
2026-09-27T12:53:00.319372Z aws-node[733]: INFO: Reloading configuration
2026-09-27T12:53:08.319372Z aws-node[518]: INFO: Health check OK
2026-09-27T12:53:17.319372Z aws-node[761]: INFO: plugin/kubernetes: 68 resource records
2026-09-27T12:53:26.319372Z aws-node[986]: ERROR: plugin/errors: 10.80.131.140:49335 - no such host
2026-09-27T12:53:34.319372Z aws-node[518]: INFO: Health check OK
2026-09-27T12:53:43.319372Z aws-node[733]: INFO: Reloading configuration
2026-09-27T12:53:52.319372Z aws-node[377]: INFO: plugin/ready: Still waiting on: "kubernetes"
2026-09-27T12:54:00.319372Z aws-node[377]: INFO: plugin/ready: Still waiting on: "kubernetes"
2026-09-27T12:54:09.319372Z aws-node[518]: INFO: Health check OK
2026-09-27T12:54:18.319372Z aws-node[377]: INFO: plugin/ready: Still waiting on: "kubernetes"
2026-09-27T12:54:26.319372Z aws-node[733]: INFO: Reloading configuration
2026-09-27T12:54:35.319372Z aws-node[761]: INFO: plugin/kubernetes: 68 resource records
2026-09-27T12:54:44.319372Z aws-node[518]: INFO: Health check OK
2026-09-27T12:54:52.319372Z aws-node[761]: INFO: plugin/kubernetes: 68 resource records
2026-09-27T12:55:01.319372Z aws-node[761]: INFO: plugin/kubernetes: 68 resource records
2026-09-27T12:55:09.319372Z aws-node[733]: INFO: Reloading configuration
2026-09-27T12:55:18.319372Z aws-node[518]: INFO: Health check OK
2026-09-27T12:55:27.319372Z aws-node[733]: INFO: Reloading configuration
2026-09-27T12:55:35.319372Z aws-node[518]: INFO: Health check OK
2026-09-27T12:55:44.319372Z aws-node[377]: INFO: plugin/ready: Still waiting on: "kubernetes"
2026-09-27T12:55:53.319372Z aws-node[518]: INFO: Health check OK
2026-09-27T12:56:01.319372Z aws-node[761]: INFO: plugin/kubernetes: 68 resource records
2026-09-27T12:56:10.319372Z aws-node[377]: INFO: plugin/ready: Still waiting on: "kubernetes"
2026-09-27T12:56:19.319372Z aws-node[761]: INFO: plugin/kubernetes: 68 resource records
2026-09-27T12:56:27.319372Z aws-node[377]: INFO: plugin/ready: Still waiting on: "kubernetes"
2026-09-27T12:56:36.319372Z aws-node[377]: INFO: plugin/ready: Still waiting on: "kubernetes"
2026-09-27T12:56:44.319372Z aws-node[377]: INFO: plugin/ready: Still waiting on: "kubernetes"
2026-09-27T12:56:53.319372Z aws-node[761]: INFO: plugin/kubernetes: 68 resource records
2026-09-27T12:57:02.319372Z aws-node[377]: INFO: plugin/ready: Still waiting on: "kubernetes"
2026-09-27T12:57:10.319372Z aws-node[761]: INFO: plugin/kubernetes: 68 resource records
2026-09-27T12:57:19.319372Z aws-node[235]: ERROR: upstream 10.100.41.115:53: read udp 10.133.154.175:43076->10.240.134.29:53: i/o timeout
2026-09-27T12:57:28.319372Z aws-node[761]: INFO: plugin/kubernetes: 68 resource records
2026-09-27T12:57:36.319372Z aws-node[733]: INFO: Reloading configuration
2026-09-27T12:57:45.319372Z aws-node[733]: INFO: Reloading configuration
2026-09-27T12:57:54.319372Z aws-node[986]: ERROR: plugin/errors: 10.80.131.140:49335 - no such host
2026-09-27T12:58:02.319372Z aws-node[377]: INFO: plugin/ready: Still waiting on: "kubernetes"
2026-09-27T12:58:11.319372Z aws-node[518]: INFO: Health check OK
2026-09-27T12:58:20.319372Z aws-node[518]: INFO: Health check OK
2026-09-27T12:58:28.319372Z aws-node[733]: INFO: Reloading configuration
2026-09-27T12:58:37.319372Z aws-node[761]: INFO: plugin/kubernetes: 68 resource records
2026-09-27T12:58:45.319372Z aws-node[733]: INFO: Reloading configuration
2026-09-27T12:58:54.319372Z aws-node[377]: INFO: plugin/ready: Still waiting on: "kubernetes"
2026-09-27T12:59:03.319372Z aws-node[761]: INFO: plugin/kubernetes: 68 resource records
2026-09-27T12:59:11.319372Z aws-node[761]: INFO: plugin/kubernetes: 68 resource records
2026-09-27T12:59:20.319372Z aws-node[518]: INFO: Health check OK
2026-09-27T12:59:29.319372Z aws-node[761]: INFO: plugin/kubernetes: 68 resource records
2026-09-27T12:59:37.319372Z aws-node[518]: INFO: Health check OK
2026-09-27T12:59:46.319372Z aws-node[483]: WARN: too many open files
2026-09-27T12:59:55.319372Z aws-node[733]: INFO: Reloading configuration
2026-09-27T13:00:03.319372Z aws-node[518]: INFO: Health check OK
2026-09-27T13:00:12.319372Z aws-node[518]: INFO: Health check OK
2026-09-27T13:00:20.319372Z aws-node[518]: INFO: Health check OK
2026-09-27T13:00:29.319372Z aws-node[518]: INFO: Health check OK
2026-09-27T13:00:38.319372Z aws-node[518]: INFO: Health check OK
2026-09-27T13:00:46.319372Z aws-node[377]: INFO: plugin/ready: Still waiting on: "kubernetes"
2026-09-27T13:00:55.319372Z aws-node[518]: INFO: Health check OK
2026-09-27T13:01:04.319372Z aws-node[733]: INFO: Reloading configuration
2026-09-27T13:01:12.319372Z aws-node[377]: INFO: plugin/ready: Still waiting on: "kubernetes"
2026-09-27T13:01:21.319372Z aws-node[733]: INFO: Reloading configuration
2026-09-27T13:01:30.319372Z aws-node[518]: INFO: Health check OK
2026-09-27T13:01:38.319372Z aws-node[518]: INFO: Health check OK
2026-09-27T13:01:47.319372Z aws-node[733]: INFO: Reloading configuration
2026-09-27T13:01:56.319372Z aws-node[377]: INFO: plugin/ready: Still waiting on: "kubernetes"
2026-09-27T13:02:04.319372Z aws-node[377]: INFO: plugin/ready: Still waiting on: "kubernetes"
2026-09-27T13:02:13.319372Z aws-node[377]: INFO: plugin/ready: Still waiting on: "kubernetes"
2026-09-27T13:02:21.319372Z aws-node[377]: INFO: plugin/ready: Still waiting on: "kubernetes"
2026-09-27T13:02:30.319372Z aws-node[518]: INFO: Health check OK
2026-09-27T13:02:39.319372Z aws-node[761]: INFO: plugin/kubernetes: 68 resource records
2026-09-27T13:02:47.319372Z aws-node[377]: INFO: plugin/ready: Still waiting on: "kubernetes"
2026-09-27T13:02:56.319372Z aws-node[377]: INFO: plugin/ready: Still waiting on: "kubernetes"
2026-09-27T13:03:05.319372Z aws-node[733]: INFO: Reloading configuration
2026-09-27T13:03:13.319372Z aws-node[377]: INFO: plugin/ready: Still waiting on: "kubernetes"
2026-09-27T13:03:22.319372Z aws-node[761]: INFO: plugin/kubernetes: 68 resource records
2026-09-27T13:03:31.319372Z aws-node[377]: INFO: plugin/ready: Still waiting on: "kubernetes"
2026-09-27T13:03:39.319372Z aws-node[761]: INFO: plugin/kubernetes: 68 resource records
2026-09-27T13:03:48.319372Z aws-node[761]: INFO: plugin/kubernetes: 68 resource records
2026-09-27T13:03:56.319372Z aws-node[733]: INFO: Reloading configuration
2026-09-27T13:04:05.319372Z aws-node[518]: INFO: Health check OK
2026-09-27T13:04:14.319372Z aws-node[518]: INFO: Health check OK
2026-09-27T13:04:22.319372Z aws-node[518]: INFO: Health check OK
2026-09-27T13:04:31.319372Z aws-node[733]: INFO: Reloading configuration
2026-09-27T13:04:40.319372Z aws-node[518]: INFO: Health check OK
2026-09-27T13:04:48.319372Z aws-node[733]: INFO: Reloading configuration
2026-09-27T13:04:57.319372Z aws-node[377]: INFO: plugin/ready: Still waiting on: "kubernetes"
2026-09-27T13:05:06.319372Z aws-node[518]: INFO: Health check OK
2026-09-27T13:05:14.319372Z aws-node[377]: INFO: plugin/ready: Still waiting on: "kubernetes"
2026-09-27T13:05:23.319372Z aws-node[761]: INFO: plugin/kubernetes: 68 resource records
2026-09-27T13:05:32.319372Z aws-node[761]: INFO: plugin/kubernetes: 68 resource records
2026-09-27T13:05:40.319372Z aws-node[377]: INFO: plugin/ready: Still waiting on: "kubernetes"
2026-09-27T13:05:49.319372Z aws-node[377]: INFO: plugin/ready: Still waiting on: "kubernetes"
2026-09-27T13:05:57.319372Z aws-node[733]: INFO: Reloading configuration
2026-09-27T13:06:06.319372Z aws-node[733]: INFO: Reloading configuration
2026-09-27T13:06:15.319372Z aws-node[377]: INFO: plugin/ready: Still waiting on: "kubernetes"
2026-09-27T13:06:23.319372Z aws-node[733]: INFO: Reloading configuration
2026-09-27T13:06:32.319372Z aws-node[733]: INFO: Reloading configuration
2026-09-27T13:06:41.319372Z aws-node[761]: INFO: plugin/kubernetes: 68 resource records
2026-09-27T13:06:49.319372Z aws-node[518]: INFO: Health check OK
2026-09-27T13:06:58.319372Z aws-node[761]: INFO: plugin/kubernetes: 68 resource records
2026-09-27T13:07:07.319372Z aws-node[377]: INFO: plugin/ready: Still waiting on: "kubernetes"
2026-09-27T13:07:15.319372Z aws-node[733]: INFO: Reloading configuration
2026-09-27T13:07:24.319372Z aws-node[761]: INFO: plugin/kubernetes: 68 resource records
2026-09-27T13:07:32.319372Z aws-node[733]: INFO: Reloading configuration
2026-09-27T13:07:41.319372Z aws-node[733]: INFO: Reloading configuration
2026-09-27T13:07:50.319372Z aws-node[377]: INFO: plugin/ready: Still waiting on: "kubernetes"
2026-09-27T13:07:58.319372Z aws-node[518]: INFO: Health check OK
2026-09-27T13:08:07.319372Z aws-node[518]: INFO: Health check OK
2026-09-27T13:08:16.319372Z aws-node[733]: INFO: Reloading configuration
2026-09-27T13:08:24.319372Z aws-node[761]: INFO: plugin/kubernetes: 68 resource records
2026-09-27T13:08:33.319372Z aws-node[761]: INFO: plugin/kubernetes: 68 resource records
2026-09-27T13:08:42.319372Z aws-node[518]: INFO: Health check OK
2026-09-27T13:08:50.319372Z aws-node[377]: INFO: plugin/ready: Still waiting on: "kubernetes"
2026-09-27T13:08:59.319372Z aws-node[377]: INFO: plugin/ready: Still waiting on: "kubernetes"
2026-09-27T13:09:08.319372Z aws-node[761]: INFO: plugin/kubernetes: 68 resource records
2026-09-27T13:09:16.319372Z aws-node[761]: INFO: plugin/kubernetes: 68 resource records
2026-09-27T13:09:25.319372Z aws-node[377]: INFO: plugin/ready: Still waiting on: "kubernetes"
2026-09-27T13:09:33.319372Z aws-node[518]: INFO: Health check OK
2026-09-27T13:09:42.319372Z aws-node[761]: INFO: plugin/kubernetes: 68 resource records
2026-09-27T13:09:51.319372Z aws-node[733]: INFO: Reloading configuration
2026-09-27T13:09:59.319372Z aws-node[733]: INFO: Reloading configuration
2026-09-27T13:10:08.319372Z aws-node[733]: INFO: Reloading configuration
2026-09-27T13:10:17.319372Z aws-node[761]: INFO: plugin/kubernetes: 68 resource records
2026-09-27T13:10:25.319372Z aws-node[733]: INFO: Reloading configuration
2026-09-27T13:10:34.319372Z aws-node[733]: INFO: Reloading configuration
2026-09-27T13:10:43.319372Z aws-node[377]: INFO: plugin/ready: Still waiting on: "kubernetes"
2026-09-27T13:10:51.319372Z aws-node[733]: INFO: Reloading configuration
2026-09-27T13:11:00.319372Z aws-node[518]: INFO: Health check OK
2026-09-27T13:11:08.319372Z aws-node[518]: INFO: Health check OK
2026-09-27T13:11:17.319372Z aws-node[733]: INFO: Reloading configuration
2026-09-27T13:11:26.319372Z aws-node[761]: INFO: plugin/kubernetes: 68 resource records
2026-09-27T13:11:34.319372Z aws-node[377]: INFO: plugin/ready: Still waiting on: "kubernetes"
2026-09-27T13:11:43.319372Z aws-node[733]: INFO: Reloading configuration
2026-09-27T13:11:52.319372Z aws-node[761]: INFO: plugin/kubernetes: 68 resource records
2026-09-27T13:12:00.319372Z aws-node[733]: INFO: Reloading configuration
2026-09-27T13:12:09.319372Z aws-node[518]: INFO: Health check OK
2026-09-27T13:12:18.319372Z aws-node[761]: INFO: plugin/kubernetes: 68 resource records
2026-09-27T13:12:26.319372Z aws-node[377]: INFO: plugin/ready: Still waiting on: "kubernetes"
2026-09-27T13:12:35.319372Z aws-node[733]: INFO: Reloading configuration
2026-09-27T13:12:44.319372Z aws-node[761]: INFO: plugin/kubernetes: 68 resource records
2026-09-27T13:12:52.319372Z aws-node[761]: INFO: plugin/kubernetes: 68 resource records
2026-09-27T13:13:01.319372Z aws-node[377]: INFO: plugin/ready: Still waiting on: "kubernetes"
2026-09-27T13:13:09.319372Z aws-node[518]: INFO: Health check OK
2026-09-27T13:13:18.319372Z aws-node[761]: INFO: plugin/kubernetes: 68 resource records
2026-09-27T13:13:27.319372Z aws-node[733]: INFO: Reloading configuration
2026-09-27T13:13:35.319372Z aws-node[235]: ERROR: upstream 10.100.41.115:53: read udp 10.133.154.175:43076->10.240.134.29:53: i/o timeout
2026-09-27T13:13:44.319372Z aws-node[518]: INFO: Health check OK
2026-09-27T13:13:53.319372Z aws-node[483]: WARN: too many open files
2026-09-27T13:14:01.319372Z aws-node[733]: INFO: Reloading configuration
2026-09-27T13:14:10.319372Z aws-node[733]: INFO: Reloading configuration
2026-09-27T13:14:19.319372Z aws-node[761]: INFO: plugin/kubernetes: 68 resource records
2026-09-27T13:14:27.319372Z aws-node[761]: INFO: plugin/kubernetes: 68 resource records
2026-09-27T13:14:36.319372Z aws-node[377]: INFO: plugin/ready: Still waiting on: "kubernetes"
2026-09-27T13:14:44.319372Z aws-node[733]: INFO: Reloading configuration
2026-09-27T13:14:53.319372Z aws-node[377]: INFO: plugin/ready: Still waiting on: "kubernetes"
2026-09-27T13:15:02.319372Z aws-node[377]: INFO: plugin/ready: Still waiting on: "kubernetes"
2026-09-27T13:15:10.319372Z aws-node[733]: INFO: Reloading configuration
2026-09-27T13:15:19.319372Z aws-node[518]: INFO: Health check OK
2026-09-27T13:15:28.319372Z aws-node[761]: INFO: plugin/kubernetes: 68 resource records
2026-09-27T13:15:36.319372Z aws-node[377]: INFO: plugin/ready: Still waiting on: "kubernetes"
2026-09-27T13:15:45.319372Z aws-node[377]: INFO: plugin/ready: Still waiting on: "kubernetes"
2026-09-27T13:15:54.319372Z aws-node[761]: INFO: plugin/kubernetes: 68 resource records
2026-09-27T13:16:02.319372Z aws-node[761]: INFO: plugin/kubernetes: 68 resource records
2026-09-27T13:16:11.319372Z aws-node[377]: INFO: plugin/ready: Still waiting on: "kubernetes"
2026-09-27T13:16:20.319372Z aws-node[377]: INFO: plugin/ready: Still waiting on: "kubernetes"
2026-09-27T13:16:28.319372Z aws-node[761]: INFO: plugin/kubernetes: 68 resource records
2026-09-27T13:16:37.319372Z aws-node[761]: INFO: plugin/kubernetes: 68 resource records
2026-09-27T13:16:45.319372Z aws-node[761]: INFO: plugin/kubernetes: 68 resource records
2026-09-27T13:16:54.319372Z aws-node[518]: INFO: Health check OK
2026-09-27T13:17:03.319372Z aws-node[761]: INFO: plugin/kubernetes: 68 resource records
2026-09-27T13:17:11.319372Z aws-node[377]: INFO: plugin/ready: Still waiting on: "kubernetes"
2026-09-27T13:17:20.319372Z aws-node[761]: INFO: plugin/kubernetes: 68 resource records
2026-09-27T13:17:29.319372Z aws-node[761]: INFO: plugin/kubernetes: 68 resource records
2026-09-27T13:17:37.319372Z aws-node[518]: INFO: Health check OK
2026-09-27T13:17:46.319372Z aws-node[377]: INFO: plugin/ready: Still waiting on: "kubernetes"
2026-09-27T13:17:55.319372Z aws-node[733]: INFO: Reloading configuration
2026-09-27T13:18:03.319372Z aws-node[733]: INFO: Reloading configuration
2026-09-27T13:18:12.319372Z aws-node[518]: INFO: Health check OK
2026-09-27T13:18:20.319372Z aws-node[518]: INFO: Health check OK
2026-09-27T13:18:29.319372Z aws-node[733]: INFO: Reloading configuration
2026-09-27T13:18:38.319372Z aws-node[761]: INFO: plugin/kubernetes: 68 resource records
2026-09-27T13:18:46.319372Z aws-node[761]: INFO: plugin/kubernetes: 68 resource records
2026-09-27T13:18:55.319372Z aws-node[518]: INFO: Health check OK
2026-09-27T13:19:04.319372Z aws-node[518]: INFO: Health check OK
2026-09-27T13:19:12.319372Z aws-node[986]: ERROR: plugin/errors: 10.80.131.140:49335 - no such host
2026-09-27T13:19:21.319372Z aws-node[235]: ERROR: upstream 10.100.41.115:53: read udp 10.133.154.175:43076->10.240.134.29:53: i/o timeout
2026-09-27T13:19:30.319372Z aws-node[518]: INFO: Health check OK
2026-09-27T13:19:38.319372Z aws-node[733]: INFO: Reloading configuration
2026-09-27T13:19:47.319372Z aws-node[377]: INFO: plugin/ready: Still waiting on: "kubernetes"
2026-09-27T13:19:56.319372Z aws-node[377]: INFO: plugin/ready: Still waiting on: "kubernetes"
2026-09-27T13:20:04.319372Z aws-node[761]: INFO: plugin/kubernetes: 68 resource records
2026-09-27T13:20:13.319372Z aws-node[518]: INFO: Health check OK
2026-09-27T13:20:21.319372Z aws-node[733]: INFO: Reloading configuration
2026-09-27T13:20:30.319372Z aws-node[761]: INFO: plugin/kubernetes: 68 resource records
2026-09-27T13:20:39.319372Z aws-node[761]: INFO: plugin/kubernetes: 68 resource records
2026-09-27T13:20:47.319372Z aws-node[761]: INFO: plugin/kubernetes: 68 resource records
2026-09-27T13:20:56.319372Z aws-node[518]: INFO: Health check OK
2026-09-27T13:21:05.319372Z aws-node[761]: INFO: plugin/kubernetes: 68 resource records
2026-09-27T13:21:13.319372Z aws-node[761]: INFO: plugin/kubernetes: 68 resource records
2026-09-27T13:21:22.319372Z aws-node[377]: INFO: plugin/ready: Still waiting on: "kubernetes"
2026-09-27T13:21:31.319372Z aws-node[518]: INFO: Health check OK
2026-09-27T13:21:39.319372Z aws-node[518]: INFO: Health check OK
2026-09-27T13:21:48.319372Z aws-node[733]: INFO: Reloading configuration
2026-09-27T13:21:56.319372Z aws-node[761]: INFO: plugin/kubernetes: 68 resource records
2026-09-27T13:22:05.319372Z aws-node[733]: INFO: Reloading configuration
2026-09-27T13:22:14.319372Z aws-node[518]: INFO: Health check OK
2026-09-27T13:22:22.319372Z aws-node[518]: INFO: Health check OK
2026-09-27T13:22:31.319372Z aws-node[761]: INFO: plugin/kubernetes: 68 resource records
2026-09-27T13:22:40.319372Z aws-node[761]: INFO: plugin/kubernetes: 68 resource records
2026-09-27T13:22:48.319372Z aws-node[518]: INFO: Health check OK
2026-09-27T13:22:57.319372Z aws-node[518]: INFO: Health check OK
2026-09-27T13:23:06.319372Z aws-node[377]: INFO: plugin/ready: Still waiting on: "kubernetes"
2026-09-27T13:23:14.319372Z aws-node[761]: INFO: plugin/kubernetes: 68 resource records
2026-09-27T13:23:23.319372Z aws-node[377]: INFO: plugin/ready: Still waiting on: "kubernetes"
2026-09-27T13:23:32.319372Z aws-node[733]: INFO: Reloading configuration
2026-09-27T13:23:40.319372Z aws-node[377]: INFO: plugin/ready: Still waiting on: "kubernetes"
2026-09-27T13:23:49.319372Z aws-node[518]: INFO: Health check OK
2026-09-27T13:23:57.319372Z aws-node[377]: INFO: plugin/ready: Still waiting on: "kubernetes"
2026-09-27T13:24:06.319372Z aws-node[733]: INFO: Reloading configuration
2026-09-27T13:24:15.319372Z aws-node[377]: INFO: plugin/ready: Still waiting on: "kubernetes"
2026-09-27T13:24:23.319372Z aws-node[377]: INFO: plugin/ready: Still waiting on: "kubernetes"
2026-09-27T13:24:32.319372Z aws-node[377]: INFO: plugin/ready: Still waiting on: "kubernetes"
2026-09-27T13:24:41.319372Z aws-node[761]: INFO: plugin/kubernetes: 68 resource records
2026-09-27T13:24:49.319372Z aws-node[235]: ERROR: upstream 10.100.41.115:53: read udp 10.133.154.175:43076->10.240.134.29:53: i/o timeout
2026-09-27T13:24:58.319372Z aws-node[518]: INFO: Health check OK
2026-09-27T13:25:07.319372Z aws-node[761]: INFO: plugin/kubernetes: 68 resource records
2026-09-27T13:25:15.319372Z aws-node[761]: INFO: plugin/kubernetes: 68 resource records
2026-09-27T13:25:24.319372Z aws-node[518]: INFO: Health check OK
2026-09-27T13:25:32.319372Z aws-node[518]: INFO: Health check OK
2026-09-27T13:25:41.319372Z aws-node[377]: INFO: plugin/ready: Still waiting on: "kubernetes"
2026-09-27T13:25:50.319372Z aws-node[518]: INFO: Health check OK
2026-09-27T13:25:58.319372Z aws-node[377]: INFO: plugin/ready: Still waiting on: "kubernetes"
2026-09-27T13:26:07.319372Z aws-node[377]: INFO: plugin/ready: Still waiting on: "kubernetes"
2026-09-27T13:26:16.319372Z aws-node[518]: INFO: Health check OK
2026-09-27T13:26:24.319372Z aws-node[377]: INFO: plugin/ready: Still waiting on: "kubernetes"
2026-09-27T13:26:33.319372Z aws-node[761]: INFO: plugin/kubernetes: 68 resource records
2026-09-27T13:26:42.319372Z aws-node[518]: INFO: Health check OK
2026-09-27T13:26:50.319372Z aws-node[761]: INFO: plugin/kubernetes: 68 resource records
2026-09-27T13:26:59.319372Z aws-node[761]: INFO: plugin/kubernetes: 68 resource records
2026-09-27T13:27:08.319372Z aws-node[733]: INFO: Reloading configuration
2026-09-27T13:27:16.319372Z aws-node[518]: INFO: Health check OK
2026-09-27T13:27:25.319372Z aws-node[761]: INFO: plugin/kubernetes: 68 resource records
2026-09-27T13:27:33.319372Z aws-node[761]: INFO: plugin/kubernetes: 68 resource records
2026-09-27T13:27:42.319372Z aws-node[377]: INFO: plugin/ready: Still waiting on: "kubernetes"
2026-09-27T13:27:51.319372Z aws-node[377]: INFO: plugin/ready: Still waiting on: "kubernetes"
2026-09-27T13:27:59.319372Z aws-node[377]: INFO: plugin/ready: Still waiting on: "kubernetes"
2026-09-27T13:28:08.319372Z aws-node[733]: INFO: Reloading configuration
2026-09-27T13:28:17.319372Z aws-node[377]: INFO: plugin/ready: Still waiting on: "kubernetes"
2026-09-27T13:28:25.319372Z aws-node[733]: INFO: Reloading configuration
2026-09-27T13:28:34.319372Z aws-node[518]: INFO: Health check OK
2026-09-27T13:28:43.319372Z aws-node[518]: INFO: Health check OK
2026-09-27T13:28:51.319372Z aws-node[377]: INFO: plugin/ready: Still waiting on: "kubernetes"
2026-09-27T13:29:00.319372Z aws-node[761]: INFO: plugin/kubernetes: 68 resource records
2026-09-27T13:29:08.319372Z aws-node[518]: INFO: Health check OK
2026-09-27T13:29:17.319372Z aws-node[377]: INFO: plugin/ready: Still waiting on: "kubernetes"
2026-09-27T13:29:26.319372Z aws-node[518]: INFO: Health check OK
2026-09-27T13:29:34.319372Z aws-node[377]: INFO: plugin/ready: Still waiting on: "kubernetes"
2026-09-27T13:29:43.319372Z aws-node[518]: INFO: Health check OK
2026-09-27T13:29:52.319372Z aws-node[761]: INFO: plugin/kubernetes: 68 resource records
2026-09-27T13:30:00.319372Z aws-node[377]: INFO: plugin/ready: Still waiting on: "kubernetes"
2026-09-27T13:30:09.319372Z aws-node[518]: INFO: Health check OK
2026-09-27T13:30:18.319372Z aws-node[377]: INFO: plugin/ready: Still waiting on: "kubernetes"
2026-09-27T13:30:26.319372Z aws-node[733]: INFO: Reloading configuration
2026-09-27T13:30:35.319372Z aws-node[518]: INFO: Health check OK
2026-09-27T13:30:44.319372Z aws-node[761]: INFO: plugin/kubernetes: 68 resource records
2026-09-27T13:30:52.319372Z aws-node[246]: ERROR: failed to list *v1.Service: Get "https://10.6.106.25:443": net/http: TLS handshake timeout
2026-09-27T13:31:01.319372Z aws-node[761]: INFO: plugin/kubernetes: 68 resource records
2026-09-27T13:31:09.319372Z aws-node[733]: INFO: Reloading configuration
2026-09-27T13:31:18.319372Z aws-node[733]: INFO: Reloading configuration
2026-09-27T13:31:27.319372Z aws-node[733]: INFO: Reloading configuration
2026-09-27T13:31:35.319372Z aws-node[518]: INFO: Health check OK
2026-09-27T13:31:44.319372Z aws-node[761]: INFO: plugin/kubernetes: 68 resource records
2026-09-27T13:31:53.319372Z aws-node[733]: INFO: Reloading configuration
2026-09-27T13:32:01.319372Z aws-node[518]: INFO: Health check OK
2026-09-27T13:32:10.319372Z aws-node[377]: INFO: plugin/ready: Still waiting on: "kubernetes"
2026-09-27T13:32:19.319372Z aws-node[733]: INFO: Reloading configuration
2026-09-27T13:32:27.319372Z aws-node[377]: INFO: plugin/ready: Still waiting on: "kubernetes"
2026-09-27T13:32:36.319372Z aws-node[518]: INFO: Health check OK
2026-09-27T13:32:44.319372Z aws-node[377]: INFO: plugin/ready: Still waiting on: "kubernetes"
2026-09-27T13:32:53.319372Z aws-node[483]: WARN: too many open files
2026-09-27T13:33:02.319372Z aws-node[733]: INFO: Reloading configuration
2026-09-27T13:33:10.319372Z aws-node[377]: INFO: plugin/ready: Still waiting on: "kubernetes"
2026-09-27T13:33:19.319372Z aws-node[518]: INFO: Health check OK
2026-09-27T13:33:28.319372Z aws-node[518]: INFO: Health check OK
2026-09-27T13:33:36.319372Z aws-node[733]: INFO: Reloading configuration
2026-09-27T13:33:45.319372Z aws-node[377]: INFO: plugin/ready: Still waiting on: "kubernetes"
2026-09-27T13:33:54.319372Z aws-node[518]: INFO: Health check OK
2026-09-27T13:34:02.319372Z aws-node[761]: INFO: plugin/kubernetes: 68 resource records
2026-09-27T13:34:11.319372Z aws-node[761]: INFO: plugin/kubernetes: 68 resource records
2026-09-27T13:34:20.319372Z aws-node[761]: INFO: plugin/kubernetes: 68 resource records
2026-09-27T13:34:28.319372Z aws-node[518]: INFO: Health check OK
2026-09-27T13:34:37.319372Z aws-node[377]: INFO: plugin/ready: Still waiting on: "kubernetes"
2026-09-27T13:34:45.319372Z aws-node[377]: INFO: plugin/ready: Still waiting on: "kubernetes"
2026-09-27T13:34:54.319372Z aws-node[761]: INFO: plugin/kubernetes: 68 resource records
2026-09-27T13:35:03.319372Z aws-node[761]: INFO: plugin/kubernetes: 68 resource records
2026-09-27T13:35:11.319372Z aws-node[377]: INFO: plugin/ready: Still waiting on: "kubernetes"
2026-09-27T13:35:20.319372Z aws-node[377]: INFO: plugin/ready: Still waiting on: "kubernetes"
2026-09-27T13:35:29.319372Z aws-node[377]: INFO: plugin/ready: Still waiting on: "kubernetes"
2026-09-27T13:35:37.319372Z aws-node[518]: INFO: Health check OK
2026-09-27T13:35:46.319372Z aws-node[761]: INFO: plugin/kubernetes: 68 resource records
2026-09-27T13:35:55.319372Z aws-node[518]: INFO: Health check OK
2026-09-27T13:36:03.319372Z aws-node[761]: INFO: plugin/kubernetes: 68 resource records
2026-09-27T13:36:12.319372Z aws-node[761]: INFO: plugin/kubernetes: 68 resource records
2026-09-27T13:36:20.319372Z aws-node[518]: INFO: Health check OK
2026-09-27T13:36:29.319372Z aws-node[733]: INFO: Reloading configuration
2026-09-27T13:36:38.319372Z aws-node[377]: INFO: plugin/ready: Still waiting on: "kubernetes"
2026-09-27T13:36:46.319372Z aws-node[733]: INFO: Reloading configuration
2026-09-27T13:36:55.319372Z aws-node[761]: INFO: plugin/kubernetes: 68 resource records
2026-09-27T13:37:04.319372Z aws-node[733]: INFO: Reloading configuration
2026-09-27T13:37:12.319372Z aws-node[483]: WARN: too many open files
2026-09-27T13:37:21.319372Z aws-node[377]: INFO: plugin/ready: Still waiting on: "kubernetes"
2026-09-27T13:37:30.319372Z aws-node[377]: INFO: plugin/ready: Still waiting on: "kubernetes"
2026-09-27T13:37:38.319372Z aws-node[377]: INFO: plugin/ready: Still waiting on: "kubernetes"
2026-09-27T13:37:47.319372Z aws-node[377]: INFO: plugin/ready: Still waiting on: "kubernetes"
2026-09-27T13:37:56.319372Z aws-node[518]: INFO: Health check OK
2026-09-27T13:38:04.319372Z aws-node[518]: INFO: Health check OK
2026-09-27T13:38:13.319372Z aws-node[761]: INFO: plugin/kubernetes: 68 resource records
2026-09-27T13:38:21.319372Z aws-node[377]: INFO: plugin/ready: Still waiting on: "kubernetes"
2026-09-27T13:38:30.319372Z aws-node[733]: INFO: Reloading configuration
2026-09-27T13:38:39.319372Z aws-node[761]: INFO: plugin/kubernetes: 68 resource records
2026-09-27T13:38:47.319372Z aws-node[518]: INFO: Health check OK
2026-09-27T13:38:56.319372Z aws-node[733]: INFO: Reloading configuration
2026-09-27T13:39:05.319372Z aws-node[733]: INFO: Reloading configuration
2026-09-27T13:39:13.319372Z aws-node[377]: INFO: plugin/ready: Still waiting on: "kubernetes"
2026-09-27T13:39:22.319372Z aws-node[761]: INFO: plugin/kubernetes: 68 resource records
2026-09-27T13:39:31.319372Z aws-node[377]: INFO: plugin/ready: Still waiting on: "kubernetes"
2026-09-27T13:39:39.319372Z aws-node[761]: INFO: plugin/kubernetes: 68 resource records
2026-09-27T13:39:48.319372Z aws-node[377]: INFO: plugin/ready: Still waiting on: "kubernetes"
2026-09-27T13:39:56.319372Z aws-node[377]: INFO: plugin/ready: Still waiting on: "kubernetes"
2026-09-27T13:40:05.319372Z aws-node[761]: INFO: plugin/kubernetes: 68 resource records
2026-09-27T13:40:14.319372Z aws-node[518]: INFO: Health check OK
2026-09-27T13:40:22.319372Z aws-node[518]: INFO: Health check OK
2026-09-27T13:40:31.319372Z aws-node[761]: INFO: plugin/kubernetes: 68 resource records
2026-09-27T13:40:40.319372Z aws-node[733]: INFO: Reloading configuration
2026-09-27T13:40:48.319372Z aws-node[733]: INFO: Reloading configuration
2026-09-27T13:40:57.319372Z aws-node[761]: INFO: plugin/kubernetes: 68 resource records
2026-09-27T13:41:06.319372Z aws-node[733]: INFO: Reloading configuration
2026-09-27T13:41:14.319372Z aws-node[518]: INFO: Health check OK
2026-09-27T13:41:23.319372Z aws-node[518]: INFO: Health check OK
2026-09-27T13:41:32.319372Z aws-node[518]: INFO: Health check OK
2026-09-27T13:41:40.319372Z aws-node[761]: INFO: plugin/kubernetes: 68 resource records
2026-09-27T13:41:49.319372Z aws-node[518]: INFO: Health check OK
2026-09-27T13:41:57.319372Z aws-node[733]: INFO: Reloading configuration
2026-09-27T13:42:06.319372Z aws-node[518]: INFO: Health check OK
2026-09-27T13:42:15.319372Z aws-node[733]: INFO: Reloading configuration
2026-09-27T13:42:23.319372Z aws-node[761]: INFO: plugin/kubernetes: 68 resource records
2026-09-27T13:42:32.319372Z aws-node[377]: INFO: plugin/ready: Still waiting on: "kubernetes"
2026-09-27T13:42:41.319372Z aws-node[518]: INFO: Health check OK
2026-09-27T13:42:49.319372Z aws-node[761]: INFO: plugin/kubernetes: 68 resource records
2026-09-27T13:42:58.319372Z aws-node[518]: INFO: Health check OK
2026-09-27T13:43:07.319372Z aws-node[518]: INFO: Health check OK
2026-09-27T13:43:15.319372Z aws-node[518]: INFO: Health check OK
2026-09-27T13:43:24.319372Z aws-node[761]: INFO: plugin/kubernetes: 68 resource records
2026-09-27T13:43:32.319372Z aws-node[377]: INFO: plugin/ready: Still waiting on: "kubernetes"
2026-09-27T13:43:41.319372Z aws-node[518]: INFO: Health check OK
2026-09-27T13:43:50.319372Z aws-node[733]: INFO: Reloading configuration
2026-09-27T13:43:58.319372Z aws-node[377]: INFO: plugin/ready: Still waiting on: "kubernetes"
2026-09-27T13:44:07.319372Z aws-node[377]: INFO: plugin/ready: Still waiting on: "kubernetes"
2026-09-27T13:44:16.319372Z aws-node[518]: INFO: Health check OK
2026-09-27T13:44:24.319372Z aws-node[518]: INFO: Health check OK
2026-09-27T13:44:33.319372Z aws-node[377]: INFO: plugin/ready: Still waiting on: "kubernetes"
2026-09-27T13:44:42.319372Z aws-node[518]: INFO: Health check OK
2026-09-27T13:44:50.319372Z aws-node[518]: INFO: Health check OK
2026-09-27T13:44:59.319372Z aws-node[986]: ERROR: plugin/errors: 10.80.131.140:49335 - no such host
2026-09-27T13:45:08.319372Z aws-node[733]: INFO: Reloading configuration
2026-09-27T13:45:16.319372Z aws-node[733]: INFO: Reloading configuration
2026-09-27T13:45:25.319372Z aws-node[377]: INFO: plugin/ready: Still waiting on: "kubernetes"
2026-09-27T13:45:33.319372Z aws-node[761]: INFO: plugin/kubernetes: 68 resource records
2026-09-27T13:45:42.319372Z aws-node[733]: INFO: Reloading configuration
2026-09-27T13:45:51.319372Z aws-node[761]: INFO: plugin/kubernetes: 68 resource records
2026-09-27T13:45:59.319372Z aws-node[733]: INFO: Reloading configuration
2026-09-27T13:46:08.319372Z aws-node[518]: INFO: Health check OK
2026-09-27T13:46:17.319372Z aws-node[761]: INFO: plugin/kubernetes: 68 resource records
2026-09-27T13:46:25.319372Z aws-node[377]: INFO: plugin/ready: Still waiting on: "kubernetes"
2026-09-27T13:46:34.319372Z aws-node[518]: INFO: Health check OK
2026-09-27T13:46:43.319372Z aws-node[761]: INFO: plugin/kubernetes: 68 resource records
2026-09-27T13:46:51.319372Z aws-node[518]: INFO: Health check OK
2026-09-27T13:47:00.319372Z aws-node[518]: INFO: Health check OK
2026-09-27T13:47:08.319372Z aws-node[518]: INFO: Health check OK
2026-09-27T13:47:17.319372Z aws-node[518]: INFO: Health check OK
2026-09-27T13:47:26.319372Z aws-node[761]: INFO: plugin/kubernetes: 68 resource records
2026-09-27T13:47:34.319372Z aws-node[518]: INFO: Health check OK
2026-09-27T13:47:43.319372Z aws-node[377]: INFO: plugin/ready: Still waiting on: "kubernetes"
2026-09-27T13:47:52.319372Z aws-node[733]: INFO: Reloading configuration
2026-09-27T13:48:00.319372Z aws-node[761]: INFO: plugin/kubernetes: 68 resource records
2026-09-27T13:48:09.319372Z aws-node[377]: INFO: plugin/ready: Still waiting on: "kubernetes"
2026-09-27T13:48:18.319372Z aws-node[483]: WARN: too many open files
2026-09-27T13:48:26.319372Z aws-node[518]: INFO: Health check OK
2026-09-27T13:48:35.319372Z aws-node[518]: INFO: Health check OK
2026-09-27T13:48:44.319372Z aws-node[377]: INFO: plugin/ready: Still waiting on: "kubernetes"
2026-09-27T13:48:52.319372Z aws-node[733]: INFO: Reloading configuration
2026-09-27T13:49:01.319372Z aws-node[761]: INFO: plugin/kubernetes: 68 resource records
2026-09-27T13:49:09.319372Z aws-node[761]: INFO: plugin/kubernetes: 68 resource records
2026-09-27T13:49:18.319372Z aws-node[518]: INFO: Health check OK
2026-09-27T13:49:27.319372Z aws-node[518]: INFO: Health check OK
2026-09-27T13:49:35.319372Z aws-node[377]: INFO: plugin/ready: Still waiting on: "kubernetes"
2026-09-27T13:49:44.319372Z aws-node[518]: INFO: Health check OK
2026-09-27T13:49:53.319372Z aws-node[518]: INFO: Health check OK
2026-09-27T13:50:01.319372Z aws-node[761]: INFO: plugin/kubernetes: 68 resource records
2026-09-27T13:50:10.319372Z aws-node[518]: INFO: Health check OK
2026-09-27T13:50:19.319372Z aws-node[377]: INFO: plugin/ready: Still waiting on: "kubernetes"
2026-09-27T13:50:27.319372Z aws-node[235]: ERROR: upstream 10.100.41.115:53: read udp 10.133.154.175:43076->10.240.134.29:53: i/o timeout
2026-09-27T13:50:36.319372Z aws-node[518]: INFO: Health check OK
2026-09-27T13:50:44.319372Z aws-node[518]: INFO: Health check OK
2026-09-27T13:50:53.319372Z aws-node[518]: INFO: Health check OK
2026-09-27T13:51:02.319372Z aws-node[518]: INFO: Health check OK
2026-09-27T13:51:10.319372Z aws-node[733]: INFO: Reloading configuration
2026-09-27T13:51:19.319372Z aws-node[377]: INFO: plugin/ready: Still waiting on: "kubernetes"
2026-09-27T13:51:28.319372Z aws-node[377]: INFO: plugin/ready: Still waiting on: "kubernetes"
2026-09-27T13:51:36.319372Z aws-node[518]: INFO: Health check OK
2026-09-27T13:51:45.319372Z aws-node[733]: INFO: Reloading configuration
2026-09-27T13:51:54.319372Z aws-node[518]: INFO: Health check OK
2026-09-27T13:52:02.319372Z aws-node[761]: INFO: plugin/kubernetes: 68 resource records
2026-09-27T13:52:11.319372Z aws-node[518]: INFO: Health check OK
2026-09-27T13:52:20.319372Z aws-node[377]: INFO: plugin/ready: Still waiting on: "kubernetes"
2026-09-27T13:52:28.319372Z aws-node[733]: INFO: Reloading configuration
2026-09-27T13:52:37.319372Z aws-node[761]: INFO: plugin/kubernetes: 68 resource records
2026-09-27T13:52:45.319372Z aws-node[733]: INFO: Reloading configuration
2026-09-27T13:52:54.319372Z aws-node[377]: INFO: plugin/ready: Still waiting on: "kubernetes"
2026-09-27T13:53:03.319372Z aws-node[761]: INFO: plugin/kubernetes: 68 resource records
2026-09-27T13:53:11.319372Z aws-node[733]: INFO: Reloading configuration
2026-09-27T13:53:20.319372Z aws-node[377]: INFO: plugin/ready: Still waiting on: "kubernetes"
2026-09-27T13:53:29.319372Z aws-node[377]: INFO: plugin/ready: Still waiting on: "kubernetes"
2026-09-27T13:53:37.319372Z aws-node[518]: INFO: Health check OK
2026-09-27T13:53:46.319372Z aws-node[518]: INFO: Health check OK
2026-09-27T13:53:55.319372Z aws-node[518]: INFO: Health check OK
2026-09-27T13:54:03.319372Z aws-node[761]: INFO: plugin/kubernetes: 68 resource records
2026-09-27T13:54:12.319372Z aws-node[518]: INFO: Health check OK
2026-09-27T13:54:20.319372Z aws-node[518]: INFO: Health check OK
2026-09-27T13:54:29.319372Z aws-node[986]: ERROR: plugin/errors: 10.80.131.140:49335 - no such host
2026-09-27T13:54:38.319372Z aws-node[377]: INFO: plugin/ready: Still waiting on: "kubernetes"
2026-09-27T13:54:46.319372Z aws-node[733]: INFO: Reloading configuration
2026-09-27T13:54:55.319372Z aws-node[733]: INFO: Reloading configuration
2026-09-27T13:55:04.319372Z aws-node[761]: INFO: plugin/kubernetes: 68 resource records
2026-09-27T13:55:12.319372Z aws-node[733]: INFO: Reloading configuration
2026-09-27T13:55:21.319372Z aws-node[377]: INFO: plugin/ready: Still waiting on: "kubernetes"
2026-09-27T13:55:30.319372Z aws-node[518]: INFO: Health check OK
2026-09-27T13:55:38.319372Z aws-node[377]: INFO: plugin/ready: Still waiting on: "kubernetes"
2026-09-27T13:55:47.319372Z aws-node[377]: INFO: plugin/ready: Still waiting on: "kubernetes"
2026-09-27T13:55:56.319372Z aws-node[518]: INFO: Health check OK
2026-09-27T13:56:04.319372Z aws-node[377]: INFO: plugin/ready: Still waiting on: "kubernetes"
2026-09-27T13:56:13.319372Z aws-node[518]: INFO: Health check OK
2026-09-27T13:56:21.319372Z aws-node[733]: INFO: Reloading configuration
2026-09-27T13:56:30.319372Z aws-node[518]: INFO: Health check OK
2026-09-27T13:56:39.319372Z aws-node[733]: INFO: Reloading configuration
2026-09-27T13:56:47.319372Z aws-node[377]: INFO: plugin/ready: Still waiting on: "kubernetes"
2026-09-27T13:56:56.319372Z aws-node[377]: INFO: plugin/ready: Still waiting on: "kubernetes"
2026-09-27T13:57:05.319372Z aws-node[986]: ERROR: plugin/errors: 10.80.131.140:49335 - no such host
2026-09-27T13:57:13.319372Z aws-node[733]: INFO: Reloading configuration
2026-09-27T13:57:22.319372Z aws-node[518]: INFO: Health check OK
2026-09-27T13:57:31.319372Z aws-node[377]: INFO: plugin/ready: Still waiting on: "kubernetes"
2026-09-27T13:57:39.319372Z aws-node[733]: INFO: Reloading configuration
2026-09-27T13:57:48.319372Z aws-node[377]: INFO: plugin/ready: Still waiting on: "kubernetes"
2026-09-27T13:57:56.319372Z aws-node[761]: INFO: plugin/kubernetes: 68 resource records
2026-09-27T13:58:05.319372Z aws-node[761]: INFO: plugin/kubernetes: 68 resource records
2026-09-27T13:58:14.319372Z aws-node[733]: INFO: Reloading configuration
2026-09-27T13:58:22.319372Z aws-node[733]: INFO: Reloading configuration
2026-09-27T13:58:31.319372Z aws-node[733]: INFO: Reloading configuration
2026-09-27T13:58:40.319372Z aws-node[733]: INFO: Reloading configuration
2026-09-27T13:58:48.319372Z aws-node[761]: INFO: plugin/kubernetes: 68 resource records
2026-09-27T13:58:57.319372Z aws-node[733]: INFO: Reloading configuration
2026-09-27T13:59:06.319372Z aws-node[733]: INFO: Reloading configuration
2026-09-27T13:59:14.319372Z aws-node[518]: INFO: Health check OK
2026-09-27T13:59:23.319372Z aws-node[377]: INFO: plugin/ready: Still waiting on: "kubernetes"
2026-09-27T13:59:32.319372Z aws-node[518]: INFO: Health check OK
2026-09-27T13:59:40.319372Z aws-node[377]: INFO: plugin/ready: Still waiting on: "kubernetes"
2026-09-27T13:59:49.319372Z aws-node[761]: INFO: plugin/kubernetes: 68 resource records
2026-09-27T13:59:57.319372Z aws-node[518]: INFO: Health check OK
2026-09-27T14:00:06.319372Z aws-node[377]: INFO: plugin/ready: Still waiting on: "kubernetes"
2026-09-27T14:00:15.319372Z aws-node[377]: INFO: plugin/ready: Still waiting on: "kubernetes"
2026-09-27T14:00:23.319372Z aws-node[761]: INFO: plugin/kubernetes: 68 resource records
2026-09-27T14:00:32.319372Z aws-node[518]: INFO: Health check OK
2026-09-27T14:00:41.319372Z aws-node[761]: INFO: plugin/kubernetes: 68 resource records
2026-09-27T14:00:49.319372Z aws-node[377]: INFO: plugin/ready: Still waiting on: "kubernetes"
2026-09-27T14:00:58.319372Z aws-node[377]: INFO: plugin/ready: Still waiting on: "kubernetes"
2026-09-27T14:01:07.319372Z aws-node[733]: INFO: Reloading configuration
2026-09-27T14:01:15.319372Z aws-node[235]: ERROR: upstream 10.100.41.115:53: read udp 10.133.154.175:43076->10.240.134.29:53: i/o timeout
2026-09-27T14:01:24.319372Z aws-node[518]: INFO: Health check OK
2026-09-27T14:01:32.319372Z aws-node[377]: INFO: plugin/ready: Still waiting on: "kubernetes"
2026-09-27T14:01:41.319372Z aws-node[733]: INFO: Reloading configuration
2026-09-27T14:01:50.319372Z aws-node[761]: INFO: plugin/kubernetes: 68 resource records
2026-09-27T14:01:58.319372Z aws-node[761]: INFO: plugin/kubernetes: 68 resource records
2026-09-27T14:02:07.319372Z aws-node[986]: ERROR: plugin/errors: 10.80.131.140:49335 - no such host
2026-09-27T14:02:16.319372Z aws-node[986]: ERROR: plugin/errors: 10.80.131.140:49335 - no such host
2026-09-27T14:02:24.319372Z aws-node[377]: INFO: plugin/ready: Still waiting on: "kubernetes"
2026-09-27T14:02:33.319372Z aws-node[761]: INFO: plugin/kubernetes: 68 resource records
2026-09-27T14:02:42.319372Z aws-node[733]: INFO: Reloading configuration
2026-09-27T14:02:50.319372Z aws-node[733]: INFO: Reloading configuration
2026-09-27T14:02:59.319372Z aws-node[377]: INFO: plugin/ready: Still waiting on: "kubernetes"
2026-09-27T14:03:08.319372Z aws-node[761]: INFO: plugin/kubernetes: 68 resource records
2026-09-27T14:03:16.319372Z aws-node[518]: INFO: Health check OK
2026-09-27T14:03:25.319372Z aws-node[518]: INFO: Health check OK
2026-09-27T14:03:33.319372Z aws-node[377]: INFO: plugin/ready: Still waiting on: "kubernetes"
2026-09-27T14:03:42.319372Z aws-node[377]: INFO: plugin/ready: Still waiting on: "kubernetes"
2026-09-27T14:03:51.319372Z aws-node[518]: INFO: Health check OK
2026-09-27T14:03:59.319372Z aws-node[377]: INFO: plugin/ready: Still waiting on: "kubernetes"
2026-09-27T14:04:08.319372Z aws-node[733]: INFO: Reloading configuration
2026-09-27T14:04:17.319372Z aws-node[377]: INFO: plugin/ready: Still waiting on: "kubernetes"
2026-09-27T14:04:25.319372Z aws-node[518]: INFO: Health check OK
2026-09-27T14:04:34.319372Z aws-node[518]: INFO: Health check OK
2026-09-27T14:04:43.319372Z aws-node[761]: INFO: plugin/kubernetes: 68 resource records
2026-09-27T14:04:51.319372Z aws-node[733]: INFO: Reloading configuration
2026-09-27T14:05:00.319372Z aws-node[761]: INFO: plugin/kubernetes: 68 resource records
2026-09-27T14:05:08.319372Z aws-node[761]: INFO: plugin/kubernetes: 68 resource records
2026-09-27T14:05:17.319372Z aws-node[761]: INFO: plugin/kubernetes: 68 resource records
2026-09-27T14:05:26.319372Z aws-node[377]: INFO: plugin/ready: Still waiting on: "kubernetes"
2026-09-27T14:05:34.319372Z aws-node[518]: INFO: Health check OK
2026-09-27T14:05:43.319372Z aws-node[518]: INFO: Health check OK
2026-09-27T14:05:52.319372Z aws-node[733]: INFO: Reloading configuration
2026-09-27T14:06:00.319372Z aws-node[733]: INFO: Reloading configuration
2026-09-27T14:06:09.319372Z aws-node[761]: INFO: plugin/kubernetes: 68 resource records
2026-09-27T14:06:18.319372Z aws-node[761]: INFO: plugin/kubernetes: 68 resource records
2026-09-27T14:06:26.319372Z aws-node[518]: INFO: Health check OK
2026-09-27T14:06:35.319372Z aws-node[518]: INFO: Health check OK
2026-09-27T14:06:44.319372Z aws-node[518]: INFO: Health check OK
2026-09-27T14:06:52.319372Z aws-node[733]: INFO: Reloading configuration
2026-09-27T14:07:01.319372Z aws-node[518]: INFO: Health check OK
2026-09-27T14:07:09.319372Z aws-node[518]: INFO: Health check OK
2026-09-27T14:07:18.319372Z aws-node[733]: INFO: Reloading configuration
2026-09-27T14:07:27.319372Z aws-node[761]: INFO: plugin/kubernetes: 68 resource records
2026-09-27T14:07:35.319372Z aws-node[761]: INFO: plugin/kubernetes: 68 resource records
2026-09-27T14:07:44.319372Z aws-node[761]: INFO: plugin/kubernetes: 68 resource records
2026-09-27T14:07:53.319372Z aws-node[518]: INFO: Health check OK
2026-09-27T14:08:01.319372Z aws-node[377]: INFO: plugin/ready: Still waiting on: "kubernetes"
2026-09-27T14:08:10.319372Z aws-node[518]: INFO: Health check OK
2026-09-27T14:08:19.319372Z aws-node[377]: INFO: plugin/ready: Still waiting on: "kubernetes"
2026-09-27T14:08:27.319372Z aws-node[518]: INFO: Health check OK
2026-09-27T14:08:36.319372Z aws-node[733]: INFO: Reloading configuration
2026-09-27T14:08:44.319372Z aws-node[761]: INFO: plugin/kubernetes: 68 resource records
2026-09-27T14:08:53.319372Z aws-node[733]: INFO: Reloading configuration
2026-09-27T14:09:02.319372Z aws-node[733]: INFO: Reloading configuration
2026-09-27T14:09:10.319372Z aws-node[377]: INFO: plugin/ready: Still waiting on: "kubernetes"
2026-09-27T14:09:19.319372Z aws-node[518]: INFO: Health check OK
2026-09-27T14:09:28.319372Z aws-node[733]: INFO: Reloading configuration
2026-09-27T14:09:36.319372Z aws-node[761]: INFO: plugin/kubernetes: 68 resource records
2026-09-27T14:09:45.319372Z aws-node[761]: INFO: plugin/kubernetes: 68 resource records
2026-09-27T14:09:54.319372Z aws-node[518]: INFO: Health check OK
2026-09-27T14:10:02.319372Z aws-node[377]: INFO: plugin/ready: Still waiting on: "kubernetes"
2026-09-27T14:10:11.319372Z aws-node[733]: INFO: Reloading configuration
2026-09-27T14:10:20.319372Z aws-node[761]: INFO: plugin/kubernetes: 68 resource records
2026-09-27T14:10:28.319372Z aws-node[518]: INFO: Health check OK
2026-09-27T14:10:37.319372Z aws-node[518]: INFO: Health check OK
2026-09-27T14:10:45.319372Z aws-node[377]: INFO: plugin/ready: Still waiting on: "kubernetes"
2026-09-27T14:10:54.319372Z aws-node[518]: INFO: Health check OK
2026-09-27T14:11:03.319372Z aws-node[761]: INFO: plugin/kubernetes: 68 resource records
2026-09-27T14:11:11.319372Z aws-node[518]: INFO: Health check OK
2026-09-27T14:11:20.319372Z aws-node[733]: INFO: Reloading configuration
2026-09-27T14:11:29.319372Z aws-node[377]: INFO: plugin/ready: Still waiting on: "kubernetes"
2026-09-27T14:11:37.319372Z aws-node[377]: INFO: plugin/ready: Still waiting on: "kubernetes"
2026-09-27T14:11:46.319372Z aws-node[377]: INFO: plugin/ready: Still waiting on: "kubernetes"
2026-09-27T14:11:55.319372Z aws-node[518]: INFO: Health check OK
2026-09-27T14:12:03.319372Z aws-node[377]: INFO: plugin/ready: Still waiting on: "kubernetes"
2026-09-27T14:12:12.319372Z aws-node[761]: INFO: plugin/kubernetes: 68 resource records
2026-09-27T14:12:20.319372Z aws-node[761]: INFO: plugin/kubernetes: 68 resource records
2026-09-27T14:12:29.319372Z aws-node[733]: INFO: Reloading configuration
2026-09-27T14:12:38.319372Z aws-node[518]: INFO: Health check OK
2026-09-27T14:12:46.319372Z aws-node[986]: ERROR: plugin/errors: 10.80.131.140:49335 - no such host
2026-09-27T14:12:55.319372Z aws-node[377]: INFO: plugin/ready: Still waiting on: "kubernetes"
2026-09-27T14:13:04.319372Z aws-node[761]: INFO: plugin/kubernetes: 68 resource records
2026-09-27T14:13:12.319372Z aws-node[377]: INFO: plugin/ready: Still waiting on: "kubernetes"
2026-09-27T14:13:21.319372Z aws-node[518]: INFO: Health check OK
2026-09-27T14:13:30.319372Z aws-node[518]: INFO: Health check OK
2026-09-27T14:13:38.319372Z aws-node[377]: INFO: plugin/ready: Still waiting on: "kubernetes"
2026-09-27T14:13:47.319372Z aws-node[518]: INFO: Health check OK
2026-09-27T14:13:56.319372Z aws-node[761]: INFO: plugin/kubernetes: 68 resource records
2026-09-27T14:14:04.319372Z aws-node[518]: INFO: Health check OK
2026-09-27T14:14:13.319372Z aws-node[377]: INFO: plugin/ready: Still waiting on: "kubernetes"
2026-09-27T14:14:21.319372Z aws-node[377]: INFO: plugin/ready: Still waiting on: "kubernetes"
2026-09-27T14:14:30.319372Z aws-node[761]: INFO: plugin/kubernetes: 68 resource records
2026-09-27T14:14:39.319372Z aws-node[761]: INFO: plugin/kubernetes: 68 resource records
2026-09-27T14:14:47.319372Z aws-node[761]: INFO: plugin/kubernetes: 68 resource records
2026-09-27T14:14:56.319372Z aws-node[377]: INFO: plugin/ready: Still waiting on: "kubernetes"
2026-09-27T14:15:05.319372Z aws-node[733]: INFO: Reloading configuration
2026-09-27T14:15:13.319372Z aws-node[518]: INFO: Health check OK
2026-09-27T14:15:22.319372Z aws-node[518]: INFO: Health check OK
2026-09-27T14:15:31.319372Z aws-node[377]: INFO: plugin/ready: Still waiting on: "kubernetes"
2026-09-27T14:15:39.319372Z aws-node[733]: INFO: Reloading configuration
2026-09-27T14:15:48.319372Z aws-node[377]: INFO: plugin/ready: Still waiting on: "kubernetes"
2026-09-27T14:15:56.319372Z aws-node[761]: INFO: plugin/kubernetes: 68 resource records
2026-09-27T14:16:05.319372Z aws-node[733]: INFO: Reloading configuration
2026-09-27T14:16:14.319372Z aws-node[518]: INFO: Health check OK
2026-09-27T14:16:22.319372Z aws-node[483]: WARN: too many open files
2026-09-27T14:16:31.319372Z aws-node[733]: INFO: Reloading configuration
2026-09-27T14:16:40.319372Z aws-node[377]: INFO: plugin/ready: Still waiting on: "kubernetes"
2026-09-27T14:16:48.319372Z aws-node[518]: INFO: Health check OK
2026-09-27T14:16:57.319372Z aws-node[377]: INFO: plugin/ready: Still waiting on: "kubernetes"
2026-09-27T14:17:06.319372Z aws-node[733]: INFO: Reloading configuration
2026-09-27T14:17:14.319372Z aws-node[518]: INFO: Health check OK
2026-09-27T14:17:23.319372Z aws-node[733]: INFO: Reloading configuration
2026-09-27T14:17:32.319372Z aws-node[733]: INFO: Reloading configuration
2026-09-27T14:17:40.319372Z aws-node[377]: INFO: plugin/ready: Still waiting on: "kubernetes"
2026-09-27T14:17:49.319372Z aws-node[377]: INFO: plugin/ready: Still waiting on: "kubernetes"
2026-09-27T14:17:57.319372Z aws-node[733]: INFO: Reloading configuration
2026-09-27T14:18:06.319372Z aws-node[761]: INFO: plugin/kubernetes: 68 resource records
2026-09-27T14:18:15.319372Z aws-node[377]: INFO: plugin/ready: Still waiting on: "kubernetes"
2026-09-27T14:18:23.319372Z aws-node[761]: INFO: plugin/kubernetes: 68 resource records
2026-09-27T14:18:32.319372Z aws-node[733]: INFO: Reloading configuration
2026-09-27T14:18:41.319372Z aws-node[518]: INFO: Health check OK
2026-09-27T14:18:49.319372Z aws-node[377]: INFO: plugin/ready: Still waiting on: "kubernetes"
2026-09-27T14:18:58.319372Z aws-node[518]: INFO: Health check OK
2026-09-27T14:19:07.319372Z aws-node[518]: INFO: Health check OK
2026-09-27T14:19:15.319372Z aws-node[518]: INFO: Health check OK
2026-09-27T14:19:24.319372Z aws-node[377]: INFO: plugin/ready: Still waiting on: "kubernetes"
2026-09-27T14:19:32.319372Z aws-node[986]: ERROR: plugin/errors: 10.80.131.140:49335 - no such host
2026-09-27T14:19:41.319372Z aws-node[733]: INFO: Reloading configuration
2026-09-27T14:19:50.319372Z aws-node[733]: INFO: Reloading configuration
2026-09-27T14:19:58.319372Z aws-node[377]: INFO: plugin/ready: Still waiting on: "kubernetes"
2026-09-27T14:20:07.319372Z aws-node[518]: INFO: Health check OK
2026-09-27T14:20:16.319372Z aws-node[518]: INFO: Health check OK
2026-09-27T14:20:24.319372Z aws-node[377]: INFO: plugin/ready: Still waiting on: "kubernetes"
2026-09-27T14:20:33.319372Z aws-node[761]: INFO: plugin/kubernetes: 68 resource records
2026-09-27T14:20:42.319372Z aws-node[761]: INFO: plugin/kubernetes: 68 resource records
2026-09-27T14:20:50.319372Z aws-node[377]: INFO: plugin/ready: Still waiting on: "kubernetes"
2026-09-27T14:20:59.319372Z aws-node[377]: INFO: plugin/ready: Still waiting on: "kubernetes"
2026-09-27T14:21:08.319372Z aws-node[761]: INFO: plugin/kubernetes: 68 resource records
2026-09-27T14:21:16.319372Z aws-node[761]: INFO: plugin/kubernetes: 68 resource records
2026-09-27T14:21:25.319372Z aws-node[733]: INFO: Reloading configuration
2026-09-27T14:21:33.319372Z aws-node[761]: INFO: plugin/kubernetes: 68 resource records
2026-09-27T14:21:42.319372Z aws-node[761]: INFO: plugin/kubernetes: 68 resource records
2026-09-27T14:21:51.319372Z aws-node[733]: INFO: Reloading configuration
2026-09-27T14:21:59.319372Z aws-node[518]: INFO: Health check OK
2026-09-27T14:22:08.319372Z aws-node[761]: INFO: plugin/kubernetes: 68 resource records
2026-09-27T14:22:17.319372Z aws-node[733]: INFO: Reloading configuration
2026-09-27T14:22:25.319372Z aws-node[761]: INFO: plugin/kubernetes: 68 resource records
2026-09-27T14:22:34.319372Z aws-node[518]: INFO: Health check OK
2026-09-27T14:22:43.319372Z aws-node[733]: INFO: Reloading configuration
2026-09-27T14:22:51.319372Z aws-node[518]: INFO: Health check OK
2026-09-27T14:23:00.319372Z aws-node[518]: INFO: Health check OK
2026-09-27T14:23:08.319372Z aws-node[761]: INFO: plugin/kubernetes: 68 resource records
2026-09-27T14:23:17.319372Z aws-node[733]: INFO: Reloading configuration
2026-09-27T14:23:26.319372Z aws-node[761]: INFO: plugin/kubernetes: 68 resource records
2026-09-27T14:23:34.319372Z aws-node[377]: INFO: plugin/ready: Still waiting on: "kubernetes"
2026-09-27T14:23:43.319372Z aws-node[733]: INFO: Reloading configuration
2026-09-27T14:23:52.319372Z aws-node[377]: INFO: plugin/ready: Still waiting on: "kubernetes"
2026-09-27T14:24:00.319372Z aws-node[733]: INFO: Reloading configuration
2026-09-27T14:24:09.319372Z aws-node[518]: INFO: Health check OK
2026-09-27T14:24:18.319372Z aws-node[518]: INFO: Health check OK
2026-09-27T14:24:26.319372Z aws-node[246]: ERROR: failed to list *v1.Service: Get "https://10.6.106.25:443": net/http: TLS handshake timeout
2026-09-27T14:24:35.319372Z aws-node[518]: INFO: Health check OK
2026-09-27T14:24:44.319372Z aws-node[733]: INFO: Reloading configuration
2026-09-27T14:24:52.319372Z aws-node[377]: INFO: plugin/ready: Still waiting on: "kubernetes"
2026-09-27T14:25:01.319372Z aws-node[377]: INFO: plugin/ready: Still waiting on: "kubernetes"
2026-09-27T14:25:09.319372Z aws-node[761]: INFO: plugin/kubernetes: 68 resource records
2026-09-27T14:25:18.319372Z aws-node[518]: INFO: Health check OK
2026-09-27T14:25:27.319372Z aws-node[761]: INFO: plugin/kubernetes: 68 resource records
2026-09-27T14:25:35.319372Z aws-node[377]: INFO: plugin/ready: Still waiting on: "kubernetes"
2026-09-27T14:25:44.319372Z aws-node[761]: INFO: plugin/kubernetes: 68 resource records
2026-09-27T14:25:53.319372Z aws-node[377]: INFO: plugin/ready: Still waiting on: "kubernetes"
2026-09-27T14:26:01.319372Z aws-node[733]: INFO: Reloading configuration
2026-09-27T14:26:10.319372Z aws-node[235]: ERROR: upstream 10.100.41.115:53: read udp 10.133.154.175:43076->10.240.134.29:53: i/o timeout
2026-09-27T14:26:19.319372Z aws-node[733]: INFO: Reloading configuration
2026-09-27T14:26:27.319372Z aws-node[518]: INFO: Health check OK
2026-09-27T14:26:36.319372Z aws-node[377]: INFO: plugin/ready: Still waiting on: "kubernetes"
2026-09-27T14:26:44.319372Z aws-node[518]: INFO: Health check OK
2026-09-27T14:26:53.319372Z aws-node[733]: INFO: Reloading configuration
2026-09-27T14:27:02.319372Z aws-node[733]: INFO: Reloading configuration
2026-09-27T14:27:10.319372Z aws-node[733]: INFO: Reloading configuration
2026-09-27T14:27:19.319372Z aws-node[733]: INFO: Reloading configuration
2026-09-27T14:27:28.319372Z aws-node[518]: INFO: Health check OK
2026-09-27T14:27:36.319372Z aws-node[761]: INFO: plugin/kubernetes: 68 resource records
2026-09-27T14:27:45.319372Z aws-node[518]: INFO: Health check OK
2026-09-27T14:27:54.319372Z aws-node[733]: INFO: Reloading configuration
2026-09-27T14:28:02.319372Z aws-node[518]: INFO: Health check OK
2026-09-27T14:28:11.319372Z aws-node[518]: INFO: Health check OK
2026-09-27T14:28:20.319372Z aws-node[761]: INFO: plugin/kubernetes: 68 resource records
2026-09-27T14:28:28.319372Z aws-node[733]: INFO: Reloading configuration
2026-09-27T14:28:37.319372Z aws-node[518]: INFO: Health check OK
2026-09-27T14:28:45.319372Z aws-node[377]: INFO: plugin/ready: Still waiting on: "kubernetes"
2026-09-27T14:28:54.319372Z aws-node[377]: INFO: plugin/ready: Still waiting on: "kubernetes"
2026-09-27T14:29:03.319372Z aws-node[733]: INFO: Reloading configuration
2026-09-27T14:29:11.319372Z aws-node[733]: INFO: Reloading configuration
2026-09-27T14:29:20.319372Z aws-node[733]: INFO: Reloading configuration
2026-09-27T14:29:29.319372Z aws-node[761]: INFO: plugin/kubernetes: 68 resource records
2026-09-27T14:29:37.319372Z aws-node[377]: INFO: plugin/ready: Still waiting on: "kubernetes"
2026-09-27T14:29:46.319372Z aws-node[733]: INFO: Reloading configuration
2026-09-27T14:29:55.319372Z aws-node[518]: INFO: Health check OK
2026-09-27T14:30:03.319372Z aws-node[761]: INFO: plugin/kubernetes: 68 resource records
2026-09-27T14:30:12.319372Z aws-node[761]: INFO: plugin/kubernetes: 68 resource records
2026-09-27T14:30:20.319372Z aws-node[518]: INFO: Health check OK
2026-09-27T14:30:29.319372Z aws-node[518]: INFO: Health check OK
2026-09-27T14:30:38.319372Z aws-node[761]: INFO: plugin/kubernetes: 68 resource records
2026-09-27T14:30:46.319372Z aws-node[761]: INFO: plugin/kubernetes: 68 resource records
2026-09-27T14:30:55.319372Z aws-node[518]: INFO: Health check OK
2026-09-27T14:31:04.319372Z aws-node[761]: INFO: plugin/kubernetes: 68 resource records
2026-09-27T14:31:12.319372Z aws-node[483]: WARN: too many open files
2026-09-27T14:31:21.319372Z aws-node[246]: ERROR: failed to list *v1.Service: Get "https://10.6.106.25:443": net/http: TLS handshake timeout
2026-09-27T14:31:30.319372Z aws-node[377]: INFO: plugin/ready: Still waiting on: "kubernetes"
2026-09-27T14:31:38.319372Z aws-node[518]: INFO: Health check OK
2026-09-27T14:31:47.319372Z aws-node[377]: INFO: plugin/ready: Still waiting on: "kubernetes"
2026-09-27T14:31:56.319372Z aws-node[377]: INFO: plugin/ready: Still waiting on: "kubernetes"
2026-09-27T14:32:04.319372Z aws-node[733]: INFO: Reloading configuration
2026-09-27T14:32:13.319372Z aws-node[986]: ERROR: plugin/errors: 10.80.131.140:49335 - no such host
2026-09-27T14:32:21.319372Z aws-node[733]: INFO: Reloading configuration
2026-09-27T14:32:30.319372Z aws-node[761]: INFO: plugin/kubernetes: 68 resource records
2026-09-27T14:32:39.319372Z aws-node[733]: INFO: Reloading configuration
2026-09-27T14:32:47.319372Z aws-node[377]: INFO: plugin/ready: Still waiting on: "kubernetes"
2026-09-27T14:32:56.319372Z aws-node[518]: INFO: Health check OK
2026-09-27T14:33:05.319372Z aws-node[377]: INFO: plugin/ready: Still waiting on: "kubernetes"
2026-09-27T14:33:13.319372Z aws-node[733]: INFO: Reloading configuration
2026-09-27T14:33:22.319372Z aws-node[518]: INFO: Health check OK
2026-09-27T14:33:31.319372Z aws-node[733]: INFO: Reloading configuration
2026-09-27T14:33:39.319372Z aws-node[761]: INFO: plugin/kubernetes: 68 resource records
2026-09-27T14:33:48.319372Z aws-node[518]: INFO: Health check OK
2026-09-27T14:33:56.319372Z aws-node[377]: INFO: plugin/ready: Still waiting on: "kubernetes"
2026-09-27T14:34:05.319372Z aws-node[377]: INFO: plugin/ready: Still waiting on: "kubernetes"
2026-09-27T14:34:14.319372Z aws-node[518]: INFO: Health check OK
2026-09-27T14:34:22.319372Z aws-node[733]: INFO: Reloading configuration
2026-09-27T14:34:31.319372Z aws-node[733]: INFO: Reloading configuration
2026-09-27T14:34:40.319372Z aws-node[761]: INFO: plugin/kubernetes: 68 resource records
2026-09-27T14:34:48.319372Z aws-node[483]: WARN: too many open files
2026-09-27T14:34:57.319372Z aws-node[377]: INFO: plugin/ready: Still waiting on: "kubernetes"
2026-09-27T14:35:06.319372Z aws-node[733]: INFO: Reloading configuration
2026-09-27T14:35:14.319372Z aws-node[377]: INFO: plugin/ready: Still waiting on: "kubernetes"
2026-09-27T14:35:23.319372Z aws-node[518]: INFO: Health check OK
