2026-09-27T10:08:47.858089Z Normal AddedInterface Add eth0 [10.114.71.189] from eni eni-33a91e4b74a0
2026-09-27T10:08:50.858089Z Normal AddedInterface Add eth0 [10.119.13.144] from eni eni-1c16dde96e38
2026-09-27T10:08:54.858089Z Normal ScalingReplicaSet Scaled up replica set pay-worker-49f640e9 to 2 from 0
2026-09-27T10:08:57.858089Z Normal LeaderElection pay-api-fe5549 became leader
2026-09-27T10:09:01.858089Z Normal Pulled Container image "busybox:1.36" already present on machine
2026-09-27T10:09:05.858089Z Normal Pulled Container image "python:3.11-slim" already present on machine
2026-09-27T10:09:08.858089Z Normal Scheduled Successfully assigned kube-system/aws-node-99ab0a to ip-10-0-2-10.ec2.internal
2026-09-27T10:09:12.858089Z Normal Synced Successfully synced grafana-a35bb8
2026-09-27T10:09:15.858089Z Normal Created Created container agent
2026-09-27T10:09:19.858089Z Normal Synced Successfully synced web-6b4a22
2026-09-27T10:09:23.858089Z Normal Synced Successfully synced auth-api-e6a3aa
2026-09-27T10:09:26.858089Z Normal Created Created container sidecar
2026-09-27T10:09:30.858089Z Normal Pulled Container image "nginx:1.25" already present on machine
2026-09-27T10:09:33.858089Z Normal AddedInterface Add eth0 [10.243.84.68] from eni eni-8d2eb528f098
2026-09-27T10:09:37.858089Z Warning BackOff Back-off restarting failed container agent in pod observability/grafana-a58220
2026-09-27T10:09:41.858089Z Normal ScalingReplicaSet Scaled up replica set metrics-server-9e4d432e to 5 from 1
2026-09-27T10:09:44.858089Z Normal Started Started container app
2026-09-27T10:09:48.858089Z Warning NodeNotReady Node ip-10-0-2-10.ec2.internal status is now: NodeNotReady
2026-09-27T10:09:51.858089Z Normal Scheduled Successfully assigned ingress-nginx/ingress-nginx-controller-ab3994 to ip-10-0-1-50.ec2.internal
2026-09-27T10:09:55.858089Z Normal Started Started container app
2026-09-27T10:09:59.858089Z Normal Started Started container app
2026-09-27T10:10:02.858089Z Normal Pulled Container image "registry.k8s.io/coredns/coredns:v1.11.1" already present on machine
2026-09-27T10:10:06.858089Z Normal AddedInterface Add eth0 [10.125.189.73] from eni eni-d5b9da4feeba
2026-09-27T10:10:09.858089Z Normal AddedInterface Add eth0 [10.53.68.68] from eni eni-086f2800ff5d
2026-09-27T10:10:13.858089Z Normal LeaderElection loki-c5c36f became leader
2026-09-27T10:10:17.858089Z Normal LeaderElection worker-7dd160 became leader
2026-09-27T10:10:20.858089Z Normal Scheduled Successfully assigned default/web-2288fe to ip-10-0-5-30.ec2.internal
2026-09-27T10:10:24.858089Z Normal Created Created container sidecar
2026-09-27T10:10:27.858089Z Normal Pulled Container image "ghcr.io/company/pay-api:2.3.1" already present on machine
2026-09-27T10:10:31.858089Z Normal LeaderElection pay-api-732747 became leader
2026-09-27T10:10:35.858089Z Normal SuccessfulCreate Created pod: worker-2c2524
2026-09-27T10:10:38.858089Z Normal LeaderElection oauth-cda524 became leader
2026-09-27T10:10:42.858089Z Normal SuccessfulCreate Created pod: auth-api-25b66c
2026-09-27T10:10:45.858089Z Normal LeaderElection ingress-nginx-controller-c4dd76 became leader
2026-09-27T10:10:49.858089Z Normal Synced Successfully synced oauth-70a4d1
2026-09-27T10:10:53.858089Z Normal Started Started container app
2026-09-27T10:10:56.858089Z Normal LeaderElection web-3245fa became leader
2026-09-27T10:11:00.858089Z Normal AddedInterface Add eth0 [10.54.217.57] from eni eni-9e96b2d6049c
2026-09-27T10:11:03.858089Z Normal AddedInterface Add eth0 [10.237.162.244] from eni eni-fd605f8ab314
2026-09-27T10:11:07.858089Z Normal AddedInterface Add eth0 [10.132.126.216] from eni eni-b43f58a739ea
2026-09-27T10:11:11.858089Z Normal AddedInterface Add eth0 [10.146.120.70] from eni eni-c1aca165bc52
2026-09-27T10:11:14.858089Z Normal Synced Successfully synced aws-node-cc2428
2026-09-27T10:11:18.858089Z Normal LeaderElection metrics-server-836a52 became leader
2026-09-27T10:11:21.858089Z Normal LeaderElection ingress-nginx-controller-5741b3 became leader
2026-09-27T10:11:25.858089Z Normal SuccessfulCreate Created pod: coredns-914d6b
2026-09-27T10:11:29.858089Z Normal Pulled Container image "ghcr.io/company/auth-api:1.9.0" already present on machine
2026-09-27T10:11:32.858089Z Normal Started Started container sidecar
2026-09-27T10:11:36.858089Z Normal Created Created container proxy
2026-09-27T10:11:39.858089Z Normal LeaderElection ingress-nginx-controller-673ca5 became leader
2026-09-27T10:11:43.858089Z Normal LeaderElection coredns-a326b4 became leader
2026-09-27T10:11:47.858089Z Normal Synced Successfully synced oauth-c3b22b
2026-09-27T10:11:50.858089Z Normal Pulled Container image "registry.k8s.io/coredns/coredns:v1.11.1" already present on machine
2026-09-27T10:11:54.858089Z Normal Started Started container proxy
2026-09-27T10:11:57.858089Z Normal Synced Successfully synced grafana-7e8a3e
2026-09-27T10:12:01.858089Z Normal Started Started container proxy
2026-09-27T10:12:05.858089Z Normal SuccessfulCreate Created pod: oauth-8b0971
2026-09-27T10:12:08.858089Z Normal AddedInterface Add eth0 [10.94.98.56] from eni eni-e69987e0e997
2026-09-27T10:12:12.858089Z Normal Scheduled Successfully assigned default/api-e07df3 to ip-10-0-2-50.ec2.internal
2026-09-27T10:12:15.858089Z Normal Created Created container proxy
2026-09-27T10:12:19.858089Z Normal SuccessfulCreate Created pod: pay-api-4e3f8b
2026-09-27T10:12:23.858089Z Normal LeaderElection frontend-c9cbcd became leader
2026-09-27T10:12:26.858089Z Normal Created Created container app
2026-09-27T10:12:30.858089Z Normal SuccessfulCreate Created pod: coredns-6d4ca6
2026-09-27T10:12:33.858089Z Normal Created Created container sidecar
2026-09-27T10:12:37.858089Z Normal SuccessfulCreate Created pod: kube-proxy-52db6b
2026-09-27T10:12:41.858089Z Normal Scheduled Successfully assigned payments/pay-worker-259239 to ip-10-0-1-30.ec2.internal
2026-09-27T10:12:44.858089Z Normal Synced Successfully synced api-eec598
2026-09-27T10:12:48.858089Z Normal LeaderElection grafana-116520 became leader
2026-09-27T10:12:51.858089Z Normal AddedInterface Add eth0 [10.59.206.222] from eni eni-b822e57ac6c7
2026-09-27T10:12:55.858089Z Normal AddedInterface Add eth0 [10.255.226.195] from eni eni-c3f354f779b7
2026-09-27T10:12:59.858089Z Normal Pulled Container image "ghcr.io/company/pay-api:2.3.1" already present on machine
2026-09-27T10:13:02.858089Z Normal Started Started container sidecar
2026-09-27T10:13:06.858089Z Normal AddedInterface Add eth0 [10.35.141.198] from eni eni-3aa69dfd932c
2026-09-27T10:13:09.858089Z Normal AddedInterface Add eth0 [10.76.228.138] from eni eni-0c01fe908121
2026-09-27T10:13:13.858089Z Warning FailedCreate Error creating: pods "pay-worker-da72f3" is forbidden: error looking up service account payments/default: serviceaccount "default" not found
2026-09-27T10:13:17.858089Z Normal ScalingReplicaSet Scaled up replica set metrics-server-01f27597 to 6 from 1
2026-09-27T10:13:20.858089Z Normal Pulled Container image "ghcr.io/company/auth-api:1.9.0" already present on machine
2026-09-27T10:13:24.858089Z Normal SuccessfulCreate Created pod: ingress-nginx-controller-17bbdc
2026-09-27T10:13:27.858089Z Normal LeaderElection pay-api-b02544 became leader
2026-09-27T10:13:31.858089Z Normal Synced Successfully synced metrics-server-5790f6
2026-09-27T10:13:35.858089Z Normal SuccessfulCreate Created pod: auth-api-718be7
2026-09-27T10:13:38.858089Z Warning DNSConfigForming Nameserver limits were exceeded, some nameservers have been omitted, the applied nameserver line is: 10.140.4.145 10.25.254.214 10.146.117.156 10.180.112.163 10.97.128.174
2026-09-27T10:13:42.858089Z Normal LeaderElection ingress-nginx-controller-67dd98 became leader
2026-09-27T10:13:45.858089Z Normal SuccessfulCreate Created pod: kube-proxy-908d9f
2026-09-27T10:13:49.858089Z Warning NodeNotReady Node ip-10-0-1-50.ec2.internal status is now: NodeNotReady
2026-09-27T10:13:53.858089Z Normal Synced Successfully synced ingress-nginx-controller-c7d2d2
2026-09-27T10:13:56.858089Z Normal Synced Successfully synced aws-node-abef1b
2026-09-27T10:14:00.858089Z Normal Pulled Container image "python:3.11-slim" already present on machine
2026-09-27T10:14:03.858089Z Normal Started Started container proxy
2026-09-27T10:14:07.858089Z Normal Started Started container sidecar
2026-09-27T10:14:11.858089Z Normal ScalingReplicaSet Scaled up replica set auth-api-1db95817 to 3 from 2
2026-09-27T10:14:14.858089Z Normal Synced Successfully synced prometheus-ae2f97
2026-09-27T10:14:18.858089Z Warning FailedMount Unable to attach or mount volumes: timed out waiting for the condition
2026-09-27T10:14:21.858089Z Normal Synced Successfully synced pay-worker-6bfe8f
2026-09-27T10:14:25.858089Z Normal Synced Successfully synced ingress-nginx-controller-468f8a
2026-09-27T10:14:29.858089Z Normal AddedInterface Add eth0 [10.190.66.143] from eni eni-83f93f16f5ce
2026-09-27T10:14:32.858089Z Normal ScalingReplicaSet Scaled up replica set ingress-nginx-controller-157b399f to 2 from 2
2026-09-27T10:14:36.858089Z Normal SuccessfulCreate Created pod: auth-api-9dd39f
2026-09-27T10:14:39.858089Z Normal ScalingReplicaSet Scaled up replica set pay-api-a593897c to 2 from 0
2026-09-27T10:14:43.858089Z Normal Synced Successfully synced metrics-server-caf415
2026-09-27T10:14:47.858089Z Normal Scheduled Successfully assigned observability/grafana-5a219f to ip-10-0-5-40.ec2.internal
2026-09-27T10:14:50.858089Z Normal Pulled Container image "registry.k8s.io/coredns/coredns:v1.11.1" already present on machine
2026-09-27T10:14:54.858089Z Warning ImagePullBackOff Back-off pulling image "nginx:1.25"
2026-09-27T10:14:57.858089Z Normal LeaderElection pay-api-e3303c became leader
2026-09-27T10:15:01.858089Z Normal Started Started container sidecar
2026-09-27T10:15:05.858089Z Warning MemPressure Node ip-10-0-3-30.ec2.internal status is now: NodeHasMemoryPressure
2026-09-27T10:15:08.858089Z Normal SuccessfulCreate Created pod: oauth-5520d9
2026-09-27T10:15:12.858089Z Normal SuccessfulCreate Created pod: worker-964b18
2026-09-27T10:15:15.858089Z Normal Scheduled Successfully assigned default/frontend-b9abb7 to ip-10-0-3-50.ec2.internal
2026-09-27T10:15:19.858089Z Normal Created Created container sidecar
2026-09-27T10:15:23.858089Z Normal LeaderElection grafana-bc7702 became leader
2026-09-27T10:15:26.858089Z Normal Pulled Container image "busybox:1.36" already present on machine
2026-09-27T10:15:30.858089Z Normal Started Started container app
2026-09-27T10:15:33.858089Z Normal Created Created container sidecar
2026-09-27T10:15:37.858089Z Normal Started Started container sidecar
2026-09-27T10:15:41.858089Z Normal Started Started container sidecar
2026-09-27T10:15:44.858089Z Normal Created Created container agent
2026-09-27T10:15:48.858089Z Normal AddedInterface Add eth0 [10.63.145.22] from eni eni-df05237745d3
2026-09-27T10:15:51.858089Z Normal Pulled Container image "nginx:1.25" already present on machine
2026-09-27T10:15:55.858089Z Normal Synced Successfully synced worker-731fb1
2026-09-27T10:15:59.858089Z Normal AddedInterface Add eth0 [10.9.131.56] from eni eni-6130794022e9
2026-09-27T10:16:02.858089Z Warning DNSConfigForming Nameserver limits were exceeded, some nameservers have been omitted, the applied nameserver line is: 10.8.123.184 10.73.149.110 10.0.180.62 10.213.95.171 10.43.184.18
2026-09-27T10:16:06.858089Z Normal Pulled Container image "nginx:1.25" already present on machine
2026-09-27T10:16:09.858089Z Normal Created Created container agent
2026-09-27T10:16:13.858089Z Warning FailedScheduling 0/6 nodes are available: Insufficient cpu
2026-09-27T10:16:17.858089Z Normal LeaderElection ingress-nginx-controller-bb9a67 became leader
2026-09-27T10:16:20.858089Z Normal LeaderElection auth-api-b1f23e became leader
2026-09-27T10:16:24.858089Z Warning MemPressure Node ip-10-0-3-50.ec2.internal status is now: NodeHasMemoryPressure
2026-09-27T10:16:27.858089Z Normal SuccessfulCreate Created pod: metrics-server-901127
2026-09-27T10:16:31.858089Z Normal Started Started container proxy
2026-09-27T10:16:35.858089Z Normal ScalingReplicaSet Scaled up replica set ingress-nginx-controller-782ae45d to 4 from 2
2026-09-27T10:16:38.858089Z Normal Started Started container sidecar
2026-09-27T10:16:42.858089Z Normal Synced Successfully synced pay-api-40e8a0
2026-09-27T10:16:45.858089Z Normal AddedInterface Add eth0 [10.37.230.120] from eni eni-768fe9802a1b
2026-09-27T10:16:49.858089Z Normal Started Started container app
2026-09-27T10:16:53.858089Z Normal Pulled Container image "ghcr.io/company/pay-api:2.3.1" already present on machine
2026-09-27T10:16:56.858089Z Normal SuccessfulCreate Created pod: aws-node-650d98
2026-09-27T10:17:00.858089Z Normal Pulled Container image "ghcr.io/company/pay-api:2.3.1" already present on machine
2026-09-27T10:17:03.858089Z Normal ScalingReplicaSet Scaled up replica set pay-worker-923edcf7 to 5 from 0
2026-09-27T10:17:07.858089Z Normal Created Created container app
2026-09-27T10:17:11.858089Z Normal Created Created container proxy
2026-09-27T10:17:14.858089Z Normal Started Started container proxy
2026-09-27T10:17:18.858089Z Normal LeaderElection web-cfce24 became leader
2026-09-27T10:17:21.858089Z Normal SuccessfulCreate Created pod: ingress-nginx-controller-49dfdf
2026-09-27T10:17:25.858089Z Normal ScalingReplicaSet Scaled up replica set oauth-e549840f to 6 from 1
2026-09-27T10:17:29.858089Z Normal Synced Successfully synced aws-node-94abaf
2026-09-27T10:17:32.858089Z Normal AddedInterface Add eth0 [10.201.153.152] from eni eni-0770c50343c3
2026-09-27T10:17:36.858089Z Normal Scheduled Successfully assigned ingress-nginx/ingress-nginx-controller-373bd2 to ip-10-0-4-10.ec2.internal
2026-09-27T10:17:39.858089Z Normal Started Started container sidecar
2026-09-27T10:17:43.858089Z Normal LeaderElection ingress-nginx-controller-2e46ac became leader
2026-09-27T10:17:47.858089Z Normal ScalingReplicaSet Scaled up replica set pay-api-5017def1 to 3 from 1
2026-09-27T10:17:50.858089Z Normal SuccessfulCreate Created pod: oauth-a32cc4
2026-09-27T10:17:54.858089Z Normal AddedInterface Add eth0 [10.245.178.144] from eni eni-236dacf21dda
2026-09-27T10:17:57.858089Z Normal Synced Successfully synced prometheus-90e621
2026-09-27T10:18:01.858089Z Normal AddedInterface Add eth0 [10.55.122.63] from eni eni-7cc691c7230f
2026-09-27T10:18:05.858089Z Warning NodeNotReady Node ip-10-0-1-40.ec2.internal status is now: NodeNotReady
2026-09-27T10:18:08.858089Z Normal ScalingReplicaSet Scaled up replica set pay-api-27f8f586 to 4 from 1
2026-09-27T10:18:12.858089Z Normal SuccessfulCreate Created pod: ingress-nginx-controller-e9f44f
2026-09-27T10:18:15.858089Z Normal Pulled Container image "python:3.11-slim" already present on machine
2026-09-27T10:18:19.858089Z Normal SuccessfulCreate Created pod: pay-worker-41855f
2026-09-27T10:18:23.858089Z Normal Created Created container agent
2026-09-27T10:18:26.858089Z Normal Created Created container app
2026-09-27T10:18:30.858089Z Normal AddedInterface Add eth0 [10.111.126.175] from eni eni-9e25a97e3065
2026-09-27T10:18:33.858089Z Normal Started Started container sidecar
2026-09-27T10:18:37.858089Z Normal SuccessfulCreate Created pod: frontend-584bfb
2026-09-27T10:18:41.858089Z Normal AddedInterface Add eth0 [10.37.23.109] from eni eni-dfde4112a0a1
2026-09-27T10:18:44.858089Z Normal LeaderElection pay-api-5ec289 became leader
2026-09-27T10:18:48.858089Z Normal Started Started container agent
2026-09-27T10:18:51.858089Z Normal SuccessfulCreate Created pod: grafana-cd522d
2026-09-27T10:18:55.858089Z Normal Scheduled Successfully assigned default/web-174c21 to ip-10-0-5-20.ec2.internal
2026-09-27T10:18:59.858089Z Normal Scheduled Successfully assigned ingress-nginx/ingress-nginx-controller-0a9486 to ip-10-0-2-30.ec2.internal
2026-09-27T10:19:02.858089Z Normal AddedInterface Add eth0 [10.164.121.78] from eni eni-4b30450d2df7
2026-09-27T10:19:06.858089Z Normal LeaderElection grafana-0eb6a2 became leader
2026-09-27T10:19:09.858089Z Normal Started Started container sidecar
2026-09-27T10:19:13.858089Z Normal Pulled Container image "registry.k8s.io/coredns/coredns:v1.11.1" already present on machine
2026-09-27T10:19:17.858089Z Normal ScalingReplicaSet Scaled up replica set api-9e0b961f to 4 from 0
2026-09-27T10:19:20.858089Z Normal Started Started container app
2026-09-27T10:19:24.858089Z Normal Synced Successfully synced grafana-8dbe55
2026-09-27T10:19:27.858089Z Normal LeaderElection grafana-c9e1f0 became leader
2026-09-27T10:19:31.858089Z Normal Synced Successfully synced kube-proxy-5fd601
2026-09-27T10:19:35.858089Z Normal Pulled Container image "ghcr.io/company/pay-api:2.3.1" already present on machine
2026-09-27T10:19:38.858089Z Normal Synced Successfully synced pay-api-093f60
2026-09-27T10:19:42.858089Z Normal Created Created container app
2026-09-27T10:19:45.858089Z Warning Unhealthy Readiness probe failed: Get "http://10.129.181.69:9090/health": dial tcp 10.129.181.69:9090: i/o timeout
2026-09-27T10:19:49.858089Z Normal SuccessfulCreate Created pod: loki-997503
2026-09-27T10:19:53.858089Z Normal SuccessfulCreate Created pod: ingress-nginx-controller-dbc8a4
2026-09-27T10:19:56.858089Z Warning Unhealthy Readiness probe failed: Get "http://10.71.40.129:8080/health": dial tcp 10.71.40.129:8080: i/o timeout
2026-09-27T10:20:00.858089Z Normal ScalingReplicaSet Scaled up replica set worker-12193aea to 4 from 0
2026-09-27T10:20:03.858089Z Normal Synced Successfully synced web-ed362f
2026-09-27T10:20:07.858089Z Normal Scheduled Successfully assigned auth/oauth-2fb016 to ip-10-0-1-40.ec2.internal
2026-09-27T10:20:11.858089Z Normal SuccessfulCreate Created pod: pay-api-e5defc
2026-09-27T10:20:14.858089Z Normal Started Started container agent
2026-09-27T10:20:18.858089Z Normal LeaderElection auth-api-827402 became leader
2026-09-27T10:20:21.858089Z Normal LeaderElection grafana-d8cab5 became leader
2026-09-27T10:20:25.858089Z Normal Started Started container sidecar
2026-09-27T10:20:29.858089Z Normal Pulled Container image "ghcr.io/company/pay-api:2.3.1" already present on machine
2026-09-27T10:20:32.858089Z Normal Pulled Container image "python:3.11-slim" already present on machine
2026-09-27T10:20:36.858089Z Normal Started Started container proxy
2026-09-27T10:20:39.858089Z Normal Started Started container proxy
2026-09-27T10:20:43.858089Z Normal SuccessfulCreate Created pod: auth-api-fb2b39
2026-09-27T10:20:47.858089Z Normal Pulled Container image "public.ecr.aws/eks/aws-node:v1.14.1" already present on machine
2026-09-27T10:20:50.858089Z Normal Created Created container app
2026-09-27T10:20:54.858089Z Normal LeaderElection aws-node-64907e became leader
2026-09-27T10:20:57.858089Z Normal Pulled Container image "registry.k8s.io/coredns/coredns:v1.11.1" already present on machine
2026-09-27T10:21:01.858089Z Normal ScalingReplicaSet Scaled up replica set auth-api-edb25d81 to 6 from 1
2026-09-27T10:21:05.858089Z Normal SuccessfulCreate Created pod: oauth-ed2095
2026-09-27T10:21:08.858089Z Normal AddedInterface Add eth0 [10.156.59.47] from eni eni-80830aa0aa89
2026-09-27T10:21:12.858089Z Normal Synced Successfully synced auth-api-d78a59
2026-09-27T10:21:15.858089Z Normal LeaderElection kube-proxy-30e8ba became leader
2026-09-27T10:21:19.858089Z Normal Started Started container proxy
2026-09-27T10:21:23.858089Z Normal SuccessfulCreate Created pod: prometheus-10f7af
2026-09-27T10:21:26.858089Z Normal Scheduled Successfully assigned auth/auth-api-2233f3 to ip-10-0-5-50.ec2.internal
2026-09-27T10:21:30.858089Z Normal LeaderElection prometheus-abac15 became leader
2026-09-27T10:21:33.858089Z Normal SuccessfulCreate Created pod: aws-node-364307
2026-09-27T10:21:37.858089Z Normal Created Created container app
2026-09-27T10:21:41.858089Z Normal Pulled Container image "registry.k8s.io/coredns/coredns:v1.11.1" already present on machine
2026-09-27T10:21:44.858089Z Normal Pulled Container image "registry.k8s.io/coredns/coredns:v1.11.1" already present on machine
2026-09-27T10:21:48.858089Z Normal SuccessfulCreate Created pod: ingress-nginx-controller-f30e36
2026-09-27T10:21:51.858089Z Normal Synced Successfully synced auth-api-9dac1c
2026-09-27T10:21:55.858089Z Normal SuccessfulCreate Created pod: metrics-server-82f801
2026-09-27T10:21:59.858089Z Normal Started Started container agent
2026-09-27T10:22:02.858089Z Normal Synced Successfully synced web-d402b0
2026-09-27T10:22:06.858089Z Normal Pulled Container image "ghcr.io/company/pay-api:2.3.1" already present on machine
2026-09-27T10:22:09.858089Z Normal Created Created container proxy
2026-09-27T10:22:13.858089Z Normal Pulled Container image "registry.k8s.io/coredns/coredns:v1.11.1" already present on machine
2026-09-27T10:22:17.858089Z Normal SuccessfulCreate Created pod: pay-worker-15993d
2026-09-27T10:22:20.858089Z Normal Started Started container sidecar
2026-09-27T10:22:24.858089Z Normal LeaderElection api-9e0cbb became leader
2026-09-27T10:22:27.858089Z Warning FailedScheduling 0/7 nodes are available: Insufficient cpu
2026-09-27T10:22:31.858089Z Normal LeaderElection grafana-4cb66a became leader
2026-09-27T10:22:35.858089Z Normal ScalingReplicaSet Scaled up replica set auth-api-ed24ecc4 to 6 from 2
2026-09-27T10:22:38.858089Z Normal LeaderElection ingress-nginx-controller-83aad1 became leader
2026-09-27T10:22:42.858089Z Normal Created Created container app
2026-09-27T10:22:45.858089Z Normal Synced Successfully synced prometheus-743740
2026-09-27T10:22:49.858089Z Normal Pulled Container image "python:3.11-slim" already present on machine
2026-09-27T10:22:53.858089Z Normal SuccessfulCreate Created pod: web-061cac
2026-09-27T10:22:56.858089Z Normal Synced Successfully synced oauth-819b3e
2026-09-27T10:23:00.858089Z Normal Scheduled Successfully assigned auth/auth-api-29441c to ip-10-0-1-50.ec2.internal
2026-09-27T10:23:03.858089Z Normal Created Created container agent
2026-09-27T10:23:07.858089Z Normal AddedInterface Add eth0 [10.190.234.250] from eni eni-1c85448b5ef9
2026-09-27T10:23:11.858089Z Normal LeaderElection pay-api-70bec3 became leader
2026-09-27T10:23:14.858089Z Normal Synced Successfully synced pay-worker-3528fc
2026-09-27T10:23:18.858089Z Normal SuccessfulCreate Created pod: worker-fa9478
2026-09-27T10:23:21.858089Z Normal SuccessfulCreate Created pod: kube-proxy-29fbee
2026-09-27T10:23:25.858089Z Normal Scheduled Successfully assigned payments/pay-worker-2abd6d to ip-10-0-4-30.ec2.internal
2026-09-27T10:23:29.858089Z Normal Synced Successfully synced metrics-server-303681
2026-09-27T10:23:32.858089Z Normal LeaderElection prometheus-e6b7b4 became leader
2026-09-27T10:23:36.858089Z Normal Synced Successfully synced prometheus-558004
2026-09-27T10:23:39.858089Z Normal AddedInterface Add eth0 [10.70.214.52] from eni eni-f95d620062e3
2026-09-27T10:23:43.858089Z Warning DiskPressure Node ip-10-0-4-10.ec2.internal status is now: NodeHasDiskPressure
2026-09-27T10:23:47.858089Z Normal Created Created container agent
2026-09-27T10:23:50.858089Z Warning FailedMount Unable to attach or mount volumes: timed out waiting for the condition
2026-09-27T10:23:54.858089Z Normal Created Created container proxy
2026-09-27T10:23:57.858089Z Normal Scheduled Successfully assigned payments/pay-worker-3186fb to ip-10-0-2-10.ec2.internal
2026-09-27T10:24:01.858089Z Normal Pulled Container image "ghcr.io/company/auth-api:1.9.0" already present on machine
2026-09-27T10:24:05.858089Z Normal Pulled Container image "ghcr.io/company/auth-api:1.9.0" already present on machine
2026-09-27T10:24:08.858089Z Normal LeaderElection web-cf1e79 became leader
2026-09-27T10:24:12.858089Z Normal ScalingReplicaSet Scaled up replica set pay-api-b4003e54 to 4 from 0
2026-09-27T10:24:15.858089Z Normal LeaderElection worker-63d0d3 became leader
2026-09-27T10:24:19.858089Z Normal SuccessfulCreate Created pod: pay-api-302887
2026-09-27T10:24:23.858089Z Normal Synced Successfully synced frontend-2d1fb7
2026-09-27T10:24:26.858089Z Normal SuccessfulCreate Created pod: api-e9d33b
2026-09-27T10:24:30.858089Z Normal Synced Successfully synced oauth-3a51b0
2026-09-27T10:24:33.858089Z Normal LeaderElection loki-c9f086 became leader
2026-09-27T10:24:37.858089Z Warning DNSConfigForming Nameserver limits were exceeded, some nameservers have been omitted, the applied nameserver line is: 10.75.61.244 10.229.88.243 10.85.108.207 10.98.64.11 10.216.40.253
2026-09-27T10:24:41.858089Z Normal AddedInterface Add eth0 [10.198.203.142] from eni eni-6e2ea31b95b1
2026-09-27T10:24:44.858089Z Normal Pulled Container image "python:3.11-slim" already present on machine
2026-09-27T10:24:48.858089Z Normal Created Created container proxy
2026-09-27T10:24:51.858089Z Normal ScalingReplicaSet Scaled up replica set ingress-nginx-controller-a3d46742 to 2 from 1
2026-09-27T10:24:55.858089Z Normal Synced Successfully synced grafana-fd98bf
2026-09-27T10:24:59.858089Z Normal AddedInterface Add eth0 [10.226.108.234] from eni eni-e02c7ba71af0
2026-09-27T10:25:02.858089Z Normal Started Started container agent
2026-09-27T10:25:06.858089Z Normal Pulled Container image "ghcr.io/company/pay-api:2.3.1" already present on machine
2026-09-27T10:25:09.858089Z Normal SuccessfulCreate Created pod: grafana-bc4531
2026-09-27T10:25:13.858089Z Normal SuccessfulCreate Created pod: frontend-e1ade8
2026-09-27T10:25:17.858089Z Normal SuccessfulCreate Created pod: web-b0dd16
2026-09-27T10:25:20.858089Z Normal Scheduled Successfully assigned payments/pay-worker-66cba1 to ip-10-0-3-50.ec2.internal
2026-09-27T10:25:24.858089Z Normal ScalingReplicaSet Scaled up replica set loki-00117109 to 4 from 1
2026-09-27T10:25:27.858089Z Normal Created Created container sidecar
2026-09-27T10:25:31.858089Z Normal Started Started container proxy
2026-09-27T10:25:35.858089Z Normal SuccessfulCreate Created pod: pay-worker-36d7ca
2026-09-27T10:25:38.858089Z Normal ScalingReplicaSet Scaled up replica set ingress-nginx-controller-55188268 to 4 from 1
2026-09-27T10:25:42.858089Z Normal LeaderElection oauth-769fbb became leader
2026-09-27T10:25:45.858089Z Normal Created Created container sidecar
2026-09-27T10:25:49.858089Z Normal Created Created container agent
2026-09-27T10:25:53.858089Z Normal Scheduled Successfully assigned payments/pay-api-332b50 to ip-10-0-1-50.ec2.internal
2026-09-27T10:25:56.858089Z Normal Started Started container agent
2026-09-27T10:26:00.858089Z Normal SuccessfulCreate Created pod: grafana-81da2c
2026-09-27T10:26:03.858089Z Normal LeaderElection oauth-760655 became leader
2026-09-27T10:26:07.858089Z Normal SuccessfulCreate Created pod: aws-node-ec3638
2026-09-27T10:26:11.858089Z Normal LeaderElection web-49f56a became leader
2026-09-27T10:26:14.858089Z Normal SuccessfulCreate Created pod: grafana-31712f
2026-09-27T10:26:18.858089Z Normal Started Started container app
2026-09-27T10:26:21.858089Z Normal Synced Successfully synced kube-proxy-c59d7b
2026-09-27T10:26:25.858089Z Normal Pulled Container image "nginx:1.25" already present on machine
2026-09-27T10:26:29.858089Z Normal SuccessfulCreate Created pod: ingress-nginx-controller-21ab34
2026-09-27T10:26:32.858089Z Normal Created Created container app
2026-09-27T10:26:36.858089Z Normal Synced Successfully synced pay-worker-eef6a3
2026-09-27T10:26:39.858089Z Normal Synced Successfully synced ingress-nginx-controller-124698
2026-09-27T10:26:43.858089Z Normal Synced Successfully synced pay-api-7bb798
2026-09-27T10:26:47.858089Z Normal ScalingReplicaSet Scaled up replica set pay-api-b2480198 to 6 from 2
2026-09-27T10:26:50.858089Z Warning OOMKilled Container sidecar in pod ingress-nginx/ingress-nginx-controller-56d009 was killed due to OOM
2026-09-27T10:26:54.858089Z Normal Scheduled Successfully assigned payments/pay-worker-e6827c to ip-10-0-1-30.ec2.internal
2026-09-27T10:26:57.858089Z Normal Synced Successfully synced pay-api-b77b36
2026-09-27T10:27:01.858089Z Normal Started Started container agent
2026-09-27T10:27:05.858089Z Normal LeaderElection loki-11fc43 became leader
2026-09-27T10:27:08.858089Z Normal Pulled Container image "ghcr.io/company/auth-api:1.9.0" already present on machine
2026-09-27T10:27:12.858089Z Normal LeaderElection ingress-nginx-controller-8c7261 became leader
2026-09-27T10:27:15.858089Z Normal LeaderElection auth-api-863570 became leader
2026-09-27T10:27:19.858089Z Normal AddedInterface Add eth0 [10.150.231.207] from eni eni-50bff8a92be9
2026-09-27T10:27:23.858089Z Normal Created Created container sidecar
2026-09-27T10:27:26.858089Z Normal AddedInterface Add eth0 [10.180.245.150] from eni eni-5a31e0e87b0a
2026-09-27T10:27:30.858089Z Normal Created Created container proxy
2026-09-27T10:27:33.858089Z Normal AddedInterface Add eth0 [10.16.183.209] from eni eni-f2cfcff8ec71
2026-09-27T10:27:37.858089Z Normal ScalingReplicaSet Scaled up replica set ingress-nginx-controller-65de46d2 to 6 from 0
2026-09-27T10:27:41.858089Z Normal Started Started container proxy
2026-09-27T10:27:44.858089Z Normal SuccessfulCreate Created pod: coredns-5d51dd
2026-09-27T10:27:48.858089Z Normal SuccessfulCreate Created pod: oauth-fd8b69
2026-09-27T10:27:51.858089Z Normal Created Created container agent
2026-09-27T10:27:55.858089Z Normal AddedInterface Add eth0 [10.109.169.85] from eni eni-499dc230dc14
2026-09-27T10:27:59.858089Z Normal ScalingReplicaSet Scaled up replica set ingress-nginx-controller-8b3b71db to 5 from 0
2026-09-27T10:28:02.858089Z Normal Started Started container agent
2026-09-27T10:28:06.858089Z Normal LeaderElection web-f87c8c became leader
2026-09-27T10:28:09.858089Z Warning CrashLoopBackOff pod/oauth-20514f CrashLoopBackOff
2026-09-27T10:28:13.858089Z Normal SuccessfulCreate Created pod: ingress-nginx-controller-5ae321
2026-09-27T10:28:17.858089Z Normal LeaderElection grafana-9fe9e9 became leader
2026-09-27T10:28:20.858089Z Normal LeaderElection ingress-nginx-controller-28ab1d became leader
2026-09-27T10:28:24.858089Z Normal SuccessfulCreate Created pod: worker-1c9bcb
2026-09-27T10:28:27.858089Z Normal Started Started container proxy
2026-09-27T10:28:31.858089Z Normal Synced Successfully synced grafana-b79618
2026-09-27T10:28:35.858089Z Normal ScalingReplicaSet Scaled up replica set ingress-nginx-controller-e43a5474 to 3 from 0
2026-09-27T10:28:38.858089Z Normal SuccessfulCreate Created pod: ingress-nginx-controller-79ebee
2026-09-27T10:28:42.858089Z Normal Pulled Container image "ghcr.io/company/auth-api:1.9.0" already present on machine
2026-09-27T10:28:45.858089Z Normal AddedInterface Add eth0 [10.108.18.142] from eni eni-9593c7a89a12
2026-09-27T10:28:49.858089Z Normal AddedInterface Add eth0 [10.148.68.119] from eni eni-35f3591eecf5
2026-09-27T10:28:53.858089Z Normal Synced Successfully synced aws-node-ae5a0e
2026-09-27T10:28:56.858089Z Normal ScalingReplicaSet Scaled up replica set metrics-server-0f866639 to 5 from 1
2026-09-27T10:29:00.858089Z Normal LeaderElection pay-api-00d42c became leader
2026-09-27T10:29:03.858089Z Normal Synced Successfully synced ingress-nginx-controller-4e5dd2
2026-09-27T10:29:07.858089Z Normal ScalingReplicaSet Scaled up replica set auth-api-a80d2499 to 6 from 2
2026-09-27T10:29:11.858089Z Normal Created Created container agent
2026-09-27T10:29:14.858089Z Normal Created Created container sidecar
2026-09-27T10:29:18.858089Z Normal Created Created container agent
2026-09-27T10:29:21.858089Z Normal Pulled Container image "busybox:1.36" already present on machine
2026-09-27T10:29:25.858089Z Normal Scheduled Successfully assigned payments/pay-api-9c8875 to ip-10-0-1-40.ec2.internal
2026-09-27T10:29:29.858089Z Normal Scheduled Successfully assigned default/web-22d8b5 to ip-10-0-4-10.ec2.internal
2026-09-27T10:29:32.858089Z Normal Started Started container proxy
2026-09-27T10:29:36.858089Z Normal Started Started container sidecar
2026-09-27T10:29:39.858089Z Normal SuccessfulCreate Created pod: prometheus-d7986f
2026-09-27T10:29:43.858089Z Normal LeaderElection pay-worker-c25ace became leader
2026-09-27T10:29:47.858089Z Normal Scheduled Successfully assigned default/api-67cdfd to ip-10-0-3-50.ec2.internal
2026-09-27T10:29:50.858089Z Normal Pulled Container image "registry.k8s.io/coredns/coredns:v1.11.1" already present on machine
2026-09-27T10:29:54.858089Z Normal Started Started container agent
2026-09-27T10:29:57.858089Z Normal Created Created container sidecar
2026-09-27T10:30:01.858089Z Normal AddedInterface Add eth0 [10.102.7.189] from eni eni-395a17a80566
2026-09-27T10:30:05.858089Z Normal SuccessfulCreate Created pod: oauth-da865c
2026-09-27T10:30:08.858089Z Normal SuccessfulCreate Created pod: auth-api-3d24b4
2026-09-27T10:30:12.858089Z Normal Synced Successfully synced loki-c26d15
2026-09-27T10:30:15.858089Z Normal LeaderElection frontend-df8733 became leader
2026-09-27T10:30:19.858089Z Warning OOMKilled Container agent in pod auth/auth-api-10ac0f was killed due to OOM
2026-09-27T10:30:23.858089Z Normal AddedInterface Add eth0 [10.40.252.158] from eni eni-4d92e38e99e3
2026-09-27T10:30:26.858089Z Normal Created Created container proxy
2026-09-27T10:30:30.858089Z Normal Pulled Container image "busybox:1.36" already present on machine
2026-09-27T10:30:33.858089Z Normal SuccessfulCreate Created pod: loki-f46b22
2026-09-27T10:30:37.858089Z Normal LeaderElection prometheus-85cb4c became leader
2026-09-27T10:30:41.858089Z Normal Started Started container sidecar
2026-09-27T10:30:44.858089Z Normal AddedInterface Add eth0 [10.4.90.108] from eni eni-ed1466e2ef21
2026-09-27T10:30:48.858089Z Warning DNSConfigForming Nameserver limits were exceeded, some nameservers have been omitted, the applied nameserver line is: 10.243.49.116 10.171.133.93 10.184.131.89 10.10.210.32 10.179.101.148
2026-09-27T10:30:51.858089Z Normal LeaderElection auth-api-3696fd became leader
2026-09-27T10:30:55.858089Z Normal ScalingReplicaSet Scaled up replica set pay-api-82085312 to 4 from 2
2026-09-27T10:30:59.858089Z Normal Created Created container proxy
2026-09-27T10:31:02.858089Z Normal Pulled Container image "ghcr.io/company/pay-api:2.3.1" already present on machine
2026-09-27T10:31:06.858089Z Normal LeaderElection web-b817d7 became leader
2026-09-27T10:31:09.858089Z Normal ScalingReplicaSet Scaled up replica set kube-proxy-61c090ff to 5 from 1
2026-09-27T10:31:13.858089Z Normal AddedInterface Add eth0 [10.90.233.162] from eni eni-b81cd2b446f0
2026-09-27T10:31:17.858089Z Normal Scheduled Successfully assigned payments/pay-api-897942 to ip-10-0-1-30.ec2.internal
2026-09-27T10:31:20.858089Z Normal SuccessfulCreate Created pod: grafana-955ecf
2026-09-27T10:31:24.858089Z Normal LeaderElection worker-2af60d became leader
2026-09-27T10:31:27.858089Z Normal Pulled Container image "busybox:1.36" already present on machine
2026-09-27T10:31:31.858089Z Normal Scheduled Successfully assigned observability/prometheus-a0276c to ip-10-0-5-10.ec2.internal
2026-09-27T10:31:35.858089Z Normal Started Started container app
2026-09-27T10:31:38.858089Z Normal Scheduled Successfully assigned default/frontend-668e5b to ip-10-0-2-20.ec2.internal
2026-09-27T10:31:42.858089Z Normal Scheduled Successfully assigned kube-system/coredns-ade460 to ip-10-0-2-40.ec2.internal
2026-09-27T10:31:45.858089Z Normal Started Started container proxy
2026-09-27T10:31:49.858089Z Normal Started Started container sidecar
2026-09-27T10:31:53.858089Z Normal Pulled Container image "ghcr.io/company/pay-api:2.3.1" already present on machine
2026-09-27T10:31:56.858089Z Normal Synced Successfully synced web-d6126f
2026-09-27T10:32:00.858089Z Normal Started Started container app
2026-09-27T10:32:03.858089Z Normal Scheduled Successfully assigned ingress-nginx/ingress-nginx-controller-4bfd37 to ip-10-0-3-50.ec2.internal
2026-09-27T10:32:07.858089Z Normal AddedInterface Add eth0 [10.95.178.83] from eni eni-a6bd1c2793b3
2026-09-27T10:32:11.858089Z Normal AddedInterface Add eth0 [10.134.187.117] from eni eni-6650c7d9ab24
2026-09-27T10:32:14.858089Z Normal AddedInterface Add eth0 [10.122.164.185] from eni eni-013739bcf803
2026-09-27T10:32:18.858089Z Normal AddedInterface Add eth0 [10.144.165.105] from eni eni-36c88dbe9ca7
2026-09-27T10:32:21.858089Z Normal LeaderElection aws-node-bbb877 became leader
2026-09-27T10:32:25.858089Z Normal Pulled Container image "python:3.11-slim" already present on machine
2026-09-27T10:32:29.858089Z Normal Pulled Container image "ghcr.io/company/auth-api:1.9.0" already present on machine
2026-09-27T10:32:32.858089Z Normal Created Created container sidecar
2026-09-27T10:32:36.858089Z Normal Created Created container app
2026-09-27T10:32:39.858089Z Normal ScalingReplicaSet Scaled up replica set pay-worker-fc95104f to 4 from 1
2026-09-27T10:32:43.858089Z Normal Synced Successfully synced ingress-nginx-controller-dc197c
2026-09-27T10:32:47.858089Z Normal Started Started container app
2026-09-27T10:32:50.858089Z Normal ScalingReplicaSet Scaled up replica set ingress-nginx-controller-ade9d038 to 6 from 0
2026-09-27T10:32:54.858089Z Normal Synced Successfully synced kube-proxy-2a9207
2026-09-27T10:32:57.858089Z Normal ScalingReplicaSet Scaled up replica set ingress-nginx-controller-a26a53f6 to 4 from 1
2026-09-27T10:33:01.858089Z Normal ScalingReplicaSet Scaled up replica set pay-api-b76652be to 6 from 2
2026-09-27T10:33:05.858089Z Normal AddedInterface Add eth0 [10.25.201.249] from eni eni-9b22ac701bfa
2026-09-27T10:33:08.858089Z Normal SuccessfulCreate Created pod: pay-worker-a348e7
2026-09-27T10:33:12.858089Z Normal Started Started container sidecar
2026-09-27T10:33:15.858089Z Normal LeaderElection ingress-nginx-controller-c68323 became leader
2026-09-27T10:33:19.858089Z Normal Synced Successfully synced prometheus-469be5
2026-09-27T10:33:23.858089Z Normal Scheduled Successfully assigned payments/pay-api-28ebf4 to ip-10-0-2-30.ec2.internal
2026-09-27T10:33:26.858089Z Warning FailedScheduling 0/3 nodes are available: preemption: 0/5 nodes are available: No preemption victims found for incoming pod
2026-09-27T10:33:30.858089Z Warning DNSConfigForming Nameserver limits were exceeded, some nameservers have been omitted, the applied nameserver line is: 10.118.194.131 10.50.161.125 10.45.95.51 10.234.11.11 10.126.156.86
2026-09-27T10:33:33.858089Z Normal SuccessfulCreate Created pod: coredns-e3b458
2026-09-27T10:33:37.858089Z Normal Started Started container sidecar
2026-09-27T10:33:41.858089Z Normal Created Created container agent
2026-09-27T10:33:44.858089Z Normal Created Created container agent
2026-09-27T10:33:48.858089Z Normal LeaderElection auth-api-44a5e5 became leader
2026-09-27T10:33:51.858089Z Normal Started Started container sidecar
2026-09-27T10:33:55.858089Z Normal ScalingReplicaSet Scaled up replica set coredns-34e3a0e7 to 3 from 1
2026-09-27T10:33:59.858089Z Normal LeaderElection pay-worker-8edf6a became leader
2026-09-27T10:34:02.858089Z Normal Synced Successfully synced ingress-nginx-controller-a02457
2026-09-27T10:34:06.858089Z Normal Synced Successfully synced pay-api-2b51cf
2026-09-27T10:34:09.858089Z Normal SuccessfulCreate Created pod: metrics-server-ff1796
2026-09-27T10:34:13.858089Z Normal AddedInterface Add eth0 [10.72.237.213] from eni eni-82677407dc06
2026-09-27T10:34:17.858089Z Normal Started Started container proxy
2026-09-27T10:34:20.858089Z Normal Pulled Container image "ghcr.io/company/pay-api:2.3.1" already present on machine
2026-09-27T10:34:24.858089Z Normal Created Created container proxy
2026-09-27T10:34:27.858089Z Normal Created Created container agent
2026-09-27T10:34:31.858089Z Normal Synced Successfully synced oauth-215f17
2026-09-27T10:34:35.858089Z Normal ScalingReplicaSet Scaled up replica set pay-api-0fb55fb5 to 2 from 0
2026-09-27T10:34:38.858089Z Normal AddedInterface Add eth0 [10.55.213.46] from eni eni-23aedfb93e96
2026-09-27T10:34:42.858089Z Normal LeaderElection ingress-nginx-controller-fe71f5 became leader
2026-09-27T10:34:45.858089Z Normal Started Started container app
2026-09-27T10:34:49.858089Z Normal Synced Successfully synced web-72fc23
2026-09-27T10:34:53.858089Z Warning BackOff Back-off restarting failed container sidecar in pod ingress-nginx/ingress-nginx-controller-204398
2026-09-27T10:34:56.858089Z Normal Started Started container app
2026-09-27T10:35:00.858089Z Normal AddedInterface Add eth0 [10.69.246.40] from eni eni-6f999f34c4c2
2026-09-27T10:35:03.858089Z Normal ScalingReplicaSet Scaled up replica set pay-api-a9c19e08 to 2 from 0
2026-09-27T10:35:07.858089Z Normal SuccessfulCreate Created pod: prometheus-a51f1f
2026-09-27T10:35:11.858089Z Normal SuccessfulCreate Created pod: worker-54dfec
2026-09-27T10:35:14.858089Z Normal Created Created container sidecar
2026-09-27T10:35:18.858089Z Normal AddedInterface Add eth0 [10.50.67.53] from eni eni-f200c26e12cf
2026-09-27T10:35:21.858089Z Warning TLSHandshakeTimeout net/http: TLS handshake timeout
2026-09-27T10:35:25.858089Z Normal Created Created container agent
2026-09-27T10:35:29.858089Z Normal Scheduled Successfully assigned auth/oauth-426a33 to ip-10-0-4-30.ec2.internal
2026-09-27T10:35:32.858089Z Normal AddedInterface Add eth0 [10.182.159.86] from eni eni-e1eb861b0ccf
2026-09-27T10:35:36.858089Z Normal Started Started container proxy
2026-09-27T10:35:39.858089Z Warning FailedMount Unable to attach or mount volumes: timed out waiting for the condition
2026-09-27T10:35:43.858089Z Normal ScalingReplicaSet Scaled up replica set pay-worker-9b471644 to 3 from 2
2026-09-27T10:35:47.858089Z Normal Synced Successfully synced oauth-66292e
2026-09-27T10:35:50.858089Z Warning CrashLoopBackOff pod/oauth-09b379 CrashLoopBackOff
2026-09-27T10:35:54.858089Z Normal AddedInterface Add eth0 [10.176.45.150] from eni eni-816a06408e40
2026-09-27T10:35:57.858089Z Normal Started Started container app
2026-09-27T10:36:01.858089Z Normal Created Created container agent
2026-09-27T10:36:05.858089Z Warning BackOff Back-off restarting failed container proxy in pod kube-system/metrics-server-beec8d
2026-09-27T10:36:08.858089Z Warning BackOff Back-off restarting failed container proxy in pod payments/pay-api-0d33f2
2026-09-27T10:36:12.858089Z Normal SuccessfulCreate Created pod: auth-api-f2d011
2026-09-27T10:36:15.858089Z Normal SuccessfulCreate Created pod: worker-2d1e82
2026-09-27T10:36:19.858089Z Normal SuccessfulCreate Created pod: grafana-b5e780
2026-09-27T10:36:23.858089Z Normal Started Started container sidecar
2026-09-27T10:36:26.858089Z Normal Started Started container app
2026-09-27T10:36:30.858089Z Normal Synced Successfully synced ingress-nginx-controller-01ea90
2026-09-27T10:36:33.858089Z Warning TLSHandshakeTimeout net/http: TLS handshake timeout
2026-09-27T10:36:37.858089Z Normal Pulled Container image "busybox:1.36" already present on machine
2026-09-27T10:36:41.858089Z Warning DiskPressure Node ip-10-0-5-20.ec2.internal status is now: NodeHasDiskPressure
2026-09-27T10:36:44.858089Z Normal Scheduled Successfully assigned ingress-nginx/ingress-nginx-controller-38ffdd to ip-10-0-2-40.ec2.internal
2026-09-27T10:36:48.858089Z Normal Created Created container agent
2026-09-27T10:36:51.858089Z Warning FailedCreate Error creating: pods "metrics-server-626848" is forbidden: error looking up service account kube-system/default: serviceaccount "default" not found
2026-09-27T10:36:55.858089Z Normal Synced Successfully synced pay-worker-2600e0
2026-09-27T10:36:59.858089Z Normal Synced Successfully synced oauth-ceb815
2026-09-27T10:37:02.858089Z Normal ScalingReplicaSet Scaled up replica set aws-node-cf8c4ad3 to 5 from 0
2026-09-27T10:37:06.858089Z Normal Pulled Container image "python:3.11-slim" already present on machine
2026-09-27T10:37:09.858089Z Normal Scheduled Successfully assigned observability/grafana-992566 to ip-10-0-4-30.ec2.internal
2026-09-27T10:37:13.858089Z Normal Scheduled Successfully assigned kube-system/metrics-server-3840e6 to ip-10-0-5-20.ec2.internal
2026-09-27T10:37:17.858089Z Normal Pulled Container image "nginx:1.25" already present on machine
2026-09-27T10:37:20.858089Z Normal LeaderElection coredns-c651e4 became leader
2026-09-27T10:37:24.858089Z Normal Created Created container sidecar
2026-09-27T10:37:27.858089Z Normal LeaderElection ingress-nginx-controller-b6048a became leader
2026-09-27T10:37:31.858089Z Normal Started Started container app
2026-09-27T10:37:35.858089Z Normal Pulled Container image "python:3.11-slim" already present on machine
2026-09-27T10:37:38.858089Z Normal AddedInterface Add eth0 [10.60.48.159] from eni eni-76f13487ec0f
2026-09-27T10:37:42.858089Z Normal Created Created container app
2026-09-27T10:37:45.858089Z Warning FailedCreate Error creating: pods "ingress-nginx-controller-36eb1b" is forbidden: error looking up service account ingress-nginx/default: serviceaccount "default" not found
2026-09-27T10:37:49.858089Z Warning DiskPressure Node ip-10-0-1-40.ec2.internal status is now: NodeHasDiskPressure
2026-09-27T10:37:53.858089Z Normal Started Started container sidecar
2026-09-27T10:37:56.858089Z Normal Synced Successfully synced aws-node-97aa7d
2026-09-27T10:38:00.858089Z Normal Created Created container sidecar
2026-09-27T10:38:03.858089Z Normal Pulled Container image "ghcr.io/company/pay-api:2.3.1" already present on machine
2026-09-27T10:38:07.858089Z Normal Pulled Container image "ghcr.io/company/pay-api:2.3.1" already present on machine
2026-09-27T10:38:11.858089Z Normal LeaderElection ingress-nginx-controller-c7003f became leader
2026-09-27T10:38:14.858089Z Normal SuccessfulCreate Created pod: ingress-nginx-controller-aa8d00
2026-09-27T10:38:18.858089Z Normal Pulled Container image "busybox:1.36" already present on machine
2026-09-27T10:38:21.858089Z Normal Pulled Container image "python:3.11-slim" already present on machine
2026-09-27T10:38:25.858089Z Normal Pulled Container image "public.ecr.aws/eks/aws-node:v1.14.1" already present on machine
2026-09-27T10:38:29.858089Z Normal Pulled Container image "registry.k8s.io/coredns/coredns:v1.11.1" already present on machine
2026-09-27T10:38:32.858089Z Normal Created Created container sidecar
2026-09-27T10:38:36.858089Z Normal Scheduled Successfully assigned kube-system/coredns-e7fa5f to ip-10-0-2-50.ec2.internal
2026-09-27T10:38:39.858089Z Normal Created Created container agent
2026-09-27T10:38:43.858089Z Normal Created Created container agent
2026-09-27T10:38:47.858089Z Warning ErrImagePull Failed to pull image "ghcr.io/company/auth-api:1.9.0": rpc error: code = Unknown desc = Error response from daemon: pull access denied
2026-09-27T10:38:50.858089Z Normal SuccessfulCreate Created pod: pay-worker-96bfac
2026-09-27T10:38:54.858089Z Normal AddedInterface Add eth0 [10.57.245.231] from eni eni-0ba3aa10a71f
2026-09-27T10:38:57.858089Z Normal Started Started container sidecar
2026-09-27T10:39:01.858089Z Normal ScalingReplicaSet Scaled up replica set kube-proxy-184fcee2 to 6 from 2
2026-09-27T10:39:05.858089Z Normal SuccessfulCreate Created pod: auth-api-39b41d
2026-09-27T10:39:08.858089Z Normal LeaderElection grafana-6e32cd became leader
2026-09-27T10:39:12.858089Z Normal LeaderElection auth-api-40f601 became leader
2026-09-27T10:39:15.858089Z Warning DNSConfigForming Nameserver limits were exceeded, some nameservers have been omitted, the applied nameserver line is: 10.155.252.144 10.237.114.7 10.1.78.68 10.153.241.32 10.147.213.46
2026-09-27T10:39:19.858089Z Normal SuccessfulCreate Created pod: coredns-4fec5f
2026-09-27T10:39:23.858089Z Normal Synced Successfully synced worker-3c8d1a
2026-09-27T10:39:26.858089Z Normal Pulled Container image "registry.k8s.io/coredns/coredns:v1.11.1" already present on machine
2026-09-27T10:39:30.858089Z Normal SuccessfulCreate Created pod: ingress-nginx-controller-77b355
2026-09-27T10:39:33.858089Z Normal Synced Successfully synced ingress-nginx-controller-f5feb5
2026-09-27T10:39:37.858089Z Normal Pulled Container image "busybox:1.36" already present on machine
2026-09-27T10:39:41.858089Z Normal AddedInterface Add eth0 [10.185.71.210] from eni eni-5877527f7d81
2026-09-27T10:39:44.858089Z Normal Started Started container app
2026-09-27T10:39:48.858089Z Normal AddedInterface Add eth0 [10.247.220.11] from eni eni-62db10cab782
2026-09-27T10:39:51.858089Z Normal Started Started container app
2026-09-27T10:39:55.858089Z Normal Started Started container app
2026-09-27T10:39:59.858089Z Normal AddedInterface Add eth0 [10.111.98.247] from eni eni-5f3ce4feaca9
2026-09-27T10:40:02.858089Z Normal ScalingReplicaSet Scaled up replica set api-47753f78 to 5 from 1
2026-09-27T10:40:06.858089Z Normal Synced Successfully synced aws-node-fea39d
2026-09-27T10:40:09.858089Z Normal SuccessfulCreate Created pod: loki-99f5aa
2026-09-27T10:40:13.858089Z Normal Synced Successfully synced oauth-c9bc72
2026-09-27T10:40:17.858089Z Warning FailedScheduling 0/5 nodes are available: node(s) had taint {node.kubernetes.io/not-ready: }
2026-09-27T10:40:20.858089Z Warning FailedCreate Error creating: pods "metrics-server-786561" is forbidden: error looking up service account kube-system/default: serviceaccount "default" not found
2026-09-27T10:40:24.858089Z Normal Pulled Container image "ghcr.io/company/auth-api:1.9.0" already present on machine
2026-09-27T10:40:27.858089Z Normal Created Created container proxy
2026-09-27T10:40:31.858089Z Normal Created Created container proxy
2026-09-27T10:40:35.858089Z Warning BackOff Back-off restarting failed container proxy in pod payments/pay-worker-7c66a9
2026-09-27T10:40:38.858089Z Warning ErrImagePull Failed to pull image "ghcr.io/company/auth-api:1.9.0": rpc error: code = Unknown desc = Error response from daemon: pull access denied
2026-09-27T10:40:42.858089Z Normal LeaderElection ingress-nginx-controller-7dd623 became leader
2026-09-27T10:40:45.858089Z Normal Pulled Container image "public.ecr.aws/eks/aws-node:v1.14.1" already present on machine
2026-09-27T10:40:49.858089Z Normal SuccessfulCreate Created pod: oauth-d336c2
2026-09-27T10:40:53.858089Z Normal AddedInterface Add eth0 [10.128.232.172] from eni eni-f90e9437286b
2026-09-27T10:40:56.858089Z Normal Created Created container proxy
2026-09-27T10:41:00.858089Z Normal SuccessfulCreate Created pod: ingress-nginx-controller-3c9dbd
2026-09-27T10:41:03.858089Z Normal SuccessfulCreate Created pod: ingress-nginx-controller-358e9f
2026-09-27T10:41:07.858089Z Normal SuccessfulCreate Created pod: oauth-639c47
2026-09-27T10:41:11.858089Z Normal SuccessfulCreate Created pod: ingress-nginx-controller-2761b1
2026-09-27T10:41:14.858089Z Normal AddedInterface Add eth0 [10.71.120.29] from eni eni-65415ecadedd
2026-09-27T10:41:18.858089Z Normal Started Started container app
2026-09-27T10:41:21.858089Z Normal ScalingReplicaSet Scaled up replica set coredns-73b2a444 to 2 from 1
2026-09-27T10:41:25.858089Z Normal Scheduled Successfully assigned auth/oauth-82fc3c to ip-10-0-4-10.ec2.internal
2026-09-27T10:41:29.858089Z Normal Pulled Container image "public.ecr.aws/eks/aws-node:v1.14.1" already present on machine
2026-09-27T10:41:32.858089Z Normal Created Created container proxy
2026-09-27T10:41:36.858089Z Normal ScalingReplicaSet Scaled up replica set loki-1395d4ba to 5 from 0
2026-09-27T10:41:39.858089Z Normal Created Created container app
2026-09-27T10:41:43.858089Z Normal Started Started container sidecar
2026-09-27T10:41:47.858089Z Normal ScalingReplicaSet Scaled up replica set ingress-nginx-controller-9b2019f7 to 4 from 0
2026-09-27T10:41:50.858089Z Normal Started Started container sidecar
2026-09-27T10:41:54.858089Z Normal ScalingReplicaSet Scaled up replica set kube-proxy-e88b94e6 to 3 from 2
2026-09-27T10:41:57.858089Z Normal Started Started container proxy
2026-09-27T10:42:01.858089Z Normal Started Started container sidecar
2026-09-27T10:42:05.858089Z Normal Synced Successfully synced pay-api-5ed0f7
2026-09-27T10:42:08.858089Z Normal SuccessfulCreate Created pod: pay-api-56835b
2026-09-27T10:42:12.858089Z Warning NodeNotReady Node ip-10-0-1-20.ec2.internal status is now: NodeNotReady
2026-09-27T10:42:15.858089Z Normal SuccessfulCreate Created pod: oauth-d338af
2026-09-27T10:42:19.858089Z Normal Synced Successfully synced grafana-461d18
2026-09-27T10:42:23.858089Z Normal Created Created container sidecar
2026-09-27T10:42:26.858089Z Normal Created Created container proxy
2026-09-27T10:42:30.858089Z Normal Scheduled Successfully assigned default/api-4bd83c to ip-10-0-2-50.ec2.internal
2026-09-27T10:42:33.858089Z Warning MemPressure Node ip-10-0-1-30.ec2.internal status is now: NodeHasMemoryPressure
2026-09-27T10:42:37.858089Z Normal AddedInterface Add eth0 [10.24.144.83] from eni eni-a22d3d33f564
2026-09-27T10:42:41.858089Z Normal LeaderElection frontend-7f97fc became leader
2026-09-27T10:42:44.858089Z Normal Pulled Container image "registry.k8s.io/coredns/coredns:v1.11.1" already present on machine
2026-09-27T10:42:48.858089Z Normal Created Created container proxy
2026-09-27T10:42:51.858089Z Normal AddedInterface Add eth0 [10.114.79.239] from eni eni-61afcceeded4
2026-09-27T10:42:55.858089Z Normal AddedInterface Add eth0 [10.76.65.176] from eni eni-a20ec326a19d
2026-09-27T10:42:59.858089Z Normal SuccessfulCreate Created pod: auth-api-71e72c
2026-09-27T10:43:02.858089Z Normal Scheduled Successfully assigned auth/auth-api-121af3 to ip-10-0-5-50.ec2.internal
2026-09-27T10:43:06.858089Z Normal Pulled Container image "ghcr.io/company/auth-api:1.9.0" already present on machine
2026-09-27T10:43:09.858089Z Normal Synced Successfully synced ingress-nginx-controller-01d876
2026-09-27T10:43:13.858089Z Normal Started Started container agent
2026-09-27T10:43:17.858089Z Normal Synced Successfully synced ingress-nginx-controller-3fd8a8
2026-09-27T10:43:20.858089Z Normal Started Started container sidecar
2026-09-27T10:43:24.858089Z Normal AddedInterface Add eth0 [10.52.221.251] from eni eni-12575e99ce82
2026-09-27T10:43:27.858089Z Normal SuccessfulCreate Created pod: pay-worker-68bb96
2026-09-27T10:43:31.858089Z Normal Synced Successfully synced frontend-e5fe11
2026-09-27T10:43:35.858089Z Normal LeaderElection aws-node-84fafd became leader
2026-09-27T10:43:38.858089Z Normal Created Created container sidecar
2026-09-27T10:43:42.858089Z Normal ScalingReplicaSet Scaled up replica set metrics-server-9c6e361d to 4 from 1
2026-09-27T10:43:45.858089Z Normal Pulled Container image "ghcr.io/company/auth-api:1.9.0" already present on machine
2026-09-27T10:43:49.858089Z Normal AddedInterface Add eth0 [10.23.136.230] from eni eni-f485472e898b
2026-09-27T10:43:53.858089Z Normal Scheduled Successfully assigned default/web-56bf51 to ip-10-0-3-50.ec2.internal
2026-09-27T10:43:56.858089Z Normal Pulled Container image "python:3.11-slim" already present on machine
2026-09-27T10:44:00.858089Z Normal Scheduled Successfully assigned observability/grafana-8bbfbe to ip-10-0-1-50.ec2.internal
2026-09-27T10:44:03.858089Z Normal Started Started container sidecar
2026-09-27T10:44:07.858089Z Normal Synced Successfully synced pay-api-6b0cac
2026-09-27T10:44:11.858089Z Normal Scheduled Successfully assigned ingress-nginx/ingress-nginx-controller-0deb74 to ip-10-0-1-30.ec2.internal
2026-09-27T10:44:14.858089Z Warning ImagePullBackOff Back-off pulling image "ghcr.io/company/pay-api:2.3.1"
2026-09-27T10:44:18.858089Z Normal AddedInterface Add eth0 [10.174.81.6] from eni eni-81df7d4fc1d4
2026-09-27T10:44:21.858089Z Normal AddedInterface Add eth0 [10.56.30.216] from eni eni-bb889de73ef4
2026-09-27T10:44:25.858089Z Normal AddedInterface Add eth0 [10.2.232.87] from eni eni-8a090f6c3185
2026-09-27T10:44:29.858089Z Normal Started Started container sidecar
2026-09-27T10:44:32.858089Z Normal Created Created container proxy
2026-09-27T10:44:36.858089Z Normal Synced Successfully synced pay-api-7af39d
2026-09-27T10:44:39.858089Z Normal Synced Successfully synced pay-api-a40b52
2026-09-27T10:44:43.858089Z Normal Scheduled Successfully assigned ingress-nginx/ingress-nginx-controller-048510 to ip-10-0-4-30.ec2.internal
2026-09-27T10:44:47.858089Z Normal LeaderElection worker-ccde0a became leader
2026-09-27T10:44:50.858089Z Normal SuccessfulCreate Created pod: prometheus-b82621
2026-09-27T10:44:54.858089Z Normal Created Created container sidecar
2026-09-27T10:44:57.858089Z Normal Pulled Container image "registry.k8s.io/coredns/coredns:v1.11.1" already present on machine
2026-09-27T10:45:01.858089Z Normal AddedInterface Add eth0 [10.43.98.245] from eni eni-4ee7b6105be3
2026-09-27T10:45:05.858089Z Normal AddedInterface Add eth0 [10.140.105.63] from eni eni-22b1432bc7a6
2026-09-27T10:45:08.858089Z Normal ScalingReplicaSet Scaled up replica set pay-api-d15031e4 to 5 from 1
2026-09-27T10:45:12.858089Z Normal LeaderElection web-6c2d3f became leader
2026-09-27T10:45:15.858089Z Normal LeaderElection oauth-1a2fd4 became leader
2026-09-27T10:45:19.858089Z Normal SuccessfulCreate Created pod: pay-api-ff3e8d
2026-09-27T10:45:23.858089Z Normal Pulled Container image "nginx:1.25" already present on machine
2026-09-27T10:45:26.858089Z Normal Created Created container proxy
2026-09-27T10:45:30.858089Z Warning FailedMount Unable to attach or mount volumes: timed out waiting for the condition
2026-09-27T10:45:33.858089Z Normal ScalingReplicaSet Scaled up replica set kube-proxy-8ed3769b to 4 from 0
2026-09-27T10:45:37.858089Z Normal LeaderElection pay-worker-a8bc96 became leader
2026-09-27T10:45:41.858089Z Normal Synced Successfully synced ingress-nginx-controller-b8214e
2026-09-27T10:45:44.858089Z Normal Synced Successfully synced pay-worker-e893d1
2026-09-27T10:45:48.858089Z Normal Started Started container agent
2026-09-27T10:45:51.858089Z Normal SuccessfulCreate Created pod: prometheus-51abe6
2026-09-27T10:45:55.858089Z Normal Created Created container sidecar
2026-09-27T10:45:59.858089Z Normal Scheduled Successfully assigned kube-system/kube-proxy-bab4f9 to ip-10-0-2-20.ec2.internal
2026-09-27T10:46:02.858089Z Warning Unhealthy Readiness probe failed: Get "http://10.185.22.227:443/health": dial tcp 10.185.22.227:443: i/o timeout
2026-09-27T10:46:06.858089Z Normal Synced Successfully synced web-d72b77
2026-09-27T10:46:09.858089Z Normal Pulled Container image "nginx:1.25" already present on machine
2026-09-27T10:46:13.858089Z Warning DiskPressure Node ip-10-0-5-30.ec2.internal status is now: NodeHasDiskPressure
2026-09-27T10:46:17.858089Z Warning FailedCreate Error creating: pods "auth-api-2a6246" is forbidden: error looking up service account auth/default: serviceaccount "default" not found
2026-09-27T10:46:20.858089Z Normal Scheduled Successfully assigned auth/oauth-cd1606 to ip-10-0-2-50.ec2.internal
2026-09-27T10:46:24.858089Z Normal Started Started container sidecar
2026-09-27T10:46:27.858089Z Normal Created Created container proxy
2026-09-27T10:46:31.858089Z Normal ScalingReplicaSet Scaled up replica set frontend-e5f2d03d to 5 from 0
2026-09-27T10:46:35.858089Z Normal Synced Successfully synced pay-api-8a2416
2026-09-27T10:46:38.858089Z Normal Created Created container app
2026-09-27T10:46:42.858089Z Normal Pulled Container image "python:3.11-slim" already present on machine
2026-09-27T10:46:45.858089Z Normal Pulled Container image "ghcr.io/company/auth-api:1.9.0" already present on machine
2026-09-27T10:46:49.858089Z Normal Started Started container proxy
2026-09-27T10:46:53.858089Z Normal SuccessfulCreate Created pod: auth-api-af25ae
2026-09-27T10:46:56.858089Z Normal AddedInterface Add eth0 [10.240.33.43] from eni eni-f101f333389d
2026-09-27T10:47:00.858089Z Normal LeaderElection oauth-c5f23e became leader
2026-09-27T10:47:03.858089Z Normal LeaderElection api-48ea97 became leader
2026-09-27T10:47:07.858089Z Normal Scheduled Successfully assigned observability/grafana-2d0923 to ip-10-0-4-30.ec2.internal
2026-09-27T10:47:11.858089Z Normal LeaderElection oauth-a100ac became leader
2026-09-27T10:47:14.858089Z Normal Started Started container app
2026-09-27T10:47:18.858089Z Normal SuccessfulCreate Created pod: worker-ca8b77
2026-09-27T10:47:21.858089Z Normal LeaderElection auth-api-71c463 became leader
2026-09-27T10:47:25.858089Z Normal AddedInterface Add eth0 [10.203.116.59] from eni eni-2b3d1a770281
2026-09-27T10:47:29.858089Z Normal Synced Successfully synced pay-worker-36bfaf
2026-09-27T10:47:32.858089Z Normal LeaderElection prometheus-7335d8 became leader
2026-09-27T10:47:36.858089Z Normal LeaderElection pay-worker-2d488c became leader
2026-09-27T10:47:39.858089Z Normal SuccessfulCreate Created pod: pay-api-797458
2026-09-27T10:47:43.858089Z Normal Started Started container proxy
2026-09-27T10:47:47.858089Z Normal Pulled Container image "public.ecr.aws/eks/aws-node:v1.14.1" already present on machine
2026-09-27T10:47:50.858089Z Normal Synced Successfully synced pay-worker-7d3de4
2026-09-27T10:47:54.858089Z Normal Synced Successfully synced oauth-ba92fb
2026-09-27T10:47:57.858089Z Normal SuccessfulCreate Created pod: auth-api-7ed4f3
2026-09-27T10:48:01.858089Z Normal Created Created container sidecar
2026-09-27T10:48:05.858089Z Normal LeaderElection pay-api-b04e89 became leader
2026-09-27T10:48:08.858089Z Normal AddedInterface Add eth0 [10.166.209.116] from eni eni-cbe818cff0ab
2026-09-27T10:48:12.858089Z Normal Scheduled Successfully assigned default/web-73bf6f to ip-10-0-5-10.ec2.internal
2026-09-27T10:48:15.858089Z Normal Synced Successfully synced ingress-nginx-controller-8d7100
2026-09-27T10:48:19.858089Z Normal LeaderElection prometheus-c31d53 became leader
2026-09-27T10:48:23.858089Z Normal AddedInterface Add eth0 [10.225.183.46] from eni eni-1341095b5a8b
2026-09-27T10:48:26.858089Z Warning Unhealthy Readiness probe failed: Get "http://10.157.227.14:80/health": dial tcp 10.157.227.14:80: i/o timeout
2026-09-27T10:48:30.858089Z Normal AddedInterface Add eth0 [10.55.167.83] from eni eni-817a27cbf566
2026-09-27T10:48:33.858089Z Normal Scheduled Successfully assigned default/api-9a73c4 to ip-10-0-2-20.ec2.internal
2026-09-27T10:48:37.858089Z Normal Synced Successfully synced pay-api-348762
2026-09-27T10:48:41.858089Z Normal ScalingReplicaSet Scaled up replica set auth-api-2cee55bc to 5 from 0
2026-09-27T10:48:44.858089Z Normal Pulled Container image "registry.k8s.io/coredns/coredns:v1.11.1" already present on machine
2026-09-27T10:48:48.858089Z Normal Started Started container sidecar
2026-09-27T10:48:51.858089Z Normal Scheduled Successfully assigned kube-system/coredns-05c32a to ip-10-0-2-30.ec2.internal
2026-09-27T10:48:55.858089Z Normal Started Started container app
2026-09-27T10:48:59.858089Z Warning FailedScheduling 0/6 nodes are available: Insufficient cpu
2026-09-27T10:49:02.858089Z Normal ScalingReplicaSet Scaled up replica set aws-node-20d3b8eb to 5 from 1
2026-09-27T10:49:06.858089Z Warning Unhealthy Readiness probe failed: Get "http://10.221.79.210:9090/health": dial tcp 10.221.79.210:9090: i/o timeout
2026-09-27T10:49:09.858089Z Normal ScalingReplicaSet Scaled up replica set aws-node-084f1eba to 5 from 1
2026-09-27T10:49:13.858089Z Normal LeaderElection loki-fc6052 became leader
2026-09-27T10:49:17.858089Z Normal Started Started container proxy
2026-09-27T10:49:20.858089Z Normal Created Created container app
2026-09-27T10:49:24.858089Z Normal Started Started container app
2026-09-27T10:49:27.858089Z Normal Pulled Container image "busybox:1.36" already present on machine
2026-09-27T10:49:31.858089Z Warning OOMKilled Container agent in pod auth/oauth-399daf was killed due to OOM
2026-09-27T10:49:35.858089Z Normal Pulled Container image "nginx:1.25" already present on machine
2026-09-27T10:49:38.858089Z Normal Pulled Container image "public.ecr.aws/eks/aws-node:v1.14.1" already present on machine
2026-09-27T10:49:42.858089Z Normal Synced Successfully synced prometheus-635164
2026-09-27T10:49:45.858089Z Normal Scheduled Successfully assigned payments/pay-worker-cd0b5c to ip-10-0-3-20.ec2.internal
2026-09-27T10:49:49.858089Z Normal SuccessfulCreate Created pod: web-27f239
2026-09-27T10:49:53.858089Z Warning ErrImagePull Failed to pull image "ghcr.io/company/pay-api:2.3.1": rpc error: code = Unknown desc = Error response from daemon: pull access denied
2026-09-27T10:49:56.858089Z Normal Synced Successfully synced auth-api-a0a0e2
2026-09-27T10:50:00.858089Z Normal ScalingReplicaSet Scaled up replica set ingress-nginx-controller-19ef9444 to 5 from 1
2026-09-27T10:50:03.858089Z Normal ScalingReplicaSet Scaled up replica set kube-proxy-6b156d86 to 3 from 2
2026-09-27T10:50:07.858089Z Normal Pulled Container image "registry.k8s.io/coredns/coredns:v1.11.1" already present on machine
2026-09-27T10:50:11.858089Z Normal Scheduled Successfully assigned default/web-c4c290 to ip-10-0-3-10.ec2.internal
2026-09-27T10:50:14.858089Z Normal Scheduled Successfully assigned auth/auth-api-37613c to ip-10-0-3-30.ec2.internal
2026-09-27T10:50:18.858089Z Normal Scheduled Successfully assigned observability/prometheus-3bc191 to ip-10-0-2-50.ec2.internal
2026-09-27T10:50:21.858089Z Normal LeaderElection loki-35a521 became leader
2026-09-27T10:50:25.858089Z Normal SuccessfulCreate Created pod: aws-node-7cba18
2026-09-27T10:50:29.858089Z Normal AddedInterface Add eth0 [10.242.178.194] from eni eni-7d3c23ffaf57
2026-09-27T10:50:32.858089Z Normal SuccessfulCreate Created pod: ingress-nginx-controller-0facae
2026-09-27T10:50:36.858089Z Normal Scheduled Successfully assigned kube-system/aws-node-6fafcf to ip-10-0-3-50.ec2.internal
2026-09-27T10:50:39.858089Z Normal Synced Successfully synced auth-api-cc0c94
2026-09-27T10:50:43.858089Z Normal Synced Successfully synced worker-903cb3
2026-09-27T10:50:47.858089Z Normal Synced Successfully synced auth-api-9f70c1
2026-09-27T10:50:50.858089Z Normal Pulled Container image "registry.k8s.io/coredns/coredns:v1.11.1" already present on machine
2026-09-27T10:50:54.858089Z Normal AddedInterface Add eth0 [10.64.50.84] from eni eni-b5ab0bff8bf3
2026-09-27T10:50:57.858089Z Normal Created Created container proxy
2026-09-27T10:51:01.858089Z Normal Scheduled Successfully assigned payments/pay-worker-254956 to ip-10-0-1-40.ec2.internal
2026-09-27T10:51:05.858089Z Normal AddedInterface Add eth0 [10.0.127.77] from eni eni-61e2734c3a19
2026-09-27T10:51:08.858089Z Normal Scheduled Successfully assigned auth/oauth-550ed8 to ip-10-0-1-50.ec2.internal
2026-09-27T10:51:12.858089Z Normal LeaderElection aws-node-721815 became leader
2026-09-27T10:51:15.858089Z Normal Created Created container sidecar
2026-09-27T10:51:19.858089Z Normal LeaderElection worker-dc2464 became leader
2026-09-27T10:51:23.858089Z Normal ScalingReplicaSet Scaled up replica set auth-api-9116ef4d to 4 from 1
2026-09-27T10:51:26.858089Z Normal Pulled Container image "nginx:1.25" already present on machine
2026-09-27T10:51:30.858089Z Normal Scheduled Successfully assigned ingress-nginx/ingress-nginx-controller-a3ff81 to ip-10-0-4-40.ec2.internal
2026-09-27T10:51:33.858089Z Normal Created Created container proxy
2026-09-27T10:51:37.858089Z Normal ScalingReplicaSet Scaled up replica set ingress-nginx-controller-a892b9ff to 5 from 2
2026-09-27T10:51:41.858089Z Normal Pulled Container image "public.ecr.aws/eks/aws-node:v1.14.1" already present on machine
2026-09-27T10:51:44.858089Z Normal LeaderElection coredns-222f80 became leader
2026-09-27T10:51:48.858089Z Normal AddedInterface Add eth0 [10.7.97.234] from eni eni-b50083c3758e
2026-09-27T10:51:51.858089Z Normal AddedInterface Add eth0 [10.115.89.20] from eni eni-c09723457609
2026-09-27T10:51:55.858089Z Normal Pulled Container image "public.ecr.aws/eks/aws-node:v1.14.1" already present on machine
2026-09-27T10:51:59.858089Z Normal AddedInterface Add eth0 [10.201.111.237] from eni eni-26a2bd7875e6
2026-09-27T10:52:02.858089Z Normal ScalingReplicaSet Scaled up replica set oauth-b474b991 to 3 from 1
2026-09-27T10:52:06.858089Z Normal Synced Successfully synced prometheus-2c3bc1
2026-09-27T10:52:09.858089Z Normal AddedInterface Add eth0 [10.191.153.94] from eni eni-ece9ee946de1
2026-09-27T10:52:13.858089Z Normal SuccessfulCreate Created pod: pay-worker-07ac18
2026-09-27T10:52:17.858089Z Normal SuccessfulCreate Created pod: pay-worker-2f2b40
2026-09-27T10:52:20.858089Z Normal Scheduled Successfully assigned payments/pay-worker-520488 to ip-10-0-5-20.ec2.internal
2026-09-27T10:52:24.858089Z Normal SuccessfulCreate Created pod: loki-8a98d4
2026-09-27T10:52:27.858089Z Normal Started Started container sidecar
2026-09-27T10:52:31.858089Z Normal SuccessfulCreate Created pod: pay-api-cec3bd
2026-09-27T10:52:35.858089Z Normal Started Started container sidecar
2026-09-27T10:52:38.858089Z Normal ScalingReplicaSet Scaled up replica set pay-worker-e39ad108 to 5 from 0
2026-09-27T10:52:42.858089Z Normal Pulled Container image "nginx:1.25" already present on machine
2026-09-27T10:52:45.858089Z Normal Created Created container agent
2026-09-27T10:52:49.858089Z Normal Pulled Container image "python:3.11-slim" already present on machine
2026-09-27T10:52:53.858089Z Normal Synced Successfully synced ingress-nginx-controller-ec3a58
2026-09-27T10:52:56.858089Z Normal Synced Successfully synced ingress-nginx-controller-1ee5e8
2026-09-27T10:53:00.858089Z Normal Scheduled Successfully assigned default/frontend-6094dc to ip-10-0-3-40.ec2.internal
2026-09-27T10:53:03.858089Z Normal SuccessfulCreate Created pod: pay-worker-71c277
2026-09-27T10:53:07.858089Z Normal Started Started container sidecar
2026-09-27T10:53:11.858089Z Normal SuccessfulCreate Created pod: loki-71a870
2026-09-27T10:53:14.858089Z Normal AddedInterface Add eth0 [10.177.188.84] from eni eni-28878ffbc1e0
2026-09-27T10:53:18.858089Z Normal SuccessfulCreate Created pod: metrics-server-23e441
2026-09-27T10:53:21.858089Z Normal SuccessfulCreate Created pod: web-967138
2026-09-27T10:53:25.858089Z Normal Created Created container proxy
2026-09-27T10:53:29.858089Z Normal Created Created container proxy
2026-09-27T10:53:32.858089Z Normal AddedInterface Add eth0 [10.218.125.117] from eni eni-9dfcb15af64d
2026-09-27T10:53:36.858089Z Normal Pulled Container image "nginx:1.25" already present on machine
2026-09-27T10:53:39.858089Z Normal Synced Successfully synced ingress-nginx-controller-1050ab
2026-09-27T10:53:43.858089Z Normal SuccessfulCreate Created pod: grafana-9e719c
2026-09-27T10:53:47.858089Z Normal SuccessfulCreate Created pod: pay-api-8a1382
2026-09-27T10:53:50.858089Z Normal ScalingReplicaSet Scaled up replica set pay-api-895ea23d to 2 from 1
2026-09-27T10:53:54.858089Z Normal Created Created container sidecar
2026-09-27T10:53:57.858089Z Normal Created Created container agent
2026-09-27T10:54:01.858089Z Normal SuccessfulCreate Created pod: metrics-server-a43bce
2026-09-27T10:54:05.858089Z Normal LeaderElection prometheus-6d5885 became leader
2026-09-27T10:54:08.858089Z Normal Started Started container sidecar
2026-09-27T10:54:12.858089Z Normal Scheduled Successfully assigned auth/oauth-1e8dc0 to ip-10-0-4-20.ec2.internal
2026-09-27T10:54:15.858089Z Normal AddedInterface Add eth0 [10.184.71.76] from eni eni-20133ac8bcd4
2026-09-27T10:54:19.858089Z Normal LeaderElection aws-node-e19398 became leader
2026-09-27T10:54:23.858089Z Normal Started Started container app
2026-09-27T10:54:26.858089Z Normal Synced Successfully synced oauth-991a6b
2026-09-27T10:54:30.858089Z Normal Synced Successfully synced api-a18917
2026-09-27T10:54:33.858089Z Normal Pulled Container image "ghcr.io/company/pay-api:2.3.1" already present on machine
2026-09-27T10:54:37.858089Z Normal Synced Successfully synced aws-node-210261
2026-09-27T10:54:41.858089Z Normal Pulled Container image "nginx:1.25" already present on machine
2026-09-27T10:54:44.858089Z Normal SuccessfulCreate Created pod: prometheus-2b8c46
2026-09-27T10:54:48.858089Z Normal SuccessfulCreate Created pod: coredns-135a78
2026-09-27T10:54:51.858089Z Normal Pulled Container image "public.ecr.aws/eks/aws-node:v1.14.1" already present on machine
2026-09-27T10:54:55.858089Z Normal Created Created container sidecar
2026-09-27T10:54:59.858089Z Normal Created Created container sidecar
2026-09-27T10:55:02.858089Z Normal Synced Successfully synced loki-2da14b
2026-09-27T10:55:06.858089Z Normal Created Created container app
2026-09-27T10:55:09.858089Z Normal Synced Successfully synced oauth-685e3b
2026-09-27T10:55:13.858089Z Normal AddedInterface Add eth0 [10.146.205.105] from eni eni-9e821610c2b8
2026-09-27T10:55:17.858089Z Normal Scheduled Successfully assigned observability/prometheus-8f3517 to ip-10-0-5-20.ec2.internal
2026-09-27T10:55:20.858089Z Normal Started Started container app
2026-09-27T10:55:24.858089Z Normal LeaderElection ingress-nginx-controller-3b2648 became leader
2026-09-27T10:55:27.858089Z Normal Synced Successfully synced pay-worker-c3fd9b
2026-09-27T10:55:31.858089Z Normal Synced Successfully synced metrics-server-88033a
2026-09-27T10:55:35.858089Z Warning Unhealthy Readiness probe failed: Get "http://10.129.90.22:443/health": dial tcp 10.129.90.22:443: i/o timeout
2026-09-27T10:55:38.858089Z Normal AddedInterface Add eth0 [10.82.223.91] from eni eni-0d96a7d8b965
2026-09-27T10:55:42.858089Z Normal ScalingReplicaSet Scaled up replica set api-a76e6022 to 2 from 2
2026-09-27T10:55:45.858089Z Warning FailedCreate Error creating: pods "pay-worker-ffb820" is forbidden: error looking up service account payments/default: serviceaccount "default" not found
2026-09-27T10:55:49.858089Z Normal ScalingReplicaSet Scaled up replica set ingress-nginx-controller-da965b5b to 2 from 0
2026-09-27T10:55:53.858089Z Normal LeaderElection pay-worker-b71093 became leader
2026-09-27T10:55:56.858089Z Normal AddedInterface Add eth0 [10.8.210.27] from eni eni-5e0f38a44b0e
2026-09-27T10:56:00.858089Z Normal Pulled Container image "ghcr.io/company/auth-api:1.9.0" already present on machine
2026-09-27T10:56:03.858089Z Normal AddedInterface Add eth0 [10.202.3.241] from eni eni-f112c60d417d
2026-09-27T10:56:07.858089Z Warning BackOff Back-off restarting failed container proxy in pod ingress-nginx/ingress-nginx-controller-3521b0
2026-09-27T10:56:11.858089Z Normal LeaderElection pay-worker-18f17e became leader
2026-09-27T10:56:14.858089Z Warning FailedCreate Error creating: pods "kube-proxy-2a6dbd" is forbidden: error looking up service account kube-system/default: serviceaccount "default" not found
2026-09-27T10:56:18.858089Z Normal SuccessfulCreate Created pod: prometheus-442f91
2026-09-27T10:56:21.858089Z Normal LeaderElection web-45c813 became leader
2026-09-27T10:56:25.858089Z Normal Scheduled Successfully assigned ingress-nginx/ingress-nginx-controller-bb8403 to ip-10-0-2-20.ec2.internal
2026-09-27T10:56:29.858089Z Normal Started Started container agent
2026-09-27T10:56:32.858089Z Warning OOMKilled Container sidecar in pod auth/auth-api-a6d087 was killed due to OOM
2026-09-27T10:56:36.858089Z Normal Synced Successfully synced aws-node-5b69d6
2026-09-27T10:56:39.858089Z Normal Pulled Container image "busybox:1.36" already present on machine
2026-09-27T10:56:43.858089Z Normal ScalingReplicaSet Scaled up replica set worker-b88a84c4 to 5 from 0
2026-09-27T10:56:47.858089Z Normal ScalingReplicaSet Scaled up replica set prometheus-37efb938 to 2 from 2
2026-09-27T10:56:50.858089Z Normal Pulled Container image "python:3.11-slim" already present on machine
2026-09-27T10:56:54.858089Z Normal Scheduled Successfully assigned ingress-nginx/ingress-nginx-controller-b62946 to ip-10-0-4-40.ec2.internal
2026-09-27T10:56:57.858089Z Normal Started Started container app
2026-09-27T10:57:01.858089Z Warning NodeNotReady Node ip-10-0-5-10.ec2.internal status is now: NodeNotReady
2026-09-27T10:57:05.858089Z Normal Pulled Container image "ghcr.io/company/pay-api:2.3.1" already present on machine
2026-09-27T10:57:08.858089Z Normal ScalingReplicaSet Scaled up replica set web-d23dc414 to 6 from 0
2026-09-27T10:57:12.858089Z Normal LeaderElection ingress-nginx-controller-924721 became leader
2026-09-27T10:57:15.858089Z Normal LeaderElection aws-node-513fb9 became leader
2026-09-27T10:57:19.858089Z Normal SuccessfulCreate Created pod: api-ebf814
2026-09-27T10:57:23.858089Z Warning BackOff Back-off restarting failed container sidecar in pod default/worker-bb89da
2026-09-27T10:57:26.858089Z Normal SuccessfulCreate Created pod: pay-worker-20ceee
2026-09-27T10:57:30.858089Z Normal Scheduled Successfully assigned default/api-95dee2 to ip-10-0-3-50.ec2.internal
2026-09-27T10:57:33.858089Z Normal AddedInterface Add eth0 [10.43.181.111] from eni eni-afc2e746e2f2
2026-09-27T10:57:37.858089Z Normal LeaderElection prometheus-baa71c became leader
2026-09-27T10:57:41.858089Z Normal Pulled Container image "busybox:1.36" already present on machine
2026-09-27T10:57:44.858089Z Normal LeaderElection web-d206b3 became leader
2026-09-27T10:57:48.858089Z Normal SuccessfulCreate Created pod: api-0c2b4f
2026-09-27T10:57:51.858089Z Normal Pulled Container image "busybox:1.36" already present on machine
2026-09-27T10:57:55.858089Z Normal SuccessfulCreate Created pod: grafana-fdee5b
2026-09-27T10:57:59.858089Z Normal Scheduled Successfully assigned ingress-nginx/ingress-nginx-controller-89528a to ip-10-0-4-50.ec2.internal
2026-09-27T10:58:02.858089Z Normal ScalingReplicaSet Scaled up replica set ingress-nginx-controller-d10bbc5c to 5 from 1
2026-09-27T10:58:06.858089Z Warning ErrImagePull Failed to pull image "ghcr.io/company/pay-api:2.3.1": rpc error: code = Unknown desc = Error response from daemon: pull access denied
2026-09-27T10:58:09.858089Z Normal AddedInterface Add eth0 [10.55.140.225] from eni eni-37374f52d458
2026-09-27T10:58:13.858089Z Warning NodeNotReady Node ip-10-0-3-10.ec2.internal status is now: NodeNotReady
2026-09-27T10:58:17.858089Z Normal Pulled Container image "ghcr.io/company/auth-api:1.9.0" already present on machine
2026-09-27T10:58:20.858089Z Normal SuccessfulCreate Created pod: prometheus-ce5c89
2026-09-27T10:58:24.858089Z Normal Scheduled Successfully assigned auth/auth-api-491ebe to ip-10-0-1-30.ec2.internal
2026-09-27T10:58:27.858089Z Normal LeaderElection metrics-server-3abe14 became leader
2026-09-27T10:58:31.858089Z Normal Synced Successfully synced aws-node-0e599e
2026-09-27T10:58:35.858089Z Normal LeaderElection pay-worker-6b5a26 became leader
2026-09-27T10:58:38.858089Z Normal SuccessfulCreate Created pod: pay-worker-854ad6
2026-09-27T10:58:42.858089Z Normal AddedInterface Add eth0 [10.201.64.104] from eni eni-907d07f6cda6
2026-09-27T10:58:45.858089Z Normal Scheduled Successfully assigned default/web-ce15c0 to ip-10-0-2-40.ec2.internal
2026-09-27T10:58:49.858089Z Normal Created Created container sidecar
2026-09-27T10:58:53.858089Z Normal Pulled Container image "busybox:1.36" already present on machine
2026-09-27T10:58:56.858089Z Normal Synced Successfully synced aws-node-9567d5
2026-09-27T10:59:00.858089Z Normal Started Started container proxy
2026-09-27T10:59:03.858089Z Normal SuccessfulCreate Created pod: ingress-nginx-controller-03a66c
2026-09-27T10:59:07.858089Z Normal LeaderElection ingress-nginx-controller-412821 became leader
2026-09-27T10:59:11.858089Z Normal Created Created container proxy
2026-09-27T10:59:14.858089Z Normal ScalingReplicaSet Scaled up replica set auth-api-a894e912 to 5 from 2
2026-09-27T10:59:18.858089Z Normal Created Created container agent
2026-09-27T10:59:21.858089Z Warning FailedCreate Error creating: pods "oauth-7638ba" is forbidden: error looking up service account auth/default: serviceaccount "default" not found
2026-09-27T10:59:25.858089Z Normal Scheduled Successfully assigned auth/oauth-4386d9 to ip-10-0-1-40.ec2.internal
2026-09-27T10:59:29.858089Z Normal SuccessfulCreate Created pod: frontend-8a5d7c
2026-09-27T10:59:32.858089Z Normal Scheduled Successfully assigned ingress-nginx/ingress-nginx-controller-151a20 to ip-10-0-3-40.ec2.internal
2026-09-27T10:59:36.858089Z Normal Synced Successfully synced auth-api-fc9657
2026-09-27T10:59:39.858089Z Normal Pulled Container image "ghcr.io/company/auth-api:1.9.0" already present on machine
2026-09-27T10:59:43.858089Z Normal SuccessfulCreate Created pod: prometheus-c31ccb
2026-09-27T10:59:47.858089Z Normal Scheduled Successfully assigned ingress-nginx/ingress-nginx-controller-ff5f50 to ip-10-0-1-30.ec2.internal
2026-09-27T10:59:50.858089Z Normal Scheduled Successfully assigned default/frontend-9e0c16 to ip-10-0-2-40.ec2.internal
2026-09-27T10:59:54.858089Z Normal Pulled Container image "python:3.11-slim" already present on machine
2026-09-27T10:59:57.858089Z Normal Started Started container proxy
2026-09-27T11:00:01.858089Z Normal Scheduled Successfully assigned payments/pay-worker-280ae4 to ip-10-0-2-30.ec2.internal
2026-09-27T11:00:05.858089Z Normal Pulled Container image "ghcr.io/company/pay-api:2.3.1" already present on machine
2026-09-27T11:00:08.858089Z Normal Scheduled Successfully assigned auth/oauth-a679b9 to ip-10-0-3-20.ec2.internal
2026-09-27T11:00:12.858089Z Normal SuccessfulCreate Created pod: ingress-nginx-controller-6cb018
2026-09-27T11:00:15.858089Z Normal Pulled Container image "public.ecr.aws/eks/aws-node:v1.14.1" already present on machine
2026-09-27T11:00:19.858089Z Normal AddedInterface Add eth0 [10.112.227.183] from eni eni-a2d5ae5e9cc5
2026-09-27T11:00:23.858089Z Normal Started Started container app
2026-09-27T11:00:26.858089Z Normal Synced Successfully synced kube-proxy-193f17
2026-09-27T11:00:30.858089Z Warning DNSConfigForming Nameserver limits were exceeded, some nameservers have been omitted, the applied nameserver line is: 10.196.253.5 10.195.196.114 10.22.114.53 10.194.94.169 10.220.26.170
2026-09-27T11:00:33.858089Z Normal LeaderElection prometheus-09e2a4 became leader
2026-09-27T11:00:37.858089Z Normal LeaderElection ingress-nginx-controller-286add became leader
2026-09-27T11:00:41.858089Z Normal LeaderElection aws-node-00cc07 became leader
2026-09-27T11:00:44.858089Z Normal Created Created container agent
2026-09-27T11:00:48.858089Z Normal Pulled Container image "nginx:1.25" already present on machine
2026-09-27T11:00:51.858089Z Normal Created Created container proxy
2026-09-27T11:00:55.858089Z Normal Scheduled Successfully assigned ingress-nginx/ingress-nginx-controller-300b84 to ip-10-0-2-30.ec2.internal
2026-09-27T11:00:59.858089Z Normal ScalingReplicaSet Scaled up replica set coredns-11e71709 to 2 from 0
2026-09-27T11:01:02.858089Z Normal LeaderElection oauth-2a2326 became leader
2026-09-27T11:01:06.858089Z Normal ScalingReplicaSet Scaled up replica set pay-worker-70abaf20 to 5 from 1
2026-09-27T11:01:09.858089Z Normal Started Started container agent
2026-09-27T11:01:13.858089Z Normal Started Started container proxy
2026-09-27T11:01:17.858089Z Normal Started Started container app
2026-09-27T11:01:20.858089Z Normal Synced Successfully synced kube-proxy-be8728
2026-09-27T11:01:24.858089Z Normal Created Created container app
2026-09-27T11:01:27.858089Z Normal LeaderElection pay-api-6f4c1d became leader
2026-09-27T11:01:31.858089Z Normal AddedInterface Add eth0 [10.232.7.43] from eni eni-0176e20ea8c9
2026-09-27T11:01:35.858089Z Normal ScalingReplicaSet Scaled up replica set api-9d8d322b to 3 from 1
2026-09-27T11:01:38.858089Z Normal Scheduled Successfully assigned ingress-nginx/ingress-nginx-controller-21403b to ip-10-0-5-30.ec2.internal
2026-09-27T11:01:42.858089Z Normal Created Created container proxy
2026-09-27T11:01:45.858089Z Normal SuccessfulCreate Created pod: api-ec1187
2026-09-27T11:01:49.858089Z Normal Created Created container app
2026-09-27T11:01:53.858089Z Normal SuccessfulCreate Created pod: ingress-nginx-controller-8f8c6d
2026-09-27T11:01:56.858089Z Normal Started Started container agent
2026-09-27T11:02:00.858089Z Normal SuccessfulCreate Created pod: coredns-2eff31
2026-09-27T11:02:03.858089Z Normal Pulled Container image "ghcr.io/company/auth-api:1.9.0" already present on machine
2026-09-27T11:02:07.858089Z Normal Started Started container sidecar
2026-09-27T11:02:11.858089Z Normal AddedInterface Add eth0 [10.37.161.229] from eni eni-42129e54f84e
2026-09-27T11:02:14.858089Z Normal SuccessfulCreate Created pod: auth-api-a5cd64
2026-09-27T11:02:18.858089Z Normal Started Started container proxy
2026-09-27T11:02:21.858089Z Normal Started Started container sidecar
2026-09-27T11:02:25.858089Z Normal AddedInterface Add eth0 [10.248.250.204] from eni eni-3f67a4157f5e
2026-09-27T11:02:29.858089Z Normal Synced Successfully synced api-518d08
2026-09-27T11:02:32.858089Z Normal Started Started container proxy
2026-09-27T11:02:36.858089Z Normal Synced Successfully synced loki-856720
2026-09-27T11:02:39.858089Z Normal LeaderElection prometheus-3e2ca2 became leader
2026-09-27T11:02:43.858089Z Normal Scheduled Successfully assigned kube-system/aws-node-10d22b to ip-10-0-5-50.ec2.internal
2026-09-27T11:02:47.858089Z Normal AddedInterface Add eth0 [10.25.107.93] from eni eni-827903f2288a
2026-09-27T11:02:50.858089Z Normal Scheduled Successfully assigned kube-system/kube-proxy-dd6576 to ip-10-0-2-10.ec2.internal
2026-09-27T11:02:54.858089Z Normal Started Started container app
2026-09-27T11:02:57.858089Z Normal LeaderElection ingress-nginx-controller-845a64 became leader
2026-09-27T11:03:01.858089Z Normal Synced Successfully synced ingress-nginx-controller-9e50a3
2026-09-27T11:03:05.858089Z Normal AddedInterface Add eth0 [10.149.219.24] from eni eni-793fdcee1a23
2026-09-27T11:03:08.858089Z Normal AddedInterface Add eth0 [10.8.254.187] from eni eni-bb6c020c9378
2026-09-27T11:03:12.858089Z Normal ScalingReplicaSet Scaled up replica set coredns-4258d2bd to 3 from 2
2026-09-27T11:03:15.858089Z Normal Synced Successfully synced web-4584ef
2026-09-27T11:03:19.858089Z Normal Scheduled Successfully assigned auth/auth-api-f4b2a3 to ip-10-0-1-20.ec2.internal
2026-09-27T11:03:23.858089Z Normal Started Started container agent
2026-09-27T11:03:26.858089Z Normal Created Created container app
2026-09-27T11:03:30.858089Z Normal AddedInterface Add eth0 [10.58.19.227] from eni eni-a633f5dfcc24
2026-09-27T11:03:33.858089Z Normal ScalingReplicaSet Scaled up replica set ingress-nginx-controller-90dae0b1 to 6 from 2
2026-09-27T11:03:37.858089Z Normal ScalingReplicaSet Scaled up replica set aws-node-8eee042d to 3 from 0
2026-09-27T11:03:41.858089Z Normal Scheduled Successfully assigned auth/oauth-2a6e15 to ip-10-0-1-10.ec2.internal
2026-09-27T11:03:44.858089Z Normal Created Created container app
2026-09-27T11:03:48.858089Z Normal SuccessfulCreate Created pod: ingress-nginx-controller-f110bc
2026-09-27T11:03:51.858089Z Normal SuccessfulCreate Created pod: pay-worker-3ba2f1
2026-09-27T11:03:55.858089Z Normal Started Started container agent
2026-09-27T11:03:59.858089Z Normal Synced Successfully synced aws-node-20b1c0
2026-09-27T11:04:02.858089Z Normal ScalingReplicaSet Scaled up replica set pay-worker-4a86ed52 to 4 from 2
2026-09-27T11:04:06.858089Z Normal Synced Successfully synced loki-813698
2026-09-27T11:04:09.858089Z Normal ScalingReplicaSet Scaled up replica set frontend-ec2ccdaa to 5 from 0
2026-09-27T11:04:13.858089Z Normal Scheduled Successfully assigned auth/auth-api-c9095e to ip-10-0-3-30.ec2.internal
2026-09-27T11:04:17.858089Z Normal LeaderElection prometheus-287b2c became leader
2026-09-27T11:04:20.858089Z Normal Synced Successfully synced ingress-nginx-controller-4740eb
2026-09-27T11:04:24.858089Z Normal Pulled Container image "ghcr.io/company/pay-api:2.3.1" already present on machine
2026-09-27T11:04:27.858089Z Normal ScalingReplicaSet Scaled up replica set ingress-nginx-controller-8ecf8ddb to 3 from 2
2026-09-27T11:04:31.858089Z Warning DNSConfigForming Nameserver limits were exceeded, some nameservers have been omitted, the applied nameserver line is: 10.75.136.22 10.88.227.12 10.141.101.177 10.209.88.163 10.1.159.71
2026-09-27T11:04:35.858089Z Normal Pulled Container image "busybox:1.36" already present on machine
2026-09-27T11:04:38.858089Z Normal Started Started container sidecar
2026-09-27T11:04:42.858089Z Normal Created Created container sidecar
2026-09-27T11:04:45.858089Z Normal Synced Successfully synced pay-api-409853
2026-09-27T11:04:49.858089Z Normal Started Started container proxy
2026-09-27T11:04:53.858089Z Normal Synced Successfully synced ingress-nginx-controller-514a63
2026-09-27T11:04:56.858089Z Normal Scheduled Successfully assigned default/api-b9c223 to ip-10-0-4-10.ec2.internal
2026-09-27T11:05:00.858089Z Normal ScalingReplicaSet Scaled up replica set worker-5969c875 to 4 from 0
2026-09-27T11:05:03.858089Z Normal Started Started container app
2026-09-27T11:05:07.858089Z Normal AddedInterface Add eth0 [10.205.153.11] from eni eni-e07f98bc9997
2026-09-27T11:05:11.858089Z Normal AddedInterface Add eth0 [10.14.83.132] from eni eni-697b87d5c1b5
2026-09-27T11:05:14.858089Z Normal Synced Successfully synced aws-node-7987df
2026-09-27T11:05:18.858089Z Normal Started Started container sidecar
2026-09-27T11:05:21.858089Z Normal LeaderElection ingress-nginx-controller-bb971e became leader
2026-09-27T11:05:25.858089Z Normal Created Created container sidecar
2026-09-27T11:05:29.858089Z Normal Scheduled Successfully assigned observability/loki-d9fa04 to ip-10-0-5-40.ec2.internal
2026-09-27T11:05:32.858089Z Normal Created Created container agent
2026-09-27T11:05:36.858089Z Normal SuccessfulCreate Created pod: api-4a3d16
2026-09-27T11:05:39.858089Z Normal Pulled Container image "registry.k8s.io/coredns/coredns:v1.11.1" already present on machine
2026-09-27T11:05:43.858089Z Normal LeaderElection ingress-nginx-controller-eaedf4 became leader
2026-09-27T11:05:47.858089Z Normal Synced Successfully synced pay-worker-cbedc8
2026-09-27T11:05:50.858089Z Normal Pulled Container image "nginx:1.25" already present on machine
2026-09-27T11:05:54.858089Z Normal Pulled Container image "python:3.11-slim" already present on machine
2026-09-27T11:05:57.858089Z Normal Scheduled Successfully assigned observability/prometheus-155d19 to ip-10-0-4-50.ec2.internal
2026-09-27T11:06:01.858089Z Normal ScalingReplicaSet Scaled up replica set kube-proxy-60f565f1 to 2 from 2
2026-09-27T11:06:05.858089Z Normal LeaderElection ingress-nginx-controller-a8e9e9 became leader
2026-09-27T11:06:08.858089Z Normal Pulled Container image "nginx:1.25" already present on machine
2026-09-27T11:06:12.858089Z Normal Pulled Container image "registry.k8s.io/coredns/coredns:v1.11.1" already present on machine
2026-09-27T11:06:15.858089Z Normal LeaderElection kube-proxy-4268fa became leader
2026-09-27T11:06:19.858089Z Normal LeaderElection ingress-nginx-controller-90653e became leader
2026-09-27T11:06:23.858089Z Warning ErrImagePull Failed to pull image "registry.k8s.io/coredns/coredns:v1.11.1": rpc error: code = Unknown desc = Error response from daemon: pull access denied
2026-09-27T11:06:26.858089Z Normal Pulled Container image "ghcr.io/company/pay-api:2.3.1" already present on machine
2026-09-27T11:06:30.858089Z Warning DiskPressure Node ip-10-0-2-20.ec2.internal status is now: NodeHasDiskPressure
2026-09-27T11:06:33.858089Z Normal Started Started container agent
2026-09-27T11:06:37.858089Z Normal LeaderElection grafana-5c44c9 became leader
2026-09-27T11:06:41.858089Z Normal Created Created container sidecar
2026-09-27T11:06:44.858089Z Normal LeaderElection oauth-683b4e became leader
2026-09-27T11:06:48.858089Z Normal Started Started container proxy
2026-09-27T11:06:51.858089Z Warning BackOff Back-off restarting failed container sidecar in pod observability/loki-2bb087
2026-09-27T11:06:55.858089Z Normal AddedInterface Add eth0 [10.197.36.201] from eni eni-393d8d2a5d90
2026-09-27T11:06:59.858089Z Normal Scheduled Successfully assigned auth/auth-api-e5dfb1 to ip-10-0-3-50.ec2.internal
2026-09-27T11:07:02.858089Z Normal ScalingReplicaSet Scaled up replica set ingress-nginx-controller-575aa021 to 5 from 2
2026-09-27T11:07:06.858089Z Normal Synced Successfully synced prometheus-06e751
2026-09-27T11:07:09.858089Z Normal Created Created container proxy
2026-09-27T11:07:13.858089Z Normal SuccessfulCreate Created pod: prometheus-1a605a
2026-09-27T11:07:17.858089Z Warning FailedScheduling 0/6 nodes are available: preemption: 0/5 nodes are available: No preemption victims found for incoming pod
2026-09-27T11:07:20.858089Z Normal SuccessfulCreate Created pod: ingress-nginx-controller-672741
2026-09-27T11:07:24.858089Z Normal Scheduled Successfully assigned kube-system/kube-proxy-ba7cf5 to ip-10-0-4-50.ec2.internal
2026-09-27T11:07:27.858089Z Normal AddedInterface Add eth0 [10.50.168.130] from eni eni-f471c9b2b403
2026-09-27T11:07:31.858089Z Normal Synced Successfully synced frontend-5ec285
2026-09-27T11:07:35.858089Z Normal Scheduled Successfully assigned auth/oauth-3b08b2 to ip-10-0-4-30.ec2.internal
2026-09-27T11:07:38.858089Z Normal Pulled Container image "busybox:1.36" already present on machine
2026-09-27T11:07:42.858089Z Normal Pulled Container image "busybox:1.36" already present on machine
2026-09-27T11:07:45.858089Z Normal Synced Successfully synced metrics-server-56cab3
2026-09-27T11:07:49.858089Z Normal Created Created container sidecar
2026-09-27T11:07:53.858089Z Normal Pulled Container image "python:3.11-slim" already present on machine
2026-09-27T11:07:56.858089Z Normal AddedInterface Add eth0 [10.118.109.79] from eni eni-9b9add29b93e
2026-09-27T11:08:00.858089Z Normal Created Created container sidecar
2026-09-27T11:08:03.858089Z Normal SuccessfulCreate Created pod: ingress-nginx-controller-42ba65
2026-09-27T11:08:07.858089Z Normal LeaderElection grafana-5480c5 became leader
2026-09-27T11:08:11.858089Z Normal SuccessfulCreate Created pod: frontend-a29c1a
2026-09-27T11:08:14.858089Z Normal Pulled Container image "public.ecr.aws/eks/aws-node:v1.14.1" already present on machine
2026-09-27T11:08:18.858089Z Normal Synced Successfully synced kube-proxy-65fa09
2026-09-27T11:08:21.858089Z Normal SuccessfulCreate Created pod: oauth-dcb8b2
2026-09-27T11:08:25.858089Z Normal AddedInterface Add eth0 [10.77.77.151] from eni eni-a7da13ea2cf1
2026-09-27T11:08:29.858089Z Normal ScalingReplicaSet Scaled up replica set kube-proxy-de1868cb to 4 from 1
2026-09-27T11:08:32.858089Z Normal SuccessfulCreate Created pod: ingress-nginx-controller-9f7b78
2026-09-27T11:08:36.858089Z Normal AddedInterface Add eth0 [10.210.218.102] from eni eni-93eb887bcffc
2026-09-27T11:08:39.858089Z Normal Pulled Container image "nginx:1.25" already present on machine
2026-09-27T11:08:43.858089Z Normal LeaderElection auth-api-a9524a became leader
2026-09-27T11:08:47.858089Z Normal LeaderElection pay-api-5a6386 became leader
2026-09-27T11:08:50.858089Z Normal ScalingReplicaSet Scaled up replica set frontend-ecede532 to 6 from 1
2026-09-27T11:08:54.858089Z Normal Created Created container agent
2026-09-27T11:08:57.858089Z Normal Started Started container sidecar
2026-09-27T11:09:01.858089Z Normal LeaderElection metrics-server-88d620 became leader
2026-09-27T11:09:05.858089Z Normal Pulled Container image "registry.k8s.io/coredns/coredns:v1.11.1" already present on machine
2026-09-27T11:09:08.858089Z Normal Started Started container sidecar
2026-09-27T11:09:12.858089Z Normal Pulled Container image "registry.k8s.io/coredns/coredns:v1.11.1" already present on machine
2026-09-27T11:09:15.858089Z Warning ImagePullBackOff Back-off pulling image "python:3.11-slim"
2026-09-27T11:09:19.858089Z Normal Created Created container proxy
2026-09-27T11:09:23.858089Z Normal SuccessfulCreate Created pod: api-b78240
2026-09-27T11:09:26.858089Z Warning Unhealthy Readiness probe failed: Get "http://10.17.73.234:9090/health": dial tcp 10.17.73.234:9090: i/o timeout
2026-09-27T11:09:30.858089Z Normal Pulled Container image "registry.k8s.io/coredns/coredns:v1.11.1" already present on machine
2026-09-27T11:09:33.858089Z Normal LeaderElection ingress-nginx-controller-0112e3 became leader
2026-09-27T11:09:37.858089Z Normal AddedInterface Add eth0 [10.154.168.182] from eni eni-40548a3124bc
2026-09-27T11:09:41.858089Z Normal Started Started container proxy
2026-09-27T11:09:44.858089Z Normal ScalingReplicaSet Scaled up replica set coredns-9d1462fa to 3 from 2
2026-09-27T11:09:48.858089Z Normal AddedInterface Add eth0 [10.134.225.31] from eni eni-bb42cc6c7ccf
2026-09-27T11:09:51.858089Z Normal SuccessfulCreate Created pod: kube-proxy-aa81a1
2026-09-27T11:09:55.858089Z Normal SuccessfulCreate Created pod: pay-api-18a916
2026-09-27T11:09:59.858089Z Normal Started Started container app
2026-09-27T11:10:02.858089Z Normal AddedInterface Add eth0 [10.24.185.139] from eni eni-42be45574f8a
2026-09-27T11:10:06.858089Z Normal SuccessfulCreate Created pod: coredns-d5429f
2026-09-27T11:10:09.858089Z Warning ImagePullBackOff Back-off pulling image "registry.k8s.io/coredns/coredns:v1.11.1"
2026-09-27T11:10:13.858089Z Normal Created Created container agent
2026-09-27T11:10:17.858089Z Normal Synced Successfully synced kube-proxy-0599c2
2026-09-27T11:10:20.858089Z Normal Scheduled Successfully assigned payments/pay-worker-f74d60 to ip-10-0-1-40.ec2.internal
2026-09-27T11:10:24.858089Z Normal ScalingReplicaSet Scaled up replica set frontend-08dc6822 to 3 from 2
2026-09-27T11:10:27.858089Z Normal AddedInterface Add eth0 [10.53.143.216] from eni eni-fdc21f947194
2026-09-27T11:10:31.858089Z Normal LeaderElection ingress-nginx-controller-d92deb became leader
2026-09-27T11:10:35.858089Z Normal Pulled Container image "busybox:1.36" already present on machine
2026-09-27T11:10:38.858089Z Normal AddedInterface Add eth0 [10.201.20.89] from eni eni-7b6cbd332d50
2026-09-27T11:10:42.858089Z Normal LeaderElection ingress-nginx-controller-8dfa70 became leader
2026-09-27T11:10:45.858089Z Normal SuccessfulCreate Created pod: pay-worker-e35b0e
2026-09-27T11:10:49.858089Z Normal ScalingReplicaSet Scaled up replica set oauth-c05a9b8b to 4 from 2
2026-09-27T11:10:53.858089Z Normal LeaderElection auth-api-84e861 became leader
2026-09-27T11:10:56.858089Z Normal ScalingReplicaSet Scaled up replica set ingress-nginx-controller-e5e40c3e to 2 from 0
2026-09-27T11:11:00.858089Z Normal Pulled Container image "ghcr.io/company/auth-api:1.9.0" already present on machine
2026-09-27T11:11:03.858089Z Normal SuccessfulCreate Created pod: pay-worker-34afad
2026-09-27T11:11:07.858089Z Normal SuccessfulCreate Created pod: worker-cea73c
2026-09-27T11:11:11.858089Z Normal Scheduled Successfully assigned kube-system/aws-node-7aaf7f to ip-10-0-2-30.ec2.internal
2026-09-27T11:11:14.858089Z Normal ScalingReplicaSet Scaled up replica set pay-worker-17c305e0 to 4 from 1
2026-09-27T11:11:18.858089Z Normal Started Started container agent
2026-09-27T11:11:21.858089Z Normal AddedInterface Add eth0 [10.160.53.207] from eni eni-ac150618cd80
2026-09-27T11:11:25.858089Z Warning OOMKilled Container proxy in pod observability/loki-f0bf6c was killed due to OOM
2026-09-27T11:11:29.858089Z Normal AddedInterface Add eth0 [10.110.231.80] from eni eni-2f7e5b3953d1
2026-09-27T11:11:32.858089Z Normal AddedInterface Add eth0 [10.183.61.199] from eni eni-f26204d318a6
2026-09-27T11:11:36.858089Z Normal ScalingReplicaSet Scaled up replica set aws-node-e3bcda8e to 2 from 0
2026-09-27T11:11:39.858089Z Normal SuccessfulCreate Created pod: pay-worker-2089b5
2026-09-27T11:11:43.858089Z Normal Pulled Container image "nginx:1.25" already present on machine
2026-09-27T11:11:47.858089Z Warning NodeNotReady Node ip-10-0-1-10.ec2.internal status is now: NodeNotReady
2026-09-27T11:11:50.858089Z Normal Synced Successfully synced ingress-nginx-controller-d9efc0
2026-09-27T11:11:54.858089Z Normal Synced Successfully synced web-31320d
2026-09-27T11:11:57.858089Z Normal ScalingReplicaSet Scaled up replica set kube-proxy-1e650bfb to 3 from 0
2026-09-27T11:12:01.858089Z Normal Pulled Container image "public.ecr.aws/eks/aws-node:v1.14.1" already present on machine
2026-09-27T11:12:05.858089Z Normal LeaderElection oauth-74dcf7 became leader
2026-09-27T11:12:08.858089Z Normal SuccessfulCreate Created pod: pay-api-ca5a65
2026-09-27T11:12:12.858089Z Normal Scheduled Successfully assigned ingress-nginx/ingress-nginx-controller-ff2565 to ip-10-0-4-20.ec2.internal
2026-09-27T11:12:15.858089Z Normal Scheduled Successfully assigned default/worker-703b05 to ip-10-0-3-30.ec2.internal
2026-09-27T11:12:19.858089Z Warning Unhealthy Readiness probe failed: Get "http://10.104.253.53:80/health": dial tcp 10.104.253.53:80: i/o timeout
2026-09-27T11:12:23.858089Z Normal LeaderElection oauth-9cc8d4 became leader
2026-09-27T11:12:26.858089Z Normal Started Started container app
2026-09-27T11:12:30.858089Z Normal LeaderElection web-38fa78 became leader
2026-09-27T11:12:33.858089Z Normal AddedInterface Add eth0 [10.61.202.211] from eni eni-c77d2259ed38
2026-09-27T11:12:37.858089Z Normal Pulled Container image "nginx:1.25" already present on machine
2026-09-27T11:12:41.858089Z Normal Scheduled Successfully assigned auth/oauth-14ea37 to ip-10-0-3-50.ec2.internal
2026-09-27T11:12:44.858089Z Normal Created Created container sidecar
2026-09-27T11:12:48.858089Z Warning FailedScheduling 0/8 nodes are available: preemption: 0/5 nodes are available: No preemption victims found for incoming pod
2026-09-27T11:12:51.858089Z Normal Scheduled Successfully assigned kube-system/coredns-1d1676 to ip-10-0-3-30.ec2.internal
2026-09-27T11:12:55.858089Z Normal Started Started container proxy
2026-09-27T11:12:59.858089Z Normal SuccessfulCreate Created pod: grafana-aaa754
2026-09-27T11:13:02.858089Z Normal AddedInterface Add eth0 [10.153.73.11] from eni eni-c85cecc5c15a
2026-09-27T11:13:06.858089Z Normal LeaderElection kube-proxy-918ae2 became leader
2026-09-27T11:13:09.858089Z Normal ScalingReplicaSet Scaled up replica set grafana-a7e72886 to 5 from 2
2026-09-27T11:13:13.858089Z Normal Synced Successfully synced pay-worker-8107e5
2026-09-27T11:13:17.858089Z Normal Synced Successfully synced pay-api-45ca00
2026-09-27T11:13:20.858089Z Normal ScalingReplicaSet Scaled up replica set metrics-server-3d63fa50 to 5 from 0
2026-09-27T11:13:24.858089Z Normal Scheduled Successfully assigned ingress-nginx/ingress-nginx-controller-691cb1 to ip-10-0-5-50.ec2.internal
2026-09-27T11:13:27.858089Z Normal ScalingReplicaSet Scaled up replica set worker-67e97085 to 6 from 1
2026-09-27T11:13:31.858089Z Normal Created Created container sidecar
2026-09-27T11:13:35.858089Z Normal Created Created container proxy
2026-09-27T11:13:38.858089Z Normal ScalingReplicaSet Scaled up replica set api-ff9c4994 to 5 from 2
2026-09-27T11:13:42.858089Z Normal Pulled Container image "registry.k8s.io/coredns/coredns:v1.11.1" already present on machine
2026-09-27T11:13:45.858089Z Normal Pulled Container image "python:3.11-slim" already present on machine
2026-09-27T11:13:49.858089Z Normal Scheduled Successfully assigned payments/pay-api-1b3ef1 to ip-10-0-4-50.ec2.internal
2026-09-27T11:13:53.858089Z Normal SuccessfulCreate Created pod: coredns-ddc6cc
2026-09-27T11:13:56.858089Z Normal Synced Successfully synced worker-07191b
2026-09-27T11:14:00.858089Z Normal ScalingReplicaSet Scaled up replica set worker-06ffc0bb to 4 from 2
2026-09-27T11:14:03.858089Z Normal Pulled Container image "nginx:1.25" already present on machine
2026-09-27T11:14:07.858089Z Normal Pulled Container image "public.ecr.aws/eks/aws-node:v1.14.1" already present on machine
2026-09-27T11:14:11.858089Z Normal Scheduled Successfully assigned default/worker-da6b7d to ip-10-0-4-50.ec2.internal
2026-09-27T11:14:14.858089Z Normal Pulled Container image "ghcr.io/company/pay-api:2.3.1" already present on machine
2026-09-27T11:14:18.858089Z Normal Scheduled Successfully assigned ingress-nginx/ingress-nginx-controller-94cd29 to ip-10-0-4-10.ec2.internal
2026-09-27T11:14:21.858089Z Normal Pulled Container image "python:3.11-slim" already present on machine
2026-09-27T11:14:25.858089Z Normal SuccessfulCreate Created pod: prometheus-114843
2026-09-27T11:14:29.858089Z Normal Scheduled Successfully assigned kube-system/coredns-8ff301 to ip-10-0-5-10.ec2.internal
2026-09-27T11:14:32.858089Z Normal ScalingReplicaSet Scaled up replica set frontend-0f81dab8 to 5 from 1
2026-09-27T11:14:36.858089Z Normal Created Created container proxy
2026-09-27T11:14:39.858089Z Normal Created Created container proxy
2026-09-27T11:14:43.858089Z Normal Created Created container proxy
2026-09-27T11:14:47.858089Z Normal Synced Successfully synced aws-node-000265
2026-09-27T11:14:50.858089Z Normal Created Created container sidecar
2026-09-27T11:14:54.858089Z Normal Synced Successfully synced worker-712957
2026-09-27T11:14:57.858089Z Normal AddedInterface Add eth0 [10.159.219.157] from eni eni-775b462fa63f
2026-09-27T11:15:01.858089Z Normal Started Started container sidecar
2026-09-27T11:15:05.858089Z Normal Created Created container proxy
2026-09-27T11:15:08.858089Z Normal ScalingReplicaSet Scaled up replica set auth-api-0d7c595d to 6 from 0
2026-09-27T11:15:12.858089Z Warning Unhealthy Readiness probe failed: Get "http://10.251.236.155:8080/health": dial tcp 10.251.236.155:8080: i/o timeout
2026-09-27T11:15:15.858089Z Normal Started Started container sidecar
2026-09-27T11:15:19.858089Z Normal Scheduled Successfully assigned observability/prometheus-3d3f51 to ip-10-0-3-30.ec2.internal
2026-09-27T11:15:23.858089Z Normal Synced Successfully synced ingress-nginx-controller-4ddf7e
2026-09-27T11:15:26.858089Z Normal Scheduled Successfully assigned observability/grafana-4d3e20 to ip-10-0-2-40.ec2.internal
2026-09-27T11:15:30.858089Z Normal ScalingReplicaSet Scaled up replica set loki-f418e686 to 5 from 0
2026-09-27T11:15:33.858089Z Normal Scheduled Successfully assigned observability/loki-a8460c to ip-10-0-5-50.ec2.internal
2026-09-27T11:15:37.858089Z Normal ScalingReplicaSet Scaled up replica set web-783a0395 to 2 from 1
2026-09-27T11:15:41.858089Z Normal AddedInterface Add eth0 [10.31.213.165] from eni eni-d39853f7b421
2026-09-27T11:15:44.858089Z Warning DNSConfigForming Nameserver limits were exceeded, some nameservers have been omitted, the applied nameserver line is: 10.245.21.11 10.112.119.244 10.78.70.129 10.163.165.100 10.202.9.131
2026-09-27T11:15:48.858089Z Normal Scheduled Successfully assigned ingress-nginx/ingress-nginx-controller-8139b8 to ip-10-0-4-30.ec2.internal
2026-09-27T11:15:51.858089Z Normal SuccessfulCreate Created pod: worker-bf9d6c
2026-09-27T11:15:55.858089Z Normal SuccessfulCreate Created pod: loki-32315d
2026-09-27T11:15:59.858089Z Warning TLSHandshakeTimeout net/http: TLS handshake timeout
2026-09-27T11:16:02.858089Z Normal Created Created container sidecar
2026-09-27T11:16:06.858089Z Normal Scheduled Successfully assigned auth/oauth-3339a1 to ip-10-0-5-20.ec2.internal
2026-09-27T11:16:09.858089Z Normal ScalingReplicaSet Scaled up replica set grafana-8ff2a9b9 to 2 from 1
2026-09-27T11:16:13.858089Z Normal Started Started container app
2026-09-27T11:16:17.858089Z Normal AddedInterface Add eth0 [10.57.44.186] from eni eni-fd76f0f68fc3
2026-09-27T11:16:20.858089Z Warning FailedMount Unable to attach or mount volumes: timed out waiting for the condition
2026-09-27T11:16:24.858089Z Normal Scheduled Successfully assigned ingress-nginx/ingress-nginx-controller-5e371c to ip-10-0-1-10.ec2.internal
2026-09-27T11:16:27.858089Z Normal AddedInterface Add eth0 [10.83.191.169] from eni eni-55ddc39ca95f
2026-09-27T11:16:31.858089Z Normal Created Created container sidecar
2026-09-27T11:16:35.858089Z Normal Synced Successfully synced oauth-ae3525
2026-09-27T11:16:38.858089Z Normal Started Started container sidecar
2026-09-27T11:16:42.858089Z Normal ScalingReplicaSet Scaled up replica set pay-api-9fc672d0 to 5 from 0
2026-09-27T11:16:45.858089Z Normal Pulled Container image "busybox:1.36" already present on machine
2026-09-27T11:16:49.858089Z Normal SuccessfulCreate Created pod: ingress-nginx-controller-695a27
2026-09-27T11:16:53.858089Z Normal Started Started container app
2026-09-27T11:16:56.858089Z Warning DiskPressure Node ip-10-0-2-40.ec2.internal status is now: NodeHasDiskPressure
2026-09-27T11:17:00.858089Z Normal Pulled Container image "ghcr.io/company/pay-api:2.3.1" already present on machine
2026-09-27T11:17:03.858089Z Normal Synced Successfully synced auth-api-08a5b1
2026-09-27T11:17:07.858089Z Normal Scheduled Successfully assigned observability/loki-905018 to ip-10-0-5-50.ec2.internal
2026-09-27T11:17:11.858089Z Normal Synced Successfully synced api-7d63fc
2026-09-27T11:17:14.858089Z Normal Pulled Container image "busybox:1.36" already present on machine
2026-09-27T11:17:18.858089Z Normal ScalingReplicaSet Scaled up replica set pay-api-c1dc74d2 to 6 from 1
2026-09-27T11:17:21.858089Z Normal ScalingReplicaSet Scaled up replica set metrics-server-d65eb34e to 5 from 0
2026-09-27T11:17:25.858089Z Normal LeaderElection ingress-nginx-controller-54007b became leader
2026-09-27T11:17:29.858089Z Normal Created Created container agent
2026-09-27T11:17:32.858089Z Normal Pulled Container image "busybox:1.36" already present on machine
2026-09-27T11:17:36.858089Z Normal Scheduled Successfully assigned kube-system/aws-node-423e8d to ip-10-0-1-50.ec2.internal
2026-09-27T11:17:39.858089Z Normal Started Started container app
2026-09-27T11:17:43.858089Z Normal Created Created container sidecar
2026-09-27T11:17:47.858089Z Normal ScalingReplicaSet Scaled up replica set frontend-537451db to 3 from 1
2026-09-27T11:17:50.858089Z Normal ScalingReplicaSet Scaled up replica set pay-api-83f005f1 to 5 from 1
2026-09-27T11:17:54.858089Z Normal Pulled Container image "registry.k8s.io/coredns/coredns:v1.11.1" already present on machine
2026-09-27T11:17:57.858089Z Normal Synced Successfully synced frontend-1389c6
2026-09-27T11:18:01.858089Z Normal Pulled Container image "busybox:1.36" already present on machine
2026-09-27T11:18:05.858089Z Normal Started Started container agent
2026-09-27T11:18:08.858089Z Normal Created Created container proxy
2026-09-27T11:18:12.858089Z Normal Started Started container agent
2026-09-27T11:18:15.858089Z Normal Synced Successfully synced prometheus-33f752
2026-09-27T11:18:19.858089Z Warning FailedScheduling 0/3 nodes are available: node(s) had taint {node.kubernetes.io/not-ready: }
2026-09-27T11:18:23.858089Z Normal AddedInterface Add eth0 [10.27.21.217] from eni eni-d39f97d6b628
2026-09-27T11:18:26.858089Z Normal SuccessfulCreate Created pod: coredns-f22f2c
2026-09-27T11:18:30.858089Z Normal ScalingReplicaSet Scaled up replica set aws-node-58a5591f to 3 from 0
2026-09-27T11:18:33.858089Z Normal Started Started container app
2026-09-27T11:18:37.858089Z Normal SuccessfulCreate Created pod: metrics-server-02a781
2026-09-27T11:18:41.858089Z Normal LeaderElection oauth-db5f25 became leader
2026-09-27T11:18:44.858089Z Normal LeaderElection worker-244663 became leader
2026-09-27T11:18:48.858089Z Normal ScalingReplicaSet Scaled up replica set kube-proxy-856edf08 to 4 from 1
2026-09-27T11:18:51.858089Z Normal Started Started container agent
2026-09-27T11:18:55.858089Z Normal LeaderElection ingress-nginx-controller-143b19 became leader
2026-09-27T11:18:59.858089Z Normal AddedInterface Add eth0 [10.133.245.41] from eni eni-672d9e552d59
2026-09-27T11:19:02.858089Z Normal AddedInterface Add eth0 [10.117.46.182] from eni eni-1feefb4a8d56
2026-09-27T11:19:06.858089Z Normal SuccessfulCreate Created pod: worker-017c33
2026-09-27T11:19:09.858089Z Normal Created Created container app
2026-09-27T11:19:13.858089Z Normal ScalingReplicaSet Scaled up replica set coredns-6f1d22b1 to 3 from 0
2026-09-27T11:19:17.858089Z Normal Scheduled Successfully assigned auth/auth-api-d74279 to ip-10-0-2-30.ec2.internal
2026-09-27T11:19:20.858089Z Normal SuccessfulCreate Created pod: coredns-341f00
2026-09-27T11:19:24.858089Z Warning Unhealthy Readiness probe failed: Get "http://10.127.82.164:80/health": dial tcp 10.127.82.164:80: i/o timeout
2026-09-27T11:19:27.858089Z Normal SuccessfulCreate Created pod: api-375a43
2026-09-27T11:19:31.858089Z Normal SuccessfulCreate Created pod: grafana-a747b8
2026-09-27T11:19:35.858089Z Normal Started Started container proxy
2026-09-27T11:19:38.858089Z Normal LeaderElection pay-api-0274a8 became leader
2026-09-27T11:19:42.858089Z Normal AddedInterface Add eth0 [10.245.34.91] from eni eni-52280ddfe035
2026-09-27T11:19:45.858089Z Warning Unhealthy Readiness probe failed: Get "http://10.12.111.162:8080/health": dial tcp 10.12.111.162:8080: i/o timeout
2026-09-27T11:19:49.858089Z Normal Started Started container agent
2026-09-27T11:19:53.858089Z Normal SuccessfulCreate Created pod: prometheus-159e11
2026-09-27T11:19:56.858089Z Normal Created Created container agent
2026-09-27T11:20:00.858089Z Normal ScalingReplicaSet Scaled up replica set frontend-43bf42f5 to 6 from 0
2026-09-27T11:20:03.858089Z Normal AddedInterface Add eth0 [10.11.222.124] from eni eni-c79c0285c105
2026-09-27T11:20:07.858089Z Normal Started Started container agent
2026-09-27T11:20:11.858089Z Normal Started Started container agent
2026-09-27T11:20:14.858089Z Normal Synced Successfully synced pay-api-c6e387
2026-09-27T11:20:18.858089Z Normal Started Started container sidecar
2026-09-27T11:20:21.858089Z Normal Pulled Container image "busybox:1.36" already present on machine
2026-09-27T11:20:25.858089Z Normal Created Created container app
2026-09-27T11:20:29.858089Z Warning DiskPressure Node ip-10-0-5-20.ec2.internal status is now: NodeHasDiskPressure
2026-09-27T11:20:32.858089Z Normal Created Created container app
2026-09-27T11:20:36.858089Z Normal SuccessfulCreate Created pod: loki-2a1072
2026-09-27T11:20:39.858089Z Normal Synced Successfully synced metrics-server-b0301c
2026-09-27T11:20:43.858089Z Normal Pulled Container image "ghcr.io/company/pay-api:2.3.1" already present on machine
2026-09-27T11:20:47.858089Z Normal Pulled Container image "registry.k8s.io/coredns/coredns:v1.11.1" already present on machine
2026-09-27T11:20:50.858089Z Normal LeaderElection grafana-5be508 became leader
2026-09-27T11:20:54.858089Z Normal Created Created container sidecar
2026-09-27T11:20:57.858089Z Normal ScalingReplicaSet Scaled up replica set oauth-1e84a5f6 to 6 from 1
2026-09-27T11:21:01.858089Z Normal AddedInterface Add eth0 [10.103.108.38] from eni eni-1aea8dfea5f2
2026-09-27T11:21:05.858089Z Normal LeaderElection pay-api-1f89ed became leader
2026-09-27T11:21:08.858089Z Normal SuccessfulCreate Created pod: frontend-0b0636
2026-09-27T11:21:12.858089Z Normal Scheduled Successfully assigned ingress-nginx/ingress-nginx-controller-3f3e7e to ip-10-0-3-30.ec2.internal
2026-09-27T11:21:15.858089Z Normal AddedInterface Add eth0 [10.156.26.128] from eni eni-1b7f1866d62e
2026-09-27T11:21:19.858089Z Warning MemPressure Node ip-10-0-4-30.ec2.internal status is now: NodeHasMemoryPressure
2026-09-27T11:21:23.858089Z Warning TLSHandshakeTimeout net/http: TLS handshake timeout
2026-09-27T11:21:26.858089Z Normal AddedInterface Add eth0 [10.83.74.88] from eni eni-2462844f610d
2026-09-27T11:21:30.858089Z Normal Started Started container agent
2026-09-27T11:21:33.858089Z Normal Started Started container sidecar
2026-09-27T11:21:37.858089Z Normal Synced Successfully synced pay-api-f5418c
2026-09-27T11:21:41.858089Z Normal ScalingReplicaSet Scaled up replica set web-7a191488 to 3 from 1
2026-09-27T11:21:44.858089Z Normal Created Created container app
2026-09-27T11:21:48.858089Z Normal LeaderElection kube-proxy-91ce7d became leader
2026-09-27T11:21:51.858089Z Normal SuccessfulCreate Created pod: grafana-03f522
2026-09-27T11:21:55.858089Z Normal AddedInterface Add eth0 [10.40.118.13] from eni eni-3966e54a2732
2026-09-27T11:21:59.858089Z Normal ScalingReplicaSet Scaled up replica set ingress-nginx-controller-80963359 to 4 from 2
2026-09-27T11:22:02.858089Z Warning TLSHandshakeTimeout net/http: TLS handshake timeout
2026-09-27T11:22:06.858089Z Normal LeaderElection worker-7291e4 became leader
2026-09-27T11:22:09.858089Z Normal Pulled Container image "busybox:1.36" already present on machine
2026-09-27T11:22:13.858089Z Normal Pulled Container image "registry.k8s.io/coredns/coredns:v1.11.1" already present on machine
2026-09-27T11:22:17.858089Z Normal Started Started container sidecar
2026-09-27T11:22:20.858089Z Normal Synced Successfully synced auth-api-55d06f
2026-09-27T11:22:24.858089Z Normal Created Created container agent
2026-09-27T11:22:27.858089Z Normal LeaderElection prometheus-9e8f09 became leader
2026-09-27T11:22:31.858089Z Normal Created Created container proxy
2026-09-27T11:22:35.858089Z Normal Synced Successfully synced metrics-server-a4c292
2026-09-27T11:22:38.858089Z Warning FailedScheduling 0/3 nodes are available: 0/5 nodes available: pod has unbound immediate PersistentVolumeClaims
2026-09-27T11:22:42.858089Z Normal Scheduled Successfully assigned kube-system/kube-proxy-32745e to ip-10-0-2-40.ec2.internal
2026-09-27T11:22:45.858089Z Normal LeaderElection oauth-523175 became leader
2026-09-27T11:22:49.858089Z Normal Started Started container proxy
2026-09-27T11:22:53.858089Z Normal Scheduled Successfully assigned observability/grafana-c6c1f5 to ip-10-0-4-10.ec2.internal
2026-09-27T11:22:56.858089Z Normal Pulled Container image "ghcr.io/company/auth-api:1.9.0" already present on machine
2026-09-27T11:23:00.858089Z Warning BackOff Back-off restarting failed container sidecar in pod auth/oauth-50c7ba
2026-09-27T11:23:03.858089Z Normal Pulled Container image "ghcr.io/company/auth-api:1.9.0" already present on machine
2026-09-27T11:23:07.858089Z Normal AddedInterface Add eth0 [10.218.178.240] from eni eni-bad399d9850f
2026-09-27T11:23:11.858089Z Normal Scheduled Successfully assigned ingress-nginx/ingress-nginx-controller-d33bc7 to ip-10-0-5-10.ec2.internal
2026-09-27T11:23:14.858089Z Warning FailedCreate Error creating: pods "aws-node-58230b" is forbidden: error looking up service account kube-system/default: serviceaccount "default" not found
2026-09-27T11:23:18.858089Z Normal Created Created container sidecar
2026-09-27T11:23:21.858089Z Normal Synced Successfully synced oauth-a45df9
2026-09-27T11:23:25.858089Z Normal Pulled Container image "python:3.11-slim" already present on machine
2026-09-27T11:23:29.858089Z Normal Started Started container proxy
2026-09-27T11:23:32.858089Z Normal Created Created container app
2026-09-27T11:23:36.858089Z Warning FailedCreate Error creating: pods "pay-api-bc5bb0" is forbidden: error looking up service account payments/default: serviceaccount "default" not found
2026-09-27T11:23:39.858089Z Warning MemPressure Node ip-10-0-1-30.ec2.internal status is now: NodeHasMemoryPressure
2026-09-27T11:23:43.858089Z Normal Synced Successfully synced grafana-6e9c0f
2026-09-27T11:23:47.858089Z Normal LeaderElection pay-worker-8f6ff5 became leader
2026-09-27T11:23:50.858089Z Normal Created Created container agent
2026-09-27T11:23:54.858089Z Normal AddedInterface Add eth0 [10.158.87.201] from eni eni-2973bda7ce8c
2026-09-27T11:23:57.858089Z Normal Scheduled Successfully assigned payments/pay-api-c76217 to ip-10-0-3-40.ec2.internal
2026-09-27T11:24:01.858089Z Normal SuccessfulCreate Created pod: auth-api-c52876
2026-09-27T11:24:05.858089Z Normal LeaderElection auth-api-eb27c5 became leader
2026-09-27T11:24:08.858089Z Normal SuccessfulCreate Created pod: ingress-nginx-controller-563a56
2026-09-27T11:24:12.858089Z Normal Created Created container agent
2026-09-27T11:24:15.858089Z Normal SuccessfulCreate Created pod: ingress-nginx-controller-7a619f
2026-09-27T11:24:19.858089Z Normal ScalingReplicaSet Scaled up replica set grafana-69d525b4 to 4 from 2
2026-09-27T11:24:23.858089Z Normal SuccessfulCreate Created pod: ingress-nginx-controller-dfde56
2026-09-27T11:24:26.858089Z Normal SuccessfulCreate Created pod: auth-api-d3bddd
2026-09-27T11:24:30.858089Z Normal SuccessfulCreate Created pod: metrics-server-bd32eb
2026-09-27T11:24:33.858089Z Normal Started Started container agent
2026-09-27T11:24:37.858089Z Normal Started Started container proxy
2026-09-27T11:24:41.858089Z Normal Scheduled Successfully assigned default/api-8ddd9d to ip-10-0-4-10.ec2.internal
2026-09-27T11:24:44.858089Z Normal AddedInterface Add eth0 [10.48.236.246] from eni eni-f6e24f7bbc2c
2026-09-27T11:24:48.858089Z Normal Created Created container app
2026-09-27T11:24:51.858089Z Normal Pulled Container image "public.ecr.aws/eks/aws-node:v1.14.1" already present on machine
2026-09-27T11:24:55.858089Z Warning DiskPressure Node ip-10-0-3-30.ec2.internal status is now: NodeHasDiskPressure
2026-09-27T11:24:59.858089Z Warning ImagePullBackOff Back-off pulling image "registry.k8s.io/coredns/coredns:v1.11.1"
2026-09-27T11:25:02.858089Z Normal Scheduled Successfully assigned default/web-bfe582 to ip-10-0-5-40.ec2.internal
2026-09-27T11:25:06.858089Z Warning FailedCreate Error creating: pods "grafana-837568" is forbidden: error looking up service account observability/default: serviceaccount "default" not found
2026-09-27T11:25:09.858089Z Normal SuccessfulCreate Created pod: ingress-nginx-controller-86d94d
2026-09-27T11:25:13.858089Z Normal Started Started container sidecar
2026-09-27T11:25:17.858089Z Normal Scheduled Successfully assigned observability/loki-b22ee8 to ip-10-0-5-40.ec2.internal
2026-09-27T11:25:20.858089Z Normal Created Created container agent
2026-09-27T11:25:24.858089Z Normal ScalingReplicaSet Scaled up replica set ingress-nginx-controller-d3bc98fb to 6 from 1
2026-09-27T11:25:27.858089Z Normal Started Started container agent
2026-09-27T11:25:31.858089Z Normal Scheduled Successfully assigned default/api-1f1a3d to ip-10-0-5-50.ec2.internal
2026-09-27T11:25:35.858089Z Normal Started Started container app
2026-09-27T11:25:38.858089Z Normal AddedInterface Add eth0 [10.185.124.231] from eni eni-144d693f2062
2026-09-27T11:25:42.858089Z Normal ScalingReplicaSet Scaled up replica set worker-b7b86fcf to 6 from 2
2026-09-27T11:25:45.858089Z Normal Started Started container agent
2026-09-27T11:25:49.858089Z Normal Pulled Container image "ghcr.io/company/auth-api:1.9.0" already present on machine
2026-09-27T11:25:53.858089Z Normal Created Created container sidecar
2026-09-27T11:25:56.858089Z Normal LeaderElection web-e1981e became leader
2026-09-27T11:26:00.858089Z Normal Scheduled Successfully assigned default/web-67188f to ip-10-0-5-20.ec2.internal
2026-09-27T11:26:03.858089Z Normal AddedInterface Add eth0 [10.164.27.117] from eni eni-5bbd9bce0b59
2026-09-27T11:26:07.858089Z Normal Synced Successfully synced pay-worker-05a6a4
2026-09-27T11:26:11.858089Z Normal LeaderElection oauth-bc23c0 became leader
2026-09-27T11:26:14.858089Z Normal Created Created container app
2026-09-27T11:26:18.858089Z Normal Synced Successfully synced auth-api-678a62
2026-09-27T11:26:21.858089Z Normal Pulled Container image "python:3.11-slim" already present on machine
2026-09-27T11:26:25.858089Z Normal LeaderElection aws-node-5f58b9 became leader
2026-09-27T11:26:29.858089Z Normal Pulled Container image "registry.k8s.io/coredns/coredns:v1.11.1" already present on machine
2026-09-27T11:26:32.858089Z Normal SuccessfulCreate Created pod: grafana-506e2e
2026-09-27T11:26:36.858089Z Normal LeaderElection frontend-0c55fa became leader
2026-09-27T11:26:39.858089Z Normal Pulled Container image "ghcr.io/company/pay-api:2.3.1" already present on machine
2026-09-27T11:26:43.858089Z Normal Synced Successfully synced auth-api-a1e963
2026-09-27T11:26:47.858089Z Normal Synced Successfully synced metrics-server-083099
2026-09-27T11:26:50.858089Z Normal LeaderElection ingress-nginx-controller-1cfc53 became leader
2026-09-27T11:26:54.858089Z Normal ScalingReplicaSet Scaled up replica set worker-af1eaa3b to 4 from 2
2026-09-27T11:26:57.858089Z Normal LeaderElection coredns-6f3602 became leader
2026-09-27T11:27:01.858089Z Normal Scheduled Successfully assigned ingress-nginx/ingress-nginx-controller-42d51b to ip-10-0-4-20.ec2.internal
2026-09-27T11:27:05.858089Z Normal Scheduled Successfully assigned auth/oauth-99d225 to ip-10-0-2-30.ec2.internal
2026-09-27T11:27:08.858089Z Normal ScalingReplicaSet Scaled up replica set auth-api-e42fbd38 to 6 from 2
2026-09-27T11:27:12.858089Z Normal Scheduled Successfully assigned auth/auth-api-4eaef9 to ip-10-0-5-10.ec2.internal
2026-09-27T11:27:15.858089Z Warning DiskPressure Node ip-10-0-2-30.ec2.internal status is now: NodeHasDiskPressure
2026-09-27T11:27:19.858089Z Normal Created Created container sidecar
2026-09-27T11:27:23.858089Z Normal Scheduled Successfully assigned default/worker-36d8b1 to ip-10-0-1-10.ec2.internal
2026-09-27T11:27:26.858089Z Normal AddedInterface Add eth0 [10.175.191.69] from eni eni-d19369b3809f
2026-09-27T11:27:30.858089Z Normal Created Created container sidecar
2026-09-27T11:27:33.858089Z Normal Pulled Container image "ghcr.io/company/auth-api:1.9.0" already present on machine
2026-09-27T11:27:37.858089Z Normal Started Started container proxy
2026-09-27T11:27:41.858089Z Warning MemPressure Node ip-10-0-1-40.ec2.internal status is now: NodeHasMemoryPressure
2026-09-27T11:27:44.858089Z Normal ScalingReplicaSet Scaled up replica set auth-api-f570d0b4 to 6 from 0
2026-09-27T11:27:48.858089Z Normal Pulled Container image "python:3.11-slim" already present on machine
2026-09-27T11:27:51.858089Z Normal LeaderElection coredns-80fa91 became leader
2026-09-27T11:27:55.858089Z Warning ErrImagePull Failed to pull image "ghcr.io/company/auth-api:1.9.0": rpc error: code = Unknown desc = Error response from daemon: pull access denied
2026-09-27T11:27:59.858089Z Normal AddedInterface Add eth0 [10.219.213.15] from eni eni-8d9b20cd011e
2026-09-27T11:28:02.858089Z Normal SuccessfulCreate Created pod: oauth-3fc869
2026-09-27T11:28:06.858089Z Normal Pulled Container image "public.ecr.aws/eks/aws-node:v1.14.1" already present on machine
2026-09-27T11:28:09.858089Z Normal ScalingReplicaSet Scaled up replica set pay-worker-e3a0f0e2 to 3 from 2
2026-09-27T11:28:13.858089Z Warning BackOff Back-off restarting failed container sidecar in pod ingress-nginx/ingress-nginx-controller-fbf013
2026-09-27T11:28:17.858089Z Normal Created Created container sidecar
2026-09-27T11:28:20.858089Z Normal Created Created container sidecar
2026-09-27T11:28:24.858089Z Normal Pulled Container image "python:3.11-slim" already present on machine
2026-09-27T11:28:27.858089Z Normal Synced Successfully synced ingress-nginx-controller-fddb53
2026-09-27T11:28:31.858089Z Normal Synced Successfully synced auth-api-15d648
2026-09-27T11:28:35.858089Z Normal Pulled Container image "registry.k8s.io/coredns/coredns:v1.11.1" already present on machine
2026-09-27T11:28:38.858089Z Normal Pulled Container image "ghcr.io/company/pay-api:2.3.1" already present on machine
2026-09-27T11:28:42.858089Z Normal Scheduled Successfully assigned default/frontend-19c88c to ip-10-0-5-20.ec2.internal
2026-09-27T11:28:45.858089Z Normal ScalingReplicaSet Scaled up replica set aws-node-8c0a5875 to 6 from 0
2026-09-27T11:28:49.858089Z Normal Started Started container sidecar
2026-09-27T11:28:53.858089Z Normal Synced Successfully synced kube-proxy-cd3d8b
2026-09-27T11:28:56.858089Z Normal Synced Successfully synced pay-worker-04e22e
2026-09-27T11:29:00.858089Z Normal Created Created container proxy
2026-09-27T11:29:03.858089Z Normal AddedInterface Add eth0 [10.57.109.126] from eni eni-75a8f5d22067
2026-09-27T11:29:07.858089Z Normal Created Created container app
2026-09-27T11:29:11.858089Z Normal ScalingReplicaSet Scaled up replica set loki-9cc0c1eb to 6 from 1
2026-09-27T11:29:14.858089Z Normal Started Started container proxy
2026-09-27T11:29:18.858089Z Normal Pulled Container image "nginx:1.25" already present on machine
2026-09-27T11:29:21.858089Z Normal AddedInterface Add eth0 [10.12.47.78] from eni eni-b2bf3bf09183
2026-09-27T11:29:25.858089Z Normal Pulled Container image "registry.k8s.io/coredns/coredns:v1.11.1" already present on machine
2026-09-27T11:29:29.858089Z Normal Created Created container sidecar
2026-09-27T11:29:32.858089Z Warning DiskPressure Node ip-10-0-1-40.ec2.internal status is now: NodeHasDiskPressure
2026-09-27T11:29:36.858089Z Normal Pulled Container image "ghcr.io/company/auth-api:1.9.0" already present on machine
2026-09-27T11:29:39.858089Z Normal SuccessfulCreate Created pod: oauth-709fda
2026-09-27T11:29:43.858089Z Normal Started Started container agent
2026-09-27T11:29:47.858089Z Normal SuccessfulCreate Created pod: prometheus-49302b
2026-09-27T11:29:50.858089Z Normal Pulled Container image "registry.k8s.io/coredns/coredns:v1.11.1" already present on machine
2026-09-27T11:29:54.858089Z Normal SuccessfulCreate Created pod: metrics-server-e55056
2026-09-27T11:29:57.858089Z Normal SuccessfulCreate Created pod: auth-api-7f4942
2026-09-27T11:30:01.858089Z Warning BackOff Back-off restarting failed container agent in pod default/worker-8e080f
2026-09-27T11:30:05.858089Z Normal AddedInterface Add eth0 [10.128.236.112] from eni eni-101a13bd5a80
2026-09-27T11:30:08.858089Z Normal Pulled Container image "nginx:1.25" already present on machine
2026-09-27T11:30:12.858089Z Normal Scheduled Successfully assigned payments/pay-api-b3c600 to ip-10-0-4-30.ec2.internal
2026-09-27T11:30:15.858089Z Normal Synced Successfully synced ingress-nginx-controller-3f6cf9
2026-09-27T11:30:19.858089Z Normal Created Created container agent
2026-09-27T11:30:23.858089Z Normal SuccessfulCreate Created pod: coredns-45258b
2026-09-27T11:30:26.858089Z Normal Synced Successfully synced coredns-a12970
2026-09-27T11:30:30.858089Z Normal Synced Successfully synced pay-worker-fe0074
2026-09-27T11:30:33.858089Z Normal Scheduled Successfully assigned default/worker-f667f1 to ip-10-0-3-30.ec2.internal
2026-09-27T11:30:37.858089Z Warning FailedCreate Error creating: pods "frontend-9f841c" is forbidden: error looking up service account default/default: serviceaccount "default" not found
2026-09-27T11:30:41.858089Z Normal LeaderElection oauth-c0deec became leader
2026-09-27T11:30:44.858089Z Normal Scheduled Successfully assigned auth/oauth-fa64ec to ip-10-0-1-40.ec2.internal
2026-09-27T11:30:48.858089Z Normal AddedInterface Add eth0 [10.89.165.112] from eni eni-e1a874d0ede2
2026-09-27T11:30:51.858089Z Normal LeaderElection loki-bef7de became leader
2026-09-27T11:30:55.858089Z Warning OOMKilled Container proxy in pod kube-system/metrics-server-3b9098 was killed due to OOM
2026-09-27T11:30:59.858089Z Normal Created Created container app
2026-09-27T11:31:02.858089Z Normal Scheduled Successfully assigned payments/pay-worker-b96863 to ip-10-0-4-20.ec2.internal
2026-09-27T11:31:06.858089Z Normal LeaderElection auth-api-e1ba86 became leader
2026-09-27T11:31:09.858089Z Normal SuccessfulCreate Created pod: loki-5789cf
2026-09-27T11:31:13.858089Z Normal ScalingReplicaSet Scaled up replica set ingress-nginx-controller-8af65590 to 3 from 2
2026-09-27T11:31:17.858089Z Normal Started Started container proxy
2026-09-27T11:31:20.858089Z Normal LeaderElection loki-e08554 became leader
2026-09-27T11:31:24.858089Z Normal LeaderElection ingress-nginx-controller-cc299b became leader
2026-09-27T11:31:27.858089Z Normal Created Created container app
2026-09-27T11:31:31.858089Z Normal LeaderElection auth-api-93c34d became leader
2026-09-27T11:31:35.858089Z Normal AddedInterface Add eth0 [10.70.132.102] from eni eni-98708e7ed5e9
2026-09-27T11:31:38.858089Z Normal Pulled Container image "busybox:1.36" already present on machine
2026-09-27T11:31:42.858089Z Normal LeaderElection kube-proxy-2afbd5 became leader
2026-09-27T11:31:45.858089Z Normal ScalingReplicaSet Scaled up replica set aws-node-ba9b12ed to 4 from 1
2026-09-27T11:31:49.858089Z Normal SuccessfulCreate Created pod: pay-api-d7890e
2026-09-27T11:31:53.858089Z Normal AddedInterface Add eth0 [10.247.33.198] from eni eni-b2ac11f6facc
2026-09-27T11:31:56.858089Z Normal Pulled Container image "ghcr.io/company/auth-api:1.9.0" already present on machine
2026-09-27T11:32:00.858089Z Normal AddedInterface Add eth0 [10.94.201.161] from eni eni-edca461a0c1b
2026-09-27T11:32:03.858089Z Normal Pulled Container image "ghcr.io/company/pay-api:2.3.1" already present on machine
2026-09-27T11:32:07.858089Z Warning MemPressure Node ip-10-0-3-10.ec2.internal status is now: NodeHasMemoryPressure
2026-09-27T11:32:11.858089Z Normal Scheduled Successfully assigned payments/pay-api-d17f97 to ip-10-0-3-40.ec2.internal
2026-09-27T11:32:14.858089Z Normal SuccessfulCreate Created pod: web-44f520
2026-09-27T11:32:18.858089Z Normal SuccessfulCreate Created pod: ingress-nginx-controller-5cc450
2026-09-27T11:32:21.858089Z Normal SuccessfulCreate Created pod: grafana-33ef5a
2026-09-27T11:32:25.858089Z Normal Created Created container sidecar
2026-09-27T11:32:29.858089Z Normal Scheduled Successfully assigned observability/loki-5f207e to ip-10-0-2-50.ec2.internal
2026-09-27T11:32:32.858089Z Normal Synced Successfully synced ingress-nginx-controller-9f7d8d
2026-09-27T11:32:36.858089Z Normal Created Created container proxy
2026-09-27T11:32:39.858089Z Normal AddedInterface Add eth0 [10.198.30.2] from eni eni-9f48cbd1fb88
2026-09-27T11:32:43.858089Z Normal Scheduled Successfully assigned ingress-nginx/ingress-nginx-controller-cc98c4 to ip-10-0-4-30.ec2.internal
2026-09-27T11:32:47.858089Z Normal Scheduled Successfully assigned kube-system/metrics-server-26d52e to ip-10-0-2-40.ec2.internal
2026-09-27T11:32:50.858089Z Normal AddedInterface Add eth0 [10.116.220.89] from eni eni-26c85e9ecea5
2026-09-27T11:32:54.858089Z Normal AddedInterface Add eth0 [10.135.89.80] from eni eni-05d9230e1d07
2026-09-27T11:32:57.858089Z Normal SuccessfulCreate Created pod: grafana-634c96
2026-09-27T11:33:01.858089Z Normal AddedInterface Add eth0 [10.71.99.40] from eni eni-b845d1134418
2026-09-27T11:33:05.858089Z Normal SuccessfulCreate Created pod: ingress-nginx-controller-c90c87
2026-09-27T11:33:08.858089Z Normal Scheduled Successfully assigned kube-system/coredns-c5986b to ip-10-0-2-20.ec2.internal
2026-09-27T11:33:12.858089Z Normal Started Started container app
2026-09-27T11:33:15.858089Z Normal Pulled Container image "public.ecr.aws/eks/aws-node:v1.14.1" already present on machine
2026-09-27T11:33:19.858089Z Normal Created Created container proxy
2026-09-27T11:33:23.858089Z Normal ScalingReplicaSet Scaled up replica set loki-9218a386 to 2 from 1
2026-09-27T11:33:26.858089Z Normal Synced Successfully synced auth-api-0c2c5f
2026-09-27T11:33:30.858089Z Normal ScalingReplicaSet Scaled up replica set ingress-nginx-controller-a9e1eae1 to 5 from 2
2026-09-27T11:33:33.858089Z Normal Pulled Container image "public.ecr.aws/eks/aws-node:v1.14.1" already present on machine
2026-09-27T11:33:37.858089Z Normal Started Started container agent
2026-09-27T11:33:41.858089Z Normal Created Created container app
2026-09-27T11:33:44.858089Z Warning FailedScheduling 0/5 nodes are available: Insufficient memory
2026-09-27T11:33:48.858089Z Normal Started Started container app
2026-09-27T11:33:51.858089Z Normal ScalingReplicaSet Scaled up replica set auth-api-656636c9 to 2 from 0
2026-09-27T11:33:55.858089Z Normal SuccessfulCreate Created pod: api-96aa47
2026-09-27T11:33:59.858089Z Normal LeaderElection oauth-fd8942 became leader
2026-09-27T11:34:02.858089Z Normal Started Started container proxy
2026-09-27T11:34:06.858089Z Normal AddedInterface Add eth0 [10.137.240.11] from eni eni-dd2f8dd2f8f2
2026-09-27T11:34:09.858089Z Normal AddedInterface Add eth0 [10.207.81.100] from eni eni-585ce28f7f46
2026-09-27T11:34:13.858089Z Normal LeaderElection pay-api-8a071b became leader
2026-09-27T11:34:17.858089Z Normal Created Created container proxy
2026-09-27T11:34:20.858089Z Normal Scheduled Successfully assigned observability/grafana-85818c to ip-10-0-5-10.ec2.internal
2026-09-27T11:34:24.858089Z Normal Pulled Container image "public.ecr.aws/eks/aws-node:v1.14.1" already present on machine
2026-09-27T11:34:27.858089Z Normal LeaderElection grafana-be623a became leader
2026-09-27T11:34:31.858089Z Normal SuccessfulCreate Created pod: prometheus-92bfdb
2026-09-27T11:34:35.858089Z Normal AddedInterface Add eth0 [10.150.190.125] from eni eni-a0cbae8ee777
2026-09-27T11:34:38.858089Z Warning Unhealthy Readiness probe failed: Get "http://10.0.9.241:80/health": dial tcp 10.0.9.241:80: i/o timeout
2026-09-27T11:34:42.858089Z Normal LeaderElection frontend-1c6cb3 became leader
2026-09-27T11:34:45.858089Z Normal ScalingReplicaSet Scaled up replica set oauth-72d0bd9f to 2 from 2
2026-09-27T11:34:49.858089Z Normal Started Started container app
2026-09-27T11:34:53.858089Z Normal Scheduled Successfully assigned auth/auth-api-385d89 to ip-10-0-2-20.ec2.internal
2026-09-27T11:34:56.858089Z Normal Created Created container app
2026-09-27T11:35:00.858089Z Normal Synced Successfully synced pay-worker-5c8750
2026-09-27T11:35:03.858089Z Normal Pulled Container image "registry.k8s.io/coredns/coredns:v1.11.1" already present on machine
2026-09-27T11:35:07.858089Z Warning ImagePullBackOff Back-off pulling image "ghcr.io/company/auth-api:1.9.0"
2026-09-27T11:35:11.858089Z Normal Started Started container agent
2026-09-27T11:35:14.858089Z Normal Scheduled Successfully assigned observability/grafana-717564 to ip-10-0-1-50.ec2.internal
2026-09-27T11:35:18.858089Z Normal Scheduled Successfully assigned payments/pay-worker-151f36 to ip-10-0-3-20.ec2.internal
2026-09-27T11:35:21.858089Z Normal Pulled Container image "nginx:1.25" already present on machine
2026-09-27T11:35:25.858089Z Normal Synced Successfully synced web-380b7d
2026-09-27T11:35:29.858089Z Normal Pulled Container image "registry.k8s.io/coredns/coredns:v1.11.1" already present on machine
2026-09-27T11:35:32.858089Z Normal Scheduled Successfully assigned default/api-53af0d to ip-10-0-2-10.ec2.internal
2026-09-27T11:35:36.858089Z Warning ImagePullBackOff Back-off pulling image "public.ecr.aws/eks/aws-node:v1.14.1"
2026-09-27T11:35:39.858089Z Normal Pulled Container image "ghcr.io/company/pay-api:2.3.1" already present on machine
2026-09-27T11:35:43.858089Z Normal Pulled Container image "registry.k8s.io/coredns/coredns:v1.11.1" already present on machine
2026-09-27T11:35:47.858089Z Normal ScalingReplicaSet Scaled up replica set loki-6721b5fb to 3 from 0
2026-09-27T11:35:50.858089Z Normal LeaderElection grafana-517fbd became leader
2026-09-27T11:35:54.858089Z Normal Started Started container proxy
2026-09-27T11:35:57.858089Z Normal ScalingReplicaSet Scaled up replica set loki-d0d3edee to 3 from 0
2026-09-27T11:36:01.858089Z Normal ScalingReplicaSet Scaled up replica set frontend-684f14ff to 2 from 0
2026-09-27T11:36:05.858089Z Normal AddedInterface Add eth0 [10.66.200.48] from eni eni-862433b44e41
2026-09-27T11:36:08.858089Z Normal Pulled Container image "ghcr.io/company/pay-api:2.3.1" already present on machine
2026-09-27T11:36:12.858089Z Warning TLSHandshakeTimeout net/http: TLS handshake timeout
2026-09-27T11:36:15.858089Z Normal Started Started container sidecar
2026-09-27T11:36:19.858089Z Warning FailedMount Unable to attach or mount volumes: timed out waiting for the condition
2026-09-27T11:36:23.858089Z Normal LeaderElection coredns-519ec0 became leader
2026-09-27T11:36:26.858089Z Normal Synced Successfully synced oauth-a1589a
2026-09-27T11:36:30.858089Z Normal Started Started container app
2026-09-27T11:36:33.858089Z Normal Pulled Container image "python:3.11-slim" already present on machine
2026-09-27T11:36:37.858089Z Normal Started Started container app
2026-09-27T11:36:41.858089Z Normal Created Created container app
2026-09-27T11:36:44.858089Z Normal Scheduled Successfully assigned default/web-481fb6 to ip-10-0-3-40.ec2.internal
2026-09-27T11:36:48.858089Z Normal Synced Successfully synced ingress-nginx-controller-fd0237
2026-09-27T11:36:51.858089Z Normal LeaderElection coredns-539b9a became leader
2026-09-27T11:36:55.858089Z Normal Synced Successfully synced pay-worker-220487
2026-09-27T11:36:59.858089Z Normal Created Created container app
2026-09-27T11:37:02.858089Z Normal Scheduled Successfully assigned payments/pay-api-3e3b69 to ip-10-0-4-10.ec2.internal
2026-09-27T11:37:06.858089Z Normal Started Started container proxy
2026-09-27T11:37:09.858089Z Normal LeaderElection pay-api-bce7e6 became leader
2026-09-27T11:37:13.858089Z Warning DiskPressure Node ip-10-0-5-30.ec2.internal status is now: NodeHasDiskPressure
2026-09-27T11:37:17.858089Z Normal LeaderElection loki-f50d40 became leader
2026-09-27T11:37:20.858089Z Normal AddedInterface Add eth0 [10.210.70.236] from eni eni-c5882a99b258
2026-09-27T11:37:24.858089Z Normal Started Started container app
2026-09-27T11:37:27.858089Z Normal SuccessfulCreate Created pod: frontend-956082
2026-09-27T11:37:31.858089Z Normal Scheduled Successfully assigned observability/loki-69b4a4 to ip-10-0-1-20.ec2.internal
2026-09-27T11:37:35.858089Z Normal Synced Successfully synced worker-7a46e4
2026-09-27T11:37:38.858089Z Normal ScalingReplicaSet Scaled up replica set oauth-b6d88ea9 to 3 from 1
2026-09-27T11:37:42.858089Z Normal Pulled Container image "ghcr.io/company/auth-api:1.9.0" already present on machine
2026-09-27T11:37:45.858089Z Normal SuccessfulCreate Created pod: prometheus-715bab
2026-09-27T11:37:49.858089Z Normal LeaderElection prometheus-219387 became leader
2026-09-27T11:37:53.858089Z Normal Pulled Container image "registry.k8s.io/coredns/coredns:v1.11.1" already present on machine
2026-09-27T11:37:56.858089Z Normal Pulled Container image "ghcr.io/company/pay-api:2.3.1" already present on machine
2026-09-27T11:38:00.858089Z Normal Scheduled Successfully assigned observability/prometheus-0a22ee to ip-10-0-5-30.ec2.internal
2026-09-27T11:38:03.858089Z Normal Synced Successfully synced ingress-nginx-controller-13b009
2026-09-27T11:38:07.858089Z Normal Synced Successfully synced grafana-b74e0e
2026-09-27T11:38:11.858089Z Normal Created Created container sidecar
2026-09-27T11:38:14.858089Z Normal Pulled Container image "registry.k8s.io/coredns/coredns:v1.11.1" already present on machine
2026-09-27T11:38:18.858089Z Warning ErrImagePull Failed to pull image "ghcr.io/company/auth-api:1.9.0": rpc error: code = Unknown desc = Error response from daemon: pull access denied
2026-09-27T11:38:21.858089Z Normal Created Created container app
2026-09-27T11:38:25.858089Z Normal Created Created container agent
2026-09-27T11:38:29.858089Z Normal Created Created container agent
2026-09-27T11:38:32.858089Z Normal Started Started container sidecar
2026-09-27T11:38:36.858089Z Normal Scheduled Successfully assigned kube-system/aws-node-f5c772 to ip-10-0-3-40.ec2.internal
2026-09-27T11:38:39.858089Z Normal Pulled Container image "ghcr.io/company/auth-api:1.9.0" already present on machine
2026-09-27T11:38:43.858089Z Normal Synced Successfully synced api-65fbc2
2026-09-27T11:38:47.858089Z Normal Started Started container proxy
2026-09-27T11:38:50.858089Z Normal Created Created container app
2026-09-27T11:38:54.858089Z Normal LeaderElection ingress-nginx-controller-f05717 became leader
2026-09-27T11:38:57.858089Z Normal Synced Successfully synced ingress-nginx-controller-7aba5f
2026-09-27T11:39:01.858089Z Normal Pulled Container image "python:3.11-slim" already present on machine
2026-09-27T11:39:05.858089Z Normal LeaderElection metrics-server-f310ce became leader
2026-09-27T11:39:08.858089Z Normal Pulled Container image "public.ecr.aws/eks/aws-node:v1.14.1" already present on machine
2026-09-27T11:39:12.858089Z Warning MemPressure Node ip-10-0-1-30.ec2.internal status is now: NodeHasMemoryPressure
2026-09-27T11:39:15.858089Z Warning FailedScheduling 0/3 nodes are available: preemption: 0/5 nodes are available: No preemption victims found for incoming pod
2026-09-27T11:39:19.858089Z Normal AddedInterface Add eth0 [10.199.14.118] from eni eni-68c7bc7cb7ee
2026-09-27T11:39:23.858089Z Normal LeaderElection pay-worker-fea820 became leader
2026-09-27T11:39:26.858089Z Normal Pulled Container image "python:3.11-slim" already present on machine
2026-09-27T11:39:30.858089Z Normal Scheduled Successfully assigned observability/grafana-ae73bc to ip-10-0-3-30.ec2.internal
2026-09-27T11:39:33.858089Z Normal Synced Successfully synced oauth-8d4887
2026-09-27T11:39:37.858089Z Warning Unhealthy Readiness probe failed: Get "http://10.17.131.220:8080/health": dial tcp 10.17.131.220:8080: i/o timeout
2026-09-27T11:39:41.858089Z Normal Scheduled Successfully assigned auth/oauth-57fb24 to ip-10-0-1-50.ec2.internal
2026-09-27T11:39:44.858089Z Normal Pulled Container image "registry.k8s.io/coredns/coredns:v1.11.1" already present on machine
2026-09-27T11:39:48.858089Z Normal LeaderElection loki-bc4426 became leader
2026-09-27T11:39:51.858089Z Normal LeaderElection grafana-8edffa became leader
2026-09-27T11:39:55.858089Z Normal SuccessfulCreate Created pod: auth-api-df7790
2026-09-27T11:39:59.858089Z Normal Started Started container sidecar
2026-09-27T11:40:02.858089Z Normal Created Created container sidecar
2026-09-27T11:40:06.858089Z Normal Synced Successfully synced frontend-f657e0
2026-09-27T11:40:09.858089Z Normal LeaderElection coredns-aa8387 became leader
2026-09-27T11:40:13.858089Z Normal Pulled Container image "ghcr.io/company/auth-api:1.9.0" already present on machine
2026-09-27T11:40:17.858089Z Normal Synced Successfully synced pay-worker-284ec5
2026-09-27T11:40:20.858089Z Normal ScalingReplicaSet Scaled up replica set pay-api-21964dec to 5 from 1
2026-09-27T11:40:24.858089Z Normal Created Created container sidecar
2026-09-27T11:40:27.858089Z Normal Started Started container sidecar
2026-09-27T11:40:31.858089Z Warning TLSHandshakeTimeout net/http: TLS handshake timeout
2026-09-27T11:40:35.858089Z Normal ScalingReplicaSet Scaled up replica set api-40896a87 to 3 from 1
2026-09-27T11:40:38.858089Z Normal Started Started container sidecar
2026-09-27T11:40:42.858089Z Normal Started Started container proxy
2026-09-27T11:40:45.858089Z Normal Scheduled Successfully assigned payments/pay-worker-342deb to ip-10-0-3-50.ec2.internal
2026-09-27T11:40:49.858089Z Normal ScalingReplicaSet Scaled up replica set metrics-server-e6568286 to 3 from 0
2026-09-27T11:40:53.858089Z Normal Created Created container agent
2026-09-27T11:40:56.858089Z Normal Created Created container app
2026-09-27T11:41:00.858089Z Normal Synced Successfully synced prometheus-09d751
2026-09-27T11:41:03.858089Z Normal Synced Successfully synced grafana-6586a0
2026-09-27T11:41:07.858089Z Normal ScalingReplicaSet Scaled up replica set pay-api-b0800df2 to 5 from 1
2026-09-27T11:41:11.858089Z Normal Synced Successfully synced oauth-cfd8ce
2026-09-27T11:41:14.858089Z Normal Scheduled Successfully assigned kube-system/coredns-05916d to ip-10-0-1-50.ec2.internal
2026-09-27T11:41:18.858089Z Normal Synced Successfully synced loki-69c4a6
2026-09-27T11:41:21.858089Z Normal ScalingReplicaSet Scaled up replica set api-1bd38370 to 2 from 1
2026-09-27T11:41:25.858089Z Normal Created Created container sidecar
2026-09-27T11:41:29.858089Z Normal SuccessfulCreate Created pod: grafana-a4de37
2026-09-27T11:41:32.858089Z Normal Synced Successfully synced pay-api-d7ac60
2026-09-27T11:41:36.858089Z Warning ErrImagePull Failed to pull image "nginx:1.25": rpc error: code = Unknown desc = Error response from daemon: pull access denied
2026-09-27T11:41:39.858089Z Normal ScalingReplicaSet Scaled up replica set pay-api-d7b4c9c6 to 6 from 0
2026-09-27T11:41:43.858089Z Warning ErrImagePull Failed to pull image "public.ecr.aws/eks/aws-node:v1.14.1": rpc error: code = Unknown desc = Error response from daemon: pull access denied
2026-09-27T11:41:47.858089Z Normal Created Created container sidecar
2026-09-27T11:41:50.858089Z Normal Pulled Container image "busybox:1.36" already present on machine
2026-09-27T11:41:54.858089Z Normal Created Created container agent
2026-09-27T11:41:57.858089Z Normal AddedInterface Add eth0 [10.57.190.138] from eni eni-072fa9bc6c21
2026-09-27T11:42:01.858089Z Normal SuccessfulCreate Created pod: pay-worker-ddceaf
2026-09-27T11:42:05.858089Z Normal ScalingReplicaSet Scaled up replica set web-ea240b20 to 6 from 1
2026-09-27T11:42:08.858089Z Normal Created Created container proxy
2026-09-27T11:42:12.858089Z Normal Scheduled Successfully assigned ingress-nginx/ingress-nginx-controller-e5156a to ip-10-0-1-40.ec2.internal
2026-09-27T11:42:15.858089Z Normal Synced Successfully synced web-33bb2f
2026-09-27T11:42:19.858089Z Normal SuccessfulCreate Created pod: ingress-nginx-controller-74998f
2026-09-27T11:42:23.858089Z Warning Unhealthy Readiness probe failed: Get "http://10.101.56.189:80/health": dial tcp 10.101.56.189:80: i/o timeout
2026-09-27T11:42:26.858089Z Normal Scheduled Successfully assigned default/worker-fcb9bd to ip-10-0-5-10.ec2.internal
2026-09-27T11:42:30.858089Z Normal LeaderElection ingress-nginx-controller-88b98e became leader
2026-09-27T11:42:33.858089Z Normal Synced Successfully synced pay-api-23f45c
2026-09-27T11:42:37.858089Z Normal LeaderElection worker-bea9d5 became leader
2026-09-27T11:42:41.858089Z Normal Created Created container sidecar
2026-09-27T11:42:44.858089Z Normal Synced Successfully synced auth-api-8e6b52
2026-09-27T11:42:48.858089Z Normal SuccessfulCreate Created pod: web-91513e
2026-09-27T11:42:51.858089Z Normal LeaderElection auth-api-e7a646 became leader
2026-09-27T11:42:55.858089Z Normal Created Created container agent
2026-09-27T11:42:59.858089Z Normal Synced Successfully synced loki-adb68e
2026-09-27T11:43:02.858089Z Normal SuccessfulCreate Created pod: auth-api-4922c1
2026-09-27T11:43:06.858089Z Normal SuccessfulCreate Created pod: auth-api-1201df
2026-09-27T11:43:09.858089Z Normal ScalingReplicaSet Scaled up replica set oauth-b65f3940 to 6 from 2
2026-09-27T11:43:13.858089Z Normal SuccessfulCreate Created pod: grafana-2ad1c7
2026-09-27T11:43:17.858089Z Normal ScalingReplicaSet Scaled up replica set ingress-nginx-controller-ae54c6cb to 2 from 2
2026-09-27T11:43:20.858089Z Normal Synced Successfully synced metrics-server-7f89dc
2026-09-27T11:43:24.858089Z Normal Pulled Container image "nginx:1.25" already present on machine
2026-09-27T11:43:27.858089Z Normal Synced Successfully synced auth-api-d49b5d
2026-09-27T11:43:31.858089Z Normal Scheduled Successfully assigned default/worker-1db054 to ip-10-0-3-40.ec2.internal
2026-09-27T11:43:35.858089Z Normal Scheduled Successfully assigned default/worker-09258d to ip-10-0-5-40.ec2.internal
2026-09-27T11:43:38.858089Z Normal Scheduled Successfully assigned observability/prometheus-2b67a8 to ip-10-0-4-30.ec2.internal
2026-09-27T11:43:42.858089Z Warning MemPressure Node ip-10-0-5-10.ec2.internal status is now: NodeHasMemoryPressure
2026-09-27T11:43:45.858089Z Normal ScalingReplicaSet Scaled up replica set pay-worker-b79b6701 to 6 from 2
2026-09-27T11:43:49.858089Z Normal Scheduled Successfully assigned payments/pay-worker-727220 to ip-10-0-1-50.ec2.internal
2026-09-27T11:43:53.858089Z Normal SuccessfulCreate Created pod: kube-proxy-e689bf
2026-09-27T11:43:56.858089Z Normal ScalingReplicaSet Scaled up replica set auth-api-59bc5cf0 to 2 from 1
2026-09-27T11:44:00.858089Z Normal Scheduled Successfully assigned default/api-c42940 to ip-10-0-2-50.ec2.internal
2026-09-27T11:44:03.858089Z Normal Synced Successfully synced metrics-server-4d5991
2026-09-27T11:44:07.858089Z Normal Created Created container sidecar
2026-09-27T11:44:11.858089Z Normal ScalingReplicaSet Scaled up replica set ingress-nginx-controller-877a529a to 5 from 1
2026-09-27T11:44:14.858089Z Normal Pulled Container image "nginx:1.25" already present on machine
2026-09-27T11:44:18.858089Z Normal AddedInterface Add eth0 [10.187.109.92] from eni eni-b6c2cd808f67
2026-09-27T11:44:21.858089Z Normal Started Started container agent
2026-09-27T11:44:25.858089Z Normal Pulled Container image "python:3.11-slim" already present on machine
2026-09-27T11:44:29.858089Z Normal Created Created container app
2026-09-27T11:44:32.858089Z Normal Pulled Container image "ghcr.io/company/auth-api:1.9.0" already present on machine
2026-09-27T11:44:36.858089Z Normal Pulled Container image "public.ecr.aws/eks/aws-node:v1.14.1" already present on machine
2026-09-27T11:44:39.858089Z Normal LeaderElection ingress-nginx-controller-b51a08 became leader
2026-09-27T11:44:43.858089Z Normal LeaderElection pay-api-ced1dd became leader
2026-09-27T11:44:47.858089Z Normal AddedInterface Add eth0 [10.24.174.123] from eni eni-805f7176d447
2026-09-27T11:44:50.858089Z Normal Created Created container app
2026-09-27T11:44:54.858089Z Normal ScalingReplicaSet Scaled up replica set loki-3684ca96 to 5 from 1
2026-09-27T11:44:57.858089Z Warning FailedCreate Error creating: pods "ingress-nginx-controller-6fb62e" is forbidden: error looking up service account ingress-nginx/default: serviceaccount "default" not found
2026-09-27T11:45:01.858089Z Normal Started Started container proxy
2026-09-27T11:45:05.858089Z Normal Synced Successfully synced oauth-609969
2026-09-27T11:45:08.858089Z Normal Scheduled Successfully assigned observability/grafana-c49ccb to ip-10-0-4-40.ec2.internal
2026-09-27T11:45:12.858089Z Normal AddedInterface Add eth0 [10.191.45.161] from eni eni-8383a1e287a4
2026-09-27T11:45:15.858089Z Normal Started Started container agent
2026-09-27T11:45:19.858089Z Normal Started Started container sidecar
2026-09-27T11:45:23.858089Z Normal Created Created container agent
2026-09-27T11:45:26.858089Z Normal Created Created container proxy
2026-09-27T11:45:30.858089Z Normal Scheduled Successfully assigned kube-system/kube-proxy-ad4ee3 to ip-10-0-4-20.ec2.internal
2026-09-27T11:45:33.858089Z Normal ScalingReplicaSet Scaled up replica set loki-bc8a697b to 5 from 1
2026-09-27T11:45:37.858089Z Normal LeaderElection metrics-server-457af2 became leader
2026-09-27T11:45:41.858089Z Normal AddedInterface Add eth0 [10.248.93.117] from eni eni-72a8393baac7
2026-09-27T11:45:44.858089Z Normal SuccessfulCreate Created pod: ingress-nginx-controller-0f0ff0
2026-09-27T11:45:48.858089Z Normal SuccessfulCreate Created pod: ingress-nginx-controller-2ab4f6
2026-09-27T11:45:51.858089Z Warning OOMKilled Container app in pod default/worker-d14c16 was killed due to OOM
2026-09-27T11:45:55.858089Z Normal AddedInterface Add eth0 [10.133.1.146] from eni eni-f48aeec3e831
2026-09-27T11:45:59.858089Z Normal ScalingReplicaSet Scaled up replica set oauth-3faf1835 to 6 from 2
2026-09-27T11:46:02.858089Z Normal AddedInterface Add eth0 [10.136.100.6] from eni eni-cd76bc10ee52
2026-09-27T11:46:06.858089Z Normal Started Started container app
2026-09-27T11:46:09.858089Z Normal Synced Successfully synced pay-worker-017ca4
2026-09-27T11:46:13.858089Z Normal LeaderElection api-4350f8 became leader
2026-09-27T11:46:17.858089Z Normal Pulled Container image "public.ecr.aws/eks/aws-node:v1.14.1" already present on machine
2026-09-27T11:46:20.858089Z Normal Pulled Container image "registry.k8s.io/coredns/coredns:v1.11.1" already present on machine
2026-09-27T11:46:24.858089Z Normal Started Started container agent
2026-09-27T11:46:27.858089Z Normal SuccessfulCreate Created pod: web-5b4212
2026-09-27T11:46:31.858089Z Normal Synced Successfully synced frontend-dca496
2026-09-27T11:46:35.858089Z Normal Scheduled Successfully assigned kube-system/kube-proxy-af8eaa to ip-10-0-1-10.ec2.internal
2026-09-27T11:46:38.858089Z Warning NodeNotReady Node ip-10-0-4-20.ec2.internal status is now: NodeNotReady
2026-09-27T11:46:42.858089Z Normal Created Created container proxy
2026-09-27T11:46:45.858089Z Normal Created Created container sidecar
2026-09-27T11:46:49.858089Z Normal Synced Successfully synced api-36e2b9
2026-09-27T11:46:53.858089Z Normal Pulled Container image "ghcr.io/company/auth-api:1.9.0" already present on machine
2026-09-27T11:46:56.858089Z Warning OOMKilled Container app in pod auth/auth-api-a33639 was killed due to OOM
2026-09-27T11:47:00.858089Z Normal Scheduled Successfully assigned kube-system/coredns-66f354 to ip-10-0-4-40.ec2.internal
2026-09-27T11:47:03.858089Z Normal Pulled Container image "public.ecr.aws/eks/aws-node:v1.14.1" already present on machine
2026-09-27T11:47:07.858089Z Normal ScalingReplicaSet Scaled up replica set loki-35df6f4b to 6 from 2
2026-09-27T11:47:11.858089Z Normal AddedInterface Add eth0 [10.54.54.148] from eni eni-f4d7c71b4daf
2026-09-27T11:47:14.858089Z Normal AddedInterface Add eth0 [10.146.211.66] from eni eni-00867fbe73b6
2026-09-27T11:47:18.858089Z Warning FailedCreate Error creating: pods "metrics-server-dde3fd" is forbidden: error looking up service account kube-system/default: serviceaccount "default" not found
2026-09-27T11:47:21.858089Z Normal Scheduled Successfully assigned auth/auth-api-9d2262 to ip-10-0-2-20.ec2.internal
2026-09-27T11:47:25.858089Z Normal Scheduled Successfully assigned default/api-839a85 to ip-10-0-4-40.ec2.internal
2026-09-27T11:47:29.858089Z Warning FailedScheduling 0/7 nodes are available: Insufficient memory
2026-09-27T11:47:32.858089Z Normal Created Created container app
2026-09-27T11:47:36.858089Z Normal ScalingReplicaSet Scaled up replica set ingress-nginx-controller-ae69cbf8 to 4 from 2
2026-09-27T11:47:39.858089Z Normal AddedInterface Add eth0 [10.125.20.13] from eni eni-9fffbbdecbb3
2026-09-27T11:47:43.858089Z Normal Pulled Container image "nginx:1.25" already present on machine
2026-09-27T11:47:47.858089Z Normal SuccessfulCreate Created pod: ingress-nginx-controller-ad107d
2026-09-27T11:47:50.858089Z Normal SuccessfulCreate Created pod: prometheus-8fc543
2026-09-27T11:47:54.858089Z Normal SuccessfulCreate Created pod: ingress-nginx-controller-49f3a5
2026-09-27T11:47:57.858089Z Normal Created Created container sidecar
2026-09-27T11:48:01.858089Z Normal ScalingReplicaSet Scaled up replica set worker-ca46311f to 3 from 1
2026-09-27T11:48:05.858089Z Normal Pulled Container image "registry.k8s.io/coredns/coredns:v1.11.1" already present on machine
2026-09-27T11:48:08.858089Z Normal ScalingReplicaSet Scaled up replica set oauth-9e57fd86 to 4 from 2
2026-09-27T11:48:12.858089Z Normal SuccessfulCreate Created pod: worker-7fe814
2026-09-27T11:48:15.858089Z Warning FailedCreate Error creating: pods "web-2c1df5" is forbidden: error looking up service account default/default: serviceaccount "default" not found
2026-09-27T11:48:19.858089Z Normal Started Started container app
2026-09-27T11:48:23.858089Z Normal Started Started container app
2026-09-27T11:48:26.858089Z Normal Created Created container agent
2026-09-27T11:48:30.858089Z Normal LeaderElection ingress-nginx-controller-e70226 became leader
2026-09-27T11:48:33.858089Z Normal SuccessfulCreate Created pod: pay-api-7d063d
2026-09-27T11:48:37.858089Z Warning CrashLoopBackOff pod/pay-worker-bc9ee7 CrashLoopBackOff
2026-09-27T11:48:41.858089Z Normal SuccessfulCreate Created pod: api-1092c2
2026-09-27T11:48:44.858089Z Normal Synced Successfully synced frontend-3e1b76
2026-09-27T11:48:48.858089Z Normal Started Started container sidecar
2026-09-27T11:48:51.858089Z Normal LeaderElection oauth-b14a5a became leader
2026-09-27T11:48:55.858089Z Normal SuccessfulCreate Created pod: worker-d32824
2026-09-27T11:48:59.858089Z Warning FailedScheduling 0/3 nodes are available: 0/5 nodes available: pod has unbound immediate PersistentVolumeClaims
2026-09-27T11:49:02.858089Z Normal Synced Successfully synced api-07f025
2026-09-27T11:49:06.858089Z Normal SuccessfulCreate Created pod: web-971c63
2026-09-27T11:49:09.858089Z Normal Created Created container app
2026-09-27T11:49:13.858089Z Normal Scheduled Successfully assigned payments/pay-api-a8e847 to ip-10-0-4-30.ec2.internal
2026-09-27T11:49:17.858089Z Normal Started Started container proxy
2026-09-27T11:49:20.858089Z Normal Scheduled Successfully assigned ingress-nginx/ingress-nginx-controller-c1a1b3 to ip-10-0-2-40.ec2.internal
2026-09-27T11:49:24.858089Z Normal Synced Successfully synced auth-api-54eee3
2026-09-27T11:49:27.858089Z Normal LeaderElection api-3da8f6 became leader
2026-09-27T11:49:31.858089Z Normal SuccessfulCreate Created pod: frontend-589dee
2026-09-27T11:49:35.858089Z Normal ScalingReplicaSet Scaled up replica set pay-api-574bc1e2 to 3 from 0
2026-09-27T11:49:38.858089Z Normal Scheduled Successfully assigned observability/prometheus-6e9c88 to ip-10-0-5-40.ec2.internal
2026-09-27T11:49:42.858089Z Normal Pulled Container image "ghcr.io/company/auth-api:1.9.0" already present on machine
2026-09-27T11:49:45.858089Z Normal Pulled Container image "busybox:1.36" already present on machine
2026-09-27T11:49:49.858089Z Normal ScalingReplicaSet Scaled up replica set web-17e5eae2 to 6 from 1
2026-09-27T11:49:53.858089Z Normal ScalingReplicaSet Scaled up replica set ingress-nginx-controller-4f1ef959 to 2 from 0
2026-09-27T11:49:56.858089Z Normal Pulled Container image "ghcr.io/company/auth-api:1.9.0" already present on machine
2026-09-27T11:50:00.858089Z Normal Pulled Container image "python:3.11-slim" already present on machine
2026-09-27T11:50:03.858089Z Normal Scheduled Successfully assigned auth/oauth-31388c to ip-10-0-5-50.ec2.internal
2026-09-27T11:50:07.858089Z Normal ScalingReplicaSet Scaled up replica set aws-node-8505cd7a to 4 from 1
2026-09-27T11:50:11.858089Z Normal Scheduled Successfully assigned payments/pay-worker-382343 to ip-10-0-1-50.ec2.internal
2026-09-27T11:50:14.858089Z Normal Synced Successfully synced worker-1e4090
2026-09-27T11:50:18.858089Z Normal ScalingReplicaSet Scaled up replica set coredns-e3678911 to 5 from 2
2026-09-27T11:50:21.858089Z Normal LeaderElection metrics-server-ac850b became leader
2026-09-27T11:50:25.858089Z Normal LeaderElection kube-proxy-dfacdc became leader
2026-09-27T11:50:29.858089Z Normal ScalingReplicaSet Scaled up replica set pay-api-5daff238 to 6 from 0
2026-09-27T11:50:32.858089Z Normal AddedInterface Add eth0 [10.26.208.230] from eni eni-61b43645a92a
2026-09-27T11:50:36.858089Z Normal ScalingReplicaSet Scaled up replica set auth-api-47d2a8de to 2 from 2
2026-09-27T11:50:39.858089Z Normal Synced Successfully synced auth-api-c5189f
2026-09-27T11:50:43.858089Z Normal Synced Successfully synced worker-ba733b
2026-09-27T11:50:47.858089Z Normal Created Created container sidecar
2026-09-27T11:50:50.858089Z Normal Pulled Container image "python:3.11-slim" already present on machine
2026-09-27T11:50:54.858089Z Normal SuccessfulCreate Created pod: loki-c9df20
2026-09-27T11:50:57.858089Z Normal Pulled Container image "public.ecr.aws/eks/aws-node:v1.14.1" already present on machine
2026-09-27T11:51:01.858089Z Normal AddedInterface Add eth0 [10.15.92.192] from eni eni-6794bba38247
2026-09-27T11:51:05.858089Z Normal Pulled Container image "public.ecr.aws/eks/aws-node:v1.14.1" already present on machine
2026-09-27T11:51:08.858089Z Normal Scheduled Successfully assigned default/api-e706fe to ip-10-0-1-30.ec2.internal
2026-09-27T11:51:12.858089Z Normal Started Started container proxy
2026-09-27T11:51:15.858089Z Normal ScalingReplicaSet Scaled up replica set kube-proxy-86b045b2 to 4 from 0
2026-09-27T11:51:19.858089Z Normal Synced Successfully synced kube-proxy-4134ab
2026-09-27T11:51:23.858089Z Normal LeaderElection api-ff1eac became leader
2026-09-27T11:51:26.858089Z Normal SuccessfulCreate Created pod: pay-worker-8eb7f1
2026-09-27T11:51:30.858089Z Normal Scheduled Successfully assigned auth/oauth-9998e9 to ip-10-0-2-40.ec2.internal
2026-09-27T11:51:33.858089Z Normal Pulled Container image "ghcr.io/company/auth-api:1.9.0" already present on machine
2026-09-27T11:51:37.858089Z Normal Started Started container sidecar
2026-09-27T11:51:41.858089Z Normal Started Started container app
2026-09-27T11:51:44.858089Z Normal ScalingReplicaSet Scaled up replica set coredns-60214359 to 4 from 0
2026-09-27T11:51:48.858089Z Normal AddedInterface Add eth0 [10.17.115.219] from eni eni-5aee42f65287
2026-09-27T11:51:51.858089Z Normal Started Started container sidecar
2026-09-27T11:51:55.858089Z Normal SuccessfulCreate Created pod: oauth-f42cf8
2026-09-27T11:51:59.858089Z Normal Pulled Container image "ghcr.io/company/auth-api:1.9.0" already present on machine
2026-09-27T11:52:02.858089Z Normal Pulled Container image "registry.k8s.io/coredns/coredns:v1.11.1" already present on machine
2026-09-27T11:52:06.858089Z Normal Created Created container app
2026-09-27T11:52:09.858089Z Normal SuccessfulCreate Created pod: api-c0fbc1
2026-09-27T11:52:13.858089Z Normal Started Started container proxy
2026-09-27T11:52:17.858089Z Normal Pulled Container image "public.ecr.aws/eks/aws-node:v1.14.1" already present on machine
2026-09-27T11:52:20.858089Z Normal Created Created container agent
2026-09-27T11:52:24.858089Z Normal SuccessfulCreate Created pod: ingress-nginx-controller-56aa96
2026-09-27T11:52:27.858089Z Normal Started Started container agent
2026-09-27T11:52:31.858089Z Normal LeaderElection ingress-nginx-controller-243638 became leader
2026-09-27T11:52:35.858089Z Normal Scheduled Successfully assigned payments/pay-api-14d6fc to ip-10-0-2-20.ec2.internal
2026-09-27T11:52:38.858089Z Normal AddedInterface Add eth0 [10.170.183.189] from eni eni-7b03a5cfb63d
2026-09-27T11:52:42.858089Z Normal Created Created container proxy
2026-09-27T11:52:45.858089Z Normal Created Created container agent
2026-09-27T11:52:49.858089Z Normal SuccessfulCreate Created pod: prometheus-cadb37
2026-09-27T11:52:53.858089Z Normal Started Started container agent
2026-09-27T11:52:56.858089Z Normal Synced Successfully synced loki-4c79d2
2026-09-27T11:53:00.858089Z Normal Created Created container agent
2026-09-27T11:53:03.858089Z Normal Started Started container app
2026-09-27T11:53:07.858089Z Normal Scheduled Successfully assigned auth/auth-api-bc3688 to ip-10-0-1-50.ec2.internal
2026-09-27T11:53:11.858089Z Normal LeaderElection api-351eae became leader
2026-09-27T11:53:14.858089Z Normal Created Created container agent
2026-09-27T11:53:18.858089Z Normal Started Started container proxy
2026-09-27T11:53:21.858089Z Normal LeaderElection worker-d19b2b became leader
2026-09-27T11:53:25.858089Z Normal Synced Successfully synced prometheus-14d6b9
2026-09-27T11:53:29.858089Z Normal Synced Successfully synced pay-api-903782
2026-09-27T11:53:32.858089Z Normal Scheduled Successfully assigned default/frontend-10183c to ip-10-0-1-10.ec2.internal
2026-09-27T11:53:36.858089Z Normal SuccessfulCreate Created pod: auth-api-7a5d78
2026-09-27T11:53:39.858089Z Normal SuccessfulCreate Created pod: prometheus-c1368f
2026-09-27T11:53:43.858089Z Normal AddedInterface Add eth0 [10.21.143.177] from eni eni-93d1b2763a2e
2026-09-27T11:53:47.858089Z Normal ScalingReplicaSet Scaled up replica set ingress-nginx-controller-6a746022 to 5 from 2
2026-09-27T11:53:50.858089Z Normal Scheduled Successfully assigned observability/prometheus-65f9e0 to ip-10-0-1-30.ec2.internal
2026-09-27T11:53:54.858089Z Normal SuccessfulCreate Created pod: pay-api-b6be78
2026-09-27T11:53:57.858089Z Normal Synced Successfully synced oauth-45a04e
2026-09-27T11:54:01.858089Z Normal SuccessfulCreate Created pod: grafana-d250c8
2026-09-27T11:54:05.858089Z Normal Pulled Container image "nginx:1.25" already present on machine
2026-09-27T11:54:08.858089Z Normal LeaderElection grafana-c407f2 became leader
2026-09-27T11:54:12.858089Z Normal LeaderElection api-c85d5d became leader
2026-09-27T11:54:15.858089Z Normal Synced Successfully synced pay-api-3fa04c
2026-09-27T11:54:19.858089Z Normal ScalingReplicaSet Scaled up replica set prometheus-414c057d to 6 from 0
2026-09-27T11:54:23.858089Z Normal AddedInterface Add eth0 [10.212.104.78] from eni eni-28ea970edd75
2026-09-27T11:54:26.858089Z Normal Pulled Container image "ghcr.io/company/auth-api:1.9.0" already present on machine
2026-09-27T11:54:30.858089Z Warning Unhealthy Readiness probe failed: Get "http://10.39.205.175:9090/health": dial tcp 10.39.205.175:9090: i/o timeout
2026-09-27T11:54:33.858089Z Normal Scheduled Successfully assigned payments/pay-worker-de04b6 to ip-10-0-5-50.ec2.internal
2026-09-27T11:54:37.858089Z Normal AddedInterface Add eth0 [10.149.80.8] from eni eni-5119b374211c
2026-09-27T11:54:41.858089Z Normal LeaderElection ingress-nginx-controller-e80522 became leader
2026-09-27T11:54:44.858089Z Normal AddedInterface Add eth0 [10.224.97.1] from eni eni-6fc010062883
2026-09-27T11:54:48.858089Z Normal AddedInterface Add eth0 [10.27.75.201] from eni eni-728ed5dd1e9d
2026-09-27T11:54:51.858089Z Normal AddedInterface Add eth0 [10.138.113.174] from eni eni-fd15866ef883
2026-09-27T11:54:55.858089Z Normal Synced Successfully synced frontend-3085d6
2026-09-27T11:54:59.858089Z Normal AddedInterface Add eth0 [10.152.21.115] from eni eni-c8aae499d968
2026-09-27T11:55:02.858089Z Normal SuccessfulCreate Created pod: auth-api-dfec1f
2026-09-27T11:55:06.858089Z Normal Synced Successfully synced prometheus-146c0f
2026-09-27T11:55:09.858089Z Normal Synced Successfully synced frontend-b3e3bb
2026-09-27T11:55:13.858089Z Normal Created Created container app
2026-09-27T11:55:17.858089Z Normal ScalingReplicaSet Scaled up replica set ingress-nginx-controller-b4e01c59 to 6 from 2
2026-09-27T11:55:20.858089Z Normal ScalingReplicaSet Scaled up replica set pay-api-eb1b655d to 3 from 1
2026-09-27T11:55:24.858089Z Warning NodeNotReady Node ip-10-0-4-40.ec2.internal status is now: NodeNotReady
2026-09-27T11:55:27.858089Z Normal SuccessfulCreate Created pod: prometheus-86e0fa
2026-09-27T11:55:31.858089Z Normal SuccessfulCreate Created pod: pay-worker-5e9fc0
2026-09-27T11:55:35.858089Z Normal AddedInterface Add eth0 [10.19.195.104] from eni eni-873816d375f4
2026-09-27T11:55:38.858089Z Normal Scheduled Successfully assigned auth/auth-api-760f8c to ip-10-0-1-50.ec2.internal
2026-09-27T11:55:42.858089Z Normal Synced Successfully synced oauth-c8e387
2026-09-27T11:55:45.858089Z Normal Synced Successfully synced pay-api-205903
2026-09-27T11:55:49.858089Z Warning CrashLoopBackOff pod/oauth-1e7607 CrashLoopBackOff
2026-09-27T11:55:53.858089Z Normal Started Started container proxy
2026-09-27T11:55:56.858089Z Normal AddedInterface Add eth0 [10.8.104.133] from eni eni-fd2cb71eb58f
2026-09-27T11:56:00.858089Z Normal Scheduled Successfully assigned default/frontend-c7905e to ip-10-0-5-10.ec2.internal
2026-09-27T11:56:03.858089Z Normal LeaderElection ingress-nginx-controller-ab0a47 became leader
2026-09-27T11:56:07.858089Z Normal Pulled Container image "python:3.11-slim" already present on machine
2026-09-27T11:56:11.858089Z Normal Synced Successfully synced prometheus-b82d20
2026-09-27T11:56:14.858089Z Normal ScalingReplicaSet Scaled up replica set ingress-nginx-controller-6c374d4e to 3 from 0
2026-09-27T11:56:18.858089Z Normal Synced Successfully synced ingress-nginx-controller-c38ca6
2026-09-27T11:56:21.858089Z Normal Created Created container agent
2026-09-27T11:56:25.858089Z Warning ImagePullBackOff Back-off pulling image "busybox:1.36"
2026-09-27T11:56:29.858089Z Normal AddedInterface Add eth0 [10.36.241.162] from eni eni-6b7550c24122
2026-09-27T11:56:32.858089Z Normal SuccessfulCreate Created pod: pay-api-54f5c4
2026-09-27T11:56:36.858089Z Normal Synced Successfully synced worker-13459f
2026-09-27T11:56:39.858089Z Normal Scheduled Successfully assigned ingress-nginx/ingress-nginx-controller-be38cf to ip-10-0-5-20.ec2.internal
2026-09-27T11:56:43.858089Z Normal Started Started container agent
2026-09-27T11:56:47.858089Z Normal Created Created container app
2026-09-27T11:56:50.858089Z Normal Scheduled Successfully assigned auth/oauth-dc135c to ip-10-0-4-30.ec2.internal
2026-09-27T11:56:54.858089Z Normal Started Started container agent
2026-09-27T11:56:57.858089Z Normal Synced Successfully synced kube-proxy-c67cab
2026-09-27T11:57:01.858089Z Normal Scheduled Successfully assigned default/web-961b03 to ip-10-0-5-50.ec2.internal
2026-09-27T11:57:05.858089Z Normal Created Created container agent
2026-09-27T11:57:08.858089Z Normal Started Started container agent
2026-09-27T11:57:12.858089Z Normal ScalingReplicaSet Scaled up replica set web-df51254e to 3 from 2
2026-09-27T11:57:15.858089Z Normal Scheduled Successfully assigned payments/pay-api-4922a8 to ip-10-0-4-10.ec2.internal
2026-09-27T11:57:19.858089Z Normal ScalingReplicaSet Scaled up replica set ingress-nginx-controller-ac14b31c to 3 from 2
2026-09-27T11:57:23.858089Z Normal LeaderElection grafana-11742f became leader
2026-09-27T11:57:26.858089Z Normal AddedInterface Add eth0 [10.154.8.34] from eni eni-d531a3cf9c21
2026-09-27T11:57:30.858089Z Warning Unhealthy Readiness probe failed: Get "http://10.169.26.101:443/health": dial tcp 10.169.26.101:443: i/o timeout
2026-09-27T11:57:33.858089Z Normal Started Started container app
2026-09-27T11:57:37.858089Z Warning DiskPressure Node ip-10-0-5-30.ec2.internal status is now: NodeHasDiskPressure
2026-09-27T11:57:41.858089Z Normal Pulled Container image "public.ecr.aws/eks/aws-node:v1.14.1" already present on machine
2026-09-27T11:57:44.858089Z Normal LeaderElection pay-worker-36e325 became leader
2026-09-27T11:57:48.858089Z Normal Started Started container app
2026-09-27T11:57:51.858089Z Normal Created Created container proxy
2026-09-27T11:57:55.858089Z Warning ErrImagePull Failed to pull image "ghcr.io/company/auth-api:1.9.0": rpc error: code = Unknown desc = Error response from daemon: pull access denied
2026-09-27T11:57:59.858089Z Warning Unhealthy Readiness probe failed: Get "http://10.167.157.114:8080/health": dial tcp 10.167.157.114:8080: i/o timeout
2026-09-27T11:58:02.858089Z Normal Synced Successfully synced auth-api-6ca062
2026-09-27T11:58:06.858089Z Normal Synced Successfully synced ingress-nginx-controller-e0c141
2026-09-27T11:58:09.858089Z Normal LeaderElection worker-063747 became leader
2026-09-27T11:58:13.858089Z Normal Scheduled Successfully assigned kube-system/aws-node-99fe21 to ip-10-0-1-50.ec2.internal
2026-09-27T11:58:17.858089Z Normal Synced Successfully synced kube-proxy-e95714
2026-09-27T11:58:20.858089Z Normal Scheduled Successfully assigned auth/auth-api-f72a49 to ip-10-0-2-30.ec2.internal
2026-09-27T11:58:24.858089Z Normal SuccessfulCreate Created pod: loki-b406b1
2026-09-27T11:58:27.858089Z Normal ScalingReplicaSet Scaled up replica set grafana-13b9dda5 to 2 from 1
2026-09-27T11:58:31.858089Z Normal Pulled Container image "registry.k8s.io/coredns/coredns:v1.11.1" already present on machine
2026-09-27T11:58:35.858089Z Normal Created Created container app
2026-09-27T11:58:38.858089Z Normal LeaderElection ingress-nginx-controller-ba79e1 became leader
2026-09-27T11:58:42.858089Z Warning NodeNotReady Node ip-10-0-3-30.ec2.internal status is now: NodeNotReady
2026-09-27T11:58:45.858089Z Normal ScalingReplicaSet Scaled up replica set ingress-nginx-controller-f25449fb to 6 from 0
2026-09-27T11:58:49.858089Z Warning BackOff Back-off restarting failed container sidecar in pod payments/pay-worker-1d96bf
2026-09-27T11:58:53.858089Z Normal AddedInterface Add eth0 [10.248.142.216] from eni eni-1ad9ad9a27ea
2026-09-27T11:58:56.858089Z Normal LeaderElection oauth-63ed09 became leader
2026-09-27T11:59:00.858089Z Normal AddedInterface Add eth0 [10.131.195.26] from eni eni-f69c6ae29f65
2026-09-27T11:59:03.858089Z Warning FailedCreate Error creating: pods "auth-api-d1fe5e" is forbidden: error looking up service account auth/default: serviceaccount "default" not found
2026-09-27T11:59:07.858089Z Warning MemPressure Node ip-10-0-1-30.ec2.internal status is now: NodeHasMemoryPressure
2026-09-27T11:59:11.858089Z Normal LeaderElection grafana-b79610 became leader
2026-09-27T11:59:14.858089Z Warning NodeNotReady Node ip-10-0-1-10.ec2.internal status is now: NodeNotReady
2026-09-27T11:59:18.858089Z Normal Created Created container proxy
2026-09-27T11:59:21.858089Z Normal Created Created container app
2026-09-27T11:59:25.858089Z Normal SuccessfulCreate Created pod: worker-d72f08
2026-09-27T11:59:29.858089Z Normal LeaderElection frontend-a04795 became leader
2026-09-27T11:59:32.858089Z Normal Scheduled Successfully assigned kube-system/kube-proxy-12ed26 to ip-10-0-4-10.ec2.internal
2026-09-27T11:59:36.858089Z Normal AddedInterface Add eth0 [10.88.23.205] from eni eni-48d19a51eca8
2026-09-27T11:59:39.858089Z Normal LeaderElection auth-api-ffd830 became leader
2026-09-27T11:59:43.858089Z Normal Pulled Container image "python:3.11-slim" already present on machine
2026-09-27T11:59:47.858089Z Normal LeaderElection pay-worker-f12032 became leader
2026-09-27T11:59:50.858089Z Normal AddedInterface Add eth0 [10.114.128.174] from eni eni-109dee3a95e1
2026-09-27T11:59:54.858089Z Normal Pulled Container image "ghcr.io/company/pay-api:2.3.1" already present on machine
2026-09-27T11:59:57.858089Z Normal Started Started container agent
2026-09-27T12:00:01.858089Z Normal Pulled Container image "registry.k8s.io/coredns/coredns:v1.11.1" already present on machine
2026-09-27T12:00:05.858089Z Normal ScalingReplicaSet Scaled up replica set oauth-8b7ca951 to 6 from 1
2026-09-27T12:00:08.858089Z Warning MemPressure Node ip-10-0-1-40.ec2.internal status is now: NodeHasMemoryPressure
2026-09-27T12:00:12.858089Z Normal Created Created container app
2026-09-27T12:00:15.858089Z Normal Synced Successfully synced loki-bf986a
2026-09-27T12:00:19.858089Z Normal Scheduled Successfully assigned ingress-nginx/ingress-nginx-controller-20c918 to ip-10-0-1-40.ec2.internal
2026-09-27T12:00:23.858089Z Normal SuccessfulCreate Created pod: pay-worker-c33b2e
2026-09-27T12:00:26.858089Z Normal Started Started container agent
2026-09-27T12:00:30.858089Z Normal LeaderElection worker-413305 became leader
2026-09-27T12:00:33.858089Z Normal Scheduled Successfully assigned auth/auth-api-a8101d to ip-10-0-4-20.ec2.internal
2026-09-27T12:00:37.858089Z Normal ScalingReplicaSet Scaled up replica set api-cd99400b to 2 from 2
2026-09-27T12:00:41.858089Z Normal Synced Successfully synced auth-api-84c53f
2026-09-27T12:00:44.858089Z Normal Created Created container app
2026-09-27T12:00:48.858089Z Normal Started Started container agent
2026-09-27T12:00:51.858089Z Normal Synced Successfully synced pay-worker-d1e473
2026-09-27T12:00:55.858089Z Normal Scheduled Successfully assigned payments/pay-api-bcec73 to ip-10-0-5-40.ec2.internal
2026-09-27T12:00:59.858089Z Normal SuccessfulCreate Created pod: ingress-nginx-controller-ab7c37
2026-09-27T12:01:02.858089Z Normal Scheduled Successfully assigned observability/grafana-05943c to ip-10-0-4-20.ec2.internal
2026-09-27T12:01:06.858089Z Normal AddedInterface Add eth0 [10.227.58.84] from eni eni-1252cccb621a
2026-09-27T12:01:09.858089Z Normal Created Created container proxy
2026-09-27T12:01:13.858089Z Normal SuccessfulCreate Created pod: loki-806841
2026-09-27T12:01:17.858089Z Normal Synced Successfully synced pay-worker-b28c4c
2026-09-27T12:01:20.858089Z Normal Created Created container agent
2026-09-27T12:01:24.858089Z Normal ScalingReplicaSet Scaled up replica set frontend-7c86c785 to 4 from 2
2026-09-27T12:01:27.858089Z Warning ErrImagePull Failed to pull image "public.ecr.aws/eks/aws-node:v1.14.1": rpc error: code = Unknown desc = Error response from daemon: pull access denied
2026-09-27T12:01:31.858089Z Normal Pulled Container image "busybox:1.36" already present on machine
2026-09-27T12:01:35.858089Z Normal AddedInterface Add eth0 [10.84.39.132] from eni eni-273d99935968
2026-09-27T12:01:38.858089Z Normal SuccessfulCreate Created pod: prometheus-300722
2026-09-27T12:01:42.858089Z Normal Started Started container agent
2026-09-27T12:01:45.858089Z Normal Started Started container agent
2026-09-27T12:01:49.858089Z Warning ErrImagePull Failed to pull image "registry.k8s.io/coredns/coredns:v1.11.1": rpc error: code = Unknown desc = Error response from daemon: pull access denied
2026-09-27T12:01:53.858089Z Normal ScalingReplicaSet Scaled up replica set pay-api-8930a4e1 to 3 from 2
2026-09-27T12:01:56.858089Z Normal ScalingReplicaSet Scaled up replica set grafana-fd1e0a72 to 2 from 1
2026-09-27T12:02:00.858089Z Normal LeaderElection grafana-6c9580 became leader
2026-09-27T12:02:03.858089Z Normal Created Created container app
2026-09-27T12:02:07.858089Z Warning DNSConfigForming Nameserver limits were exceeded, some nameservers have been omitted, the applied nameserver line is: 10.165.1.250 10.91.171.88 10.32.106.213 10.138.147.237 10.130.204.124
2026-09-27T12:02:11.858089Z Warning ErrImagePull Failed to pull image "public.ecr.aws/eks/aws-node:v1.14.1": rpc error: code = Unknown desc = Error response from daemon: pull access denied
2026-09-27T12:02:14.858089Z Normal LeaderElection coredns-038d4e became leader
2026-09-27T12:02:18.858089Z Normal Pulled Container image "busybox:1.36" already present on machine
2026-09-27T12:02:21.858089Z Normal Created Created container app
2026-09-27T12:02:25.858089Z Normal Created Created container proxy
2026-09-27T12:02:29.858089Z Normal SuccessfulCreate Created pod: frontend-d9c746
2026-09-27T12:02:32.858089Z Normal AddedInterface Add eth0 [10.27.94.50] from eni eni-5ba48ed33c09
2026-09-27T12:02:36.858089Z Normal Pulled Container image "ghcr.io/company/pay-api:2.3.1" already present on machine
2026-09-27T12:02:39.858089Z Normal Created Created container proxy
2026-09-27T12:02:43.858089Z Normal Scheduled Successfully assigned payments/pay-worker-7d5ffe to ip-10-0-2-30.ec2.internal
2026-09-27T12:02:47.858089Z Normal Scheduled Successfully assigned auth/auth-api-ba157a to ip-10-0-2-10.ec2.internal
2026-09-27T12:02:50.858089Z Normal ScalingReplicaSet Scaled up replica set kube-proxy-8690e104 to 3 from 2
2026-09-27T12:02:54.858089Z Normal ScalingReplicaSet Scaled up replica set pay-api-3bafdc23 to 3 from 0
2026-09-27T12:02:57.858089Z Normal AddedInterface Add eth0 [10.152.226.110] from eni eni-3b9d6266aec9
2026-09-27T12:03:01.858089Z Normal Synced Successfully synced kube-proxy-02866a
2026-09-27T12:03:05.858089Z Normal Created Created container proxy
2026-09-27T12:03:08.858089Z Normal Started Started container app
2026-09-27T12:03:12.858089Z Normal LeaderElection oauth-603441 became leader
2026-09-27T12:03:15.858089Z Normal ScalingReplicaSet Scaled up replica set prometheus-e627578d to 3 from 2
2026-09-27T12:03:19.858089Z Normal LeaderElection oauth-2151b9 became leader
2026-09-27T12:03:23.858089Z Normal LeaderElection kube-proxy-5fb14e became leader
2026-09-27T12:03:26.858089Z Normal LeaderElection ingress-nginx-controller-8831f5 became leader
2026-09-27T12:03:30.858089Z Normal Started Started container app
2026-09-27T12:03:33.858089Z Normal AddedInterface Add eth0 [10.114.42.26] from eni eni-6f7b4eb31a27
2026-09-27T12:03:37.858089Z Normal Synced Successfully synced pay-api-008859
2026-09-27T12:03:41.858089Z Normal SuccessfulCreate Created pod: worker-6425c2
2026-09-27T12:03:44.858089Z Normal ScalingReplicaSet Scaled up replica set api-0939ebef to 4 from 0
2026-09-27T12:03:48.858089Z Normal Synced Successfully synced ingress-nginx-controller-2ac17b
2026-09-27T12:03:51.858089Z Normal LeaderElection oauth-802b8c became leader
2026-09-27T12:03:55.858089Z Normal AddedInterface Add eth0 [10.209.231.254] from eni eni-987d495d4b52
2026-09-27T12:03:59.858089Z Normal Scheduled Successfully assigned observability/prometheus-90d3f5 to ip-10-0-4-50.ec2.internal
2026-09-27T12:04:02.858089Z Normal SuccessfulCreate Created pod: ingress-nginx-controller-6a5826
2026-09-27T12:04:06.858089Z Normal AddedInterface Add eth0 [10.140.51.73] from eni eni-cdf2de9926f0
2026-09-27T12:04:09.858089Z Normal Pulled Container image "registry.k8s.io/coredns/coredns:v1.11.1" already present on machine
2026-09-27T12:04:13.858089Z Normal Created Created container app
2026-09-27T12:04:17.858089Z Normal Created Created container app
2026-09-27T12:04:20.858089Z Normal Pulled Container image "public.ecr.aws/eks/aws-node:v1.14.1" already present on machine
2026-09-27T12:04:24.858089Z Warning ErrImagePull Failed to pull image "registry.k8s.io/coredns/coredns:v1.11.1": rpc error: code = Unknown desc = Error response from daemon: pull access denied
2026-09-27T12:04:27.858089Z Normal Synced Successfully synced auth-api-b6e6fd
2026-09-27T12:04:31.858089Z Normal Pulled Container image "registry.k8s.io/coredns/coredns:v1.11.1" already present on machine
2026-09-27T12:04:35.858089Z Normal Created Created container proxy
2026-09-27T12:04:38.858089Z Normal LeaderElection prometheus-e40edd became leader
2026-09-27T12:04:42.858089Z Normal Synced Successfully synced frontend-73b0b5
2026-09-27T12:04:45.858089Z Normal SuccessfulCreate Created pod: api-a8f2aa
2026-09-27T12:04:49.858089Z Normal ScalingReplicaSet Scaled up replica set grafana-545e4a98 to 5 from 1
2026-09-27T12:04:53.858089Z Normal Created Created container sidecar
2026-09-27T12:04:56.858089Z Normal Scheduled Successfully assigned ingress-nginx/ingress-nginx-controller-cca27a to ip-10-0-3-50.ec2.internal
2026-09-27T12:05:00.858089Z Warning DNSConfigForming Nameserver limits were exceeded, some nameservers have been omitted, the applied nameserver line is: 10.215.92.67 10.20.227.200 10.52.2.1 10.210.209.139 10.30.139.253
2026-09-27T12:05:03.858089Z Normal Created Created container proxy
2026-09-27T12:05:07.858089Z Normal Created Created container sidecar
2026-09-27T12:05:11.858089Z Normal AddedInterface Add eth0 [10.0.139.24] from eni eni-7799ec8e5d8f
2026-09-27T12:05:14.858089Z Normal Scheduled Successfully assigned auth/auth-api-cf40fe to ip-10-0-2-30.ec2.internal
2026-09-27T12:05:18.858089Z Normal ScalingReplicaSet Scaled up replica set grafana-eefee672 to 5 from 2
2026-09-27T12:05:21.858089Z Warning ImagePullBackOff Back-off pulling image "nginx:1.25"
2026-09-27T12:05:25.858089Z Normal ScalingReplicaSet Scaled up replica set ingress-nginx-controller-5f6b1c44 to 5 from 2
2026-09-27T12:05:29.858089Z Normal Synced Successfully synced ingress-nginx-controller-abe424
2026-09-27T12:05:32.858089Z Normal ScalingReplicaSet Scaled up replica set ingress-nginx-controller-4ca454f0 to 6 from 2
2026-09-27T12:05:36.858089Z Normal LeaderElection loki-77921b became leader
2026-09-27T12:05:39.858089Z Normal LeaderElection worker-85251b became leader
2026-09-27T12:05:43.858089Z Normal ScalingReplicaSet Scaled up replica set pay-api-e154822e to 3 from 1
2026-09-27T12:05:47.858089Z Normal Started Started container proxy
2026-09-27T12:05:50.858089Z Normal Synced Successfully synced prometheus-74db20
2026-09-27T12:05:54.858089Z Normal Scheduled Successfully assigned default/worker-a3ab4d to ip-10-0-5-20.ec2.internal
2026-09-27T12:05:57.858089Z Normal LeaderElection frontend-4f90b7 became leader
2026-09-27T12:06:01.858089Z Normal LeaderElection loki-0643d0 became leader
2026-09-27T12:06:05.858089Z Normal ScalingReplicaSet Scaled up replica set prometheus-ba0a5e1a to 6 from 1
2026-09-27T12:06:08.858089Z Normal Created Created container app
2026-09-27T12:06:12.858089Z Normal Created Created container app
2026-09-27T12:06:15.858089Z Normal LeaderElection prometheus-f7a28e became leader
2026-09-27T12:06:19.858089Z Normal Pulled Container image "python:3.11-slim" already present on machine
2026-09-27T12:06:23.858089Z Normal Scheduled Successfully assigned kube-system/coredns-300478 to ip-10-0-2-50.ec2.internal
2026-09-27T12:06:26.858089Z Normal Scheduled Successfully assigned kube-system/aws-node-d27560 to ip-10-0-2-20.ec2.internal
2026-09-27T12:06:30.858089Z Normal LeaderElection ingress-nginx-controller-9ef63b became leader
2026-09-27T12:06:33.858089Z Normal Created Created container agent
2026-09-27T12:06:37.858089Z Normal Synced Successfully synced grafana-3340c3
2026-09-27T12:06:41.858089Z Normal Pulled Container image "public.ecr.aws/eks/aws-node:v1.14.1" already present on machine
2026-09-27T12:06:44.858089Z Normal ScalingReplicaSet Scaled up replica set prometheus-f2d453c4 to 2 from 1
2026-09-27T12:06:48.858089Z Normal ScalingReplicaSet Scaled up replica set metrics-server-4f975073 to 5 from 2
2026-09-27T12:06:51.858089Z Warning CrashLoopBackOff pod/frontend-b84f73 CrashLoopBackOff
2026-09-27T12:06:55.858089Z Normal Pulled Container image "ghcr.io/company/auth-api:1.9.0" already present on machine
2026-09-27T12:06:59.858089Z Normal Started Started container app
2026-09-27T12:07:02.858089Z Normal AddedInterface Add eth0 [10.73.132.112] from eni eni-f9e5bd6d677e
2026-09-27T12:07:06.858089Z Normal Synced Successfully synced auth-api-ca7980
2026-09-27T12:07:09.858089Z Normal Scheduled Successfully assigned auth/auth-api-4897d0 to ip-10-0-3-10.ec2.internal
2026-09-27T12:07:13.858089Z Normal ScalingReplicaSet Scaled up replica set metrics-server-663e1f84 to 2 from 0
2026-09-27T12:07:17.858089Z Normal ScalingReplicaSet Scaled up replica set pay-api-faff9431 to 5 from 2
2026-09-27T12:07:20.858089Z Normal SuccessfulCreate Created pod: pay-worker-40065a
2026-09-27T12:07:24.858089Z Normal LeaderElection worker-b9b26d became leader
2026-09-27T12:07:27.858089Z Normal LeaderElection oauth-4f599a became leader
2026-09-27T12:07:31.858089Z Normal SuccessfulCreate Created pod: auth-api-cab678
2026-09-27T12:07:35.858089Z Normal SuccessfulCreate Created pod: coredns-73d8a8
2026-09-27T12:07:38.858089Z Normal SuccessfulCreate Created pod: auth-api-73319e
2026-09-27T12:07:42.858089Z Normal Started Started container sidecar
2026-09-27T12:07:45.858089Z Normal Synced Successfully synced ingress-nginx-controller-082edf
2026-09-27T12:07:49.858089Z Normal Created Created container sidecar
2026-09-27T12:07:53.858089Z Normal Started Started container agent
2026-09-27T12:07:56.858089Z Normal LeaderElection ingress-nginx-controller-43bdcc became leader
2026-09-27T12:08:00.858089Z Normal SuccessfulCreate Created pod: ingress-nginx-controller-7fda1d
2026-09-27T12:08:03.858089Z Normal Scheduled Successfully assigned default/web-0b0965 to ip-10-0-2-20.ec2.internal
2026-09-27T12:08:07.858089Z Normal AddedInterface Add eth0 [10.176.30.139] from eni eni-c4fda0c37395
2026-09-27T12:08:11.858089Z Normal Pulled Container image "ghcr.io/company/pay-api:2.3.1" already present on machine
2026-09-27T12:08:14.858089Z Normal Started Started container sidecar
2026-09-27T12:08:18.858089Z Normal ScalingReplicaSet Scaled up replica set pay-worker-e6de836d to 5 from 1
2026-09-27T12:08:21.858089Z Normal Synced Successfully synced pay-api-f1c482
2026-09-27T12:08:25.858089Z Normal AddedInterface Add eth0 [10.47.54.94] from eni eni-22a2db7b26ed
2026-09-27T12:08:29.858089Z Warning DNSConfigForming Nameserver limits were exceeded, some nameservers have been omitted, the applied nameserver line is: 10.164.14.86 10.106.191.49 10.130.182.165 10.34.178.109 10.167.225.181
2026-09-27T12:08:32.858089Z Normal Created Created container sidecar
2026-09-27T12:08:36.858089Z Normal Synced Successfully synced ingress-nginx-controller-422935
2026-09-27T12:08:39.858089Z Normal LeaderElection api-58feb9 became leader
2026-09-27T12:08:43.858089Z Normal AddedInterface Add eth0 [10.189.31.43] from eni eni-335c1f474ff3
2026-09-27T12:08:47.858089Z Normal Synced Successfully synced pay-api-f095a5
2026-09-27T12:08:50.858089Z Normal Pulled Container image "busybox:1.36" already present on machine
2026-09-27T12:08:54.858089Z Normal Scheduled Successfully assigned observability/prometheus-8dce67 to ip-10-0-3-10.ec2.internal
2026-09-27T12:08:57.858089Z Normal SuccessfulCreate Created pod: api-7b18ab
2026-09-27T12:09:01.858089Z Normal Synced Successfully synced ingress-nginx-controller-aa0f2b
2026-09-27T12:09:05.858089Z Normal Scheduled Successfully assigned observability/loki-b03d4a to ip-10-0-4-50.ec2.internal
2026-09-27T12:09:08.858089Z Normal ScalingReplicaSet Scaled up replica set ingress-nginx-controller-2a8e49ae to 3 from 0
2026-09-27T12:09:12.858089Z Normal Created Created container proxy
2026-09-27T12:09:15.858089Z Normal Synced Successfully synced auth-api-e05185
2026-09-27T12:09:19.858089Z Warning FailedCreate Error creating: pods "web-708b95" is forbidden: error looking up service account default/default: serviceaccount "default" not found
2026-09-27T12:09:23.858089Z Normal Pulled Container image "public.ecr.aws/eks/aws-node:v1.14.1" already present on machine
2026-09-27T12:09:26.858089Z Normal LeaderElection pay-worker-abf634 became leader
2026-09-27T12:09:30.858089Z Normal Created Created container sidecar
2026-09-27T12:09:33.858089Z Normal Scheduled Successfully assigned observability/grafana-5c88ad to ip-10-0-4-30.ec2.internal
2026-09-27T12:09:37.858089Z Normal ScalingReplicaSet Scaled up replica set ingress-nginx-controller-341e0ade to 2 from 2
2026-09-27T12:09:41.858089Z Normal Started Started container sidecar
2026-09-27T12:09:44.858089Z Normal Pulled Container image "registry.k8s.io/coredns/coredns:v1.11.1" already present on machine
2026-09-27T12:09:48.858089Z Normal Scheduled Successfully assigned ingress-nginx/ingress-nginx-controller-94b2ee to ip-10-0-4-40.ec2.internal
2026-09-27T12:09:51.858089Z Normal Scheduled Successfully assigned default/api-b21f9a to ip-10-0-4-20.ec2.internal
2026-09-27T12:09:55.858089Z Normal LeaderElection coredns-9ff84c became leader
2026-09-27T12:09:59.858089Z Normal SuccessfulCreate Created pod: auth-api-ccc6ef
2026-09-27T12:10:02.858089Z Warning ErrImagePull Failed to pull image "ghcr.io/company/pay-api:2.3.1": rpc error: code = Unknown desc = Error response from daemon: pull access denied
2026-09-27T12:10:06.858089Z Normal Pulled Container image "ghcr.io/company/pay-api:2.3.1" already present on machine
2026-09-27T12:10:09.858089Z Warning FailedCreate Error creating: pods "pay-worker-de36e8" is forbidden: error looking up service account payments/default: serviceaccount "default" not found
2026-09-27T12:10:13.858089Z Normal Pulled Container image "registry.k8s.io/coredns/coredns:v1.11.1" already present on machine
2026-09-27T12:10:17.858089Z Normal Scheduled Successfully assigned observability/loki-af5985 to ip-10-0-4-10.ec2.internal
2026-09-27T12:10:20.858089Z Normal Synced Successfully synced oauth-7f2352
2026-09-27T12:10:24.858089Z Normal ScalingReplicaSet Scaled up replica set grafana-91fd7ea7 to 2 from 2
2026-09-27T12:10:27.858089Z Normal ScalingReplicaSet Scaled up replica set oauth-58d15a68 to 2 from 0
2026-09-27T12:10:31.858089Z Normal Synced Successfully synced ingress-nginx-controller-9f7666
2026-09-27T12:10:35.858089Z Normal Created Created container sidecar
2026-09-27T12:10:38.858089Z Normal Scheduled Successfully assigned default/web-c00638 to ip-10-0-5-10.ec2.internal
2026-09-27T12:10:42.858089Z Normal AddedInterface Add eth0 [10.116.96.105] from eni eni-a1230afa260f
2026-09-27T12:10:45.858089Z Normal Created Created container proxy
2026-09-27T12:10:49.858089Z Normal SuccessfulCreate Created pod: ingress-nginx-controller-8c89e8
2026-09-27T12:10:53.858089Z Normal Synced Successfully synced grafana-ebfa18
2026-09-27T12:10:56.858089Z Normal ScalingReplicaSet Scaled up replica set ingress-nginx-controller-b3a1a8bb to 3 from 1
2026-09-27T12:11:00.858089Z Normal SuccessfulCreate Created pod: loki-933b0d
2026-09-27T12:11:03.858089Z Normal Synced Successfully synced loki-93bc5e
2026-09-27T12:11:07.858089Z Normal AddedInterface Add eth0 [10.78.15.221] from eni eni-ed4ad9359893
2026-09-27T12:11:11.858089Z Normal LeaderElection oauth-5dedf6 became leader
2026-09-27T12:11:14.858089Z Normal Scheduled Successfully assigned observability/loki-6a20e9 to ip-10-0-1-20.ec2.internal
2026-09-27T12:11:18.858089Z Normal Started Started container proxy
2026-09-27T12:11:21.858089Z Normal ScalingReplicaSet Scaled up replica set ingress-nginx-controller-8c806d72 to 2 from 0
2026-09-27T12:11:25.858089Z Warning OOMKilled Container proxy in pod auth/auth-api-4e5482 was killed due to OOM
2026-09-27T12:11:29.858089Z Normal Scheduled Successfully assigned auth/oauth-9108c1 to ip-10-0-2-20.ec2.internal
2026-09-27T12:11:32.858089Z Normal LeaderElection pay-worker-69cd4e became leader
2026-09-27T12:11:36.858089Z Normal ScalingReplicaSet Scaled up replica set prometheus-e1683dd3 to 4 from 1
2026-09-27T12:11:39.858089Z Warning MemPressure Node ip-10-0-2-40.ec2.internal status is now: NodeHasMemoryPressure
2026-09-27T12:11:43.858089Z Normal LeaderElection grafana-4f605b became leader
2026-09-27T12:11:47.858089Z Normal Scheduled Successfully assigned observability/prometheus-c36755 to ip-10-0-2-10.ec2.internal
2026-09-27T12:11:50.858089Z Normal ScalingReplicaSet Scaled up replica set frontend-86b49cac to 2 from 1
2026-09-27T12:11:54.858089Z Normal Created Created container agent
2026-09-27T12:11:57.858089Z Normal Pulled Container image "public.ecr.aws/eks/aws-node:v1.14.1" already present on machine
2026-09-27T12:12:01.858089Z Warning MemPressure Node ip-10-0-1-50.ec2.internal status is now: NodeHasMemoryPressure
2026-09-27T12:12:05.858089Z Normal Started Started container app
2026-09-27T12:12:08.858089Z Normal Pulled Container image "nginx:1.25" already present on machine
2026-09-27T12:12:12.858089Z Normal Synced Successfully synced pay-api-b1b7b2
2026-09-27T12:12:15.858089Z Normal Created Created container sidecar
2026-09-27T12:12:19.858089Z Normal Synced Successfully synced auth-api-82dc14
2026-09-27T12:12:23.858089Z Normal Pulled Container image "registry.k8s.io/coredns/coredns:v1.11.1" already present on machine
2026-09-27T12:12:26.858089Z Normal LeaderElection worker-4f30a3 became leader
2026-09-27T12:12:30.858089Z Normal ScalingReplicaSet Scaled up replica set oauth-aa5efac5 to 6 from 1
2026-09-27T12:12:33.858089Z Normal Synced Successfully synced pay-worker-8c000a
2026-09-27T12:12:37.858089Z Normal AddedInterface Add eth0 [10.217.49.12] from eni eni-25ea071aacc2
2026-09-27T12:12:41.858089Z Warning NodeNotReady Node ip-10-0-1-20.ec2.internal status is now: NodeNotReady
2026-09-27T12:12:44.858089Z Normal Synced Successfully synced ingress-nginx-controller-909b1e
2026-09-27T12:12:48.858089Z Warning BackOff Back-off restarting failed container agent in pod payments/pay-api-31d987
2026-09-27T12:12:51.858089Z Normal Pulled Container image "python:3.11-slim" already present on machine
2026-09-27T12:12:55.858089Z Normal LeaderElection oauth-e600b0 became leader
2026-09-27T12:12:59.858089Z Normal Pulled Container image "registry.k8s.io/coredns/coredns:v1.11.1" already present on machine
2026-09-27T12:13:02.858089Z Normal LeaderElection pay-api-d5c8c8 became leader
2026-09-27T12:13:06.858089Z Normal AddedInterface Add eth0 [10.106.234.26] from eni eni-3f010b7cbd00
2026-09-27T12:13:09.858089Z Normal LeaderElection prometheus-ee4217 became leader
2026-09-27T12:13:13.858089Z Normal Pulled Container image "nginx:1.25" already present on machine
2026-09-27T12:13:17.858089Z Normal LeaderElection ingress-nginx-controller-1d3d70 became leader
2026-09-27T12:13:20.858089Z Normal Synced Successfully synced grafana-596174
2026-09-27T12:13:24.858089Z Normal Started Started container app
2026-09-27T12:13:27.858089Z Normal Started Started container sidecar
2026-09-27T12:13:31.858089Z Normal AddedInterface Add eth0 [10.74.48.21] from eni eni-e673fe6a2d4d
2026-09-27T12:13:35.858089Z Normal Synced Successfully synced pay-api-4516d7
2026-09-27T12:13:38.858089Z Normal Created Created container proxy
2026-09-27T12:13:42.858089Z Normal AddedInterface Add eth0 [10.171.213.92] from eni eni-e8ec68e15970
2026-09-27T12:13:45.858089Z Normal LeaderElection pay-api-f12cef became leader
2026-09-27T12:13:49.858089Z Normal LeaderElection metrics-server-c4aaf8 became leader
2026-09-27T12:13:53.858089Z Normal Pulled Container image "busybox:1.36" already present on machine
2026-09-27T12:13:56.858089Z Normal Started Started container proxy
2026-09-27T12:14:00.858089Z Normal Scheduled Successfully assigned default/api-d01c2b to ip-10-0-1-30.ec2.internal
2026-09-27T12:14:03.858089Z Normal ScalingReplicaSet Scaled up replica set auth-api-0ce07495 to 6 from 0
2026-09-27T12:14:07.858089Z Normal Started Started container sidecar
2026-09-27T12:14:11.858089Z Normal Pulled Container image "nginx:1.25" already present on machine
2026-09-27T12:14:14.858089Z Normal AddedInterface Add eth0 [10.96.207.208] from eni eni-0f2191338696
2026-09-27T12:14:18.858089Z Normal LeaderElection oauth-b1a89a became leader
2026-09-27T12:14:21.858089Z Normal LeaderElection auth-api-563f23 became leader
2026-09-27T12:14:25.858089Z Normal Started Started container agent
2026-09-27T12:14:29.858089Z Normal LeaderElection frontend-91f680 became leader
2026-09-27T12:14:32.858089Z Normal Created Created container proxy
2026-09-27T12:14:36.858089Z Normal Scheduled Successfully assigned ingress-nginx/ingress-nginx-controller-0fad66 to ip-10-0-5-10.ec2.internal
2026-09-27T12:14:39.858089Z Normal AddedInterface Add eth0 [10.160.157.231] from eni eni-5ff504deef7b
2026-09-27T12:14:43.858089Z Normal SuccessfulCreate Created pod: grafana-20a07f
2026-09-27T12:14:47.858089Z Normal ScalingReplicaSet Scaled up replica set worker-6ac3a9f2 to 5 from 1
2026-09-27T12:14:50.858089Z Normal Synced Successfully synced worker-ed2057
2026-09-27T12:14:54.858089Z Normal Created Created container agent
2026-09-27T12:14:57.858089Z Normal Created Created container sidecar
2026-09-27T12:15:01.858089Z Normal Created Created container proxy
2026-09-27T12:15:05.858089Z Normal AddedInterface Add eth0 [10.128.47.214] from eni eni-8d1d0163cac6
2026-09-27T12:15:08.858089Z Normal LeaderElection ingress-nginx-controller-33a74e became leader
2026-09-27T12:15:12.858089Z Normal SuccessfulCreate Created pod: aws-node-9a04ea
2026-09-27T12:15:15.858089Z Normal ScalingReplicaSet Scaled up replica set prometheus-4239bd94 to 4 from 0
2026-09-27T12:15:19.858089Z Normal Started Started container sidecar
2026-09-27T12:15:23.858089Z Normal LeaderElection oauth-730b3b became leader
2026-09-27T12:15:26.858089Z Warning FailedMount Unable to attach or mount volumes: timed out waiting for the condition
2026-09-27T12:15:30.858089Z Normal LeaderElection oauth-fcb3ac became leader
2026-09-27T12:15:33.858089Z Normal SuccessfulCreate Created pod: worker-b042dd
2026-09-27T12:15:37.858089Z Warning FailedCreate Error creating: pods "grafana-cdadbe" is forbidden: error looking up service account observability/default: serviceaccount "default" not found
2026-09-27T12:15:41.858089Z Normal Started Started container agent
2026-09-27T12:15:44.858089Z Normal Synced Successfully synced prometheus-2285c9
2026-09-27T12:15:48.858089Z Normal Created Created container app
2026-09-27T12:15:51.858089Z Normal LeaderElection auth-api-57233a became leader
2026-09-27T12:15:55.858089Z Warning CrashLoopBackOff pod/ingress-nginx-controller-0c6804 CrashLoopBackOff
2026-09-27T12:15:59.858089Z Normal Started Started container agent
2026-09-27T12:16:02.858089Z Normal Created Created container agent
2026-09-27T12:16:06.858089Z Normal Synced Successfully synced grafana-a143c6
2026-09-27T12:16:09.858089Z Normal Synced Successfully synced grafana-af30c1
2026-09-27T12:16:13.858089Z Normal ScalingReplicaSet Scaled up replica set ingress-nginx-controller-a49c3357 to 6 from 1
2026-09-27T12:16:17.858089Z Normal Synced Successfully synced ingress-nginx-controller-81e4cb
2026-09-27T12:16:20.858089Z Normal Created Created container proxy
2026-09-27T12:16:24.858089Z Normal ScalingReplicaSet Scaled up replica set pay-worker-58fdd750 to 5 from 0
2026-09-27T12:16:27.858089Z Normal LeaderElection ingress-nginx-controller-ba37c5 became leader
2026-09-27T12:16:31.858089Z Normal ScalingReplicaSet Scaled up replica set loki-3dad36b9 to 5 from 1
2026-09-27T12:16:35.858089Z Normal Scheduled Successfully assigned kube-system/kube-proxy-3405fd to ip-10-0-2-10.ec2.internal
2026-09-27T12:16:38.858089Z Normal ScalingReplicaSet Scaled up replica set pay-api-e2043613 to 5 from 0
2026-09-27T12:16:42.858089Z Normal Synced Successfully synced frontend-6f1baa
2026-09-27T12:16:45.858089Z Normal LeaderElection pay-api-4f4339 became leader
2026-09-27T12:16:49.858089Z Normal Created Created container proxy
2026-09-27T12:16:53.858089Z Warning MemPressure Node ip-10-0-5-30.ec2.internal status is now: NodeHasMemoryPressure
2026-09-27T12:16:56.858089Z Normal Started Started container proxy
2026-09-27T12:17:00.858089Z Normal Pulled Container image "registry.k8s.io/coredns/coredns:v1.11.1" already present on machine
2026-09-27T12:17:03.858089Z Warning ErrImagePull Failed to pull image "registry.k8s.io/coredns/coredns:v1.11.1": rpc error: code = Unknown desc = Error response from daemon: pull access denied
2026-09-27T12:17:07.858089Z Warning ErrImagePull Failed to pull image "python:3.11-slim": rpc error: code = Unknown desc = Error response from daemon: pull access denied
2026-09-27T12:17:11.858089Z Normal AddedInterface Add eth0 [10.38.87.249] from eni eni-43862d187336
2026-09-27T12:17:14.858089Z Normal Pulled Container image "python:3.11-slim" already present on machine
2026-09-27T12:17:18.858089Z Normal Created Created container app
2026-09-27T12:17:21.858089Z Normal AddedInterface Add eth0 [10.123.26.216] from eni eni-43cf532fb57e
2026-09-27T12:17:25.858089Z Normal ScalingReplicaSet Scaled up replica set pay-api-cc407188 to 4 from 1
2026-09-27T12:17:29.858089Z Normal Synced Successfully synced coredns-806183
2026-09-27T12:17:32.858089Z Normal LeaderElection web-43972f became leader
2026-09-27T12:17:36.858089Z Normal SuccessfulCreate Created pod: grafana-0f87d2
2026-09-27T12:17:39.858089Z Normal LeaderElection frontend-080697 became leader
2026-09-27T12:17:43.858089Z Normal Pulled Container image "ghcr.io/company/auth-api:1.9.0" already present on machine
2026-09-27T12:17:47.858089Z Normal LeaderElection metrics-server-7a9ffc became leader
2026-09-27T12:17:50.858089Z Normal Scheduled Successfully assigned payments/pay-api-b749b0 to ip-10-0-1-10.ec2.internal
2026-09-27T12:17:54.858089Z Warning FailedScheduling 0/7 nodes are available: Insufficient memory
2026-09-27T12:17:57.858089Z Normal Created Created container agent
2026-09-27T12:18:01.858089Z Normal LeaderElection frontend-9afd52 became leader
2026-09-27T12:18:05.858089Z Normal Pulled Container image "ghcr.io/company/pay-api:2.3.1" already present on machine
2026-09-27T12:18:08.858089Z Normal ScalingReplicaSet Scaled up replica set oauth-950cd064 to 4 from 1
2026-09-27T12:18:12.858089Z Normal Started Started container proxy
2026-09-27T12:18:15.858089Z Normal Scheduled Successfully assigned payments/pay-api-b6e575 to ip-10-0-3-40.ec2.internal
2026-09-27T12:18:19.858089Z Normal Pulled Container image "nginx:1.25" already present on machine
2026-09-27T12:18:23.858089Z Normal Pulled Container image "busybox:1.36" already present on machine
2026-09-27T12:18:26.858089Z Normal Pulled Container image "public.ecr.aws/eks/aws-node:v1.14.1" already present on machine
2026-09-27T12:18:30.858089Z Normal AddedInterface Add eth0 [10.113.64.169] from eni eni-0f2fcb8abca7
2026-09-27T12:18:33.858089Z Normal Created Created container proxy
2026-09-27T12:18:37.858089Z Normal ScalingReplicaSet Scaled up replica set ingress-nginx-controller-3d02faca to 3 from 0
2026-09-27T12:18:41.858089Z Normal AddedInterface Add eth0 [10.216.248.233] from eni eni-2769d2f9e9bb
2026-09-27T12:18:44.858089Z Normal Synced Successfully synced pay-worker-d6c389
2026-09-27T12:18:48.858089Z Normal ScalingReplicaSet Scaled up replica set api-9328a624 to 6 from 2
2026-09-27T12:18:51.858089Z Normal LeaderElection metrics-server-08ec52 became leader
2026-09-27T12:18:55.858089Z Normal SuccessfulCreate Created pod: pay-worker-db6959
2026-09-27T12:18:59.858089Z Normal Synced Successfully synced grafana-3c3e54
2026-09-27T12:19:02.858089Z Warning CrashLoopBackOff pod/pay-api-353e77 CrashLoopBackOff
2026-09-27T12:19:06.858089Z Normal AddedInterface Add eth0 [10.130.223.168] from eni eni-761a810f338e
2026-09-27T12:19:09.858089Z Normal Synced Successfully synced api-2d17e4
2026-09-27T12:19:13.858089Z Normal Scheduled Successfully assigned auth/oauth-a15ee9 to ip-10-0-3-30.ec2.internal
2026-09-27T12:19:17.858089Z Normal LeaderElection auth-api-ec2ab1 became leader
2026-09-27T12:19:20.858089Z Normal Pulled Container image "ghcr.io/company/pay-api:2.3.1" already present on machine
2026-09-27T12:19:24.858089Z Normal Created Created container agent
2026-09-27T12:19:27.858089Z Normal ScalingReplicaSet Scaled up replica set loki-d7cbd36b to 6 from 0
2026-09-27T12:19:31.858089Z Normal AddedInterface Add eth0 [10.133.111.242] from eni eni-1956a031e91d
2026-09-27T12:19:35.858089Z Normal Pulled Container image "busybox:1.36" already present on machine
2026-09-27T12:19:38.858089Z Normal SuccessfulCreate Created pod: frontend-3231fa
2026-09-27T12:19:42.858089Z Normal ScalingReplicaSet Scaled up replica set prometheus-a5968aac to 6 from 1
2026-09-27T12:19:45.858089Z Normal ScalingReplicaSet Scaled up replica set grafana-b04d35bb to 4 from 1
2026-09-27T12:19:49.858089Z Normal Synced Successfully synced ingress-nginx-controller-c97848
2026-09-27T12:19:53.858089Z Normal Started Started container app
2026-09-27T12:19:56.858089Z Normal ScalingReplicaSet Scaled up replica set prometheus-9b25edfa to 4 from 1
2026-09-27T12:20:00.858089Z Normal SuccessfulCreate Created pod: pay-api-d97b0a
2026-09-27T12:20:03.858089Z Normal SuccessfulCreate Created pod: aws-node-ed6f16
2026-09-27T12:20:07.858089Z Normal Created Created container agent
2026-09-27T12:20:11.858089Z Normal ScalingReplicaSet Scaled up replica set grafana-57f55df1 to 6 from 0
2026-09-27T12:20:14.858089Z Normal Started Started container app
2026-09-27T12:20:18.858089Z Normal Synced Successfully synced ingress-nginx-controller-07261f
2026-09-27T12:20:21.858089Z Normal ScalingReplicaSet Scaled up replica set ingress-nginx-controller-668be96d to 2 from 2
2026-09-27T12:20:25.858089Z Warning DiskPressure Node ip-10-0-4-10.ec2.internal status is now: NodeHasDiskPressure
2026-09-27T12:20:29.858089Z Normal Created Created container proxy
2026-09-27T12:20:32.858089Z Normal Started Started container sidecar
2026-09-27T12:20:36.858089Z Normal Created Created container agent
2026-09-27T12:20:39.858089Z Normal Scheduled Successfully assigned kube-system/kube-proxy-2d773c to ip-10-0-5-50.ec2.internal
2026-09-27T12:20:43.858089Z Normal Started Started container proxy
2026-09-27T12:20:47.858089Z Normal SuccessfulCreate Created pod: ingress-nginx-controller-05e1bd
2026-09-27T12:20:50.858089Z Normal AddedInterface Add eth0 [10.116.186.199] from eni eni-45df3ba23389
2026-09-27T12:20:54.858089Z Normal SuccessfulCreate Created pod: api-143b01
2026-09-27T12:20:57.858089Z Normal Created Created container app
2026-09-27T12:21:01.858089Z Normal AddedInterface Add eth0 [10.193.42.237] from eni eni-aa9f720ef36e
2026-09-27T12:21:05.858089Z Normal SuccessfulCreate Created pod: loki-e3d1e5
2026-09-27T12:21:08.858089Z Normal Pulled Container image "ghcr.io/company/pay-api:2.3.1" already present on machine
2026-09-27T12:21:12.858089Z Normal Created Created container sidecar
2026-09-27T12:21:15.858089Z Normal SuccessfulCreate Created pod: auth-api-71b9bf
2026-09-27T12:21:19.858089Z Normal ScalingReplicaSet Scaled up replica set grafana-00f82c70 to 4 from 0
2026-09-27T12:21:23.858089Z Warning FailedMount Unable to attach or mount volumes: timed out waiting for the condition
2026-09-27T12:21:26.858089Z Normal Pulled Container image "ghcr.io/company/pay-api:2.3.1" already present on machine
2026-09-27T12:21:30.858089Z Normal Started Started container proxy
2026-09-27T12:21:33.858089Z Normal Pulled Container image "ghcr.io/company/pay-api:2.3.1" already present on machine
2026-09-27T12:21:37.858089Z Normal Scheduled Successfully assigned default/frontend-46f979 to ip-10-0-1-20.ec2.internal
2026-09-27T12:21:41.858089Z Normal Synced Successfully synced ingress-nginx-controller-53f671
2026-09-27T12:21:44.858089Z Normal Synced Successfully synced auth-api-f82b90
2026-09-27T12:21:48.858089Z Normal ScalingReplicaSet Scaled up replica set prometheus-cf60f63b to 3 from 1
2026-09-27T12:21:51.858089Z Normal Created Created container app
2026-09-27T12:21:55.858089Z Warning ErrImagePull Failed to pull image "ghcr.io/company/auth-api:1.9.0": rpc error: code = Unknown desc = Error response from daemon: pull access denied
2026-09-27T12:21:59.858089Z Normal Scheduled Successfully assigned default/api-3c1300 to ip-10-0-4-30.ec2.internal
2026-09-27T12:22:02.858089Z Normal ScalingReplicaSet Scaled up replica set oauth-985d1931 to 5 from 2
2026-09-27T12:22:06.858089Z Warning CrashLoopBackOff pod/pay-api-3e0a1e CrashLoopBackOff
2026-09-27T12:22:09.858089Z Normal Started Started container agent
2026-09-27T12:22:13.858089Z Normal Synced Successfully synced pay-api-a12aef
2026-09-27T12:22:17.858089Z Normal Synced Successfully synced grafana-0844c9
2026-09-27T12:22:20.858089Z Warning DiskPressure Node ip-10-0-3-20.ec2.internal status is now: NodeHasDiskPressure
2026-09-27T12:22:24.858089Z Normal Started Started container agent
2026-09-27T12:22:27.858089Z Normal LeaderElection grafana-2dd516 became leader
2026-09-27T12:22:31.858089Z Normal LeaderElection ingress-nginx-controller-2ab320 became leader
2026-09-27T12:22:35.858089Z Normal LeaderElection frontend-30969b became leader
2026-09-27T12:22:38.858089Z Warning FailedMount Unable to attach or mount volumes: timed out waiting for the condition
2026-09-27T12:22:42.858089Z Normal LeaderElection aws-node-aabe8e became leader
2026-09-27T12:22:45.858089Z Normal LeaderElection ingress-nginx-controller-1fa195 became leader
2026-09-27T12:22:49.858089Z Warning Unhealthy Readiness probe failed: Get "http://10.175.124.124:80/health": dial tcp 10.175.124.124:80: i/o timeout
2026-09-27T12:22:53.858089Z Normal Synced Successfully synced worker-cea3a0
2026-09-27T12:22:56.858089Z Normal Started Started container proxy
2026-09-27T12:23:00.858089Z Normal Created Created container agent
2026-09-27T12:23:03.858089Z Normal ScalingReplicaSet Scaled up replica set oauth-004308a5 to 5 from 0
2026-09-27T12:23:07.858089Z Normal Created Created container proxy
2026-09-27T12:23:11.858089Z Normal Synced Successfully synced auth-api-d8d058
2026-09-27T12:23:14.858089Z Normal ScalingReplicaSet Scaled up replica set ingress-nginx-controller-fe73aee1 to 4 from 0
2026-09-27T12:23:18.858089Z Normal Created Created container proxy
2026-09-27T12:23:21.858089Z Normal Created Created container app
2026-09-27T12:23:25.858089Z Normal ScalingReplicaSet Scaled up replica set ingress-nginx-controller-c8b4f0c2 to 6 from 1
2026-09-27T12:23:29.858089Z Normal ScalingReplicaSet Scaled up replica set aws-node-08857fc0 to 5 from 2
2026-09-27T12:23:32.858089Z Normal Pulled Container image "registry.k8s.io/coredns/coredns:v1.11.1" already present on machine
2026-09-27T12:23:36.858089Z Normal Scheduled Successfully assigned payments/pay-api-1daba3 to ip-10-0-1-40.ec2.internal
2026-09-27T12:23:39.858089Z Normal Started Started container sidecar
2026-09-27T12:23:43.858089Z Normal Pulled Container image "ghcr.io/company/auth-api:1.9.0" already present on machine
2026-09-27T12:23:47.858089Z Normal Created Created container app
2026-09-27T12:23:50.858089Z Normal LeaderElection grafana-876fa6 became leader
2026-09-27T12:23:54.858089Z Normal Synced Successfully synced kube-proxy-98e228
2026-09-27T12:23:57.858089Z Normal Started Started container proxy
2026-09-27T12:24:01.858089Z Normal LeaderElection oauth-0fca2f became leader
2026-09-27T12:24:05.858089Z Normal Created Created container app
2026-09-27T12:24:08.858089Z Normal ScalingReplicaSet Scaled up replica set oauth-b4da88b4 to 5 from 0
2026-09-27T12:24:12.858089Z Normal SuccessfulCreate Created pod: pay-worker-9c6d9e
2026-09-27T12:24:15.858089Z Normal ScalingReplicaSet Scaled up replica set api-a7aba6c3 to 3 from 1
2026-09-27T12:24:19.858089Z Normal Pulled Container image "ghcr.io/company/auth-api:1.9.0" already present on machine
2026-09-27T12:24:23.858089Z Normal ScalingReplicaSet Scaled up replica set grafana-f5bb7ea0 to 6 from 2
2026-09-27T12:24:26.858089Z Normal LeaderElection ingress-nginx-controller-13796c became leader
2026-09-27T12:24:30.858089Z Normal Synced Successfully synced worker-5c58d7
2026-09-27T12:24:33.858089Z Normal Synced Successfully synced prometheus-e9a419
2026-09-27T12:24:37.858089Z Normal Scheduled Successfully assigned ingress-nginx/ingress-nginx-controller-a1cf44 to ip-10-0-2-50.ec2.internal
2026-09-27T12:24:41.858089Z Normal Synced Successfully synced ingress-nginx-controller-23dae4
2026-09-27T12:24:44.858089Z Normal Started Started container sidecar
2026-09-27T12:24:48.858089Z Normal AddedInterface Add eth0 [10.113.171.117] from eni eni-1dc2f10ca17e
2026-09-27T12:24:51.858089Z Warning FailedScheduling 0/5 nodes are available: 0/5 nodes available: pod has unbound immediate PersistentVolumeClaims
2026-09-27T12:24:55.858089Z Normal Scheduled Successfully assigned default/worker-aad769 to ip-10-0-1-30.ec2.internal
2026-09-27T12:24:59.858089Z Normal Scheduled Successfully assigned default/worker-b52dde to ip-10-0-3-20.ec2.internal
2026-09-27T12:25:02.858089Z Normal ScalingReplicaSet Scaled up replica set kube-proxy-9322d271 to 2 from 0
2026-09-27T12:25:06.858089Z Normal ScalingReplicaSet Scaled up replica set prometheus-947b25c8 to 2 from 1
2026-09-27T12:25:09.858089Z Normal Synced Successfully synced ingress-nginx-controller-6483f0
2026-09-27T12:25:13.858089Z Normal LeaderElection pay-api-dc192a became leader
2026-09-27T12:25:17.858089Z Normal Created Created container proxy
2026-09-27T12:25:20.858089Z Normal LeaderElection pay-worker-ef4901 became leader
2026-09-27T12:25:24.858089Z Normal LeaderElection ingress-nginx-controller-a5baf5 became leader
2026-09-27T12:25:27.858089Z Normal Started Started container app
2026-09-27T12:25:31.858089Z Normal Started Started container sidecar
2026-09-27T12:25:35.858089Z Normal Scheduled Successfully assigned default/frontend-8cab59 to ip-10-0-4-20.ec2.internal
2026-09-27T12:25:38.858089Z Normal Scheduled Successfully assigned default/frontend-711c6a to ip-10-0-3-10.ec2.internal
2026-09-27T12:25:42.858089Z Normal Synced Successfully synced ingress-nginx-controller-935c2a
2026-09-27T12:25:45.858089Z Warning Unhealthy Readiness probe failed: Get "http://10.114.14.246:443/health": dial tcp 10.114.14.246:443: i/o timeout
2026-09-27T12:25:49.858089Z Normal SuccessfulCreate Created pod: pay-worker-d7c941
2026-09-27T12:25:53.858089Z Normal Pulled Container image "ghcr.io/company/auth-api:1.9.0" already present on machine
2026-09-27T12:25:56.858089Z Normal Started Started container sidecar
2026-09-27T12:26:00.858089Z Normal Synced Successfully synced ingress-nginx-controller-b64018
2026-09-27T12:26:03.858089Z Normal Scheduled Successfully assigned kube-system/metrics-server-952a57 to ip-10-0-1-40.ec2.internal
2026-09-27T12:26:07.858089Z Normal Scheduled Successfully assigned observability/grafana-9e223e to ip-10-0-3-10.ec2.internal
2026-09-27T12:26:11.858089Z Normal LeaderElection auth-api-3be673 became leader
2026-09-27T12:26:14.858089Z Normal SuccessfulCreate Created pod: coredns-5335b4
2026-09-27T12:26:18.858089Z Normal LeaderElection kube-proxy-eabd37 became leader
2026-09-27T12:26:21.858089Z Normal ScalingReplicaSet Scaled up replica set pay-worker-77d46e27 to 3 from 1
2026-09-27T12:26:25.858089Z Normal SuccessfulCreate Created pod: loki-7103db
2026-09-27T12:26:29.858089Z Normal Scheduled Successfully assigned payments/pay-worker-f8c360 to ip-10-0-3-50.ec2.internal
2026-09-27T12:26:32.858089Z Warning NodeNotReady Node ip-10-0-5-50.ec2.internal status is now: NodeNotReady
2026-09-27T12:26:36.858089Z Normal SuccessfulCreate Created pod: pay-worker-4c39ee
2026-09-27T12:26:39.858089Z Normal Pulled Container image "python:3.11-slim" already present on machine
2026-09-27T12:26:43.858089Z Normal Pulled Container image "busybox:1.36" already present on machine
2026-09-27T12:26:47.858089Z Normal Pulled Container image "nginx:1.25" already present on machine
2026-09-27T12:26:50.858089Z Normal Synced Successfully synced ingress-nginx-controller-cdc04b
2026-09-27T12:26:54.858089Z Normal Pulled Container image "nginx:1.25" already present on machine
2026-09-27T12:26:57.858089Z Normal Synced Successfully synced web-5e0e74
2026-09-27T12:27:01.858089Z Normal LeaderElection worker-2c8d03 became leader
2026-09-27T12:27:05.858089Z Normal ScalingReplicaSet Scaled up replica set loki-8e40b4ef to 5 from 1
2026-09-27T12:27:08.858089Z Normal Synced Successfully synced grafana-ed59c3
2026-09-27T12:27:12.858089Z Normal Pulled Container image "public.ecr.aws/eks/aws-node:v1.14.1" already present on machine
2026-09-27T12:27:15.858089Z Normal Scheduled Successfully assigned ingress-nginx/ingress-nginx-controller-707deb to ip-10-0-1-30.ec2.internal
2026-09-27T12:27:19.858089Z Normal Scheduled Successfully assigned payments/pay-worker-00a82b to ip-10-0-3-20.ec2.internal
2026-09-27T12:27:23.858089Z Normal Scheduled Successfully assigned auth/oauth-890d83 to ip-10-0-5-10.ec2.internal
2026-09-27T12:27:26.858089Z Normal LeaderElection web-36b561 became leader
2026-09-27T12:27:30.858089Z Normal Pulled Container image "busybox:1.36" already present on machine
2026-09-27T12:27:33.858089Z Normal SuccessfulCreate Created pod: pay-worker-ba6a6d
2026-09-27T12:27:37.858089Z Normal Scheduled Successfully assigned kube-system/coredns-0a0610 to ip-10-0-3-50.ec2.internal
2026-09-27T12:27:41.858089Z Normal LeaderElection api-f1cc22 became leader
2026-09-27T12:27:44.858089Z Normal Pulled Container image "ghcr.io/company/pay-api:2.3.1" already present on machine
2026-09-27T12:27:48.858089Z Normal Created Created container sidecar
2026-09-27T12:27:51.858089Z Normal Synced Successfully synced pay-worker-0f50fc
2026-09-27T12:27:55.858089Z Normal AddedInterface Add eth0 [10.253.77.238] from eni eni-622c54243d4e
2026-09-27T12:27:59.858089Z Normal Pulled Container image "ghcr.io/company/auth-api:1.9.0" already present on machine
2026-09-27T12:28:02.858089Z Normal Scheduled Successfully assigned default/api-f8c49c to ip-10-0-2-40.ec2.internal
2026-09-27T12:28:06.858089Z Normal Pulled Container image "registry.k8s.io/coredns/coredns:v1.11.1" already present on machine
2026-09-27T12:28:09.858089Z Normal AddedInterface Add eth0 [10.134.201.78] from eni eni-265a7e1f3632
2026-09-27T12:28:13.858089Z Normal Started Started container agent
2026-09-27T12:28:17.858089Z Normal Created Created container app
2026-09-27T12:28:20.858089Z Normal Pulled Container image "registry.k8s.io/coredns/coredns:v1.11.1" already present on machine
2026-09-27T12:28:24.858089Z Normal AddedInterface Add eth0 [10.235.98.144] from eni eni-a7f6a2ffd14d
2026-09-27T12:28:27.858089Z Normal LeaderElection api-6ed001 became leader
2026-09-27T12:28:31.858089Z Normal AddedInterface Add eth0 [10.111.37.16] from eni eni-5024982369d4
2026-09-27T12:28:35.858089Z Normal Pulled Container image "ghcr.io/company/pay-api:2.3.1" already present on machine
2026-09-27T12:28:38.858089Z Normal LeaderElection coredns-da1bf0 became leader
2026-09-27T12:28:42.858089Z Normal Pulled Container image "ghcr.io/company/auth-api:1.9.0" already present on machine
2026-09-27T12:28:45.858089Z Normal Scheduled Successfully assigned kube-system/metrics-server-980575 to ip-10-0-4-20.ec2.internal
2026-09-27T12:28:49.858089Z Normal LeaderElection coredns-bc43ac became leader
2026-09-27T12:28:53.858089Z Normal ScalingReplicaSet Scaled up replica set metrics-server-48c7651c to 3 from 2
2026-09-27T12:28:56.858089Z Normal AddedInterface Add eth0 [10.142.127.206] from eni eni-2240f6954c5d
2026-09-27T12:29:00.858089Z Normal AddedInterface Add eth0 [10.113.113.12] from eni eni-a0a65b02276b
2026-09-27T12:29:03.858089Z Normal Scheduled Successfully assigned auth/oauth-53204a to ip-10-0-4-10.ec2.internal
2026-09-27T12:29:07.858089Z Normal Created Created container proxy
2026-09-27T12:29:11.858089Z Normal LeaderElection ingress-nginx-controller-d0fdf1 became leader
2026-09-27T12:29:14.858089Z Normal ScalingReplicaSet Scaled up replica set api-438a229c to 4 from 2
2026-09-27T12:29:18.858089Z Normal ScalingReplicaSet Scaled up replica set oauth-482cc8ce to 4 from 0
2026-09-27T12:29:21.858089Z Normal LeaderElection auth-api-840ad4 became leader
2026-09-27T12:29:25.858089Z Normal AddedInterface Add eth0 [10.237.220.27] from eni eni-80c341738f6d
2026-09-27T12:29:29.858089Z Normal Scheduled Successfully assigned kube-system/aws-node-8b392b to ip-10-0-2-20.ec2.internal
2026-09-27T12:29:32.858089Z Normal Scheduled Successfully assigned kube-system/aws-node-c67831 to ip-10-0-5-10.ec2.internal
2026-09-27T12:29:36.858089Z Normal SuccessfulCreate Created pod: ingress-nginx-controller-caa9d7
2026-09-27T12:29:39.858089Z Normal AddedInterface Add eth0 [10.3.32.158] from eni eni-45ce1aa2904b
2026-09-27T12:29:43.858089Z Normal Started Started container app
2026-09-27T12:29:47.858089Z Warning ErrImagePull Failed to pull image "public.ecr.aws/eks/aws-node:v1.14.1": rpc error: code = Unknown desc = Error response from daemon: pull access denied
2026-09-27T12:29:50.858089Z Normal Created Created container agent
2026-09-27T12:29:54.858089Z Normal LeaderElection pay-worker-f4e084 became leader
2026-09-27T12:29:57.858089Z Normal Scheduled Successfully assigned payments/pay-worker-6e86cf to ip-10-0-4-50.ec2.internal
2026-09-27T12:30:01.858089Z Normal Scheduled Successfully assigned observability/grafana-df2055 to ip-10-0-1-30.ec2.internal
2026-09-27T12:30:05.858089Z Normal SuccessfulCreate Created pod: oauth-95d727
2026-09-27T12:30:08.858089Z Normal ScalingReplicaSet Scaled up replica set pay-api-7ab158dd to 2 from 2
2026-09-27T12:30:12.858089Z Normal ScalingReplicaSet Scaled up replica set oauth-74eae2ee to 3 from 2
2026-09-27T12:30:15.858089Z Normal Started Started container app
2026-09-27T12:30:19.858089Z Normal Started Started container agent
2026-09-27T12:30:23.858089Z Normal Synced Successfully synced web-d09e1e
2026-09-27T12:30:26.858089Z Normal Scheduled Successfully assigned auth/auth-api-9d61a2 to ip-10-0-3-30.ec2.internal
2026-09-27T12:30:30.858089Z Normal Created Created container proxy
2026-09-27T12:30:33.858089Z Warning FailedCreate Error creating: pods "kube-proxy-a7a553" is forbidden: error looking up service account kube-system/default: serviceaccount "default" not found
2026-09-27T12:30:37.858089Z Normal ScalingReplicaSet Scaled up replica set pay-api-9e280c17 to 6 from 2
2026-09-27T12:30:41.858089Z Normal AddedInterface Add eth0 [10.85.92.30] from eni eni-2caf7c3e8a5c
2026-09-27T12:30:44.858089Z Normal AddedInterface Add eth0 [10.234.221.175] from eni eni-7d61f2f6757b
2026-09-27T12:30:48.858089Z Normal Synced Successfully synced auth-api-3b03a6
2026-09-27T12:30:51.858089Z Normal Synced Successfully synced metrics-server-99c50e
2026-09-27T12:30:55.858089Z Normal Synced Successfully synced ingress-nginx-controller-7cdf9a
2026-09-27T12:30:59.858089Z Normal SuccessfulCreate Created pod: coredns-9ffda6
2026-09-27T12:31:02.858089Z Normal Created Created container agent
2026-09-27T12:31:06.858089Z Normal Scheduled Successfully assigned observability/grafana-f45b74 to ip-10-0-5-10.ec2.internal
2026-09-27T12:31:09.858089Z Normal ScalingReplicaSet Scaled up replica set loki-80e7d262 to 5 from 2
2026-09-27T12:31:13.858089Z Normal Started Started container proxy
2026-09-27T12:31:17.858089Z Normal LeaderElection frontend-734b8e became leader
2026-09-27T12:31:20.858089Z Normal Created Created container app
2026-09-27T12:31:24.858089Z Normal AddedInterface Add eth0 [10.96.209.149] from eni eni-af4cb0934a49
2026-09-27T12:31:27.858089Z Normal Started Started container app
2026-09-27T12:31:31.858089Z Normal Created Created container agent
2026-09-27T12:31:35.858089Z Normal ScalingReplicaSet Scaled up replica set pay-worker-5667df52 to 4 from 1
2026-09-27T12:31:38.858089Z Normal Started Started container sidecar
2026-09-27T12:31:42.858089Z Normal Started Started container agent
2026-09-27T12:31:45.858089Z Normal Pulled Container image "ghcr.io/company/auth-api:1.9.0" already present on machine
2026-09-27T12:31:49.858089Z Normal ScalingReplicaSet Scaled up replica set aws-node-88249c2b to 3 from 2
2026-09-27T12:31:53.858089Z Normal Started Started container agent
2026-09-27T12:31:56.858089Z Normal Started Started container proxy
2026-09-27T12:32:00.858089Z Normal LeaderElection auth-api-b7bdc4 became leader
2026-09-27T12:32:03.858089Z Normal LeaderElection auth-api-396320 became leader
2026-09-27T12:32:07.858089Z Normal Scheduled Successfully assigned auth/auth-api-a325be to ip-10-0-3-40.ec2.internal
2026-09-27T12:32:11.858089Z Normal LeaderElection kube-proxy-b14b9f became leader
2026-09-27T12:32:14.858089Z Normal LeaderElection api-61da2f became leader
2026-09-27T12:32:18.858089Z Normal Scheduled Successfully assigned default/web-07e2e1 to ip-10-0-3-10.ec2.internal
2026-09-27T12:32:21.858089Z Normal Scheduled Successfully assigned kube-system/aws-node-64507e to ip-10-0-4-20.ec2.internal
2026-09-27T12:32:25.858089Z Normal Created Created container proxy
2026-09-27T12:32:29.858089Z Normal ScalingReplicaSet Scaled up replica set ingress-nginx-controller-3c5ce64f to 6 from 2
2026-09-27T12:32:32.858089Z Normal Scheduled Successfully assigned observability/prometheus-b11835 to ip-10-0-5-40.ec2.internal
2026-09-27T12:32:36.858089Z Normal AddedInterface Add eth0 [10.175.90.93] from eni eni-6358e19b9c76
2026-09-27T12:32:39.858089Z Normal Synced Successfully synced grafana-852f4f
2026-09-27T12:32:43.858089Z Normal AddedInterface Add eth0 [10.232.78.140] from eni eni-dabc4a7c6960
2026-09-27T12:32:47.858089Z Warning ErrImagePull Failed to pull image "ghcr.io/company/pay-api:2.3.1": rpc error: code = Unknown desc = Error response from daemon: pull access denied
2026-09-27T12:32:50.858089Z Normal SuccessfulCreate Created pod: ingress-nginx-controller-2a5912
2026-09-27T12:32:54.858089Z Normal Pulled Container image "ghcr.io/company/pay-api:2.3.1" already present on machine
2026-09-27T12:32:57.858089Z Normal AddedInterface Add eth0 [10.225.1.239] from eni eni-1f819b50dbe8
2026-09-27T12:33:01.858089Z Normal SuccessfulCreate Created pod: worker-9f9d8e
2026-09-27T12:33:05.858089Z Normal SuccessfulCreate Created pod: aws-node-234eef
2026-09-27T12:33:08.858089Z Warning CrashLoopBackOff pod/ingress-nginx-controller-ee28d3 CrashLoopBackOff
2026-09-27T12:33:12.858089Z Normal LeaderElection metrics-server-a8a3ca became leader
2026-09-27T12:33:15.858089Z Normal SuccessfulCreate Created pod: ingress-nginx-controller-01d54c
2026-09-27T12:33:19.858089Z Warning TLSHandshakeTimeout net/http: TLS handshake timeout
2026-09-27T12:33:23.858089Z Normal AddedInterface Add eth0 [10.234.154.154] from eni eni-cda0331f159c
2026-09-27T12:33:26.858089Z Normal ScalingReplicaSet Scaled up replica set ingress-nginx-controller-be97c6db to 6 from 1
2026-09-27T12:33:30.858089Z Normal AddedInterface Add eth0 [10.182.227.66] from eni eni-6a74a3024bd5
2026-09-27T12:33:33.858089Z Normal Pulled Container image "public.ecr.aws/eks/aws-node:v1.14.1" already present on machine
2026-09-27T12:33:37.858089Z Normal AddedInterface Add eth0 [10.128.210.174] from eni eni-4c4c91f2bbac
2026-09-27T12:33:41.858089Z Warning MemPressure Node ip-10-0-1-30.ec2.internal status is now: NodeHasMemoryPressure
2026-09-27T12:33:44.858089Z Normal SuccessfulCreate Created pod: grafana-e8be40
2026-09-27T12:33:48.858089Z Normal Started Started container agent
2026-09-27T12:33:51.858089Z Warning OOMKilled Container proxy in pod payments/pay-worker-cd10f8 was killed due to OOM
2026-09-27T12:33:55.858089Z Warning DiskPressure Node ip-10-0-4-20.ec2.internal status is now: NodeHasDiskPressure
2026-09-27T12:33:59.858089Z Normal Started Started container sidecar
2026-09-27T12:34:02.858089Z Normal Created Created container app
2026-09-27T12:34:06.858089Z Normal Pulled Container image "public.ecr.aws/eks/aws-node:v1.14.1" already present on machine
2026-09-27T12:34:09.858089Z Normal Created Created container agent
2026-09-27T12:34:13.858089Z Normal Pulled Container image "public.ecr.aws/eks/aws-node:v1.14.1" already present on machine
2026-09-27T12:34:17.858089Z Normal LeaderElection ingress-nginx-controller-b9bb39 became leader
2026-09-27T12:34:20.858089Z Normal SuccessfulCreate Created pod: ingress-nginx-controller-04b8c5
2026-09-27T12:34:24.858089Z Normal AddedInterface Add eth0 [10.71.38.241] from eni eni-9699a640f595
2026-09-27T12:34:27.858089Z Normal AddedInterface Add eth0 [10.158.89.138] from eni eni-2df8349eef85
2026-09-27T12:34:31.858089Z Normal AddedInterface Add eth0 [10.40.112.215] from eni eni-8f0bda5666f9
2026-09-27T12:34:35.858089Z Normal SuccessfulCreate Created pod: api-25d9f2
2026-09-27T12:34:38.858089Z Normal Synced Successfully synced ingress-nginx-controller-945334
2026-09-27T12:34:42.858089Z Normal Synced Successfully synced ingress-nginx-controller-027852
2026-09-27T12:34:45.858089Z Normal ScalingReplicaSet Scaled up replica set frontend-e9873729 to 5 from 0
2026-09-27T12:34:49.858089Z Warning ErrImagePull Failed to pull image "ghcr.io/company/pay-api:2.3.1": rpc error: code = Unknown desc = Error response from daemon: pull access denied
2026-09-27T12:34:53.858089Z Normal Started Started container sidecar
2026-09-27T12:34:56.858089Z Normal LeaderElection pay-api-20477f became leader
2026-09-27T12:35:00.858089Z Normal SuccessfulCreate Created pod: ingress-nginx-controller-806121
2026-09-27T12:35:03.858089Z Normal Pulled Container image "registry.k8s.io/coredns/coredns:v1.11.1" already present on machine
2026-09-27T12:35:07.858089Z Normal Started Started container proxy
2026-09-27T12:35:11.858089Z Normal AddedInterface Add eth0 [10.215.140.9] from eni eni-aba0afbed427
2026-09-27T12:35:14.858089Z Normal Scheduled Successfully assigned kube-system/coredns-eb5b84 to ip-10-0-1-30.ec2.internal
2026-09-27T12:35:18.858089Z Normal Scheduled Successfully assigned ingress-nginx/ingress-nginx-controller-0271b4 to ip-10-0-1-30.ec2.internal
2026-09-27T12:35:21.858089Z Normal Started Started container app
2026-09-27T12:35:25.858089Z Normal ScalingReplicaSet Scaled up replica set pay-api-2ad29285 to 6 from 1
2026-09-27T12:35:29.858089Z Normal ScalingReplicaSet Scaled up replica set ingress-nginx-controller-605725ba to 4 from 0
2026-09-27T12:35:32.858089Z Normal SuccessfulCreate Created pod: grafana-5a8204
2026-09-27T12:35:36.858089Z Normal ScalingReplicaSet Scaled up replica set prometheus-49e4b8e7 to 3 from 0
2026-09-27T12:35:39.858089Z Normal Created Created container app
2026-09-27T12:35:43.858089Z Warning TLSHandshakeTimeout net/http: TLS handshake timeout
2026-09-27T12:35:47.858089Z Normal Scheduled Successfully assigned observability/grafana-dd4148 to ip-10-0-1-10.ec2.internal
2026-09-27T12:35:50.858089Z Normal ScalingReplicaSet Scaled up replica set api-c6de57ef to 6 from 2
2026-09-27T12:35:54.858089Z Normal ScalingReplicaSet Scaled up replica set web-3801deff to 4 from 1
2026-09-27T12:35:57.858089Z Normal Started Started container app
2026-09-27T12:36:01.858089Z Normal LeaderElection ingress-nginx-controller-7a50e1 became leader
2026-09-27T12:36:05.858089Z Normal Created Created container sidecar
2026-09-27T12:36:08.858089Z Normal Created Created container app
2026-09-27T12:36:12.858089Z Normal Pulled Container image "busybox:1.36" already present on machine
2026-09-27T12:36:15.858089Z Normal Started Started container sidecar
2026-09-27T12:36:19.858089Z Normal Pulled Container image "ghcr.io/company/auth-api:1.9.0" already present on machine
2026-09-27T12:36:23.858089Z Normal Scheduled Successfully assigned default/api-86dd4e to ip-10-0-5-30.ec2.internal
2026-09-27T12:36:26.858089Z Normal LeaderElection ingress-nginx-controller-09f025 became leader
2026-09-27T12:36:30.858089Z Normal Created Created container proxy
2026-09-27T12:36:33.858089Z Warning FailedScheduling 0/3 nodes are available: 0/5 nodes available: pod has unbound immediate PersistentVolumeClaims
2026-09-27T12:36:37.858089Z Normal Created Created container agent
2026-09-27T12:36:41.858089Z Normal Synced Successfully synced ingress-nginx-controller-dcd61b
2026-09-27T12:36:44.858089Z Normal Scheduled Successfully assigned ingress-nginx/ingress-nginx-controller-bfc520 to ip-10-0-4-30.ec2.internal
2026-09-27T12:36:48.858089Z Normal Scheduled Successfully assigned auth/oauth-2a33a5 to ip-10-0-2-50.ec2.internal
2026-09-27T12:36:51.858089Z Normal ScalingReplicaSet Scaled up replica set aws-node-0c99c6af to 4 from 0
2026-09-27T12:36:55.858089Z Normal Created Created container proxy
2026-09-27T12:36:59.858089Z Normal Scheduled Successfully assigned payments/pay-api-d45e2b to ip-10-0-4-30.ec2.internal
2026-09-27T12:37:02.858089Z Normal Synced Successfully synced metrics-server-1d8916
2026-09-27T12:37:06.858089Z Normal ScalingReplicaSet Scaled up replica set pay-api-26ad0354 to 3 from 2
2026-09-27T12:37:09.858089Z Warning CrashLoopBackOff pod/pay-worker-644a11 CrashLoopBackOff
2026-09-27T12:37:13.858089Z Normal Created Created container proxy
2026-09-27T12:37:17.858089Z Normal Created Created container agent
2026-09-27T12:37:20.858089Z Normal Scheduled Successfully assigned kube-system/metrics-server-0c2d19 to ip-10-0-4-20.ec2.internal
2026-09-27T12:37:24.858089Z Normal Scheduled Successfully assigned ingress-nginx/ingress-nginx-controller-ee6079 to ip-10-0-5-10.ec2.internal
2026-09-27T12:37:27.858089Z Normal AddedInterface Add eth0 [10.70.77.128] from eni eni-7d023bd35263
2026-09-27T12:37:31.858089Z Normal AddedInterface Add eth0 [10.50.227.191] from eni eni-7db27edb35c9
2026-09-27T12:37:35.858089Z Normal Pulled Container image "ghcr.io/company/auth-api:1.9.0" already present on machine
2026-09-27T12:37:38.858089Z Normal Scheduled Successfully assigned observability/prometheus-b445ce to ip-10-0-4-30.ec2.internal
2026-09-27T12:37:42.858089Z Normal Created Created container agent
2026-09-27T12:37:45.858089Z Normal ScalingReplicaSet Scaled up replica set loki-db197fb5 to 4 from 1
2026-09-27T12:37:49.858089Z Normal ScalingReplicaSet Scaled up replica set oauth-2e63eeb4 to 5 from 0
2026-09-27T12:37:53.858089Z Normal Synced Successfully synced pay-worker-d22e67
2026-09-27T12:37:56.858089Z Normal LeaderElection grafana-c49c90 became leader
2026-09-27T12:38:00.858089Z Warning FailedMount Unable to attach or mount volumes: timed out waiting for the condition
2026-09-27T12:38:03.858089Z Normal Synced Successfully synced prometheus-060908
2026-09-27T12:38:07.858089Z Normal Scheduled Successfully assigned auth/oauth-287c96 to ip-10-0-5-30.ec2.internal
2026-09-27T12:38:11.858089Z Normal AddedInterface Add eth0 [10.241.49.212] from eni eni-026ae22615c0
2026-09-27T12:38:14.858089Z Normal Pulled Container image "nginx:1.25" already present on machine
2026-09-27T12:38:18.858089Z Normal AddedInterface Add eth0 [10.130.195.183] from eni eni-460949bca043
2026-09-27T12:38:21.858089Z Normal Created Created container agent
2026-09-27T12:38:25.858089Z Normal ScalingReplicaSet Scaled up replica set ingress-nginx-controller-a117b912 to 3 from 0
2026-09-27T12:38:29.858089Z Normal Scheduled Successfully assigned observability/prometheus-9be32f to ip-10-0-2-10.ec2.internal
2026-09-27T12:38:32.858089Z Normal Started Started container app
2026-09-27T12:38:36.858089Z Normal Scheduled Successfully assigned observability/grafana-93ffe8 to ip-10-0-1-30.ec2.internal
2026-09-27T12:38:39.858089Z Normal AddedInterface Add eth0 [10.23.125.125] from eni eni-8b6e9eb4a099
2026-09-27T12:38:43.858089Z Normal AddedInterface Add eth0 [10.18.255.205] from eni eni-ee2e9921ef9e
2026-09-27T12:38:47.858089Z Normal LeaderElection oauth-8ed4e6 became leader
2026-09-27T12:38:50.858089Z Normal Synced Successfully synced pay-worker-510fea
2026-09-27T12:38:54.858089Z Normal ScalingReplicaSet Scaled up replica set pay-worker-509181c0 to 2 from 0
2026-09-27T12:38:57.858089Z Normal LeaderElection kube-proxy-0306c4 became leader
2026-09-27T12:39:01.858089Z Normal Started Started container proxy
2026-09-27T12:39:05.858089Z Normal AddedInterface Add eth0 [10.20.195.59] from eni eni-6d1603c9f134
2026-09-27T12:39:08.858089Z Normal AddedInterface Add eth0 [10.245.188.32] from eni eni-cf7d927d3fd7
2026-09-27T12:39:12.858089Z Normal Started Started container agent
2026-09-27T12:39:15.858089Z Normal Created Created container sidecar
2026-09-27T12:39:19.858089Z Normal Started Started container proxy
2026-09-27T12:39:23.858089Z Normal Synced Successfully synced pay-api-bcbea5
2026-09-27T12:39:26.858089Z Normal Pulled Container image "ghcr.io/company/pay-api:2.3.1" already present on machine
2026-09-27T12:39:30.858089Z Normal ScalingReplicaSet Scaled up replica set ingress-nginx-controller-7828b969 to 2 from 1
2026-09-27T12:39:33.858089Z Normal Created Created container app
2026-09-27T12:39:37.858089Z Normal Synced Successfully synced pay-api-b4c099
2026-09-27T12:39:41.858089Z Normal AddedInterface Add eth0 [10.104.134.186] from eni eni-16f5a3df476e
2026-09-27T12:39:44.858089Z Normal ScalingReplicaSet Scaled up replica set auth-api-f1ec708b to 2 from 0
2026-09-27T12:39:48.858089Z Normal Scheduled Successfully assigned kube-system/coredns-eaf9ef to ip-10-0-4-50.ec2.internal
2026-09-27T12:39:51.858089Z Normal SuccessfulCreate Created pod: frontend-0b01f9
2026-09-27T12:39:55.858089Z Normal Scheduled Successfully assigned payments/pay-api-6f491e to ip-10-0-2-50.ec2.internal
2026-09-27T12:39:59.858089Z Normal ScalingReplicaSet Scaled up replica set prometheus-d5f96d82 to 6 from 1
2026-09-27T12:40:02.858089Z Normal SuccessfulCreate Created pod: metrics-server-21d2d5
2026-09-27T12:40:06.858089Z Normal Synced Successfully synced oauth-e0415d
2026-09-27T12:40:09.858089Z Normal Synced Successfully synced pay-api-3d4cb0
2026-09-27T12:40:13.858089Z Normal Started Started container sidecar
2026-09-27T12:40:17.858089Z Warning CrashLoopBackOff pod/pay-worker-16b954 CrashLoopBackOff
2026-09-27T12:40:20.858089Z Normal LeaderElection auth-api-164431 became leader
2026-09-27T12:40:24.858089Z Normal AddedInterface Add eth0 [10.49.212.75] from eni eni-3c1be88f3b07
2026-09-27T12:40:27.858089Z Normal SuccessfulCreate Created pod: grafana-070132
2026-09-27T12:40:31.858089Z Normal LeaderElection aws-node-277f9a became leader
2026-09-27T12:40:35.858089Z Normal SuccessfulCreate Created pod: api-edc4fc
2026-09-27T12:40:38.858089Z Normal ScalingReplicaSet Scaled up replica set prometheus-1609292b to 2 from 0
2026-09-27T12:40:42.858089Z Normal Started Started container proxy
2026-09-27T12:40:45.858089Z Normal LeaderElection oauth-664ba6 became leader
2026-09-27T12:40:49.858089Z Normal SuccessfulCreate Created pod: oauth-1f92c2
2026-09-27T12:40:53.858089Z Normal LeaderElection worker-028ed7 became leader
2026-09-27T12:40:56.858089Z Warning TLSHandshakeTimeout net/http: TLS handshake timeout
2026-09-27T12:41:00.858089Z Normal Scheduled Successfully assigned payments/pay-worker-da7a5f to ip-10-0-1-10.ec2.internal
2026-09-27T12:41:03.858089Z Normal Synced Successfully synced grafana-060905
2026-09-27T12:41:07.858089Z Normal LeaderElection worker-a50a6c became leader
2026-09-27T12:41:11.858089Z Normal LeaderElection grafana-3467cf became leader
2026-09-27T12:41:14.858089Z Normal AddedInterface Add eth0 [10.159.75.153] from eni eni-480781b38110
2026-09-27T12:41:18.858089Z Warning FailedScheduling 0/7 nodes are available: node(s) had taint {node.kubernetes.io/not-ready: }
2026-09-27T12:41:21.858089Z Warning OOMKilled Container proxy in pod observability/grafana-cb8123 was killed due to OOM
2026-09-27T12:41:25.858089Z Normal Created Created container app
2026-09-27T12:41:29.858089Z Normal ScalingReplicaSet Scaled up replica set oauth-bb2a0b7d to 6 from 1
2026-09-27T12:41:32.858089Z Normal ScalingReplicaSet Scaled up replica set auth-api-f024990a to 2 from 1
2026-09-27T12:41:36.858089Z Warning CrashLoopBackOff pod/coredns-c8a5d1 CrashLoopBackOff
2026-09-27T12:41:39.858089Z Warning MemPressure Node ip-10-0-2-40.ec2.internal status is now: NodeHasMemoryPressure
2026-09-27T12:41:43.858089Z Normal Created Created container app
2026-09-27T12:41:47.858089Z Normal Pulled Container image "ghcr.io/company/auth-api:1.9.0" already present on machine
2026-09-27T12:41:50.858089Z Normal ScalingReplicaSet Scaled up replica set pay-api-09ad4442 to 6 from 0
2026-09-27T12:41:54.858089Z Normal AddedInterface Add eth0 [10.43.61.195] from eni eni-3877ff2e6ca5
2026-09-27T12:41:57.858089Z Normal ScalingReplicaSet Scaled up replica set api-1e805364 to 5 from 0
2026-09-27T12:42:01.858089Z Normal Synced Successfully synced pay-worker-ce3ee5
2026-09-27T12:42:05.858089Z Normal LeaderElection api-4dbd36 became leader
2026-09-27T12:42:08.858089Z Normal Scheduled Successfully assigned auth/oauth-72f800 to ip-10-0-5-40.ec2.internal
2026-09-27T12:42:12.858089Z Normal ScalingReplicaSet Scaled up replica set worker-025b64ab to 5 from 0
2026-09-27T12:42:15.858089Z Normal Pulled Container image "public.ecr.aws/eks/aws-node:v1.14.1" already present on machine
2026-09-27T12:42:19.858089Z Normal Pulled Container image "public.ecr.aws/eks/aws-node:v1.14.1" already present on machine
2026-09-27T12:42:23.858089Z Normal AddedInterface Add eth0 [10.100.238.225] from eni eni-39a0fdeed004
2026-09-27T12:42:26.858089Z Normal Started Started container sidecar
2026-09-27T12:42:30.858089Z Normal SuccessfulCreate Created pod: auth-api-7ae30f
2026-09-27T12:42:33.858089Z Normal SuccessfulCreate Created pod: grafana-cbcb9b
2026-09-27T12:42:37.858089Z Normal Created Created container agent
2026-09-27T12:42:41.858089Z Warning FailedMount Unable to attach or mount volumes: timed out waiting for the condition
2026-09-27T12:42:44.858089Z Normal AddedInterface Add eth0 [10.65.253.77] from eni eni-a30bde8d7dc7
2026-09-27T12:42:48.858089Z Normal LeaderElection ingress-nginx-controller-cd6ca1 became leader
2026-09-27T12:42:51.858089Z Normal Scheduled Successfully assigned auth/auth-api-43e1f5 to ip-10-0-1-40.ec2.internal
2026-09-27T12:42:55.858089Z Normal SuccessfulCreate Created pod: ingress-nginx-controller-091b11
2026-09-27T12:42:59.858089Z Normal Synced Successfully synced oauth-367ba7
2026-09-27T12:43:02.858089Z Normal LeaderElection ingress-nginx-controller-6ca09f became leader
2026-09-27T12:43:06.858089Z Normal Synced Successfully synced web-43c2c3
2026-09-27T12:43:09.858089Z Normal Scheduled Successfully assigned ingress-nginx/ingress-nginx-controller-a04eb2 to ip-10-0-4-30.ec2.internal
2026-09-27T12:43:13.858089Z Normal Started Started container sidecar
2026-09-27T12:43:17.858089Z Normal ScalingReplicaSet Scaled up replica set pay-worker-4e00a443 to 4 from 2
2026-09-27T12:43:20.858089Z Normal AddedInterface Add eth0 [10.105.60.252] from eni eni-abdbc712dd67
2026-09-27T12:43:24.858089Z Warning Unhealthy Readiness probe failed: Get "http://10.254.130.2:9090/health": dial tcp 10.254.130.2:9090: i/o timeout
2026-09-27T12:43:27.858089Z Normal Created Created container sidecar
2026-09-27T12:43:31.858089Z Normal LeaderElection ingress-nginx-controller-b26005 became leader
2026-09-27T12:43:35.858089Z Normal Started Started container proxy
2026-09-27T12:43:38.858089Z Normal AddedInterface Add eth0 [10.174.141.149] from eni eni-acb7eba455e4
2026-09-27T12:43:42.858089Z Normal Synced Successfully synced prometheus-023a79
2026-09-27T12:43:45.858089Z Normal LeaderElection frontend-c0355e became leader
2026-09-27T12:43:49.858089Z Normal Started Started container agent
2026-09-27T12:43:53.858089Z Normal AddedInterface Add eth0 [10.254.90.126] from eni eni-eb0291945b13
2026-09-27T12:43:56.858089Z Normal SuccessfulCreate Created pod: pay-worker-00384f
2026-09-27T12:44:00.858089Z Normal Started Started container app
2026-09-27T12:44:03.858089Z Warning CrashLoopBackOff pod/auth-api-5257b4 CrashLoopBackOff
2026-09-27T12:44:07.858089Z Normal SuccessfulCreate Created pod: auth-api-c1288b
2026-09-27T12:44:11.858089Z Normal LeaderElection auth-api-3e6d1c became leader
2026-09-27T12:44:14.858089Z Normal Synced Successfully synced metrics-server-32d1c0
2026-09-27T12:44:18.858089Z Normal SuccessfulCreate Created pod: prometheus-ab7a46
2026-09-27T12:44:21.858089Z Normal Pulled Container image "public.ecr.aws/eks/aws-node:v1.14.1" already present on machine
2026-09-27T12:44:25.858089Z Normal LeaderElection grafana-d74499 became leader
2026-09-27T12:44:29.858089Z Normal Synced Successfully synced pay-worker-ba1848
2026-09-27T12:44:32.858089Z Normal Synced Successfully synced oauth-6a0fdd
2026-09-27T12:44:36.858089Z Normal SuccessfulCreate Created pod: pay-api-ff14c6
2026-09-27T12:44:39.858089Z Normal Started Started container agent
2026-09-27T12:44:43.858089Z Normal Synced Successfully synced grafana-50c3b3
2026-09-27T12:44:47.858089Z Normal SuccessfulCreate Created pod: ingress-nginx-controller-b69978
2026-09-27T12:44:50.858089Z Normal AddedInterface Add eth0 [10.16.246.135] from eni eni-28ad86920529
2026-09-27T12:44:54.858089Z Normal AddedInterface Add eth0 [10.61.126.105] from eni eni-2126fe7bc51c
2026-09-27T12:44:57.858089Z Normal Scheduled Successfully assigned observability/prometheus-ca1b58 to ip-10-0-4-10.ec2.internal
2026-09-27T12:45:01.858089Z Normal AddedInterface Add eth0 [10.23.72.105] from eni eni-6a5d5b9b229b
2026-09-27T12:45:05.858089Z Normal LeaderElection oauth-63b1ce became leader
2026-09-27T12:45:08.858089Z Normal Created Created container sidecar
2026-09-27T12:45:12.858089Z Normal Synced Successfully synced oauth-c7ff6e
2026-09-27T12:45:15.858089Z Normal Started Started container proxy
2026-09-27T12:45:19.858089Z Normal Synced Successfully synced pay-api-95ef93
2026-09-27T12:45:23.858089Z Normal Scheduled Successfully assigned kube-system/kube-proxy-e093b1 to ip-10-0-1-10.ec2.internal
2026-09-27T12:45:26.858089Z Normal Created Created container proxy
2026-09-27T12:45:30.858089Z Normal AddedInterface Add eth0 [10.96.251.119] from eni eni-b8e77da23e96
2026-09-27T12:45:33.858089Z Normal Pulled Container image "registry.k8s.io/coredns/coredns:v1.11.1" already present on machine
2026-09-27T12:45:37.858089Z Warning FailedMount Unable to attach or mount volumes: timed out waiting for the condition
2026-09-27T12:45:41.858089Z Normal Synced Successfully synced worker-e9dcd0
2026-09-27T12:45:44.858089Z Normal AddedInterface Add eth0 [10.42.219.127] from eni eni-70e47db92ebb
2026-09-27T12:45:48.858089Z Normal Scheduled Successfully assigned observability/prometheus-509ff8 to ip-10-0-4-30.ec2.internal
2026-09-27T12:45:51.858089Z Normal Scheduled Successfully assigned observability/grafana-3c0d89 to ip-10-0-1-10.ec2.internal
2026-09-27T12:45:55.858089Z Normal LeaderElection oauth-6098f1 became leader
2026-09-27T12:45:59.858089Z Normal Synced Successfully synced api-728f46
2026-09-27T12:46:02.858089Z Normal Started Started container agent
2026-09-27T12:46:06.858089Z Normal Pulled Container image "ghcr.io/company/auth-api:1.9.0" already present on machine
2026-09-27T12:46:09.858089Z Normal Synced Successfully synced coredns-9caf73
2026-09-27T12:46:13.858089Z Normal Pulled Container image "ghcr.io/company/pay-api:2.3.1" already present on machine
2026-09-27T12:46:17.858089Z Normal ScalingReplicaSet Scaled up replica set pay-api-68153037 to 2 from 2
2026-09-27T12:46:20.858089Z Normal ScalingReplicaSet Scaled up replica set prometheus-d039a082 to 6 from 0
2026-09-27T12:46:24.858089Z Normal AddedInterface Add eth0 [10.216.168.217] from eni eni-0bab5824c3b9
2026-09-27T12:46:27.858089Z Normal AddedInterface Add eth0 [10.144.58.227] from eni eni-b935d717f90f
2026-09-27T12:46:31.858089Z Warning DNSConfigForming Nameserver limits were exceeded, some nameservers have been omitted, the applied nameserver line is: 10.184.177.201 10.180.107.95 10.170.39.220 10.31.68.170 10.78.228.113
2026-09-27T12:46:35.858089Z Normal AddedInterface Add eth0 [10.92.189.73] from eni eni-0ff02bb491ed
2026-09-27T12:46:38.858089Z Warning ImagePullBackOff Back-off pulling image "registry.k8s.io/coredns/coredns:v1.11.1"
2026-09-27T12:46:42.858089Z Normal SuccessfulCreate Created pod: grafana-822d2d
2026-09-27T12:46:45.858089Z Normal LeaderElection frontend-a61a8b became leader
2026-09-27T12:46:49.858089Z Normal Scheduled Successfully assigned default/worker-379136 to ip-10-0-3-20.ec2.internal
2026-09-27T12:46:53.858089Z Normal ScalingReplicaSet Scaled up replica set grafana-6f3758e5 to 5 from 0
2026-09-27T12:46:56.858089Z Normal Scheduled Successfully assigned default/frontend-94163b to ip-10-0-4-30.ec2.internal
2026-09-27T12:47:00.858089Z Warning CrashLoopBackOff pod/prometheus-c57fdb CrashLoopBackOff
2026-09-27T12:47:03.858089Z Normal AddedInterface Add eth0 [10.12.45.9] from eni eni-876ef9d6a23f
2026-09-27T12:47:07.858089Z Normal Scheduled Successfully assigned default/web-5393cb to ip-10-0-1-40.ec2.internal
2026-09-27T12:47:11.858089Z Normal Created Created container sidecar
2026-09-27T12:47:14.858089Z Normal SuccessfulCreate Created pod: ingress-nginx-controller-e0e079
2026-09-27T12:47:18.858089Z Normal Created Created container proxy
2026-09-27T12:47:21.858089Z Normal Synced Successfully synced kube-proxy-eb59f8
2026-09-27T12:47:25.858089Z Normal Created Created container agent
2026-09-27T12:47:29.858089Z Normal SuccessfulCreate Created pod: pay-worker-f308a7
2026-09-27T12:47:32.858089Z Normal Started Started container proxy
2026-09-27T12:47:36.858089Z Normal Created Created container app
2026-09-27T12:47:39.858089Z Normal AddedInterface Add eth0 [10.5.192.69] from eni eni-086507d67c73
2026-09-27T12:47:43.858089Z Normal Scheduled Successfully assigned ingress-nginx/ingress-nginx-controller-d17cf2 to ip-10-0-1-50.ec2.internal
2026-09-27T12:47:47.858089Z Normal SuccessfulCreate Created pod: aws-node-d06271
2026-09-27T12:47:50.858089Z Normal ScalingReplicaSet Scaled up replica set pay-api-3146fa83 to 5 from 2
2026-09-27T12:47:54.858089Z Normal Created Created container proxy
2026-09-27T12:47:57.858089Z Normal Created Created container proxy
2026-09-27T12:48:01.858089Z Normal Created Created container agent
2026-09-27T12:48:05.858089Z Normal Created Created container proxy
2026-09-27T12:48:08.858089Z Normal Pulled Container image "busybox:1.36" already present on machine
2026-09-27T12:48:12.858089Z Normal Created Created container app
2026-09-27T12:48:15.858089Z Normal Started Started container sidecar
2026-09-27T12:48:19.858089Z Normal Pulled Container image "ghcr.io/company/pay-api:2.3.1" already present on machine
2026-09-27T12:48:23.858089Z Normal Created Created container agent
2026-09-27T12:48:26.858089Z Normal AddedInterface Add eth0 [10.57.148.56] from eni eni-dd6c99488ad8
2026-09-27T12:48:30.858089Z Normal Scheduled Successfully assigned observability/prometheus-ffb69a to ip-10-0-5-10.ec2.internal
2026-09-27T12:48:33.858089Z Normal Synced Successfully synced coredns-e086d3
2026-09-27T12:48:37.858089Z Normal Created Created container app
2026-09-27T12:48:41.858089Z Normal ScalingReplicaSet Scaled up replica set pay-worker-be031350 to 4 from 2
2026-09-27T12:48:44.858089Z Normal Synced Successfully synced frontend-24d58d
2026-09-27T12:48:48.858089Z Normal Scheduled Successfully assigned ingress-nginx/ingress-nginx-controller-9b3f9a to ip-10-0-3-30.ec2.internal
2026-09-27T12:48:51.858089Z Normal Pulled Container image "nginx:1.25" already present on machine
2026-09-27T12:48:55.858089Z Normal Started Started container proxy
2026-09-27T12:48:59.858089Z Normal LeaderElection ingress-nginx-controller-ed37a5 became leader
2026-09-27T12:49:02.858089Z Warning ImagePullBackOff Back-off pulling image "python:3.11-slim"
2026-09-27T12:49:06.858089Z Normal Started Started container app
2026-09-27T12:49:09.858089Z Normal Scheduled Successfully assigned kube-system/aws-node-f19ac5 to ip-10-0-1-10.ec2.internal
2026-09-27T12:49:13.858089Z Warning MemPressure Node ip-10-0-1-40.ec2.internal status is now: NodeHasMemoryPressure
2026-09-27T12:49:17.858089Z Normal Pulled Container image "registry.k8s.io/coredns/coredns:v1.11.1" already present on machine
2026-09-27T12:49:20.858089Z Normal AddedInterface Add eth0 [10.177.185.229] from eni eni-2a5e8f0380d0
2026-09-27T12:49:24.858089Z Normal Scheduled Successfully assigned ingress-nginx/ingress-nginx-controller-a04ac9 to ip-10-0-4-10.ec2.internal
2026-09-27T12:49:27.858089Z Normal Synced Successfully synced ingress-nginx-controller-e2f017
2026-09-27T12:49:31.858089Z Normal Created Created container sidecar
2026-09-27T12:49:35.858089Z Normal LeaderElection auth-api-36f5de became leader
2026-09-27T12:49:38.858089Z Normal Scheduled Successfully assigned ingress-nginx/ingress-nginx-controller-54829c to ip-10-0-1-10.ec2.internal
2026-09-27T12:49:42.858089Z Normal AddedInterface Add eth0 [10.100.69.128] from eni eni-b86c6a4458f9
2026-09-27T12:49:45.858089Z Normal Synced Successfully synced ingress-nginx-controller-6e3d8d
2026-09-27T12:49:49.858089Z Normal Scheduled Successfully assigned payments/pay-api-aebe0c to ip-10-0-1-40.ec2.internal
2026-09-27T12:49:53.858089Z Normal Pulled Container image "registry.k8s.io/coredns/coredns:v1.11.1" already present on machine
2026-09-27T12:49:56.858089Z Warning ErrImagePull Failed to pull image "ghcr.io/company/auth-api:1.9.0": rpc error: code = Unknown desc = Error response from daemon: pull access denied
2026-09-27T12:50:00.858089Z Normal SuccessfulCreate Created pod: pay-worker-bd9d18
2026-09-27T12:50:03.858089Z Normal Pulled Container image "ghcr.io/company/auth-api:1.9.0" already present on machine
2026-09-27T12:50:07.858089Z Normal Pulled Container image "ghcr.io/company/pay-api:2.3.1" already present on machine
2026-09-27T12:50:11.858089Z Normal AddedInterface Add eth0 [10.19.108.161] from eni eni-2e2e10344902
2026-09-27T12:50:14.858089Z Normal ScalingReplicaSet Scaled up replica set coredns-06eb04b4 to 3 from 1
2026-09-27T12:50:18.858089Z Normal Pulled Container image "busybox:1.36" already present on machine
2026-09-27T12:50:21.858089Z Normal Created Created container sidecar
2026-09-27T12:50:25.858089Z Normal SuccessfulCreate Created pod: auth-api-eca11e
2026-09-27T12:50:29.858089Z Normal Started Started container agent
2026-09-27T12:50:32.858089Z Normal Pulled Container image "ghcr.io/company/pay-api:2.3.1" already present on machine
2026-09-27T12:50:36.858089Z Normal AddedInterface Add eth0 [10.72.235.41] from eni eni-acf060d69fed
2026-09-27T12:50:39.858089Z Normal Pulled Container image "registry.k8s.io/coredns/coredns:v1.11.1" already present on machine
2026-09-27T12:50:43.858089Z Normal SuccessfulCreate Created pod: pay-worker-c13a5e
2026-09-27T12:50:47.858089Z Normal Created Created container agent
2026-09-27T12:50:50.858089Z Normal Started Started container proxy
2026-09-27T12:50:54.858089Z Normal Scheduled Successfully assigned observability/prometheus-c4e22d to ip-10-0-4-20.ec2.internal
2026-09-27T12:50:57.858089Z Normal SuccessfulCreate Created pod: pay-worker-03e1d3
2026-09-27T12:51:01.858089Z Normal Created Created container app
2026-09-27T12:51:05.858089Z Normal LeaderElection kube-proxy-82e0fb became leader
2026-09-27T12:51:08.858089Z Normal Started Started container proxy
2026-09-27T12:51:12.858089Z Warning MemPressure Node ip-10-0-3-50.ec2.internal status is now: NodeHasMemoryPressure
2026-09-27T12:51:15.858089Z Normal Scheduled Successfully assigned auth/oauth-3217b8 to ip-10-0-2-40.ec2.internal
2026-09-27T12:51:19.858089Z Normal Synced Successfully synced loki-ee897a
2026-09-27T12:51:23.858089Z Normal Pulled Container image "python:3.11-slim" already present on machine
2026-09-27T12:51:26.858089Z Warning CrashLoopBackOff pod/prometheus-3a294a CrashLoopBackOff
2026-09-27T12:51:30.858089Z Normal SuccessfulCreate Created pod: prometheus-c4b839
2026-09-27T12:51:33.858089Z Normal ScalingReplicaSet Scaled up replica set ingress-nginx-controller-28d8baae to 6 from 0
2026-09-27T12:51:37.858089Z Normal Scheduled Successfully assigned payments/pay-worker-f37a11 to ip-10-0-2-40.ec2.internal
2026-09-27T12:51:41.858089Z Normal AddedInterface Add eth0 [10.111.52.92] from eni eni-3314df83272e
2026-09-27T12:51:44.858089Z Normal LeaderElection prometheus-7d3bd5 became leader
2026-09-27T12:51:48.858089Z Normal AddedInterface Add eth0 [10.71.160.64] from eni eni-10156df758b8
2026-09-27T12:51:51.858089Z Normal AddedInterface Add eth0 [10.159.68.159] from eni eni-db72dce3f4f3
2026-09-27T12:51:55.858089Z Normal Created Created container proxy
2026-09-27T12:51:59.858089Z Normal ScalingReplicaSet Scaled up replica set pay-worker-a8730318 to 2 from 0
2026-09-27T12:52:02.858089Z Normal ScalingReplicaSet Scaled up replica set ingress-nginx-controller-5787f545 to 4 from 0
2026-09-27T12:52:06.858089Z Normal Started Started container sidecar
2026-09-27T12:52:09.858089Z Normal LeaderElection api-52aa1e became leader
2026-09-27T12:52:13.858089Z Normal Started Started container sidecar
2026-09-27T12:52:17.858089Z Normal Started Started container sidecar
2026-09-27T12:52:20.858089Z Normal ScalingReplicaSet Scaled up replica set loki-f50ead44 to 2 from 2
2026-09-27T12:52:24.858089Z Normal AddedInterface Add eth0 [10.204.101.201] from eni eni-fc0cdf6b9c7e
2026-09-27T12:52:27.858089Z Warning TLSHandshakeTimeout net/http: TLS handshake timeout
2026-09-27T12:52:31.858089Z Warning Unhealthy Readiness probe failed: Get "http://10.181.56.236:80/health": dial tcp 10.181.56.236:80: i/o timeout
2026-09-27T12:52:35.858089Z Normal Scheduled Successfully assigned kube-system/aws-node-d1a848 to ip-10-0-2-30.ec2.internal
2026-09-27T12:52:38.858089Z Normal SuccessfulCreate Created pod: aws-node-2d61c8
2026-09-27T12:52:42.858089Z Normal LeaderElection ingress-nginx-controller-dc9d99 became leader
2026-09-27T12:52:45.858089Z Normal AddedInterface Add eth0 [10.105.122.254] from eni eni-c84779e8398b
2026-09-27T12:52:49.858089Z Warning DNSConfigForming Nameserver limits were exceeded, some nameservers have been omitted, the applied nameserver line is: 10.48.9.63 10.213.152.141 10.190.47.174 10.19.22.34 10.34.78.78
2026-09-27T12:52:53.858089Z Normal Synced Successfully synced web-fdd321
2026-09-27T12:52:56.858089Z Normal SuccessfulCreate Created pod: ingress-nginx-controller-5679b6
2026-09-27T12:53:00.858089Z Normal LeaderElection loki-df99e4 became leader
2026-09-27T12:53:03.858089Z Normal Pulled Container image "nginx:1.25" already present on machine
2026-09-27T12:53:07.858089Z Normal Created Created container proxy
2026-09-27T12:53:11.858089Z Normal AddedInterface Add eth0 [10.43.250.97] from eni eni-085735185a1c
2026-09-27T12:53:14.858089Z Normal Synced Successfully synced pay-worker-b2dfdc
2026-09-27T12:53:18.858089Z Warning NodeNotReady Node ip-10-0-2-20.ec2.internal status is now: NodeNotReady
2026-09-27T12:53:21.858089Z Normal Synced Successfully synced ingress-nginx-controller-7bd24a
2026-09-27T12:53:25.858089Z Normal Scheduled Successfully assigned observability/loki-06003c to ip-10-0-2-20.ec2.internal
2026-09-27T12:53:29.858089Z Normal LeaderElection loki-0550c4 became leader
2026-09-27T12:53:32.858089Z Normal Started Started container app
2026-09-27T12:53:36.858089Z Normal Started Started container app
2026-09-27T12:53:39.858089Z Normal Pulled Container image "registry.k8s.io/coredns/coredns:v1.11.1" already present on machine
2026-09-27T12:53:43.858089Z Normal Pulled Container image "ghcr.io/company/pay-api:2.3.1" already present on machine
2026-09-27T12:53:47.858089Z Normal Scheduled Successfully assigned observability/grafana-34f3fe to ip-10-0-1-40.ec2.internal
2026-09-27T12:53:50.858089Z Normal LeaderElection pay-worker-17854c became leader
2026-09-27T12:53:54.858089Z Normal Pulled Container image "busybox:1.36" already present on machine
2026-09-27T12:53:57.858089Z Normal SuccessfulCreate Created pod: pay-api-b8de57
2026-09-27T12:54:01.858089Z Normal SuccessfulCreate Created pod: pay-api-9c448a
2026-09-27T12:54:05.858089Z Normal AddedInterface Add eth0 [10.116.51.206] from eni eni-4dd847400b60
2026-09-27T12:54:08.858089Z Normal Started Started container sidecar
2026-09-27T12:54:12.858089Z Normal LeaderElection oauth-8ca18f became leader
2026-09-27T12:54:15.858089Z Normal Started Started container proxy
2026-09-27T12:54:19.858089Z Normal Created Created container proxy
2026-09-27T12:54:23.858089Z Normal Scheduled Successfully assigned ingress-nginx/ingress-nginx-controller-8814dc to ip-10-0-2-20.ec2.internal
2026-09-27T12:54:26.858089Z Normal Created Created container app
2026-09-27T12:54:30.858089Z Normal ScalingReplicaSet Scaled up replica set ingress-nginx-controller-ce66a579 to 3 from 2
2026-09-27T12:54:33.858089Z Normal ScalingReplicaSet Scaled up replica set loki-eabd8a2d to 6 from 2
2026-09-27T12:54:37.858089Z Normal Synced Successfully synced ingress-nginx-controller-d6cc95
2026-09-27T12:54:41.858089Z Normal SuccessfulCreate Created pod: metrics-server-a66eb0
2026-09-27T12:54:44.858089Z Normal Started Started container agent
2026-09-27T12:54:48.858089Z Normal AddedInterface Add eth0 [10.253.161.12] from eni eni-fd7c0ab90f12
2026-09-27T12:54:51.858089Z Normal Synced Successfully synced ingress-nginx-controller-ee0a4d
2026-09-27T12:54:55.858089Z Warning Unhealthy Readiness probe failed: Get "http://10.199.135.204:443/health": dial tcp 10.199.135.204:443: i/o timeout
2026-09-27T12:54:59.858089Z Normal Scheduled Successfully assigned payments/pay-api-47729d to ip-10-0-4-30.ec2.internal
2026-09-27T12:55:02.858089Z Warning TLSHandshakeTimeout net/http: TLS handshake timeout
2026-09-27T12:55:06.858089Z Normal AddedInterface Add eth0 [10.30.118.192] from eni eni-2c00769455d5
2026-09-27T12:55:09.858089Z Normal SuccessfulCreate Created pod: prometheus-7b9447
2026-09-27T12:55:13.858089Z Normal Pulled Container image "busybox:1.36" already present on machine
2026-09-27T12:55:17.858089Z Normal Created Created container app
2026-09-27T12:55:20.858089Z Normal Pulled Container image "busybox:1.36" already present on machine
2026-09-27T12:55:24.858089Z Normal Created Created container agent
2026-09-27T12:55:27.858089Z Normal Created Created container app
2026-09-27T12:55:31.858089Z Normal LeaderElection ingress-nginx-controller-a08ff1 became leader
2026-09-27T12:55:35.858089Z Normal Synced Successfully synced prometheus-d9b8ff
2026-09-27T12:55:38.858089Z Normal Scheduled Successfully assigned kube-system/metrics-server-432056 to ip-10-0-4-20.ec2.internal
2026-09-27T12:55:42.858089Z Normal AddedInterface Add eth0 [10.131.99.229] from eni eni-7a6076d625f8
2026-09-27T12:55:45.858089Z Normal Pulled Container image "ghcr.io/company/auth-api:1.9.0" already present on machine
2026-09-27T12:55:49.858089Z Warning DiskPressure Node ip-10-0-4-30.ec2.internal status is now: NodeHasDiskPressure
2026-09-27T12:55:53.858089Z Warning BackOff Back-off restarting failed container agent in pod ingress-nginx/ingress-nginx-controller-d8aec1
2026-09-27T12:55:56.858089Z Normal Scheduled Successfully assigned kube-system/aws-node-0b3e52 to ip-10-0-1-30.ec2.internal
2026-09-27T12:56:00.858089Z Normal Synced Successfully synced coredns-90037f
2026-09-27T12:56:03.858089Z Normal ScalingReplicaSet Scaled up replica set kube-proxy-71ec79cd to 6 from 2
2026-09-27T12:56:07.858089Z Warning DiskPressure Node ip-10-0-3-10.ec2.internal status is now: NodeHasDiskPressure
2026-09-27T12:56:11.858089Z Normal SuccessfulCreate Created pod: coredns-ccd669
2026-09-27T12:56:14.858089Z Normal SuccessfulCreate Created pod: frontend-3d9d06
2026-09-27T12:56:18.858089Z Normal Synced Successfully synced ingress-nginx-controller-08f4a5
2026-09-27T12:56:21.858089Z Normal SuccessfulCreate Created pod: web-d1a859
2026-09-27T12:56:25.858089Z Warning OOMKilled Container proxy in pod payments/pay-api-6f24bb was killed due to OOM
2026-09-27T12:56:29.858089Z Normal Created Created container agent
2026-09-27T12:56:32.858089Z Normal Synced Successfully synced ingress-nginx-controller-f56247
2026-09-27T12:56:36.858089Z Normal Pulled Container image "busybox:1.36" already present on machine
2026-09-27T12:56:39.858089Z Normal Scheduled Successfully assigned kube-system/kube-proxy-bb9863 to ip-10-0-2-10.ec2.internal
2026-09-27T12:56:43.858089Z Warning FailedScheduling 0/6 nodes are available: 0/5 nodes available: pod has unbound immediate PersistentVolumeClaims
2026-09-27T12:56:47.858089Z Warning BackOff Back-off restarting failed container agent in pod observability/grafana-9c9bb8
2026-09-27T12:56:50.858089Z Normal LeaderElection ingress-nginx-controller-4b3911 became leader
2026-09-27T12:56:54.858089Z Normal Started Started container proxy
2026-09-27T12:56:57.858089Z Normal Started Started container proxy
2026-09-27T12:57:01.858089Z Normal Created Created container agent
2026-09-27T12:57:05.858089Z Warning DNSConfigForming Nameserver limits were exceeded, some nameservers have been omitted, the applied nameserver line is: 10.56.237.167 10.194.199.2 10.151.161.107 10.118.43.229 10.50.205.176
2026-09-27T12:57:08.858089Z Normal LeaderElection ingress-nginx-controller-4df9a2 became leader
2026-09-27T12:57:12.858089Z Normal SuccessfulCreate Created pod: pay-worker-755557
2026-09-27T12:57:15.858089Z Normal AddedInterface Add eth0 [10.147.253.136] from eni eni-42637e231cb4
2026-09-27T12:57:19.858089Z Normal AddedInterface Add eth0 [10.85.2.111] from eni eni-bba6606337ff
2026-09-27T12:57:23.858089Z Normal SuccessfulCreate Created pod: frontend-a9125e
2026-09-27T12:57:26.858089Z Normal Pulled Container image "registry.k8s.io/coredns/coredns:v1.11.1" already present on machine
2026-09-27T12:57:30.858089Z Normal Pulled Container image "busybox:1.36" already present on machine
2026-09-27T12:57:33.858089Z Normal Created Created container proxy
2026-09-27T12:57:37.858089Z Normal ScalingReplicaSet Scaled up replica set metrics-server-24a856d6 to 5 from 2
2026-09-27T12:57:41.858089Z Normal ScalingReplicaSet Scaled up replica set auth-api-a5c6fec9 to 4 from 1
2026-09-27T12:57:44.858089Z Warning MemPressure Node ip-10-0-2-30.ec2.internal status is now: NodeHasMemoryPressure
2026-09-27T12:57:48.858089Z Normal Synced Successfully synced aws-node-5fa623
2026-09-27T12:57:51.858089Z Normal ScalingReplicaSet Scaled up replica set pay-api-394c8294 to 3 from 0
2026-09-27T12:57:55.858089Z Normal SuccessfulCreate Created pod: metrics-server-a707e0
2026-09-27T12:57:59.858089Z Normal LeaderElection pay-api-55ad45 became leader
2026-09-27T12:58:02.858089Z Normal Created Created container sidecar
2026-09-27T12:58:06.858089Z Normal AddedInterface Add eth0 [10.7.120.14] from eni eni-3e39d3121a92
2026-09-27T12:58:09.858089Z Warning ImagePullBackOff Back-off pulling image "python:3.11-slim"
2026-09-27T12:58:13.858089Z Normal Started Started container proxy
2026-09-27T12:58:17.858089Z Warning OOMKilled Container proxy in pod payments/pay-api-3f0c10 was killed due to OOM
2026-09-27T12:58:20.858089Z Normal Pulled Container image "busybox:1.36" already present on machine
2026-09-27T12:58:24.858089Z Normal Synced Successfully synced ingress-nginx-controller-0e1dd3
2026-09-27T12:58:27.858089Z Normal Pulled Container image "public.ecr.aws/eks/aws-node:v1.14.1" already present on machine
2026-09-27T12:58:31.858089Z Normal Started Started container proxy
2026-09-27T12:58:35.858089Z Normal Created Created container app
2026-09-27T12:58:38.858089Z Normal Started Started container agent
2026-09-27T12:58:42.858089Z Normal SuccessfulCreate Created pod: metrics-server-194bac
2026-09-27T12:58:45.858089Z Normal AddedInterface Add eth0 [10.76.84.236] from eni eni-96137e1a75ba
2026-09-27T12:58:49.858089Z Normal Started Started container app
2026-09-27T12:58:53.858089Z Normal Created Created container app
2026-09-27T12:58:56.858089Z Normal Pulled Container image "registry.k8s.io/coredns/coredns:v1.11.1" already present on machine
2026-09-27T12:59:00.858089Z Normal Started Started container app
2026-09-27T12:59:03.858089Z Normal Started Started container proxy
2026-09-27T12:59:07.858089Z Normal LeaderElection pay-worker-824c49 became leader
2026-09-27T12:59:11.858089Z Normal Synced Successfully synced oauth-bf7c61
2026-09-27T12:59:14.858089Z Normal Created Created container agent
2026-09-27T12:59:18.858089Z Normal LeaderElection worker-e906b9 became leader
2026-09-27T12:59:21.858089Z Normal Synced Successfully synced prometheus-a6d022
2026-09-27T12:59:25.858089Z Normal Created Created container sidecar
2026-09-27T12:59:29.858089Z Normal AddedInterface Add eth0 [10.44.156.146] from eni eni-afe69945108e
2026-09-27T12:59:32.858089Z Normal SuccessfulCreate Created pod: pay-worker-2319e6
2026-09-27T12:59:36.858089Z Normal LeaderElection pay-api-7560cd became leader
2026-09-27T12:59:39.858089Z Normal ScalingReplicaSet Scaled up replica set loki-374b289a to 2 from 2
2026-09-27T12:59:43.858089Z Normal LeaderElection grafana-da5bf4 became leader
2026-09-27T12:59:47.858089Z Normal SuccessfulCreate Created pod: aws-node-b842c1
2026-09-27T12:59:50.858089Z Normal Started Started container app
2026-09-27T12:59:54.858089Z Normal LeaderElection grafana-fcffc4 became leader
2026-09-27T12:59:57.858089Z Normal SuccessfulCreate Created pod: frontend-0f65ff
2026-09-27T13:00:01.858089Z Normal SuccessfulCreate Created pod: api-d86d86
2026-09-27T13:00:05.858089Z Normal Started Started container sidecar
2026-09-27T13:00:08.858089Z Normal Created Created container sidecar
2026-09-27T13:00:12.858089Z Normal Started Started container app
2026-09-27T13:00:15.858089Z Normal SuccessfulCreate Created pod: prometheus-9a4453
2026-09-27T13:00:19.858089Z Normal LeaderElection auth-api-9af624 became leader
2026-09-27T13:00:23.858089Z Normal ScalingReplicaSet Scaled up replica set web-f9228f28 to 5 from 2
2026-09-27T13:00:26.858089Z Normal ScalingReplicaSet Scaled up replica set ingress-nginx-controller-8be02ccf to 3 from 0
2026-09-27T13:00:30.858089Z Normal ScalingReplicaSet Scaled up replica set grafana-9d645b3e to 4 from 2
2026-09-27T13:00:33.858089Z Warning FailedMount Unable to attach or mount volumes: timed out waiting for the condition
2026-09-27T13:00:37.858089Z Normal Created Created container agent
2026-09-27T13:00:41.858089Z Normal Pulled Container image "public.ecr.aws/eks/aws-node:v1.14.1" already present on machine
2026-09-27T13:00:44.858089Z Normal Scheduled Successfully assigned payments/pay-worker-ce9fbc to ip-10-0-5-40.ec2.internal
2026-09-27T13:00:48.858089Z Normal Scheduled Successfully assigned default/frontend-60b679 to ip-10-0-3-50.ec2.internal
2026-09-27T13:00:51.858089Z Normal Scheduled Successfully assigned default/worker-584395 to ip-10-0-2-20.ec2.internal
2026-09-27T13:00:55.858089Z Normal Scheduled Successfully assigned default/worker-92f2ec to ip-10-0-1-30.ec2.internal
2026-09-27T13:00:59.858089Z Normal Scheduled Successfully assigned default/worker-b6ccf0 to ip-10-0-5-50.ec2.internal
2026-09-27T13:01:02.858089Z Normal AddedInterface Add eth0 [10.250.228.16] from eni eni-93eab9acd87e
2026-09-27T13:01:06.858089Z Normal SuccessfulCreate Created pod: pay-worker-cc687d
2026-09-27T13:01:09.858089Z Normal Synced Successfully synced auth-api-9e5366
2026-09-27T13:01:13.858089Z Normal ScalingReplicaSet Scaled up replica set aws-node-fdfc783e to 2 from 0
2026-09-27T13:01:17.858089Z Normal Pulled Container image "nginx:1.25" already present on machine
2026-09-27T13:01:20.858089Z Warning FailedMount Unable to attach or mount volumes: timed out waiting for the condition
2026-09-27T13:01:24.858089Z Normal Pulled Container image "registry.k8s.io/coredns/coredns:v1.11.1" already present on machine
2026-09-27T13:01:27.858089Z Normal Synced Successfully synced ingress-nginx-controller-9f4ebf
2026-09-27T13:01:31.858089Z Normal Scheduled Successfully assigned payments/pay-worker-e8660d to ip-10-0-1-30.ec2.internal
2026-09-27T13:01:35.858089Z Normal Scheduled Successfully assigned default/frontend-6a0e47 to ip-10-0-3-40.ec2.internal
2026-09-27T13:01:38.858089Z Normal Created Created container app
2026-09-27T13:01:42.858089Z Normal Created Created container sidecar
2026-09-27T13:01:45.858089Z Normal Started Started container agent
2026-09-27T13:01:49.858089Z Warning DNSConfigForming Nameserver limits were exceeded, some nameservers have been omitted, the applied nameserver line is: 10.124.205.171 10.216.100.183 10.157.196.74 10.146.136.35 10.232.127.150
2026-09-27T13:01:53.858089Z Normal LeaderElection ingress-nginx-controller-b3ef5a became leader
2026-09-27T13:01:56.858089Z Normal Created Created container sidecar
2026-09-27T13:02:00.858089Z Normal LeaderElection pay-worker-0a878d became leader
2026-09-27T13:02:03.858089Z Normal Started Started container proxy
2026-09-27T13:02:07.858089Z Normal SuccessfulCreate Created pod: pay-api-b16066
2026-09-27T13:02:11.858089Z Normal ScalingReplicaSet Scaled up replica set prometheus-6539a667 to 5 from 2
2026-09-27T13:02:14.858089Z Normal AddedInterface Add eth0 [10.153.91.220] from eni eni-1f58de5bf17e
2026-09-27T13:02:18.858089Z Normal Created Created container app
2026-09-27T13:02:21.858089Z Normal AddedInterface Add eth0 [10.129.225.187] from eni eni-0c064f462961
2026-09-27T13:02:25.858089Z Normal SuccessfulCreate Created pod: ingress-nginx-controller-2cfdd5
2026-09-27T13:02:29.858089Z Normal AddedInterface Add eth0 [10.90.120.13] from eni eni-958530e72aab
2026-09-27T13:02:32.858089Z Normal Started Started container app
2026-09-27T13:02:36.858089Z Normal Scheduled Successfully assigned ingress-nginx/ingress-nginx-controller-f429ce to ip-10-0-2-10.ec2.internal
2026-09-27T13:02:39.858089Z Normal Pulled Container image "registry.k8s.io/coredns/coredns:v1.11.1" already present on machine
2026-09-27T13:02:43.858089Z Normal SuccessfulCreate Created pod: oauth-08f914
2026-09-27T13:02:47.858089Z Normal Started Started container app
2026-09-27T13:02:50.858089Z Normal AddedInterface Add eth0 [10.246.84.143] from eni eni-89f579f4c2bc
2026-09-27T13:02:54.858089Z Normal Scheduled Successfully assigned kube-system/coredns-fd96ca to ip-10-0-2-10.ec2.internal
2026-09-27T13:02:57.858089Z Normal SuccessfulCreate Created pod: pay-worker-7574c6
2026-09-27T13:03:01.858089Z Normal AddedInterface Add eth0 [10.243.114.216] from eni eni-52b810c0aed1
2026-09-27T13:03:05.858089Z Normal LeaderElection ingress-nginx-controller-6e1f54 became leader
2026-09-27T13:03:08.858089Z Normal AddedInterface Add eth0 [10.174.160.128] from eni eni-2c6ddc829c89
2026-09-27T13:03:12.858089Z Normal AddedInterface Add eth0 [10.51.20.95] from eni eni-b3f2546645dd
2026-09-27T13:03:15.858089Z Normal AddedInterface Add eth0 [10.174.222.190] from eni eni-5f9a66610d41
2026-09-27T13:03:19.858089Z Normal Synced Successfully synced ingress-nginx-controller-081022
2026-09-27T13:03:23.858089Z Normal Created Created container sidecar
2026-09-27T13:03:26.858089Z Normal SuccessfulCreate Created pod: loki-b3e65c
2026-09-27T13:03:30.858089Z Normal SuccessfulCreate Created pod: loki-49b858
2026-09-27T13:03:33.858089Z Normal Started Started container proxy
2026-09-27T13:03:37.858089Z Normal AddedInterface Add eth0 [10.38.87.44] from eni eni-c2d27e9a4d73
2026-09-27T13:03:41.858089Z Normal Created Created container proxy
2026-09-27T13:03:44.858089Z Normal Started Started container sidecar
2026-09-27T13:03:48.858089Z Normal SuccessfulCreate Created pod: prometheus-f962a9
2026-09-27T13:03:51.858089Z Normal Synced Successfully synced oauth-a098f3
2026-09-27T13:03:55.858089Z Normal Scheduled Successfully assigned kube-system/kube-proxy-b60783 to ip-10-0-2-10.ec2.internal
2026-09-27T13:03:59.858089Z Warning NodeNotReady Node ip-10-0-1-50.ec2.internal status is now: NodeNotReady
2026-09-27T13:04:02.858089Z Warning DNSConfigForming Nameserver limits were exceeded, some nameservers have been omitted, the applied nameserver line is: 10.149.144.23 10.154.127.108 10.220.27.171 10.92.8.162 10.101.44.57
2026-09-27T13:04:06.858089Z Normal Synced Successfully synced api-097a11
2026-09-27T13:04:09.858089Z Normal Scheduled Successfully assigned kube-system/metrics-server-3696ff to ip-10-0-3-10.ec2.internal
2026-09-27T13:04:13.858089Z Normal Scheduled Successfully assigned auth/auth-api-b90ea0 to ip-10-0-4-50.ec2.internal
2026-09-27T13:04:17.858089Z Normal Created Created container agent
2026-09-27T13:04:20.858089Z Normal Scheduled Successfully assigned kube-system/aws-node-f04f01 to ip-10-0-5-10.ec2.internal
2026-09-27T13:04:24.858089Z Normal Pulled Container image "registry.k8s.io/coredns/coredns:v1.11.1" already present on machine
2026-09-27T13:04:27.858089Z Normal AddedInterface Add eth0 [10.80.54.239] from eni eni-abdffe997955
2026-09-27T13:04:31.858089Z Normal Scheduled Successfully assigned observability/loki-723c27 to ip-10-0-1-50.ec2.internal
2026-09-27T13:04:35.858089Z Normal Started Started container agent
2026-09-27T13:04:38.858089Z Normal ScalingReplicaSet Scaled up replica set api-a9767f1a to 2 from 1
2026-09-27T13:04:42.858089Z Normal SuccessfulCreate Created pod: ingress-nginx-controller-615e57
2026-09-27T13:04:45.858089Z Normal Created Created container sidecar
2026-09-27T13:04:49.858089Z Normal AddedInterface Add eth0 [10.130.252.228] from eni eni-68a90f107c8c
2026-09-27T13:04:53.858089Z Normal Started Started container app
2026-09-27T13:04:56.858089Z Normal Synced Successfully synced kube-proxy-4eaa9e
2026-09-27T13:05:00.858089Z Normal Pulled Container image "ghcr.io/company/pay-api:2.3.1" already present on machine
2026-09-27T13:05:03.858089Z Normal ScalingReplicaSet Scaled up replica set prometheus-1f820dec to 3 from 1
2026-09-27T13:05:07.858089Z Normal AddedInterface Add eth0 [10.103.64.195] from eni eni-8258b1bb5733
2026-09-27T13:05:11.858089Z Normal ScalingReplicaSet Scaled up replica set loki-f4d901d1 to 4 from 1
2026-09-27T13:05:14.858089Z Normal Started Started container proxy
2026-09-27T13:05:18.858089Z Normal ScalingReplicaSet Scaled up replica set pay-api-d6ea5df9 to 5 from 0
2026-09-27T13:05:21.858089Z Warning OOMKilled Container agent in pod kube-system/aws-node-0497e3 was killed due to OOM
2026-09-27T13:05:25.858089Z Normal Created Created container proxy
2026-09-27T13:05:29.858089Z Normal SuccessfulCreate Created pod: auth-api-f03bcf
2026-09-27T13:05:32.858089Z Normal AddedInterface Add eth0 [10.104.55.193] from eni eni-a5f834ab456a
2026-09-27T13:05:36.858089Z Warning TLSHandshakeTimeout net/http: TLS handshake timeout
2026-09-27T13:05:39.858089Z Normal Created Created container app
2026-09-27T13:05:43.858089Z Normal ScalingReplicaSet Scaled up replica set api-0247e4e8 to 3 from 2
2026-09-27T13:05:47.858089Z Normal AddedInterface Add eth0 [10.59.77.4] from eni eni-b7b0631deb0b
2026-09-27T13:05:50.858089Z Normal Pulled Container image "python:3.11-slim" already present on machine
2026-09-27T13:05:54.858089Z Normal LeaderElection frontend-19324b became leader
2026-09-27T13:05:57.858089Z Normal SuccessfulCreate Created pod: pay-api-98a7c7
2026-09-27T13:06:01.858089Z Normal Scheduled Successfully assigned kube-system/aws-node-05b825 to ip-10-0-5-20.ec2.internal
2026-09-27T13:06:05.858089Z Normal Created Created container sidecar
2026-09-27T13:06:08.858089Z Warning Unhealthy Readiness probe failed: Get "http://10.175.24.209:443/health": dial tcp 10.175.24.209:443: i/o timeout
2026-09-27T13:06:12.858089Z Normal LeaderElection auth-api-3c19f7 became leader
2026-09-27T13:06:15.858089Z Normal Created Created container app
2026-09-27T13:06:19.858089Z Normal AddedInterface Add eth0 [10.137.12.228] from eni eni-f34713256529
2026-09-27T13:06:23.858089Z Normal Pulled Container image "ghcr.io/company/pay-api:2.3.1" already present on machine
2026-09-27T13:06:26.858089Z Normal LeaderElection oauth-26d392 became leader
2026-09-27T13:06:30.858089Z Normal SuccessfulCreate Created pod: aws-node-bc7211
2026-09-27T13:06:33.858089Z Normal AddedInterface Add eth0 [10.54.167.172] from eni eni-b519cffd2c56
2026-09-27T13:06:37.858089Z Normal Started Started container app
2026-09-27T13:06:41.858089Z Normal Started Started container app
2026-09-27T13:06:44.858089Z Normal LeaderElection api-af0e5a became leader
2026-09-27T13:06:48.858089Z Normal SuccessfulCreate Created pod: pay-api-29beae
2026-09-27T13:06:51.858089Z Normal Started Started container app
2026-09-27T13:06:55.858089Z Normal AddedInterface Add eth0 [10.174.138.253] from eni eni-7a0324bdfdb0
2026-09-27T13:06:59.858089Z Normal Pulled Container image "busybox:1.36" already present on machine
2026-09-27T13:07:02.858089Z Normal ScalingReplicaSet Scaled up replica set metrics-server-e27e8448 to 6 from 0
2026-09-27T13:07:06.858089Z Normal Scheduled Successfully assigned observability/prometheus-236055 to ip-10-0-1-30.ec2.internal
2026-09-27T13:07:09.858089Z Normal Started Started container proxy
2026-09-27T13:07:13.858089Z Normal Pulled Container image "ghcr.io/company/auth-api:1.9.0" already present on machine
2026-09-27T13:07:17.858089Z Normal ScalingReplicaSet Scaled up replica set loki-d7404937 to 4 from 0
2026-09-27T13:07:20.858089Z Normal ScalingReplicaSet Scaled up replica set ingress-nginx-controller-33a0ff1d to 6 from 1
2026-09-27T13:07:24.858089Z Normal Synced Successfully synced ingress-nginx-controller-cc68c8
2026-09-27T13:07:27.858089Z Normal Synced Successfully synced ingress-nginx-controller-091400
2026-09-27T13:07:31.858089Z Warning FailedScheduling 0/4 nodes are available: preemption: 0/5 nodes are available: No preemption victims found for incoming pod
2026-09-27T13:07:35.858089Z Normal Synced Successfully synced ingress-nginx-controller-c6f01f
2026-09-27T13:07:38.858089Z Warning FailedMount Unable to attach or mount volumes: timed out waiting for the condition
2026-09-27T13:07:42.858089Z Normal Scheduled Successfully assigned observability/grafana-d8ae06 to ip-10-0-2-40.ec2.internal
2026-09-27T13:07:45.858089Z Normal Synced Successfully synced pay-worker-811b75
2026-09-27T13:07:49.858089Z Normal Synced Successfully synced pay-worker-273f42
2026-09-27T13:07:53.858089Z Normal LeaderElection grafana-343b2d became leader
2026-09-27T13:07:56.858089Z Normal Started Started container agent
2026-09-27T13:08:00.858089Z Normal Scheduled Successfully assigned observability/prometheus-cbb3a2 to ip-10-0-3-10.ec2.internal
2026-09-27T13:08:03.858089Z Normal Created Created container sidecar
2026-09-27T13:08:07.858089Z Normal Started Started container sidecar
2026-09-27T13:08:11.858089Z Normal ScalingReplicaSet Scaled up replica set aws-node-8596be85 to 4 from 2
2026-09-27T13:08:14.858089Z Normal Created Created container sidecar
2026-09-27T13:08:18.858089Z Normal SuccessfulCreate Created pod: pay-api-fe910e
2026-09-27T13:08:21.858089Z Normal Synced Successfully synced ingress-nginx-controller-e5a6ce
2026-09-27T13:08:25.858089Z Normal Created Created container sidecar
2026-09-27T13:08:29.858089Z Normal Pulled Container image "python:3.11-slim" already present on machine
2026-09-27T13:08:32.858089Z Normal Scheduled Successfully assigned observability/grafana-49fd87 to ip-10-0-3-20.ec2.internal
2026-09-27T13:08:36.858089Z Normal SuccessfulCreate Created pod: grafana-f17293
2026-09-27T13:08:39.858089Z Normal Pulled Container image "public.ecr.aws/eks/aws-node:v1.14.1" already present on machine
2026-09-27T13:08:43.858089Z Normal Started Started container proxy
2026-09-27T13:08:47.858089Z Normal Created Created container sidecar
2026-09-27T13:08:50.858089Z Normal Started Started container proxy
2026-09-27T13:08:54.858089Z Normal Scheduled Successfully assigned observability/grafana-2ac3f7 to ip-10-0-1-20.ec2.internal
2026-09-27T13:08:57.858089Z Normal LeaderElection ingress-nginx-controller-2985de became leader
2026-09-27T13:09:01.858089Z Normal Started Started container app
2026-09-27T13:09:05.858089Z Normal AddedInterface Add eth0 [10.162.156.19] from eni eni-1914db1debc7
2026-09-27T13:09:08.858089Z Normal AddedInterface Add eth0 [10.180.38.196] from eni eni-d3cf7264643f
2026-09-27T13:09:12.858089Z Normal LeaderElection pay-api-eb5367 became leader
2026-09-27T13:09:15.858089Z Normal LeaderElection pay-api-6e8dfb became leader
2026-09-27T13:09:19.858089Z Normal Started Started container proxy
2026-09-27T13:09:23.858089Z Normal Started Started container sidecar
2026-09-27T13:09:26.858089Z Normal AddedInterface Add eth0 [10.34.7.176] from eni eni-3caa24ebc2b6
2026-09-27T13:09:30.858089Z Normal AddedInterface Add eth0 [10.15.217.112] from eni eni-949eddc6ad37
2026-09-27T13:09:33.858089Z Normal Pulled Container image "registry.k8s.io/coredns/coredns:v1.11.1" already present on machine
2026-09-27T13:09:37.858089Z Normal Created Created container sidecar
2026-09-27T13:09:41.858089Z Normal Created Created container app
2026-09-27T13:09:44.858089Z Normal Created Created container app
2026-09-27T13:09:48.858089Z Normal Created Created container agent
2026-09-27T13:09:51.858089Z Normal Started Started container sidecar
2026-09-27T13:09:55.858089Z Normal Scheduled Successfully assigned payments/pay-worker-acafd3 to ip-10-0-2-40.ec2.internal
2026-09-27T13:09:59.858089Z Normal Created Created container agent
2026-09-27T13:10:02.858089Z Normal Scheduled Successfully assigned default/worker-175a53 to ip-10-0-1-10.ec2.internal
2026-09-27T13:10:06.858089Z Normal SuccessfulCreate Created pod: auth-api-8ff896
2026-09-27T13:10:09.858089Z Normal Scheduled Successfully assigned auth/auth-api-18fb01 to ip-10-0-4-40.ec2.internal
2026-09-27T13:10:13.858089Z Normal Synced Successfully synced ingress-nginx-controller-18058c
2026-09-27T13:10:17.858089Z Normal Scheduled Successfully assigned auth/oauth-6e0c6c to ip-10-0-3-30.ec2.internal
2026-09-27T13:10:20.858089Z Normal Started Started container app
2026-09-27T13:10:24.858089Z Normal Pulled Container image "nginx:1.25" already present on machine
2026-09-27T13:10:27.858089Z Normal SuccessfulCreate Created pod: metrics-server-65ec08
2026-09-27T13:10:31.858089Z Normal AddedInterface Add eth0 [10.240.35.118] from eni eni-752dad36f4ac
2026-09-27T13:10:35.858089Z Warning DiskPressure Node ip-10-0-4-10.ec2.internal status is now: NodeHasDiskPressure
2026-09-27T13:10:38.858089Z Normal Scheduled Successfully assigned payments/pay-worker-98c69a to ip-10-0-3-50.ec2.internal
2026-09-27T13:10:42.858089Z Normal ScalingReplicaSet Scaled up replica set auth-api-37dbd7cf to 6 from 1
2026-09-27T13:10:45.858089Z Warning FailedMount Unable to attach or mount volumes: timed out waiting for the condition
2026-09-27T13:10:49.858089Z Normal AddedInterface Add eth0 [10.34.217.244] from eni eni-dc9d5af07a11
2026-09-27T13:10:53.858089Z Normal ScalingReplicaSet Scaled up replica set metrics-server-319a5d8a to 5 from 2
2026-09-27T13:10:56.858089Z Normal AddedInterface Add eth0 [10.197.167.208] from eni eni-ce2aa5ab5b42
2026-09-27T13:11:00.858089Z Normal LeaderElection coredns-978794 became leader
2026-09-27T13:11:03.858089Z Normal Scheduled Successfully assigned auth/oauth-290909 to ip-10-0-1-40.ec2.internal
2026-09-27T13:11:07.858089Z Normal Scheduled Successfully assigned payments/pay-worker-156f15 to ip-10-0-2-20.ec2.internal
2026-09-27T13:11:11.858089Z Normal SuccessfulCreate Created pod: pay-worker-a0379e
2026-09-27T13:11:14.858089Z Normal Scheduled Successfully assigned observability/grafana-264c61 to ip-10-0-1-20.ec2.internal
2026-09-27T13:11:18.858089Z Normal SuccessfulCreate Created pod: pay-api-b78aa9
2026-09-27T13:11:21.858089Z Normal LeaderElection kube-proxy-69203a became leader
2026-09-27T13:11:25.858089Z Normal Scheduled Successfully assigned observability/grafana-86f168 to ip-10-0-3-50.ec2.internal
2026-09-27T13:11:29.858089Z Normal Started Started container app
2026-09-27T13:11:32.858089Z Normal Scheduled Successfully assigned ingress-nginx/ingress-nginx-controller-d30f7c to ip-10-0-4-10.ec2.internal
2026-09-27T13:11:36.858089Z Normal Scheduled Successfully assigned default/api-bb92f6 to ip-10-0-1-40.ec2.internal
2026-09-27T13:11:39.858089Z Warning DNSConfigForming Nameserver limits were exceeded, some nameservers have been omitted, the applied nameserver line is: 10.91.234.41 10.12.150.54 10.51.249.233 10.208.236.102 10.69.85.218
2026-09-27T13:11:43.858089Z Normal SuccessfulCreate Created pod: ingress-nginx-controller-6fed29
2026-09-27T13:11:47.858089Z Normal AddedInterface Add eth0 [10.144.196.207] from eni eni-6a3492fde90f
2026-09-27T13:11:50.858089Z Warning DNSConfigForming Nameserver limits were exceeded, some nameservers have been omitted, the applied nameserver line is: 10.201.33.61 10.131.15.180 10.241.115.24 10.69.79.203 10.28.221.99
2026-09-27T13:11:54.858089Z Normal Pulled Container image "public.ecr.aws/eks/aws-node:v1.14.1" already present on machine
2026-09-27T13:11:57.858089Z Normal Scheduled Successfully assigned observability/prometheus-6b6f34 to ip-10-0-3-10.ec2.internal
2026-09-27T13:12:01.858089Z Normal Synced Successfully synced api-c9895e
2026-09-27T13:12:05.858089Z Normal Scheduled Successfully assigned auth/oauth-8d9e3c to ip-10-0-2-50.ec2.internal
2026-09-27T13:12:08.858089Z Normal ScalingReplicaSet Scaled up replica set ingress-nginx-controller-cf9746b0 to 2 from 2
2026-09-27T13:12:12.858089Z Normal ScalingReplicaSet Scaled up replica set pay-worker-18e4fa8b to 6 from 1
2026-09-27T13:12:15.858089Z Normal ScalingReplicaSet Scaled up replica set auth-api-9bbe2a8e to 4 from 0
2026-09-27T13:12:19.858089Z Normal AddedInterface Add eth0 [10.185.38.222] from eni eni-fed6d2009b88
2026-09-27T13:12:23.858089Z Normal ScalingReplicaSet Scaled up replica set prometheus-c081c0a3 to 6 from 2
2026-09-27T13:12:26.858089Z Normal Pulled Container image "registry.k8s.io/coredns/coredns:v1.11.1" already present on machine
2026-09-27T13:12:30.858089Z Normal Created Created container agent
2026-09-27T13:12:33.858089Z Warning NodeNotReady Node ip-10-0-1-10.ec2.internal status is now: NodeNotReady
2026-09-27T13:12:37.858089Z Normal SuccessfulCreate Created pod: ingress-nginx-controller-55f9c6
2026-09-27T13:12:41.858089Z Normal Started Started container app
2026-09-27T13:12:44.858089Z Normal Pulled Container image "ghcr.io/company/pay-api:2.3.1" already present on machine
2026-09-27T13:12:48.858089Z Normal Synced Successfully synced pay-worker-de88ad
2026-09-27T13:12:51.858089Z Warning DNSConfigForming Nameserver limits were exceeded, some nameservers have been omitted, the applied nameserver line is: 10.134.164.154 10.38.88.100 10.2.76.1 10.125.114.21 10.132.221.95
2026-09-27T13:12:55.858089Z Normal SuccessfulCreate Created pod: pay-api-dc9d04
2026-09-27T13:12:59.858089Z Normal ScalingReplicaSet Scaled up replica set prometheus-ac40f15e to 2 from 2
2026-09-27T13:13:02.858089Z Warning OOMKilled Container agent in pod payments/pay-api-a820fc was killed due to OOM
2026-09-27T13:13:06.858089Z Normal ScalingReplicaSet Scaled up replica set ingress-nginx-controller-48d9a74d to 4 from 2
2026-09-27T13:13:09.858089Z Warning DiskPressure Node ip-10-0-5-20.ec2.internal status is now: NodeHasDiskPressure
2026-09-27T13:13:13.858089Z Normal ScalingReplicaSet Scaled up replica set api-42dc8b95 to 4 from 2
2026-09-27T13:13:17.858089Z Normal Scheduled Successfully assigned payments/pay-api-e0d133 to ip-10-0-2-10.ec2.internal
2026-09-27T13:13:20.858089Z Normal ScalingReplicaSet Scaled up replica set oauth-21e47a6e to 3 from 1
2026-09-27T13:13:24.858089Z Normal Started Started container sidecar
2026-09-27T13:13:27.858089Z Normal Created Created container app
2026-09-27T13:13:31.858089Z Normal Synced Successfully synced web-196976
2026-09-27T13:13:35.858089Z Normal SuccessfulCreate Created pod: pay-api-68a3d0
2026-09-27T13:13:38.858089Z Normal Synced Successfully synced prometheus-8096ad
2026-09-27T13:13:42.858089Z Normal AddedInterface Add eth0 [10.228.173.13] from eni eni-07f8548e3d1f
2026-09-27T13:13:45.858089Z Normal Started Started container agent
2026-09-27T13:13:49.858089Z Normal SuccessfulCreate Created pod: oauth-4c6303
2026-09-27T13:13:53.858089Z Normal Started Started container agent
2026-09-27T13:13:56.858089Z Normal Pulled Container image "ghcr.io/company/pay-api:2.3.1" already present on machine
2026-09-27T13:14:00.858089Z Normal AddedInterface Add eth0 [10.227.231.135] from eni eni-d3aea28db59a
2026-09-27T13:14:03.858089Z Normal ScalingReplicaSet Scaled up replica set ingress-nginx-controller-859f0ef8 to 6 from 0
2026-09-27T13:14:07.858089Z Normal Scheduled Successfully assigned ingress-nginx/ingress-nginx-controller-ac2e83 to ip-10-0-1-40.ec2.internal
2026-09-27T13:14:11.858089Z Normal LeaderElection grafana-1d020e became leader
2026-09-27T13:14:14.858089Z Normal Created Created container proxy
2026-09-27T13:14:18.858089Z Normal Scheduled Successfully assigned auth/auth-api-746bc3 to ip-10-0-1-10.ec2.internal
2026-09-27T13:14:21.858089Z Normal LeaderElection prometheus-6391c9 became leader
2026-09-27T13:14:25.858089Z Normal SuccessfulCreate Created pod: ingress-nginx-controller-de5bd8
2026-09-27T13:14:29.858089Z Normal AddedInterface Add eth0 [10.201.216.90] from eni eni-7082208c73ed
2026-09-27T13:14:32.858089Z Warning MemPressure Node ip-10-0-3-50.ec2.internal status is now: NodeHasMemoryPressure
2026-09-27T13:14:36.858089Z Normal SuccessfulCreate Created pod: oauth-f31cb9
2026-09-27T13:14:39.858089Z Normal SuccessfulCreate Created pod: pay-api-561671
2026-09-27T13:14:43.858089Z Normal Created Created container proxy
2026-09-27T13:14:47.858089Z Normal LeaderElection grafana-950cad became leader
2026-09-27T13:14:50.858089Z Normal Scheduled Successfully assigned ingress-nginx/ingress-nginx-controller-c53de7 to ip-10-0-3-20.ec2.internal
2026-09-27T13:14:54.858089Z Normal SuccessfulCreate Created pod: web-d97c67
2026-09-27T13:14:57.858089Z Normal Started Started container proxy
2026-09-27T13:15:01.858089Z Normal Pulled Container image "registry.k8s.io/coredns/coredns:v1.11.1" already present on machine
2026-09-27T13:15:05.858089Z Normal Pulled Container image "nginx:1.25" already present on machine
2026-09-27T13:15:08.858089Z Normal AddedInterface Add eth0 [10.228.236.223] from eni eni-b3abb0ec9e43
2026-09-27T13:15:12.858089Z Normal Created Created container sidecar
2026-09-27T13:15:15.858089Z Normal SuccessfulCreate Created pod: kube-proxy-a99125
2026-09-27T13:15:19.858089Z Normal Created Created container app
2026-09-27T13:15:23.858089Z Normal Started Started container sidecar
2026-09-27T13:15:26.858089Z Normal Pulled Container image "python:3.11-slim" already present on machine
2026-09-27T13:15:30.858089Z Normal Pulled Container image "python:3.11-slim" already present on machine
2026-09-27T13:15:33.858089Z Normal ScalingReplicaSet Scaled up replica set ingress-nginx-controller-e08054e9 to 6 from 1
2026-09-27T13:15:37.858089Z Normal Started Started container sidecar
2026-09-27T13:15:41.858089Z Normal Created Created container proxy
2026-09-27T13:15:44.858089Z Normal Synced Successfully synced ingress-nginx-controller-c25f9a
2026-09-27T13:15:48.858089Z Normal Synced Successfully synced coredns-7e49bf
2026-09-27T13:15:51.858089Z Normal Scheduled Successfully assigned ingress-nginx/ingress-nginx-controller-cef876 to ip-10-0-3-20.ec2.internal
2026-09-27T13:15:55.858089Z Warning FailedScheduling 0/4 nodes are available: 0/5 nodes available: pod has unbound immediate PersistentVolumeClaims
2026-09-27T13:15:59.858089Z Normal Pulled Container image "python:3.11-slim" already present on machine
2026-09-27T13:16:02.858089Z Warning OOMKilled Container agent in pod kube-system/aws-node-10c7cc was killed due to OOM
2026-09-27T13:16:06.858089Z Normal SuccessfulCreate Created pod: metrics-server-111b12
2026-09-27T13:16:09.858089Z Normal AddedInterface Add eth0 [10.225.179.135] from eni eni-148f1daac675
2026-09-27T13:16:13.858089Z Normal SuccessfulCreate Created pod: ingress-nginx-controller-bba4f4
2026-09-27T13:16:17.858089Z Normal SuccessfulCreate Created pod: frontend-0425c4
2026-09-27T13:16:20.858089Z Normal Pulled Container image "python:3.11-slim" already present on machine
2026-09-27T13:16:24.858089Z Normal Scheduled Successfully assigned auth/oauth-db29d0 to ip-10-0-3-10.ec2.internal
2026-09-27T13:16:27.858089Z Normal AddedInterface Add eth0 [10.179.58.113] from eni eni-63c9c4512e96
2026-09-27T13:16:31.858089Z Normal Created Created container app
2026-09-27T13:16:35.858089Z Normal Started Started container sidecar
2026-09-27T13:16:38.858089Z Normal Pulled Container image "busybox:1.36" already present on machine
2026-09-27T13:16:42.858089Z Normal Synced Successfully synced frontend-0c4ae9
2026-09-27T13:16:45.858089Z Normal LeaderElection pay-api-d19c85 became leader
2026-09-27T13:16:49.858089Z Normal ScalingReplicaSet Scaled up replica set pay-worker-a0b6fd52 to 2 from 1
2026-09-27T13:16:53.858089Z Normal Created Created container proxy
2026-09-27T13:16:56.858089Z Normal SuccessfulCreate Created pod: prometheus-0658a2
2026-09-27T13:17:00.858089Z Normal Synced Successfully synced grafana-2b726c
2026-09-27T13:17:03.858089Z Warning ErrImagePull Failed to pull image "ghcr.io/company/pay-api:2.3.1": rpc error: code = Unknown desc = Error response from daemon: pull access denied
2026-09-27T13:17:07.858089Z Normal AddedInterface Add eth0 [10.65.54.82] from eni eni-07f2beaae87b
2026-09-27T13:17:11.858089Z Normal Created Created container agent
2026-09-27T13:17:14.858089Z Normal AddedInterface Add eth0 [10.1.218.177] from eni eni-0ced7019fc42
2026-09-27T13:17:18.858089Z Normal Created Created container agent
2026-09-27T13:17:21.858089Z Normal ScalingReplicaSet Scaled up replica set pay-worker-db390ace to 6 from 1
2026-09-27T13:17:25.858089Z Normal Created Created container agent
2026-09-27T13:17:29.858089Z Normal AddedInterface Add eth0 [10.33.13.161] from eni eni-8251f1722389
2026-09-27T13:17:32.858089Z Warning BackOff Back-off restarting failed container agent in pod kube-system/kube-proxy-03c5cf
2026-09-27T13:17:36.858089Z Normal SuccessfulCreate Created pod: pay-api-1b6786
2026-09-27T13:17:39.858089Z Normal SuccessfulCreate Created pod: grafana-0ad879
2026-09-27T13:17:43.858089Z Normal SuccessfulCreate Created pod: auth-api-686cd3
2026-09-27T13:17:47.858089Z Normal Started Started container agent
2026-09-27T13:17:50.858089Z Normal Started Started container agent
2026-09-27T13:17:54.858089Z Normal Scheduled Successfully assigned default/worker-acdeb7 to ip-10-0-5-10.ec2.internal
2026-09-27T13:17:57.858089Z Normal Created Created container sidecar
2026-09-27T13:18:01.858089Z Normal Synced Successfully synced prometheus-62943f
2026-09-27T13:18:05.858089Z Normal AddedInterface Add eth0 [10.52.114.229] from eni eni-e6b5fb13f4ae
2026-09-27T13:18:08.858089Z Normal ScalingReplicaSet Scaled up replica set auth-api-9b2f4630 to 4 from 1
2026-09-27T13:18:12.858089Z Normal Pulled Container image "python:3.11-slim" already present on machine
2026-09-27T13:18:15.858089Z Normal SuccessfulCreate Created pod: pay-worker-5373af
2026-09-27T13:18:19.858089Z Normal Pulled Container image "ghcr.io/company/pay-api:2.3.1" already present on machine
2026-09-27T13:18:23.858089Z Normal LeaderElection frontend-82837a became leader
2026-09-27T13:18:26.858089Z Normal AddedInterface Add eth0 [10.94.220.67] from eni eni-c21d7ae5566f
2026-09-27T13:18:30.858089Z Normal Synced Successfully synced pay-worker-fde17e
2026-09-27T13:18:33.858089Z Normal Started Started container proxy
2026-09-27T13:18:37.858089Z Warning TLSHandshakeTimeout net/http: TLS handshake timeout
2026-09-27T13:18:41.858089Z Normal Pulled Container image "nginx:1.25" already present on machine
2026-09-27T13:18:44.858089Z Normal Created Created container agent
2026-09-27T13:18:48.858089Z Normal Synced Successfully synced pay-worker-ac3df0
2026-09-27T13:18:51.858089Z Normal Started Started container sidecar
2026-09-27T13:18:55.858089Z Normal LeaderElection api-2b465c became leader
2026-09-27T13:18:59.858089Z Normal AddedInterface Add eth0 [10.171.63.149] from eni eni-8acda840a6c9
2026-09-27T13:19:02.858089Z Normal Started Started container agent
2026-09-27T13:19:06.858089Z Normal Scheduled Successfully assigned observability/loki-e6ab1e to ip-10-0-4-10.ec2.internal
2026-09-27T13:19:09.858089Z Normal Started Started container sidecar
2026-09-27T13:19:13.858089Z Normal Pulled Container image "public.ecr.aws/eks/aws-node:v1.14.1" already present on machine
2026-09-27T13:19:17.858089Z Normal LeaderElection ingress-nginx-controller-ae1828 became leader
2026-09-27T13:19:20.858089Z Normal Started Started container sidecar
2026-09-27T13:19:24.858089Z Normal Pulled Container image "python:3.11-slim" already present on machine
2026-09-27T13:19:27.858089Z Normal SuccessfulCreate Created pod: pay-worker-25dad8
2026-09-27T13:19:31.858089Z Normal Created Created container sidecar
2026-09-27T13:19:35.858089Z Normal Scheduled Successfully assigned default/api-829596 to ip-10-0-3-40.ec2.internal
2026-09-27T13:19:38.858089Z Normal AddedInterface Add eth0 [10.254.9.102] from eni eni-5cfccd307716
2026-09-27T13:19:42.858089Z Warning NodeNotReady Node ip-10-0-5-10.ec2.internal status is now: NodeNotReady
2026-09-27T13:19:45.858089Z Normal LeaderElection coredns-174d9e became leader
2026-09-27T13:19:49.858089Z Normal Synced Successfully synced frontend-cc3d15
2026-09-27T13:19:53.858089Z Normal Created Created container sidecar
2026-09-27T13:19:56.858089Z Normal Started Started container proxy
2026-09-27T13:20:00.858089Z Normal ScalingReplicaSet Scaled up replica set grafana-f83e8ad6 to 6 from 1
2026-09-27T13:20:03.858089Z Normal LeaderElection pay-api-205937 became leader
2026-09-27T13:20:07.858089Z Normal AddedInterface Add eth0 [10.187.8.72] from eni eni-4680c3d17e6a
2026-09-27T13:20:11.858089Z Normal Pulled Container image "ghcr.io/company/pay-api:2.3.1" already present on machine
2026-09-27T13:20:14.858089Z Normal ScalingReplicaSet Scaled up replica set web-492a9613 to 5 from 2
2026-09-27T13:20:18.858089Z Normal Started Started container app
2026-09-27T13:20:21.858089Z Warning Unhealthy Readiness probe failed: Get "http://10.196.27.176:443/health": dial tcp 10.196.27.176:443: i/o timeout
2026-09-27T13:20:25.858089Z Normal ScalingReplicaSet Scaled up replica set pay-api-f3e4365c to 2 from 2
2026-09-27T13:20:29.858089Z Normal LeaderElection web-3a3bf0 became leader
2026-09-27T13:20:32.858089Z Normal Started Started container proxy
2026-09-27T13:20:36.858089Z Normal LeaderElection ingress-nginx-controller-1a3a88 became leader
2026-09-27T13:20:39.858089Z Normal SuccessfulCreate Created pod: loki-4b5588
2026-09-27T13:20:43.858089Z Normal Synced Successfully synced grafana-37240d
2026-09-27T13:20:47.858089Z Normal Pulled Container image "busybox:1.36" already present on machine
2026-09-27T13:20:50.858089Z Normal AddedInterface Add eth0 [10.134.59.41] from eni eni-d39a0661ab26
2026-09-27T13:20:54.858089Z Normal SuccessfulCreate Created pod: grafana-05ee4e
2026-09-27T13:20:57.858089Z Normal Scheduled Successfully assigned default/frontend-8b8b14 to ip-10-0-3-30.ec2.internal
2026-09-27T13:21:01.858089Z Normal Started Started container app
2026-09-27T13:21:05.858089Z Normal Scheduled Successfully assigned default/api-f65fb5 to ip-10-0-3-50.ec2.internal
2026-09-27T13:21:08.858089Z Normal ScalingReplicaSet Scaled up replica set pay-worker-87c4ee0f to 4 from 0
2026-09-27T13:21:12.858089Z Normal SuccessfulCreate Created pod: pay-api-2c6e8c
2026-09-27T13:21:15.858089Z Normal SuccessfulCreate Created pod: ingress-nginx-controller-138664
2026-09-27T13:21:19.858089Z Normal SuccessfulCreate Created pod: kube-proxy-0bbb16
2026-09-27T13:21:23.858089Z Normal ScalingReplicaSet Scaled up replica set web-95da5858 to 6 from 0
2026-09-27T13:21:26.858089Z Normal SuccessfulCreate Created pod: kube-proxy-fa252b
2026-09-27T13:21:30.858089Z Normal SuccessfulCreate Created pod: coredns-65a9b7
2026-09-27T13:21:33.858089Z Normal Scheduled Successfully assigned ingress-nginx/ingress-nginx-controller-bf7acc to ip-10-0-4-10.ec2.internal
2026-09-27T13:21:37.858089Z Warning NodeNotReady Node ip-10-0-5-10.ec2.internal status is now: NodeNotReady
2026-09-27T13:21:41.858089Z Normal ScalingReplicaSet Scaled up replica set ingress-nginx-controller-420e5150 to 3 from 1
2026-09-27T13:21:44.858089Z Normal Started Started container proxy
2026-09-27T13:21:48.858089Z Normal ScalingReplicaSet Scaled up replica set web-95f6c943 to 3 from 2
2026-09-27T13:21:51.858089Z Normal AddedInterface Add eth0 [10.179.247.236] from eni eni-295d4bad4f27
2026-09-27T13:21:55.858089Z Normal Created Created container proxy
2026-09-27T13:21:59.858089Z Normal Synced Successfully synced pay-api-8d2ae0
2026-09-27T13:22:02.858089Z Normal Pulled Container image "registry.k8s.io/coredns/coredns:v1.11.1" already present on machine
2026-09-27T13:22:06.858089Z Normal LeaderElection loki-06415e became leader
2026-09-27T13:22:09.858089Z Normal Synced Successfully synced kube-proxy-31885e
2026-09-27T13:22:13.858089Z Normal Synced Successfully synced api-a669f4
2026-09-27T13:22:17.858089Z Normal Synced Successfully synced pay-worker-b2682f
2026-09-27T13:22:20.858089Z Normal Scheduled Successfully assigned payments/pay-worker-3ecdd3 to ip-10-0-1-40.ec2.internal
2026-09-27T13:22:24.858089Z Normal Started Started container app
2026-09-27T13:22:27.858089Z Normal Pulled Container image "registry.k8s.io/coredns/coredns:v1.11.1" already present on machine
2026-09-27T13:22:31.858089Z Normal Pulled Container image "nginx:1.25" already present on machine
2026-09-27T13:22:35.858089Z Normal SuccessfulCreate Created pod: coredns-22f5e0
2026-09-27T13:22:38.858089Z Normal Created Created container agent
2026-09-27T13:22:42.858089Z Warning TLSHandshakeTimeout net/http: TLS handshake timeout
2026-09-27T13:22:45.858089Z Normal ScalingReplicaSet Scaled up replica set auth-api-2c8e5972 to 2 from 2
2026-09-27T13:22:49.858089Z Normal Synced Successfully synced coredns-23fb5e
2026-09-27T13:22:53.858089Z Normal SuccessfulCreate Created pod: web-13ecbf
2026-09-27T13:22:56.858089Z Normal ScalingReplicaSet Scaled up replica set prometheus-4ea8244b to 6 from 2
2026-09-27T13:23:00.858089Z Normal Started Started container app
2026-09-27T13:23:03.858089Z Normal ScalingReplicaSet Scaled up replica set api-35e1304e to 3 from 1
2026-09-27T13:23:07.858089Z Normal Scheduled Successfully assigned default/worker-ab0561 to ip-10-0-3-40.ec2.internal
2026-09-27T13:23:11.858089Z Normal Pulled Container image "python:3.11-slim" already present on machine
2026-09-27T13:23:14.858089Z Normal SuccessfulCreate Created pod: grafana-910aa3
2026-09-27T13:23:18.858089Z Warning CrashLoopBackOff pod/pay-worker-705a66 CrashLoopBackOff
2026-09-27T13:23:21.858089Z Normal ScalingReplicaSet Scaled up replica set prometheus-ffcf2d42 to 2 from 1
2026-09-27T13:23:25.858089Z Normal Pulled Container image "public.ecr.aws/eks/aws-node:v1.14.1" already present on machine
2026-09-27T13:23:29.858089Z Normal ScalingReplicaSet Scaled up replica set pay-api-a9cc3748 to 4 from 0
2026-09-27T13:23:32.858089Z Normal Synced Successfully synced auth-api-5b7e27
2026-09-27T13:23:36.858089Z Normal ScalingReplicaSet Scaled up replica set ingress-nginx-controller-eb9f0da9 to 2 from 1
2026-09-27T13:23:39.858089Z Warning FailedCreate Error creating: pods "ingress-nginx-controller-bcc711" is forbidden: error looking up service account ingress-nginx/default: serviceaccount "default" not found
2026-09-27T13:23:43.858089Z Normal AddedInterface Add eth0 [10.130.139.245] from eni eni-980f145651cf
2026-09-27T13:23:47.858089Z Normal ScalingReplicaSet Scaled up replica set web-364f16ec to 4 from 2
2026-09-27T13:23:50.858089Z Normal SuccessfulCreate Created pod: pay-worker-34702a
2026-09-27T13:23:54.858089Z Warning FailedScheduling 0/3 nodes are available: preemption: 0/5 nodes are available: No preemption victims found for incoming pod
2026-09-27T13:23:57.858089Z Normal Pulled Container image "public.ecr.aws/eks/aws-node:v1.14.1" already present on machine
2026-09-27T13:24:01.858089Z Normal Pulled Container image "registry.k8s.io/coredns/coredns:v1.11.1" already present on machine
2026-09-27T13:24:05.858089Z Normal SuccessfulCreate Created pod: aws-node-cb5361
2026-09-27T13:24:08.858089Z Normal SuccessfulCreate Created pod: pay-worker-e18ca9
2026-09-27T13:24:12.858089Z Normal SuccessfulCreate Created pod: auth-api-64cfc8
2026-09-27T13:24:15.858089Z Normal SuccessfulCreate Created pod: ingress-nginx-controller-3d9467
2026-09-27T13:24:19.858089Z Normal Created Created container agent
2026-09-27T13:24:23.858089Z Normal Synced Successfully synced ingress-nginx-controller-943417
2026-09-27T13:24:26.858089Z Normal ScalingReplicaSet Scaled up replica set oauth-0759cdbc to 2 from 2
2026-09-27T13:24:30.858089Z Normal LeaderElection frontend-2303d8 became leader
2026-09-27T13:24:33.858089Z Normal SuccessfulCreate Created pod: pay-api-4b46a3
2026-09-27T13:24:37.858089Z Normal Synced Successfully synced auth-api-25c8c1
2026-09-27T13:24:41.858089Z Normal SuccessfulCreate Created pod: web-f28756
2026-09-27T13:24:44.858089Z Normal Scheduled Successfully assigned payments/pay-worker-177494 to ip-10-0-1-40.ec2.internal
2026-09-27T13:24:48.858089Z Warning DNSConfigForming Nameserver limits were exceeded, some nameservers have been omitted, the applied nameserver line is: 10.164.234.208 10.165.67.95 10.199.110.126 10.132.136.240 10.137.182.87
2026-09-27T13:24:51.858089Z Normal Scheduled Successfully assigned ingress-nginx/ingress-nginx-controller-561201 to ip-10-0-3-30.ec2.internal
2026-09-27T13:24:55.858089Z Normal Created Created container app
2026-09-27T13:24:59.858089Z Normal Scheduled Successfully assigned auth/oauth-ee4922 to ip-10-0-5-20.ec2.internal
2026-09-27T13:25:02.858089Z Normal Created Created container sidecar
2026-09-27T13:25:06.858089Z Normal Synced Successfully synced kube-proxy-944d5c
2026-09-27T13:25:09.858089Z Normal LeaderElection oauth-4ad3b2 became leader
2026-09-27T13:25:13.858089Z Normal Pulled Container image "ghcr.io/company/auth-api:1.9.0" already present on machine
2026-09-27T13:25:17.858089Z Normal Synced Successfully synced worker-033b62
2026-09-27T13:25:20.858089Z Normal Synced Successfully synced auth-api-94e82d
2026-09-27T13:25:24.858089Z Normal LeaderElection metrics-server-3d3911 became leader
2026-09-27T13:25:27.858089Z Warning CrashLoopBackOff pod/loki-11a3e1 CrashLoopBackOff
2026-09-27T13:25:31.858089Z Normal AddedInterface Add eth0 [10.129.78.56] from eni eni-f5901c2dd4ca
2026-09-27T13:25:35.858089Z Normal Started Started container agent
2026-09-27T13:25:38.858089Z Normal Pulled Container image "nginx:1.25" already present on machine
2026-09-27T13:25:42.858089Z Normal Synced Successfully synced coredns-7a0f6c
2026-09-27T13:25:45.858089Z Normal Synced Successfully synced kube-proxy-f126b4
2026-09-27T13:25:49.858089Z Normal Synced Successfully synced kube-proxy-1d3c5a
2026-09-27T13:25:53.858089Z Normal Created Created container app
2026-09-27T13:25:56.858089Z Normal Pulled Container image "ghcr.io/company/auth-api:1.9.0" already present on machine
2026-09-27T13:26:00.858089Z Normal Created Created container app
2026-09-27T13:26:03.858089Z Normal LeaderElection aws-node-2c0725 became leader
2026-09-27T13:26:07.858089Z Warning CrashLoopBackOff pod/prometheus-1f5e1b CrashLoopBackOff
2026-09-27T13:26:11.858089Z Normal Synced Successfully synced pay-worker-a7f64d
2026-09-27T13:26:14.858089Z Normal SuccessfulCreate Created pod: aws-node-8d92c8
2026-09-27T13:26:18.858089Z Normal Started Started container sidecar
2026-09-27T13:26:21.858089Z Normal SuccessfulCreate Created pod: grafana-2c0326
2026-09-27T13:26:25.858089Z Normal ScalingReplicaSet Scaled up replica set auth-api-2e145ff6 to 2 from 0
2026-09-27T13:26:29.858089Z Warning OOMKilled Container app in pod observability/loki-efa393 was killed due to OOM
2026-09-27T13:26:32.858089Z Normal SuccessfulCreate Created pod: worker-61ba4f
2026-09-27T13:26:36.858089Z Normal Pulled Container image "nginx:1.25" already present on machine
2026-09-27T13:26:39.858089Z Normal ScalingReplicaSet Scaled up replica set auth-api-c8b7f8ae to 4 from 1
2026-09-27T13:26:43.858089Z Normal SuccessfulCreate Created pod: api-b423c6
2026-09-27T13:26:47.858089Z Normal Scheduled Successfully assigned observability/loki-262d7a to ip-10-0-1-50.ec2.internal
2026-09-27T13:26:50.858089Z Normal Synced Successfully synced worker-e547bb
2026-09-27T13:26:54.858089Z Normal LeaderElection kube-proxy-413661 became leader
2026-09-27T13:26:57.858089Z Normal Synced Successfully synced pay-api-f54af0
2026-09-27T13:27:01.858089Z Normal Synced Successfully synced metrics-server-017928
2026-09-27T13:27:05.858089Z Normal AddedInterface Add eth0 [10.41.234.90] from eni eni-396361679209
2026-09-27T13:27:08.858089Z Normal AddedInterface Add eth0 [10.145.188.93] from eni eni-c771b1ea2a4e
2026-09-27T13:27:12.858089Z Normal Created Created container proxy
2026-09-27T13:27:15.858089Z Normal Created Created container agent
2026-09-27T13:27:19.858089Z Normal Pulled Container image "ghcr.io/company/auth-api:1.9.0" already present on machine
2026-09-27T13:27:23.858089Z Normal AddedInterface Add eth0 [10.146.238.161] from eni eni-e800dc80faac
2026-09-27T13:27:26.858089Z Normal Scheduled Successfully assigned default/api-d326f0 to ip-10-0-5-20.ec2.internal
2026-09-27T13:27:30.858089Z Normal Created Created container proxy
2026-09-27T13:27:33.858089Z Normal ScalingReplicaSet Scaled up replica set ingress-nginx-controller-4d79a220 to 6 from 0
2026-09-27T13:27:37.858089Z Normal LeaderElection prometheus-1900e9 became leader
2026-09-27T13:27:41.858089Z Normal Started Started container app
2026-09-27T13:27:44.858089Z Normal SuccessfulCreate Created pod: auth-api-efa933
2026-09-27T13:27:48.858089Z Normal Scheduled Successfully assigned payments/pay-worker-71ce66 to ip-10-0-2-20.ec2.internal
2026-09-27T13:27:51.858089Z Normal Scheduled Successfully assigned payments/pay-worker-d92f46 to ip-10-0-4-30.ec2.internal
2026-09-27T13:27:55.858089Z Normal LeaderElection api-9ecca6 became leader
2026-09-27T13:27:59.858089Z Normal Scheduled Successfully assigned ingress-nginx/ingress-nginx-controller-bbf4dc to ip-10-0-4-10.ec2.internal
2026-09-27T13:28:02.858089Z Normal Synced Successfully synced auth-api-966953
2026-09-27T13:28:06.858089Z Normal Pulled Container image "ghcr.io/company/pay-api:2.3.1" already present on machine
2026-09-27T13:28:09.858089Z Normal SuccessfulCreate Created pod: grafana-ac9e10
2026-09-27T13:28:13.858089Z Normal Created Created container agent
2026-09-27T13:28:17.858089Z Normal ScalingReplicaSet Scaled up replica set ingress-nginx-controller-350ad691 to 3 from 1
2026-09-27T13:28:20.858089Z Normal Pulled Container image "busybox:1.36" already present on machine
2026-09-27T13:28:24.858089Z Warning FailedCreate Error creating: pods "prometheus-f4da57" is forbidden: error looking up service account observability/default: serviceaccount "default" not found
2026-09-27T13:28:27.858089Z Normal Created Created container sidecar
2026-09-27T13:28:31.858089Z Normal Created Created container agent
2026-09-27T13:28:35.858089Z Normal Pulled Container image "busybox:1.36" already present on machine
2026-09-27T13:28:38.858089Z Normal ScalingReplicaSet Scaled up replica set pay-worker-6d50c384 to 3 from 0
2026-09-27T13:28:42.858089Z Normal Pulled Container image "ghcr.io/company/pay-api:2.3.1" already present on machine
2026-09-27T13:28:45.858089Z Normal Synced Successfully synced oauth-2ff655
2026-09-27T13:28:49.858089Z Normal Started Started container sidecar
2026-09-27T13:28:53.858089Z Normal SuccessfulCreate Created pod: ingress-nginx-controller-a0ba59
2026-09-27T13:28:56.858089Z Normal Created Created container proxy
2026-09-27T13:29:00.858089Z Normal ScalingReplicaSet Scaled up replica set ingress-nginx-controller-b63cd5a5 to 3 from 1
2026-09-27T13:29:03.858089Z Warning DiskPressure Node ip-10-0-4-30.ec2.internal status is now: NodeHasDiskPressure
2026-09-27T13:29:07.858089Z Normal LeaderElection auth-api-ad9927 became leader
2026-09-27T13:29:11.858089Z Normal AddedInterface Add eth0 [10.24.159.187] from eni eni-95871d316483
2026-09-27T13:29:14.858089Z Normal SuccessfulCreate Created pod: loki-f9fab4
2026-09-27T13:29:18.858089Z Normal SuccessfulCreate Created pod: oauth-f3f703
2026-09-27T13:29:21.858089Z Normal AddedInterface Add eth0 [10.233.22.242] from eni eni-a13f108583b7
2026-09-27T13:29:25.858089Z Normal Started Started container proxy
2026-09-27T13:29:29.858089Z Normal Synced Successfully synced auth-api-78b603
2026-09-27T13:29:32.858089Z Normal ScalingReplicaSet Scaled up replica set ingress-nginx-controller-790447d7 to 3 from 1
2026-09-27T13:29:36.858089Z Normal Pulled Container image "nginx:1.25" already present on machine
2026-09-27T13:29:39.858089Z Normal LeaderElection ingress-nginx-controller-ade326 became leader
2026-09-27T13:29:43.858089Z Normal Scheduled Successfully assigned payments/pay-worker-39c00f to ip-10-0-5-40.ec2.internal
2026-09-27T13:29:47.858089Z Normal Synced Successfully synced oauth-fdf186
2026-09-27T13:29:50.858089Z Normal LeaderElection ingress-nginx-controller-428901 became leader
2026-09-27T13:29:54.858089Z Normal ScalingReplicaSet Scaled up replica set oauth-61e2e2f1 to 4 from 0
2026-09-27T13:29:57.858089Z Normal Scheduled Successfully assigned observability/grafana-7c674a to ip-10-0-4-30.ec2.internal
2026-09-27T13:30:01.858089Z Normal SuccessfulCreate Created pod: metrics-server-b1e764
2026-09-27T13:30:05.858089Z Normal Started Started container sidecar
2026-09-27T13:30:08.858089Z Normal LeaderElection oauth-bc1ab3 became leader
2026-09-27T13:30:12.858089Z Normal SuccessfulCreate Created pod: api-ed27cb
2026-09-27T13:30:15.858089Z Normal ScalingReplicaSet Scaled up replica set ingress-nginx-controller-0d8f2985 to 2 from 2
2026-09-27T13:30:19.858089Z Normal Scheduled Successfully assigned payments/pay-api-b0709a to ip-10-0-1-20.ec2.internal
2026-09-27T13:30:23.858089Z Normal ScalingReplicaSet Scaled up replica set worker-0581cce0 to 6 from 1
2026-09-27T13:30:26.858089Z Normal Created Created container sidecar
2026-09-27T13:30:30.858089Z Normal AddedInterface Add eth0 [10.2.161.47] from eni eni-7b1568cffb08
2026-09-27T13:30:33.858089Z Normal ScalingReplicaSet Scaled up replica set pay-api-0dd617fc to 5 from 2
2026-09-27T13:30:37.858089Z Normal Pulled Container image "nginx:1.25" already present on machine
2026-09-27T13:30:41.858089Z Normal Synced Successfully synced prometheus-f08a3d
2026-09-27T13:30:44.858089Z Normal ScalingReplicaSet Scaled up replica set kube-proxy-86479505 to 2 from 1
2026-09-27T13:30:48.858089Z Warning NodeNotReady Node ip-10-0-4-10.ec2.internal status is now: NodeNotReady
2026-09-27T13:30:51.858089Z Normal Scheduled Successfully assigned ingress-nginx/ingress-nginx-controller-b45654 to ip-10-0-5-50.ec2.internal
2026-09-27T13:30:55.858089Z Normal SuccessfulCreate Created pod: metrics-server-fa2e9a
2026-09-27T13:30:59.858089Z Normal Created Created container agent
2026-09-27T13:31:02.858089Z Normal SuccessfulCreate Created pod: ingress-nginx-controller-ac9fe1
2026-09-27T13:31:06.858089Z Normal Created Created container app
2026-09-27T13:31:09.858089Z Normal LeaderElection aws-node-e4e0d6 became leader
2026-09-27T13:31:13.858089Z Warning MemPressure Node ip-10-0-4-10.ec2.internal status is now: NodeHasMemoryPressure
2026-09-27T13:31:17.858089Z Warning FailedCreate Error creating: pods "ingress-nginx-controller-b34b20" is forbidden: error looking up service account ingress-nginx/default: serviceaccount "default" not found
2026-09-27T13:31:20.858089Z Normal SuccessfulCreate Created pod: web-fb7db9
2026-09-27T13:31:24.858089Z Normal Scheduled Successfully assigned auth/auth-api-fcd6fc to ip-10-0-5-50.ec2.internal
2026-09-27T13:31:27.858089Z Normal LeaderElection oauth-1b79ef became leader
2026-09-27T13:31:31.858089Z Normal Scheduled Successfully assigned ingress-nginx/ingress-nginx-controller-91faa9 to ip-10-0-1-50.ec2.internal
2026-09-27T13:31:35.858089Z Normal Started Started container sidecar
2026-09-27T13:31:38.858089Z Normal AddedInterface Add eth0 [10.55.153.93] from eni eni-e2656da67b84
2026-09-27T13:31:42.858089Z Normal Scheduled Successfully assigned observability/grafana-5df747 to ip-10-0-5-30.ec2.internal
2026-09-27T13:31:45.858089Z Normal ScalingReplicaSet Scaled up replica set prometheus-acb85903 to 4 from 2
2026-09-27T13:31:49.858089Z Normal Synced Successfully synced aws-node-7cbfe0
2026-09-27T13:31:53.858089Z Normal Scheduled Successfully assigned default/frontend-11ba10 to ip-10-0-5-40.ec2.internal
2026-09-27T13:31:56.858089Z Normal Created Created container proxy
2026-09-27T13:32:00.858089Z Normal LeaderElection auth-api-6be14d became leader
2026-09-27T13:32:03.858089Z Normal Created Created container sidecar
2026-09-27T13:32:07.858089Z Normal Started Started container sidecar
2026-09-27T13:32:11.858089Z Normal SuccessfulCreate Created pod: coredns-af9422
2026-09-27T13:32:14.858089Z Normal AddedInterface Add eth0 [10.196.90.163] from eni eni-c54aadf89018
2026-09-27T13:32:18.858089Z Normal LeaderElection auth-api-fd1512 became leader
2026-09-27T13:32:21.858089Z Normal Pulled Container image "ghcr.io/company/pay-api:2.3.1" already present on machine
2026-09-27T13:32:25.858089Z Normal ScalingReplicaSet Scaled up replica set frontend-89bc27b1 to 5 from 1
2026-09-27T13:32:29.858089Z Normal Scheduled Successfully assigned default/frontend-e51a51 to ip-10-0-3-30.ec2.internal
2026-09-27T13:32:32.858089Z Normal LeaderElection prometheus-92c64b became leader
2026-09-27T13:32:36.858089Z Normal Synced Successfully synced grafana-9b2482
2026-09-27T13:32:39.858089Z Normal Scheduled Successfully assigned default/web-bf1bd3 to ip-10-0-3-10.ec2.internal
2026-09-27T13:32:43.858089Z Normal LeaderElection pay-api-89185a became leader
2026-09-27T13:32:47.858089Z Normal AddedInterface Add eth0 [10.151.84.140] from eni eni-824ee5a69a10
2026-09-27T13:32:50.858089Z Normal Scheduled Successfully assigned payments/pay-api-2dc465 to ip-10-0-4-40.ec2.internal
2026-09-27T13:32:54.858089Z Normal SuccessfulCreate Created pod: frontend-6b45d9
2026-09-27T13:32:57.858089Z Normal Scheduled Successfully assigned payments/pay-worker-4741b7 to ip-10-0-3-50.ec2.internal
2026-09-27T13:33:01.858089Z Normal AddedInterface Add eth0 [10.215.35.221] from eni eni-bfcef88c40e3
2026-09-27T13:33:05.858089Z Normal Started Started container agent
2026-09-27T13:33:08.858089Z Normal Created Created container proxy
2026-09-27T13:33:12.858089Z Warning TLSHandshakeTimeout net/http: TLS handshake timeout
2026-09-27T13:33:15.858089Z Warning ImagePullBackOff Back-off pulling image "registry.k8s.io/coredns/coredns:v1.11.1"
2026-09-27T13:33:19.858089Z Warning ErrImagePull Failed to pull image "public.ecr.aws/eks/aws-node:v1.14.1": rpc error: code = Unknown desc = Error response from daemon: pull access denied
2026-09-27T13:33:23.858089Z Normal Pulled Container image "ghcr.io/company/pay-api:2.3.1" already present on machine
2026-09-27T13:33:26.858089Z Normal Scheduled Successfully assigned payments/pay-worker-ff75b7 to ip-10-0-1-40.ec2.internal
2026-09-27T13:33:30.858089Z Normal Synced Successfully synced web-00954d
2026-09-27T13:33:33.858089Z Warning CrashLoopBackOff pod/ingress-nginx-controller-e12467 CrashLoopBackOff
2026-09-27T13:33:37.858089Z Normal Scheduled Successfully assigned auth/oauth-3e4149 to ip-10-0-4-40.ec2.internal
2026-09-27T13:33:41.858089Z Normal Synced Successfully synced metrics-server-eebc2f
2026-09-27T13:33:44.858089Z Normal SuccessfulCreate Created pod: loki-78ef9c
2026-09-27T13:33:48.858089Z Normal ScalingReplicaSet Scaled up replica set grafana-b73deeab to 5 from 1
2026-09-27T13:33:51.858089Z Normal Started Started container app
2026-09-27T13:33:55.858089Z Normal Created Created container sidecar
2026-09-27T13:33:59.858089Z Normal Synced Successfully synced ingress-nginx-controller-e429bc
2026-09-27T13:34:02.858089Z Warning FailedCreate Error creating: pods "grafana-eadf8f" is forbidden: error looking up service account observability/default: serviceaccount "default" not found
2026-09-27T13:34:06.858089Z Normal Created Created container sidecar
2026-09-27T13:34:09.858089Z Normal Created Created container app
2026-09-27T13:34:13.858089Z Normal Created Created container proxy
2026-09-27T13:34:17.858089Z Normal AddedInterface Add eth0 [10.146.227.123] from eni eni-1f56c746f7fa
2026-09-27T13:34:20.858089Z Warning BackOff Back-off restarting failed container proxy in pod ingress-nginx/ingress-nginx-controller-5d83bf
2026-09-27T13:34:24.858089Z Normal AddedInterface Add eth0 [10.167.196.40] from eni eni-def97e72822a
2026-09-27T13:34:27.858089Z Normal Synced Successfully synced pay-worker-d207c6
2026-09-27T13:34:31.858089Z Warning Unhealthy Readiness probe failed: Get "http://10.103.134.88:80/health": dial tcp 10.103.134.88:80: i/o timeout
2026-09-27T13:34:35.858089Z Normal ScalingReplicaSet Scaled up replica set pay-api-10027f5e to 2 from 2
2026-09-27T13:34:38.858089Z Normal AddedInterface Add eth0 [10.71.109.82] from eni eni-d858d12563b9
2026-09-27T13:34:42.858089Z Normal SuccessfulCreate Created pod: ingress-nginx-controller-5fc6a3
2026-09-27T13:34:45.858089Z Normal ScalingReplicaSet Scaled up replica set aws-node-5803e982 to 6 from 2
2026-09-27T13:34:49.858089Z Normal Created Created container agent
2026-09-27T13:34:53.858089Z Normal AddedInterface Add eth0 [10.114.37.184] from eni eni-3b6503be85ea
2026-09-27T13:34:56.858089Z Normal SuccessfulCreate Created pod: kube-proxy-b5bc83
2026-09-27T13:35:00.858089Z Normal Started Started container app
2026-09-27T13:35:03.858089Z Normal Started Started container proxy
2026-09-27T13:35:07.858089Z Normal Synced Successfully synced frontend-e2d0bb
2026-09-27T13:35:11.858089Z Warning ImagePullBackOff Back-off pulling image "busybox:1.36"
2026-09-27T13:35:14.858089Z Normal AddedInterface Add eth0 [10.115.203.223] from eni eni-c1440936268c
2026-09-27T13:35:18.858089Z Normal SuccessfulCreate Created pod: metrics-server-6afaaa
2026-09-27T13:35:21.858089Z Normal Synced Successfully synced pay-api-f34341
2026-09-27T13:35:25.858089Z Normal ScalingReplicaSet Scaled up replica set ingress-nginx-controller-35adb159 to 3 from 0
2026-09-27T13:35:29.858089Z Normal Scheduled Successfully assigned kube-system/kube-proxy-f9c40c to ip-10-0-1-10.ec2.internal
2026-09-27T13:35:32.858089Z Normal ScalingReplicaSet Scaled up replica set grafana-cfd6d371 to 2 from 0
2026-09-27T13:35:36.858089Z Normal Scheduled Successfully assigned kube-system/aws-node-d28972 to ip-10-0-1-10.ec2.internal
2026-09-27T13:35:39.858089Z Normal LeaderElection api-6b5b8f became leader
2026-09-27T13:35:43.858089Z Normal Scheduled Successfully assigned auth/oauth-399174 to ip-10-0-4-10.ec2.internal
2026-09-27T13:35:47.858089Z Normal SuccessfulCreate Created pod: oauth-84a76b
2026-09-27T13:35:50.858089Z Normal ScalingReplicaSet Scaled up replica set coredns-5940190e to 4 from 2
2026-09-27T13:35:54.858089Z Normal Scheduled Successfully assigned ingress-nginx/ingress-nginx-controller-226603 to ip-10-0-3-30.ec2.internal
2026-09-27T13:35:57.858089Z Normal Pulled Container image "public.ecr.aws/eks/aws-node:v1.14.1" already present on machine
2026-09-27T13:36:01.858089Z Normal ScalingReplicaSet Scaled up replica set frontend-3d30eac2 to 2 from 1
2026-09-27T13:36:05.858089Z Normal LeaderElection pay-api-9a11e6 became leader
2026-09-27T13:36:08.858089Z Normal Scheduled Successfully assigned auth/oauth-73bb4c to ip-10-0-2-10.ec2.internal
2026-09-27T13:36:12.858089Z Normal Created Created container agent
2026-09-27T13:36:15.858089Z Normal AddedInterface Add eth0 [10.32.151.94] from eni eni-9b69728bc536
2026-09-27T13:36:19.858089Z Normal SuccessfulCreate Created pod: coredns-08cacd
2026-09-27T13:36:23.858089Z Normal Created Created container agent
2026-09-27T13:36:26.858089Z Normal LeaderElection web-72c88f became leader
2026-09-27T13:36:30.858089Z Normal ScalingReplicaSet Scaled up replica set prometheus-ef54fda9 to 4 from 0
2026-09-27T13:36:33.858089Z Normal AddedInterface Add eth0 [10.47.230.108] from eni eni-0bf182921390
2026-09-27T13:36:37.858089Z Normal Synced Successfully synced grafana-461e5a
2026-09-27T13:36:41.858089Z Normal LeaderElection loki-478505 became leader
2026-09-27T13:36:44.858089Z Normal Scheduled Successfully assigned default/web-667332 to ip-10-0-5-50.ec2.internal
2026-09-27T13:36:48.858089Z Normal ScalingReplicaSet Scaled up replica set pay-worker-2286ee3b to 5 from 0
2026-09-27T13:36:51.858089Z Normal Created Created container agent
2026-09-27T13:36:55.858089Z Normal Pulled Container image "nginx:1.25" already present on machine
2026-09-27T13:36:59.858089Z Normal Pulled Container image "python:3.11-slim" already present on machine
2026-09-27T13:37:02.858089Z Normal LeaderElection auth-api-1d986c became leader
2026-09-27T13:37:06.858089Z Normal Synced Successfully synced api-e2c549
2026-09-27T13:37:09.858089Z Normal Synced Successfully synced coredns-dfd687
2026-09-27T13:37:13.858089Z Normal Pulled Container image "public.ecr.aws/eks/aws-node:v1.14.1" already present on machine
2026-09-27T13:37:17.858089Z Normal ScalingReplicaSet Scaled up replica set oauth-e6086aa2 to 5 from 1
2026-09-27T13:37:20.858089Z Normal Synced Successfully synced pay-worker-d868c7
2026-09-27T13:37:24.858089Z Normal ScalingReplicaSet Scaled up replica set prometheus-c02b977a to 2 from 1
2026-09-27T13:37:27.858089Z Normal AddedInterface Add eth0 [10.229.203.133] from eni eni-1fef32ed6b75
2026-09-27T13:37:31.858089Z Normal Scheduled Successfully assigned ingress-nginx/ingress-nginx-controller-f991b3 to ip-10-0-5-10.ec2.internal
2026-09-27T13:37:35.858089Z Normal AddedInterface Add eth0 [10.123.226.65] from eni eni-00165a2786b3
2026-09-27T13:37:38.858089Z Normal Synced Successfully synced coredns-2da259
2026-09-27T13:37:42.858089Z Normal Created Created container app
2026-09-27T13:37:45.858089Z Normal ScalingReplicaSet Scaled up replica set kube-proxy-1fc357bf to 4 from 1
2026-09-27T13:37:49.858089Z Normal LeaderElection grafana-9c734f became leader
2026-09-27T13:37:53.858089Z Normal ScalingReplicaSet Scaled up replica set pay-api-ef24b8ef to 5 from 2
2026-09-27T13:37:56.858089Z Normal AddedInterface Add eth0 [10.5.24.228] from eni eni-46958d4488ce
2026-09-27T13:38:00.858089Z Normal SuccessfulCreate Created pod: ingress-nginx-controller-6498d8
2026-09-27T13:38:03.858089Z Normal AddedInterface Add eth0 [10.103.40.68] from eni eni-05670450fd1b
2026-09-27T13:38:07.858089Z Warning FailedScheduling 0/3 nodes are available: Insufficient cpu
2026-09-27T13:38:11.858089Z Normal AddedInterface Add eth0 [10.67.82.163] from eni eni-a5000341e5b2
2026-09-27T13:38:14.858089Z Warning OOMKilled Container sidecar in pod default/worker-b0c584 was killed due to OOM
2026-09-27T13:38:18.858089Z Normal Pulled Container image "registry.k8s.io/coredns/coredns:v1.11.1" already present on machine
2026-09-27T13:38:21.858089Z Normal Started Started container app
2026-09-27T13:38:25.858089Z Normal AddedInterface Add eth0 [10.29.79.248] from eni eni-77f6b085f763
2026-09-27T13:38:29.858089Z Warning OOMKilled Container agent in pod payments/pay-worker-4897ca was killed due to OOM
2026-09-27T13:38:32.858089Z Normal Synced Successfully synced pay-api-9dc07c
2026-09-27T13:38:36.858089Z Normal Started Started container proxy
2026-09-27T13:38:39.858089Z Normal LeaderElection ingress-nginx-controller-a4df35 became leader
2026-09-27T13:38:43.858089Z Normal Synced Successfully synced pay-api-4eb9d1
2026-09-27T13:38:47.858089Z Normal Synced Successfully synced ingress-nginx-controller-c64d38
2026-09-27T13:38:50.858089Z Normal ScalingReplicaSet Scaled up replica set worker-d92a926f to 6 from 0
2026-09-27T13:38:54.858089Z Normal Created Created container sidecar
2026-09-27T13:38:57.858089Z Normal LeaderElection pay-api-06c494 became leader
2026-09-27T13:39:01.858089Z Normal Pulled Container image "ghcr.io/company/auth-api:1.9.0" already present on machine
2026-09-27T13:39:05.858089Z Normal Synced Successfully synced pay-worker-9ba053
2026-09-27T13:39:08.858089Z Warning Unhealthy Readiness probe failed: Get "http://10.192.163.82:80/health": dial tcp 10.192.163.82:80: i/o timeout
2026-09-27T13:39:12.858089Z Normal SuccessfulCreate Created pod: kube-proxy-04e884
2026-09-27T13:39:15.858089Z Normal ScalingReplicaSet Scaled up replica set aws-node-259766c6 to 4 from 1
2026-09-27T13:39:19.858089Z Normal LeaderElection kube-proxy-bf8619 became leader
2026-09-27T13:39:23.858089Z Warning FailedCreate Error creating: pods "ingress-nginx-controller-21aa01" is forbidden: error looking up service account ingress-nginx/default: serviceaccount "default" not found
2026-09-27T13:39:26.858089Z Normal Created Created container agent
2026-09-27T13:39:30.858089Z Normal Scheduled Successfully assigned observability/prometheus-bc3830 to ip-10-0-2-30.ec2.internal
2026-09-27T13:39:33.858089Z Normal Scheduled Successfully assigned ingress-nginx/ingress-nginx-controller-b10394 to ip-10-0-4-20.ec2.internal
2026-09-27T13:39:37.858089Z Normal Started Started container proxy
2026-09-27T13:39:41.858089Z Normal Pulled Container image "nginx:1.25" already present on machine
2026-09-27T13:39:44.858089Z Normal LeaderElection ingress-nginx-controller-aba1b8 became leader
2026-09-27T13:39:48.858089Z Normal Started Started container proxy
2026-09-27T13:39:51.858089Z Normal LeaderElection worker-28a088 became leader
2026-09-27T13:39:55.858089Z Normal Synced Successfully synced loki-e6e032
2026-09-27T13:39:59.858089Z Warning DiskPressure Node ip-10-0-3-10.ec2.internal status is now: NodeHasDiskPressure
2026-09-27T13:40:02.858089Z Normal Synced Successfully synced ingress-nginx-controller-8defd7
2026-09-27T13:40:06.858089Z Normal SuccessfulCreate Created pod: coredns-89548a
2026-09-27T13:40:09.858089Z Normal ScalingReplicaSet Scaled up replica set ingress-nginx-controller-0e60833e to 4 from 1
2026-09-27T13:40:13.858089Z Normal Created Created container proxy
2026-09-27T13:40:17.858089Z Normal Scheduled Successfully assigned observability/prometheus-8b4cd8 to ip-10-0-3-50.ec2.internal
2026-09-27T13:40:20.858089Z Normal Scheduled Successfully assigned auth/auth-api-f965e2 to ip-10-0-4-30.ec2.internal
2026-09-27T13:40:24.858089Z Normal Pulled Container image "registry.k8s.io/coredns/coredns:v1.11.1" already present on machine
2026-09-27T13:40:27.858089Z Normal SuccessfulCreate Created pod: ingress-nginx-controller-c39232
2026-09-27T13:40:31.858089Z Normal AddedInterface Add eth0 [10.206.92.105] from eni eni-b9ac7938ff0d
2026-09-27T13:40:35.858089Z Normal LeaderElection pay-api-39d8c2 became leader
2026-09-27T13:40:38.858089Z Normal SuccessfulCreate Created pod: ingress-nginx-controller-2eb9eb
2026-09-27T13:40:42.858089Z Normal ScalingReplicaSet Scaled up replica set pay-api-72e915a5 to 4 from 0
2026-09-27T13:40:45.858089Z Normal Created Created container proxy
2026-09-27T13:40:49.858089Z Normal ScalingReplicaSet Scaled up replica set kube-proxy-0e5215a8 to 3 from 1
2026-09-27T13:40:53.858089Z Warning CrashLoopBackOff pod/prometheus-7ecda9 CrashLoopBackOff
2026-09-27T13:40:56.858089Z Normal Started Started container proxy
2026-09-27T13:41:00.858089Z Normal ScalingReplicaSet Scaled up replica set kube-proxy-bf02c478 to 5 from 1
2026-09-27T13:41:03.858089Z Normal Scheduled Successfully assigned payments/pay-api-2d394c to ip-10-0-3-40.ec2.internal
2026-09-27T13:41:07.858089Z Normal LeaderElection oauth-bd6f8c became leader
2026-09-27T13:41:11.858089Z Normal LeaderElection grafana-cb4ee6 became leader
2026-09-27T13:41:14.858089Z Normal AddedInterface Add eth0 [10.26.38.224] from eni eni-14a04daf9e70
2026-09-27T13:41:18.858089Z Normal LeaderElection loki-9909c5 became leader
2026-09-27T13:41:21.858089Z Normal Synced Successfully synced ingress-nginx-controller-08fcf1
2026-09-27T13:41:25.858089Z Warning FailedCreate Error creating: pods "kube-proxy-af60e2" is forbidden: error looking up service account kube-system/default: serviceaccount "default" not found
2026-09-27T13:41:29.858089Z Normal Started Started container app
2026-09-27T13:41:32.858089Z Normal Created Created container agent
2026-09-27T13:41:36.858089Z Normal Scheduled Successfully assigned ingress-nginx/ingress-nginx-controller-9ef4c4 to ip-10-0-2-40.ec2.internal
2026-09-27T13:41:39.858089Z Normal SuccessfulCreate Created pod: pay-api-81552e
2026-09-27T13:41:43.858089Z Normal LeaderElection ingress-nginx-controller-2ae172 became leader
2026-09-27T13:41:47.858089Z Normal Started Started container agent
2026-09-27T13:41:50.858089Z Normal AddedInterface Add eth0 [10.179.40.249] from eni eni-9aeb32f774a2
2026-09-27T13:41:54.858089Z Normal Scheduled Successfully assigned kube-system/coredns-fa3654 to ip-10-0-5-20.ec2.internal
2026-09-27T13:41:57.858089Z Normal LeaderElection oauth-a92cd0 became leader
2026-09-27T13:42:01.858089Z Normal Synced Successfully synced loki-12291e
2026-09-27T13:42:05.858089Z Normal Scheduled Successfully assigned ingress-nginx/ingress-nginx-controller-97d89c to ip-10-0-3-20.ec2.internal
2026-09-27T13:42:08.858089Z Normal Scheduled Successfully assigned ingress-nginx/ingress-nginx-controller-1fae36 to ip-10-0-1-20.ec2.internal
2026-09-27T13:42:12.858089Z Normal SuccessfulCreate Created pod: oauth-4a9688
2026-09-27T13:42:15.858089Z Normal Created Created container app
2026-09-27T13:42:19.858089Z Normal Pulled Container image "ghcr.io/company/pay-api:2.3.1" already present on machine
2026-09-27T13:42:23.858089Z Normal Synced Successfully synced ingress-nginx-controller-4bc540
2026-09-27T13:42:26.858089Z Warning BackOff Back-off restarting failed container app in pod observability/prometheus-033a1b
2026-09-27T13:42:30.858089Z Normal Started Started container app
2026-09-27T13:42:33.858089Z Normal Synced Successfully synced pay-api-e4dad9
2026-09-27T13:42:37.858089Z Normal Created Created container app
2026-09-27T13:42:41.858089Z Normal AddedInterface Add eth0 [10.82.13.129] from eni eni-6967d8fcb669
2026-09-27T13:42:44.858089Z Normal LeaderElection web-732f29 became leader
2026-09-27T13:42:48.858089Z Normal Synced Successfully synced ingress-nginx-controller-cb7ae8
2026-09-27T13:42:51.858089Z Normal Synced Successfully synced oauth-3caed9
2026-09-27T13:42:55.858089Z Normal Started Started container sidecar
2026-09-27T13:42:59.858089Z Normal Synced Successfully synced worker-33d3e1
2026-09-27T13:43:02.858089Z Normal Started Started container sidecar
2026-09-27T13:43:06.858089Z Normal ScalingReplicaSet Scaled up replica set prometheus-e42f38d5 to 6 from 0
2026-09-27T13:43:09.858089Z Normal SuccessfulCreate Created pod: frontend-ed8e13
2026-09-27T13:43:13.858089Z Normal SuccessfulCreate Created pod: ingress-nginx-controller-f89e94
2026-09-27T13:43:17.858089Z Normal Synced Successfully synced coredns-1958a8
2026-09-27T13:43:20.858089Z Normal ScalingReplicaSet Scaled up replica set pay-api-3a41bb8e to 3 from 0
2026-09-27T13:43:24.858089Z Normal Scheduled Successfully assigned observability/prometheus-73d379 to ip-10-0-3-40.ec2.internal
2026-09-27T13:43:27.858089Z Normal ScalingReplicaSet Scaled up replica set pay-worker-f82db319 to 6 from 1
2026-09-27T13:43:31.858089Z Normal LeaderElection pay-worker-f21337 became leader
2026-09-27T13:43:35.858089Z Normal LeaderElection oauth-83683b became leader
2026-09-27T13:43:38.858089Z Normal Scheduled Successfully assigned ingress-nginx/ingress-nginx-controller-d3ebd1 to ip-10-0-5-20.ec2.internal
2026-09-27T13:43:42.858089Z Normal LeaderElection ingress-nginx-controller-83b220 became leader
2026-09-27T13:43:45.858089Z Warning CrashLoopBackOff pod/coredns-6666d2 CrashLoopBackOff
2026-09-27T13:43:49.858089Z Normal Started Started container app
2026-09-27T13:43:53.858089Z Normal Created Created container app
2026-09-27T13:43:56.858089Z Normal Started Started container proxy
2026-09-27T13:44:00.858089Z Normal AddedInterface Add eth0 [10.102.71.101] from eni eni-820b0c5bd434
2026-09-27T13:44:03.858089Z Normal ScalingReplicaSet Scaled up replica set auth-api-181f36bd to 4 from 2
2026-09-27T13:44:07.858089Z Normal Pulled Container image "registry.k8s.io/coredns/coredns:v1.11.1" already present on machine
2026-09-27T13:44:11.858089Z Normal SuccessfulCreate Created pod: oauth-78a05c
2026-09-27T13:44:14.858089Z Normal ScalingReplicaSet Scaled up replica set pay-worker-fc8be7e3 to 2 from 1
2026-09-27T13:44:18.858089Z Normal Created Created container proxy
2026-09-27T13:44:21.858089Z Normal Synced Successfully synced grafana-0b46f6
2026-09-27T13:44:25.858089Z Normal Pulled Container image "registry.k8s.io/coredns/coredns:v1.11.1" already present on machine
2026-09-27T13:44:29.858089Z Normal SuccessfulCreate Created pod: ingress-nginx-controller-503783
2026-09-27T13:44:32.858089Z Normal ScalingReplicaSet Scaled up replica set ingress-nginx-controller-70f7a7da to 3 from 1
2026-09-27T13:44:36.858089Z Normal Pulled Container image "public.ecr.aws/eks/aws-node:v1.14.1" already present on machine
2026-09-27T13:44:39.858089Z Normal AddedInterface Add eth0 [10.113.40.162] from eni eni-1d50c3661e1b
2026-09-27T13:44:43.858089Z Warning FailedMount Unable to attach or mount volumes: timed out waiting for the condition
2026-09-27T13:44:47.858089Z Normal LeaderElection coredns-adf4c6 became leader
2026-09-27T13:44:50.858089Z Normal LeaderElection ingress-nginx-controller-064ac3 became leader
2026-09-27T13:44:54.858089Z Normal LeaderElection pay-api-600a3f became leader
2026-09-27T13:44:57.858089Z Warning ErrImagePull Failed to pull image "ghcr.io/company/pay-api:2.3.1": rpc error: code = Unknown desc = Error response from daemon: pull access denied
2026-09-27T13:45:01.858089Z Normal ScalingReplicaSet Scaled up replica set auth-api-470f7ab2 to 4 from 0
2026-09-27T13:45:05.858089Z Normal Created Created container app
2026-09-27T13:45:08.858089Z Normal LeaderElection metrics-server-3017a4 became leader
2026-09-27T13:45:12.858089Z Warning OOMKilled Container agent in pod auth/oauth-605d65 was killed due to OOM
2026-09-27T13:45:15.858089Z Normal Scheduled Successfully assigned observability/loki-ccb5fc to ip-10-0-4-10.ec2.internal
2026-09-27T13:45:19.858089Z Normal AddedInterface Add eth0 [10.80.21.48] from eni eni-b23d232008e1
2026-09-27T13:45:23.858089Z Normal Pulled Container image "ghcr.io/company/auth-api:1.9.0" already present on machine
2026-09-27T13:45:26.858089Z Warning BackOff Back-off restarting failed container agent in pod kube-system/kube-proxy-b21e13
2026-09-27T13:45:30.858089Z Normal Created Created container sidecar
2026-09-27T13:45:33.858089Z Warning ErrImagePull Failed to pull image "busybox:1.36": rpc error: code = Unknown desc = Error response from daemon: pull access denied
2026-09-27T13:45:37.858089Z Normal Scheduled Successfully assigned observability/prometheus-efe5d4 to ip-10-0-4-40.ec2.internal
2026-09-27T13:45:41.858089Z Normal Scheduled Successfully assigned payments/pay-worker-f755fc to ip-10-0-2-10.ec2.internal
2026-09-27T13:45:44.858089Z Normal Synced Successfully synced grafana-19f6b5
2026-09-27T13:45:48.858089Z Normal Scheduled Successfully assigned ingress-nginx/ingress-nginx-controller-5ac77a to ip-10-0-4-20.ec2.internal
2026-09-27T13:45:51.858089Z Normal Synced Successfully synced pay-worker-4b88a7
2026-09-27T13:45:55.858089Z Normal ScalingReplicaSet Scaled up replica set grafana-08b89a42 to 2 from 2
2026-09-27T13:45:59.858089Z Normal Scheduled Successfully assigned payments/pay-worker-5fe9e0 to ip-10-0-2-40.ec2.internal
2026-09-27T13:46:02.858089Z Normal Synced Successfully synced kube-proxy-a87150
2026-09-27T13:46:06.858089Z Normal Pulled Container image "ghcr.io/company/pay-api:2.3.1" already present on machine
2026-09-27T13:46:09.858089Z Normal ScalingReplicaSet Scaled up replica set worker-6cc35cc3 to 2 from 0
2026-09-27T13:46:13.858089Z Normal ScalingReplicaSet Scaled up replica set auth-api-e6c9e140 to 6 from 1
2026-09-27T13:46:17.858089Z Normal Synced Successfully synced loki-597a40
2026-09-27T13:46:20.858089Z Normal Started Started container app
2026-09-27T13:46:24.858089Z Normal Started Started container app
2026-09-27T13:46:27.858089Z Normal LeaderElection grafana-9910de became leader
2026-09-27T13:46:31.858089Z Normal Scheduled Successfully assigned ingress-nginx/ingress-nginx-controller-96afca to ip-10-0-5-30.ec2.internal
2026-09-27T13:46:35.858089Z Normal Synced Successfully synced coredns-8915ec
2026-09-27T13:46:38.858089Z Normal Synced Successfully synced web-7c0298
2026-09-27T13:46:42.858089Z Normal Pulled Container image "busybox:1.36" already present on machine
2026-09-27T13:46:45.858089Z Normal AddedInterface Add eth0 [10.123.230.222] from eni eni-343bd99851a2
2026-09-27T13:46:49.858089Z Normal ScalingReplicaSet Scaled up replica set oauth-7c9830e2 to 6 from 0
2026-09-27T13:46:53.858089Z Normal Created Created container agent
2026-09-27T13:46:56.858089Z Normal Scheduled Successfully assigned kube-system/kube-proxy-d3d1f0 to ip-10-0-1-40.ec2.internal
2026-09-27T13:47:00.858089Z Warning MemPressure Node ip-10-0-2-40.ec2.internal status is now: NodeHasMemoryPressure
2026-09-27T13:47:03.858089Z Normal Pulled Container image "busybox:1.36" already present on machine
2026-09-27T13:47:07.858089Z Normal AddedInterface Add eth0 [10.48.243.34] from eni eni-b4c1acae9d0c
2026-09-27T13:47:11.858089Z Normal Created Created container agent
2026-09-27T13:47:14.858089Z Normal ScalingReplicaSet Scaled up replica set loki-22eb556d to 3 from 0
2026-09-27T13:47:18.858089Z Normal Created Created container sidecar
2026-09-27T13:47:21.858089Z Normal Started Started container agent
2026-09-27T13:47:25.858089Z Normal Started Started container sidecar
2026-09-27T13:47:29.858089Z Normal Synced Successfully synced pay-worker-c3ca19
2026-09-27T13:47:32.858089Z Warning ImagePullBackOff Back-off pulling image "registry.k8s.io/coredns/coredns:v1.11.1"
2026-09-27T13:47:36.858089Z Warning FailedScheduling 0/7 nodes are available: Insufficient cpu
2026-09-27T13:47:39.858089Z Normal Created Created container sidecar
2026-09-27T13:47:43.858089Z Normal SuccessfulCreate Created pod: oauth-eee5e1
2026-09-27T13:47:47.858089Z Normal Created Created container sidecar
2026-09-27T13:47:50.858089Z Normal Synced Successfully synced web-caf877
2026-09-27T13:47:54.858089Z Normal Synced Successfully synced ingress-nginx-controller-f70760
2026-09-27T13:47:57.858089Z Normal AddedInterface Add eth0 [10.249.192.74] from eni eni-846cf3d8193e
2026-09-27T13:48:01.858089Z Warning FailedMount Unable to attach or mount volumes: timed out waiting for the condition
2026-09-27T13:48:05.858089Z Normal Synced Successfully synced pay-api-3d74d0
2026-09-27T13:48:08.858089Z Normal Created Created container agent
2026-09-27T13:48:12.858089Z Normal Scheduled Successfully assigned kube-system/aws-node-69aad1 to ip-10-0-2-20.ec2.internal
2026-09-27T13:48:15.858089Z Warning ImagePullBackOff Back-off pulling image "ghcr.io/company/auth-api:1.9.0"
2026-09-27T13:48:19.858089Z Normal AddedInterface Add eth0 [10.57.180.237] from eni eni-3b12310044be
2026-09-27T13:48:23.858089Z Normal SuccessfulCreate Created pod: ingress-nginx-controller-c830cf
2026-09-27T13:48:26.858089Z Normal Created Created container agent
2026-09-27T13:48:30.858089Z Normal SuccessfulCreate Created pod: frontend-be778d
2026-09-27T13:48:33.858089Z Normal LeaderElection pay-worker-34fb17 became leader
2026-09-27T13:48:37.858089Z Normal ScalingReplicaSet Scaled up replica set oauth-959fe7d8 to 3 from 2
2026-09-27T13:48:41.858089Z Normal ScalingReplicaSet Scaled up replica set ingress-nginx-controller-aa2c4c3c to 4 from 2
2026-09-27T13:48:44.858089Z Normal AddedInterface Add eth0 [10.73.216.169] from eni eni-d8ba90d5cb9a
2026-09-27T13:48:48.858089Z Normal LeaderElection oauth-1e97e5 became leader
2026-09-27T13:48:51.858089Z Normal Started Started container sidecar
2026-09-27T13:48:55.858089Z Normal SuccessfulCreate Created pod: ingress-nginx-controller-662d9c
2026-09-27T13:48:59.858089Z Normal Pulled Container image "busybox:1.36" already present on machine
2026-09-27T13:49:02.858089Z Warning FailedMount Unable to attach or mount volumes: timed out waiting for the condition
2026-09-27T13:49:06.858089Z Normal Synced Successfully synced auth-api-caa939
2026-09-27T13:49:09.858089Z Normal Started Started container agent
2026-09-27T13:49:13.858089Z Normal SuccessfulCreate Created pod: loki-403d3c
2026-09-27T13:49:17.858089Z Normal ScalingReplicaSet Scaled up replica set web-e7bb7d36 to 2 from 0
2026-09-27T13:49:20.858089Z Warning Unhealthy Readiness probe failed: Get "http://10.162.19.100:9090/health": dial tcp 10.162.19.100:9090: i/o timeout
2026-09-27T13:49:24.858089Z Normal ScalingReplicaSet Scaled up replica set pay-worker-a5cb1cea to 2 from 0
2026-09-27T13:49:27.858089Z Normal SuccessfulCreate Created pod: frontend-03ab02
2026-09-27T13:49:31.858089Z Normal ScalingReplicaSet Scaled up replica set pay-api-9dfa2af5 to 4 from 0
2026-09-27T13:49:35.858089Z Normal ScalingReplicaSet Scaled up replica set web-83758b49 to 2 from 2
2026-09-27T13:49:38.858089Z Normal LeaderElection ingress-nginx-controller-c6bfc5 became leader
2026-09-27T13:49:42.858089Z Normal Pulled Container image "nginx:1.25" already present on machine
2026-09-27T13:49:45.858089Z Normal Synced Successfully synced web-98af54
2026-09-27T13:49:49.858089Z Normal ScalingReplicaSet Scaled up replica set worker-9cc3eb65 to 2 from 0
2026-09-27T13:49:53.858089Z Normal SuccessfulCreate Created pod: pay-worker-95e21c
2026-09-27T13:49:56.858089Z Normal SuccessfulCreate Created pod: web-6535db
2026-09-27T13:50:00.858089Z Normal Scheduled Successfully assigned ingress-nginx/ingress-nginx-controller-1897ae to ip-10-0-4-10.ec2.internal
2026-09-27T13:50:03.858089Z Normal Pulled Container image "busybox:1.36" already present on machine
2026-09-27T13:50:07.858089Z Normal LeaderElection auth-api-fd3713 became leader
2026-09-27T13:50:11.858089Z Warning MemPressure Node ip-10-0-1-50.ec2.internal status is now: NodeHasMemoryPressure
2026-09-27T13:50:14.858089Z Normal Synced Successfully synced frontend-d2e8b6
2026-09-27T13:50:18.858089Z Normal Scheduled Successfully assigned ingress-nginx/ingress-nginx-controller-5cf543 to ip-10-0-3-20.ec2.internal
2026-09-27T13:50:21.858089Z Normal SuccessfulCreate Created pod: frontend-7b53e8
2026-09-27T13:50:25.858089Z Warning BackOff Back-off restarting failed container app in pod auth/oauth-18905a
2026-09-27T13:50:29.858089Z Normal Synced Successfully synced api-793f99
2026-09-27T13:50:32.858089Z Normal Pulled Container image "public.ecr.aws/eks/aws-node:v1.14.1" already present on machine
2026-09-27T13:50:36.858089Z Normal LeaderElection loki-2726c7 became leader
2026-09-27T13:50:39.858089Z Normal Synced Successfully synced auth-api-fd101f
2026-09-27T13:50:43.858089Z Normal AddedInterface Add eth0 [10.252.145.52] from eni eni-6dce55f05615
2026-09-27T13:50:47.858089Z Normal Pulled Container image "ghcr.io/company/auth-api:1.9.0" already present on machine
2026-09-27T13:50:50.858089Z Normal LeaderElection ingress-nginx-controller-e379d4 became leader
2026-09-27T13:50:54.858089Z Normal Scheduled Successfully assigned ingress-nginx/ingress-nginx-controller-e0be8f to ip-10-0-4-40.ec2.internal
2026-09-27T13:50:57.858089Z Normal LeaderElection grafana-92b374 became leader
2026-09-27T13:51:01.858089Z Normal Scheduled Successfully assigned ingress-nginx/ingress-nginx-controller-2a0f39 to ip-10-0-3-50.ec2.internal
2026-09-27T13:51:05.858089Z Normal Pulled Container image "busybox:1.36" already present on machine
2026-09-27T13:51:08.858089Z Normal ScalingReplicaSet Scaled up replica set grafana-5930d328 to 3 from 2
2026-09-27T13:51:12.858089Z Normal SuccessfulCreate Created pod: web-296a81
2026-09-27T13:51:15.858089Z Normal Synced Successfully synced aws-node-9832d4
2026-09-27T13:51:19.858089Z Normal Created Created container agent
2026-09-27T13:51:23.858089Z Normal Pulled Container image "ghcr.io/company/pay-api:2.3.1" already present on machine
2026-09-27T13:51:26.858089Z Warning BackOff Back-off restarting failed container proxy in pod kube-system/coredns-f16919
2026-09-27T13:51:30.858089Z Normal AddedInterface Add eth0 [10.150.172.5] from eni eni-3b556500cde5
2026-09-27T13:51:33.858089Z Normal SuccessfulCreate Created pod: auth-api-913772
2026-09-27T13:51:37.858089Z Normal ScalingReplicaSet Scaled up replica set pay-api-3085357c to 3 from 0
2026-09-27T13:51:41.858089Z Normal Scheduled Successfully assigned payments/pay-api-e3d919 to ip-10-0-3-50.ec2.internal
2026-09-27T13:51:44.858089Z Normal SuccessfulCreate Created pod: api-6b7e3a
2026-09-27T13:51:48.858089Z Normal SuccessfulCreate Created pod: api-250f43
2026-09-27T13:51:51.858089Z Normal Scheduled Successfully assigned default/frontend-ee0574 to ip-10-0-2-50.ec2.internal
2026-09-27T13:51:55.858089Z Normal Started Started container proxy
2026-09-27T13:51:59.858089Z Normal LeaderElection ingress-nginx-controller-1173c3 became leader
2026-09-27T13:52:02.858089Z Normal Created Created container agent
2026-09-27T13:52:06.858089Z Normal LeaderElection pay-worker-8cae73 became leader
2026-09-27T13:52:09.858089Z Normal Scheduled Successfully assigned observability/prometheus-9d9b80 to ip-10-0-3-50.ec2.internal
2026-09-27T13:52:13.858089Z Normal Scheduled Successfully assigned observability/grafana-363c7d to ip-10-0-1-10.ec2.internal
2026-09-27T13:52:17.858089Z Normal Synced Successfully synced auth-api-3752fe
2026-09-27T13:52:20.858089Z Normal Synced Successfully synced ingress-nginx-controller-0c7346
2026-09-27T13:52:24.858089Z Normal ScalingReplicaSet Scaled up replica set prometheus-c399db69 to 5 from 1
2026-09-27T13:52:27.858089Z Normal SuccessfulCreate Created pod: aws-node-01f47e
2026-09-27T13:52:31.858089Z Normal LeaderElection prometheus-b742e2 became leader
2026-09-27T13:52:35.858089Z Normal SuccessfulCreate Created pod: aws-node-324af9
2026-09-27T13:52:38.858089Z Normal Created Created container sidecar
2026-09-27T13:52:42.858089Z Normal AddedInterface Add eth0 [10.75.230.17] from eni eni-7fd3dcb12abf
2026-09-27T13:52:45.858089Z Normal Created Created container app
2026-09-27T13:52:49.858089Z Normal Synced Successfully synced kube-proxy-2c5b53
2026-09-27T13:52:53.858089Z Normal ScalingReplicaSet Scaled up replica set loki-750ea889 to 5 from 2
2026-09-27T13:52:56.858089Z Normal Synced Successfully synced pay-api-a597b5
2026-09-27T13:53:00.858089Z Normal Pulled Container image "python:3.11-slim" already present on machine
2026-09-27T13:53:03.858089Z Normal Pulled Container image "public.ecr.aws/eks/aws-node:v1.14.1" already present on machine
2026-09-27T13:53:07.858089Z Normal Synced Successfully synced kube-proxy-c21f60
2026-09-27T13:53:11.858089Z Normal AddedInterface Add eth0 [10.183.235.157] from eni eni-9b828e9154be
2026-09-27T13:53:14.858089Z Normal Pulled Container image "busybox:1.36" already present on machine
2026-09-27T13:53:18.858089Z Normal ScalingReplicaSet Scaled up replica set kube-proxy-f36d7f42 to 4 from 2
2026-09-27T13:53:21.858089Z Normal Scheduled Successfully assigned kube-system/aws-node-3009dc to ip-10-0-1-30.ec2.internal
2026-09-27T13:53:25.858089Z Normal LeaderElection pay-worker-cbdf84 became leader
2026-09-27T13:53:29.858089Z Normal ScalingReplicaSet Scaled up replica set aws-node-fe6f4733 to 3 from 0
2026-09-27T13:53:32.858089Z Normal Synced Successfully synced ingress-nginx-controller-e8369a
2026-09-27T13:53:36.858089Z Normal Synced Successfully synced worker-644d39
2026-09-27T13:53:39.858089Z Normal Started Started container sidecar
2026-09-27T13:53:43.858089Z Normal SuccessfulCreate Created pod: grafana-7fb426
2026-09-27T13:53:47.858089Z Normal Synced Successfully synced loki-5c285a
2026-09-27T13:53:50.858089Z Normal Pulled Container image "public.ecr.aws/eks/aws-node:v1.14.1" already present on machine
2026-09-27T13:53:54.858089Z Normal Created Created container sidecar
2026-09-27T13:53:57.858089Z Normal Created Created container proxy
2026-09-27T13:54:01.858089Z Normal SuccessfulCreate Created pod: auth-api-fdca8f
2026-09-27T13:54:05.858089Z Warning FailedCreate Error creating: pods "frontend-3df35f" is forbidden: error looking up service account default/default: serviceaccount "default" not found
2026-09-27T13:54:08.858089Z Normal ScalingReplicaSet Scaled up replica set grafana-2b1f1975 to 6 from 2
2026-09-27T13:54:12.858089Z Normal Scheduled Successfully assigned ingress-nginx/ingress-nginx-controller-84ee6f to ip-10-0-4-40.ec2.internal
2026-09-27T13:54:15.858089Z Warning DNSConfigForming Nameserver limits were exceeded, some nameservers have been omitted, the applied nameserver line is: 10.154.104.202 10.203.12.231 10.13.38.108 10.6.54.194 10.42.174.229
2026-09-27T13:54:19.858089Z Normal Synced Successfully synced frontend-28c181
2026-09-27T13:54:23.858089Z Normal Scheduled Successfully assigned default/web-876ca3 to ip-10-0-4-40.ec2.internal
2026-09-27T13:54:26.858089Z Warning Unhealthy Readiness probe failed: Get "http://10.8.153.153:9090/health": dial tcp 10.8.153.153:9090: i/o timeout
2026-09-27T13:54:30.858089Z Normal LeaderElection ingress-nginx-controller-c3149d became leader
2026-09-27T13:54:33.858089Z Normal Scheduled Successfully assigned ingress-nginx/ingress-nginx-controller-38e924 to ip-10-0-4-50.ec2.internal
2026-09-27T13:54:37.858089Z Normal Started Started container app
2026-09-27T13:54:41.858089Z Normal Created Created container proxy
2026-09-27T13:54:44.858089Z Normal AddedInterface Add eth0 [10.181.105.178] from eni eni-ae9e0085117a
2026-09-27T13:54:48.858089Z Warning BackOff Back-off restarting failed container app in pod default/api-e055b1
2026-09-27T13:54:51.858089Z Normal LeaderElection auth-api-59b4e4 became leader
2026-09-27T13:54:55.858089Z Warning DNSConfigForming Nameserver limits were exceeded, some nameservers have been omitted, the applied nameserver line is: 10.97.66.32 10.170.74.151 10.130.55.128 10.220.56.29 10.49.157.132
2026-09-27T13:54:59.858089Z Normal Created Created container proxy
2026-09-27T13:55:02.858089Z Normal Started Started container app
2026-09-27T13:55:06.858089Z Normal LeaderElection web-ea27f9 became leader
2026-09-27T13:55:09.858089Z Normal LeaderElection aws-node-93e2e1 became leader
2026-09-27T13:55:13.858089Z Normal Scheduled Successfully assigned auth/auth-api-c7bf6f to ip-10-0-5-40.ec2.internal
2026-09-27T13:55:17.858089Z Normal ScalingReplicaSet Scaled up replica set oauth-585331ce to 5 from 1
2026-09-27T13:55:20.858089Z Normal ScalingReplicaSet Scaled up replica set coredns-797f119e to 6 from 0
2026-09-27T13:55:24.858089Z Normal ScalingReplicaSet Scaled up replica set loki-b9556443 to 3 from 2
2026-09-27T13:55:27.858089Z Normal SuccessfulCreate Created pod: pay-worker-91f991
2026-09-27T13:55:31.858089Z Normal Synced Successfully synced oauth-5cc56d
2026-09-27T13:55:35.858089Z Normal Synced Successfully synced prometheus-8020b6
2026-09-27T13:55:38.858089Z Normal Started Started container agent
2026-09-27T13:55:42.858089Z Normal SuccessfulCreate Created pod: prometheus-3da620
2026-09-27T13:55:45.858089Z Normal Created Created container proxy
2026-09-27T13:55:49.858089Z Normal Synced Successfully synced pay-api-cb3708
2026-09-27T13:55:53.858089Z Warning FailedScheduling 0/6 nodes are available: node(s) had taint {node.kubernetes.io/not-ready: }
2026-09-27T13:55:56.858089Z Normal Created Created container agent
2026-09-27T13:56:00.858089Z Normal Started Started container app
2026-09-27T13:56:03.858089Z Normal Pulled Container image "ghcr.io/company/auth-api:1.9.0" already present on machine
2026-09-27T13:56:07.858089Z Normal AddedInterface Add eth0 [10.249.20.125] from eni eni-d6ae02975973
2026-09-27T13:56:11.858089Z Normal Synced Successfully synced web-c5803f
2026-09-27T13:56:14.858089Z Normal Created Created container proxy
2026-09-27T13:56:18.858089Z Normal AddedInterface Add eth0 [10.105.228.18] from eni eni-71eb16a38b7c
2026-09-27T13:56:21.858089Z Normal SuccessfulCreate Created pod: web-80ec7d
2026-09-27T13:56:25.858089Z Normal Started Started container proxy
2026-09-27T13:56:29.858089Z Normal Synced Successfully synced metrics-server-0167ea
2026-09-27T13:56:32.858089Z Normal SuccessfulCreate Created pod: auth-api-c33855
2026-09-27T13:56:36.858089Z Normal Started Started container proxy
2026-09-27T13:56:39.858089Z Normal Started Started container app
2026-09-27T13:56:43.858089Z Normal Scheduled Successfully assigned ingress-nginx/ingress-nginx-controller-6a2ae6 to ip-10-0-3-10.ec2.internal
2026-09-27T13:56:47.858089Z Warning FailedScheduling 0/5 nodes are available: Insufficient cpu
2026-09-27T13:56:50.858089Z Normal ScalingReplicaSet Scaled up replica set loki-78888ef6 to 5 from 1
2026-09-27T13:56:54.858089Z Normal Created Created container sidecar
2026-09-27T13:56:57.858089Z Warning OOMKilled Container agent in pod kube-system/aws-node-a0bb01 was killed due to OOM
2026-09-27T13:57:01.858089Z Normal Scheduled Successfully assigned auth/auth-api-c38adf to ip-10-0-2-10.ec2.internal
2026-09-27T13:57:05.858089Z Normal ScalingReplicaSet Scaled up replica set frontend-b1dd2f29 to 6 from 2
2026-09-27T13:57:08.858089Z Warning FailedCreate Error creating: pods "grafana-ee315b" is forbidden: error looking up service account observability/default: serviceaccount "default" not found
2026-09-27T13:57:12.858089Z Normal ScalingReplicaSet Scaled up replica set pay-worker-fecca58e to 3 from 0
2026-09-27T13:57:15.858089Z Normal Started Started container agent
2026-09-27T13:57:19.858089Z Normal Started Started container sidecar
2026-09-27T13:57:23.858089Z Normal Synced Successfully synced prometheus-fbe7df
2026-09-27T13:57:26.858089Z Normal Created Created container app
2026-09-27T13:57:30.858089Z Normal AddedInterface Add eth0 [10.238.252.86] from eni eni-67b2011062f0
2026-09-27T13:57:33.858089Z Normal SuccessfulCreate Created pod: ingress-nginx-controller-6ff711
2026-09-27T13:57:37.858089Z Normal Started Started container proxy
2026-09-27T13:57:41.858089Z Normal Scheduled Successfully assigned auth/oauth-c9ce32 to ip-10-0-1-20.ec2.internal
2026-09-27T13:57:44.858089Z Normal Scheduled Successfully assigned ingress-nginx/ingress-nginx-controller-3910ed to ip-10-0-1-30.ec2.internal
2026-09-27T13:57:48.858089Z Normal Started Started container sidecar
2026-09-27T13:57:51.858089Z Normal LeaderElection aws-node-b32379 became leader
2026-09-27T13:57:55.858089Z Normal Created Created container app
2026-09-27T13:57:59.858089Z Normal Pulled Container image "ghcr.io/company/auth-api:1.9.0" already present on machine
2026-09-27T13:58:02.858089Z Normal Created Created container proxy
2026-09-27T13:58:06.858089Z Normal LeaderElection kube-proxy-3f34ae became leader
2026-09-27T13:58:09.858089Z Normal AddedInterface Add eth0 [10.81.132.221] from eni eni-11fb57baf898
2026-09-27T13:58:13.858089Z Normal Started Started container sidecar
2026-09-27T13:58:17.858089Z Normal AddedInterface Add eth0 [10.93.199.107] from eni eni-5e404ce190f0
2026-09-27T13:58:20.858089Z Warning TLSHandshakeTimeout net/http: TLS handshake timeout
2026-09-27T13:58:24.858089Z Normal Started Started container app
2026-09-27T13:58:27.858089Z Normal LeaderElection ingress-nginx-controller-3e5600 became leader
2026-09-27T13:58:31.858089Z Normal AddedInterface Add eth0 [10.158.15.174] from eni eni-7caf5d3630ea
2026-09-27T13:58:35.858089Z Normal AddedInterface Add eth0 [10.213.38.171] from eni eni-ae550e5a5caf
2026-09-27T13:58:38.858089Z Normal SuccessfulCreate Created pod: auth-api-4b9300
2026-09-27T13:58:42.858089Z Normal Created Created container agent
2026-09-27T13:58:45.858089Z Normal LeaderElection aws-node-3e4bcb became leader
2026-09-27T13:58:49.858089Z Normal Pulled Container image "public.ecr.aws/eks/aws-node:v1.14.1" already present on machine
2026-09-27T13:58:53.858089Z Normal LeaderElection oauth-6dbd14 became leader
2026-09-27T13:58:56.858089Z Normal Synced Successfully synced grafana-03d71f
2026-09-27T13:59:00.858089Z Normal Pulled Container image "ghcr.io/company/pay-api:2.3.1" already present on machine
2026-09-27T13:59:03.858089Z Normal AddedInterface Add eth0 [10.27.210.240] from eni eni-762b1bcd6845
2026-09-27T13:59:07.858089Z Normal LeaderElection pay-worker-e73cd0 became leader
2026-09-27T13:59:11.858089Z Normal ScalingReplicaSet Scaled up replica set pay-worker-c84cdfaa to 2 from 1
2026-09-27T13:59:14.858089Z Normal SuccessfulCreate Created pod: metrics-server-738906
2026-09-27T13:59:18.858089Z Normal SuccessfulCreate Created pod: pay-api-5661e0
2026-09-27T13:59:21.858089Z Normal Scheduled Successfully assigned kube-system/coredns-09fe3a to ip-10-0-2-10.ec2.internal
2026-09-27T13:59:25.858089Z Normal ScalingReplicaSet Scaled up replica set pay-api-68eb4128 to 6 from 0
2026-09-27T13:59:29.858089Z Normal Started Started container sidecar
2026-09-27T13:59:32.858089Z Normal Pulled Container image "ghcr.io/company/pay-api:2.3.1" already present on machine
2026-09-27T13:59:36.858089Z Normal ScalingReplicaSet Scaled up replica set ingress-nginx-controller-8ef7f6be to 4 from 0
2026-09-27T13:59:39.858089Z Normal Created Created container agent
2026-09-27T13:59:43.858089Z Normal Pulled Container image "public.ecr.aws/eks/aws-node:v1.14.1" already present on machine
2026-09-27T13:59:47.858089Z Normal Started Started container app
2026-09-27T13:59:50.858089Z Normal Started Started container proxy
2026-09-27T13:59:54.858089Z Normal Started Started container app
2026-09-27T13:59:57.858089Z Normal Synced Successfully synced ingress-nginx-controller-3d527b
2026-09-27T14:00:01.858089Z Normal LeaderElection oauth-7e74f0 became leader
2026-09-27T14:00:05.858089Z Normal Started Started container sidecar
2026-09-27T14:00:08.858089Z Warning TLSHandshakeTimeout net/http: TLS handshake timeout
2026-09-27T14:00:12.858089Z Normal SuccessfulCreate Created pod: oauth-4c4a0b
2026-09-27T14:00:15.858089Z Normal LeaderElection pay-api-cfa8c1 became leader
2026-09-27T14:00:19.858089Z Normal Started Started container agent
2026-09-27T14:00:23.858089Z Normal ScalingReplicaSet Scaled up replica set oauth-579b6f71 to 6 from 2
2026-09-27T14:00:26.858089Z Normal Created Created container proxy
2026-09-27T14:00:30.858089Z Normal Synced Successfully synced ingress-nginx-controller-a09f22
2026-09-27T14:00:33.858089Z Normal Started Started container agent
2026-09-27T14:00:37.858089Z Normal Scheduled Successfully assigned observability/prometheus-82b26e to ip-10-0-3-40.ec2.internal
2026-09-27T14:00:41.858089Z Normal Started Started container sidecar
2026-09-27T14:00:44.858089Z Normal Scheduled Successfully assigned kube-system/coredns-70ad28 to ip-10-0-2-50.ec2.internal
2026-09-27T14:00:48.858089Z Normal ScalingReplicaSet Scaled up replica set pay-worker-f07272a4 to 3 from 2
2026-09-27T14:00:51.858089Z Normal LeaderElection ingress-nginx-controller-4d051c became leader
2026-09-27T14:00:55.858089Z Normal LeaderElection frontend-e280d6 became leader
2026-09-27T14:00:59.858089Z Normal Scheduled Successfully assigned auth/oauth-c12f8a to ip-10-0-1-10.ec2.internal
2026-09-27T14:01:02.858089Z Normal ScalingReplicaSet Scaled up replica set ingress-nginx-controller-2356373d to 2 from 2
2026-09-27T14:01:06.858089Z Normal SuccessfulCreate Created pod: coredns-ba9349
2026-09-27T14:01:09.858089Z Normal Scheduled Successfully assigned auth/auth-api-423b7a to ip-10-0-5-30.ec2.internal
2026-09-27T14:01:13.858089Z Normal Started Started container agent
2026-09-27T14:01:17.858089Z Normal Scheduled Successfully assigned kube-system/kube-proxy-30ba48 to ip-10-0-5-40.ec2.internal
2026-09-27T14:01:20.858089Z Normal SuccessfulCreate Created pod: prometheus-98b867
2026-09-27T14:01:24.858089Z Normal Started Started container sidecar
2026-09-27T14:01:27.858089Z Normal Pulled Container image "ghcr.io/company/auth-api:1.9.0" already present on machine
2026-09-27T14:01:31.858089Z Warning Unhealthy Readiness probe failed: Get "http://10.96.84.247:443/health": dial tcp 10.96.84.247:443: i/o timeout
2026-09-27T14:01:35.858089Z Normal Started Started container proxy
2026-09-27T14:01:38.858089Z Normal Started Started container proxy
2026-09-27T14:01:42.858089Z Normal SuccessfulCreate Created pod: loki-f28b07
2026-09-27T14:01:45.858089Z Normal LeaderElection auth-api-4b1561 became leader
2026-09-27T14:01:49.858089Z Normal AddedInterface Add eth0 [10.196.246.58] from eni eni-c7990e3eece4
2026-09-27T14:01:53.858089Z Normal LeaderElection pay-worker-91e527 became leader
2026-09-27T14:01:56.858089Z Warning BackOff Back-off restarting failed container agent in pod auth/auth-api-b549a5
2026-09-27T14:02:00.858089Z Normal AddedInterface Add eth0 [10.168.27.35] from eni eni-6ed9992d202b
2026-09-27T14:02:03.858089Z Normal Synced Successfully synced web-091923
2026-09-27T14:02:07.858089Z Normal Pulled Container image "python:3.11-slim" already present on machine
2026-09-27T14:02:11.858089Z Normal Created Created container app
2026-09-27T14:02:14.858089Z Normal LeaderElection pay-worker-53168f became leader
2026-09-27T14:02:18.858089Z Normal ScalingReplicaSet Scaled up replica set aws-node-95da7608 to 5 from 0
2026-09-27T14:02:21.858089Z Warning ImagePullBackOff Back-off pulling image "ghcr.io/company/auth-api:1.9.0"
2026-09-27T14:02:25.858089Z Normal Scheduled Successfully assigned payments/pay-worker-2aebf7 to ip-10-0-4-10.ec2.internal
2026-09-27T14:02:29.858089Z Normal Pulled Container image "registry.k8s.io/coredns/coredns:v1.11.1" already present on machine
2026-09-27T14:02:32.858089Z Warning DNSConfigForming Nameserver limits were exceeded, some nameservers have been omitted, the applied nameserver line is: 10.217.134.97 10.255.182.12 10.24.153.177 10.203.208.215 10.3.199.57
2026-09-27T14:02:36.858089Z Normal Created Created container agent
2026-09-27T14:02:39.858089Z Normal Created Created container agent
2026-09-27T14:02:43.858089Z Normal Pulled Container image "ghcr.io/company/auth-api:1.9.0" already present on machine
2026-09-27T14:02:47.858089Z Normal ScalingReplicaSet Scaled up replica set pay-worker-a995b566 to 4 from 1
2026-09-27T14:02:50.858089Z Normal Pulled Container image "python:3.11-slim" already present on machine
2026-09-27T14:02:54.858089Z Warning BackOff Back-off restarting failed container agent in pod observability/prometheus-38b401
2026-09-27T14:02:57.858089Z Normal LeaderElection auth-api-5792b6 became leader
2026-09-27T14:03:01.858089Z Normal AddedInterface Add eth0 [10.14.185.158] from eni eni-3303e4a9beb6
2026-09-27T14:03:05.858089Z Normal AddedInterface Add eth0 [10.45.8.184] from eni eni-61fdaf737903
2026-09-27T14:03:08.858089Z Normal Created Created container proxy
2026-09-27T14:03:12.858089Z Normal Synced Successfully synced worker-f54aad
2026-09-27T14:03:15.858089Z Normal Pulled Container image "ghcr.io/company/auth-api:1.9.0" already present on machine
2026-09-27T14:03:19.858089Z Normal ScalingReplicaSet Scaled up replica set api-aeb32294 to 6 from 1
2026-09-27T14:03:23.858089Z Normal LeaderElection auth-api-e07754 became leader
2026-09-27T14:03:26.858089Z Normal Created Created container agent
2026-09-27T14:03:30.858089Z Normal Scheduled Successfully assigned default/web-36b747 to ip-10-0-1-10.ec2.internal
2026-09-27T14:03:33.858089Z Normal SuccessfulCreate Created pod: loki-4a827c
2026-09-27T14:03:37.858089Z Normal Pulled Container image "python:3.11-slim" already present on machine
2026-09-27T14:03:41.858089Z Normal Pulled Container image "ghcr.io/company/auth-api:1.9.0" already present on machine
2026-09-27T14:03:44.858089Z Normal Created Created container agent
2026-09-27T14:03:48.858089Z Normal LeaderElection ingress-nginx-controller-dd0fbc became leader
2026-09-27T14:03:51.858089Z Normal Scheduled Successfully assigned ingress-nginx/ingress-nginx-controller-0cc15e to ip-10-0-5-50.ec2.internal
2026-09-27T14:03:55.858089Z Normal Synced Successfully synced coredns-d6db9e
2026-09-27T14:03:59.858089Z Normal ScalingReplicaSet Scaled up replica set frontend-7b3c4d08 to 6 from 2
2026-09-27T14:04:02.858089Z Normal Synced Successfully synced web-377f77
2026-09-27T14:04:06.858089Z Normal Scheduled Successfully assigned default/api-da2799 to ip-10-0-5-10.ec2.internal
2026-09-27T14:04:09.858089Z Normal Started Started container proxy
2026-09-27T14:04:13.858089Z Normal ScalingReplicaSet Scaled up replica set auth-api-97be32b4 to 3 from 2
2026-09-27T14:04:17.858089Z Normal LeaderElection ingress-nginx-controller-bcadac became leader
2026-09-27T14:04:20.858089Z Normal Synced Successfully synced ingress-nginx-controller-b83dba
2026-09-27T14:04:24.858089Z Normal Started Started container agent
2026-09-27T14:04:27.858089Z Warning OOMKilled Container sidecar in pod ingress-nginx/ingress-nginx-controller-e62f83 was killed due to OOM
2026-09-27T14:04:31.858089Z Normal LeaderElection coredns-729b86 became leader
2026-09-27T14:04:35.858089Z Normal ScalingReplicaSet Scaled up replica set grafana-b1a9f075 to 3 from 1
2026-09-27T14:04:38.858089Z Normal Pulled Container image "public.ecr.aws/eks/aws-node:v1.14.1" already present on machine
2026-09-27T14:04:42.858089Z Normal Synced Successfully synced prometheus-d9ce7b
2026-09-27T14:04:45.858089Z Normal Synced Successfully synced auth-api-3d03bb
2026-09-27T14:04:49.858089Z Normal AddedInterface Add eth0 [10.84.162.249] from eni eni-8041f62110de
2026-09-27T14:04:53.858089Z Normal Scheduled Successfully assigned default/api-b3b00d to ip-10-0-2-50.ec2.internal
2026-09-27T14:04:56.858089Z Normal Started Started container sidecar
2026-09-27T14:05:00.858089Z Normal AddedInterface Add eth0 [10.190.81.25] from eni eni-b9b6b0a72349
2026-09-27T14:05:03.858089Z Normal SuccessfulCreate Created pod: pay-worker-739376
2026-09-27T14:05:07.858089Z Normal SuccessfulCreate Created pod: ingress-nginx-controller-763b46
2026-09-27T14:05:11.858089Z Normal ScalingReplicaSet Scaled up replica set frontend-65eb7f20 to 4 from 0
2026-09-27T14:05:14.858089Z Normal Scheduled Successfully assigned observability/prometheus-89e99d to ip-10-0-2-20.ec2.internal
2026-09-27T14:05:18.858089Z Normal Pulled Container image "python:3.11-slim" already present on machine
2026-09-27T14:05:21.858089Z Normal Created Created container sidecar
2026-09-27T14:05:25.858089Z Normal AddedInterface Add eth0 [10.60.69.22] from eni eni-14ef509fd2cd
2026-09-27T14:05:29.858089Z Normal SuccessfulCreate Created pod: auth-api-55e794
2026-09-27T14:05:32.858089Z Normal Synced Successfully synced coredns-29dd7c
2026-09-27T14:05:36.858089Z Normal Scheduled Successfully assigned auth/oauth-076afc to ip-10-0-1-40.ec2.internal
2026-09-27T14:05:39.858089Z Normal Created Created container sidecar
2026-09-27T14:05:43.858089Z Warning Unhealthy Readiness probe failed: Get "http://10.47.12.252:80/health": dial tcp 10.47.12.252:80: i/o timeout
2026-09-27T14:05:47.858089Z Normal Started Started container sidecar
2026-09-27T14:05:50.858089Z Warning Unhealthy Readiness probe failed: Get "http://10.16.105.245:80/health": dial tcp 10.16.105.245:80: i/o timeout
2026-09-27T14:05:54.858089Z Normal ScalingReplicaSet Scaled up replica set ingress-nginx-controller-0d02c912 to 6 from 0
2026-09-27T14:05:57.858089Z Normal SuccessfulCreate Created pod: metrics-server-082934
2026-09-27T14:06:01.858089Z Normal Synced Successfully synced pay-worker-0f8bd7
2026-09-27T14:06:05.858089Z Normal ScalingReplicaSet Scaled up replica set grafana-51a5093c to 6 from 1
2026-09-27T14:06:08.858089Z Normal Pulled Container image "busybox:1.36" already present on machine
2026-09-27T14:06:12.858089Z Normal Pulled Container image "public.ecr.aws/eks/aws-node:v1.14.1" already present on machine
2026-09-27T14:06:15.858089Z Normal Created Created container agent
2026-09-27T14:06:19.858089Z Normal Scheduled Successfully assigned default/worker-b953d7 to ip-10-0-1-10.ec2.internal
2026-09-27T14:06:23.858089Z Normal AddedInterface Add eth0 [10.114.218.67] from eni eni-d48944798d28
2026-09-27T14:06:26.858089Z Normal Scheduled Successfully assigned auth/oauth-3c1b10 to ip-10-0-4-40.ec2.internal
2026-09-27T14:06:30.858089Z Warning FailedCreate Error creating: pods "pay-api-727815" is forbidden: error looking up service account payments/default: serviceaccount "default" not found
2026-09-27T14:06:33.858089Z Normal Synced Successfully synced aws-node-5bd501
2026-09-27T14:06:37.858089Z Normal AddedInterface Add eth0 [10.197.97.82] from eni eni-d9773160c524
2026-09-27T14:06:41.858089Z Normal Started Started container sidecar
2026-09-27T14:06:44.858089Z Warning BackOff Back-off restarting failed container agent in pod observability/grafana-cd7472
2026-09-27T14:06:48.858089Z Normal AddedInterface Add eth0 [10.135.210.214] from eni eni-96551dd2176c
2026-09-27T14:06:51.858089Z Normal Created Created container sidecar
2026-09-27T14:06:55.858089Z Warning DiskPressure Node ip-10-0-1-30.ec2.internal status is now: NodeHasDiskPressure
2026-09-27T14:06:59.858089Z Normal Created Created container app
2026-09-27T14:07:02.858089Z Normal Pulled Container image "ghcr.io/company/auth-api:1.9.0" already present on machine
2026-09-27T14:07:06.858089Z Normal LeaderElection ingress-nginx-controller-e4c219 became leader
2026-09-27T14:07:09.858089Z Normal Created Created container app
2026-09-27T14:07:13.858089Z Normal ScalingReplicaSet Scaled up replica set ingress-nginx-controller-3f40cf58 to 6 from 2
2026-09-27T14:07:17.858089Z Warning TLSHandshakeTimeout net/http: TLS handshake timeout
2026-09-27T14:07:20.858089Z Warning OOMKilled Container app in pod observability/grafana-6e1a0e was killed due to OOM
2026-09-27T14:07:24.858089Z Normal Created Created container app
2026-09-27T14:07:27.858089Z Normal Synced Successfully synced frontend-95d147
2026-09-27T14:07:31.858089Z Normal LeaderElection pay-api-880bb2 became leader
2026-09-27T14:07:35.858089Z Normal Pulled Container image "nginx:1.25" already present on machine
2026-09-27T14:07:38.858089Z Normal SuccessfulCreate Created pod: ingress-nginx-controller-092f53
2026-09-27T14:07:42.858089Z Normal Synced Successfully synced grafana-0cc61f
2026-09-27T14:07:45.858089Z Normal LeaderElection auth-api-c63669 became leader
2026-09-27T14:07:49.858089Z Normal SuccessfulCreate Created pod: loki-8f80e2
2026-09-27T14:07:53.858089Z Normal Started Started container sidecar
2026-09-27T14:07:56.858089Z Normal ScalingReplicaSet Scaled up replica set loki-9ebae3a7 to 3 from 0
2026-09-27T14:08:00.858089Z Normal SuccessfulCreate Created pod: grafana-e31a23
2026-09-27T14:08:03.858089Z Normal Pulled Container image "nginx:1.25" already present on machine
2026-09-27T14:08:07.858089Z Normal Pulled Container image "nginx:1.25" already present on machine
2026-09-27T14:08:11.858089Z Normal SuccessfulCreate Created pod: auth-api-84de58
2026-09-27T14:08:14.858089Z Normal Synced Successfully synced web-115dbe
2026-09-27T14:08:18.858089Z Warning MemPressure Node ip-10-0-5-40.ec2.internal status is now: NodeHasMemoryPressure
2026-09-27T14:08:21.858089Z Normal LeaderElection pay-worker-dfc831 became leader
2026-09-27T14:08:25.858089Z Normal Started Started container app
2026-09-27T14:08:29.858089Z Normal Started Started container app
2026-09-27T14:08:32.858089Z Normal AddedInterface Add eth0 [10.144.101.130] from eni eni-9ae8616a2f6c
2026-09-27T14:08:36.858089Z Normal SuccessfulCreate Created pod: pay-worker-d28a85
2026-09-27T14:08:39.858089Z Normal Synced Successfully synced kube-proxy-e91323
2026-09-27T14:08:43.858089Z Normal Scheduled Successfully assigned auth/auth-api-6340a1 to ip-10-0-2-10.ec2.internal
2026-09-27T14:08:47.858089Z Normal ScalingReplicaSet Scaled up replica set loki-8be5ccdc to 3 from 2
2026-09-27T14:08:50.858089Z Normal LeaderElection ingress-nginx-controller-32cde5 became leader
2026-09-27T14:08:54.858089Z Normal ScalingReplicaSet Scaled up replica set aws-node-ad66acc3 to 3 from 2
2026-09-27T14:08:57.858089Z Normal Started Started container agent
2026-09-27T14:09:01.858089Z Normal Pulled Container image "busybox:1.36" already present on machine
2026-09-27T14:09:05.858089Z Normal SuccessfulCreate Created pod: prometheus-f0aec6
2026-09-27T14:09:08.858089Z Normal AddedInterface Add eth0 [10.219.158.80] from eni eni-d8d1266e18b2
2026-09-27T14:09:12.858089Z Normal ScalingReplicaSet Scaled up replica set pay-api-5e386fe7 to 4 from 2
2026-09-27T14:09:15.858089Z Normal Started Started container sidecar
2026-09-27T14:09:19.858089Z Normal Created Created container sidecar
2026-09-27T14:09:23.858089Z Normal ScalingReplicaSet Scaled up replica set prometheus-6d9745f8 to 2 from 1
2026-09-27T14:09:26.858089Z Normal SuccessfulCreate Created pod: pay-api-d1391c
2026-09-27T14:09:30.858089Z Normal AddedInterface Add eth0 [10.50.42.23] from eni eni-00514981ee0f
2026-09-27T14:09:33.858089Z Normal LeaderElection api-4678c2 became leader
2026-09-27T14:09:37.858089Z Normal ScalingReplicaSet Scaled up replica set kube-proxy-aba78a9d to 5 from 0
2026-09-27T14:09:41.858089Z Normal ScalingReplicaSet Scaled up replica set coredns-63532042 to 4 from 1
2026-09-27T14:09:44.858089Z Normal Synced Successfully synced coredns-c5e084
2026-09-27T14:09:48.858089Z Normal Created Created container agent
2026-09-27T14:09:51.858089Z Normal Scheduled Successfully assigned kube-system/metrics-server-0693ff to ip-10-0-2-20.ec2.internal
2026-09-27T14:09:55.858089Z Normal ScalingReplicaSet Scaled up replica set kube-proxy-2b9d5e2d to 2 from 2
2026-09-27T14:09:59.858089Z Normal Started Started container proxy
2026-09-27T14:10:02.858089Z Warning TLSHandshakeTimeout net/http: TLS handshake timeout
2026-09-27T14:10:06.858089Z Normal AddedInterface Add eth0 [10.110.74.123] from eni eni-b224f519798f
2026-09-27T14:10:09.858089Z Warning DNSConfigForming Nameserver limits were exceeded, some nameservers have been omitted, the applied nameserver line is: 10.37.238.189 10.185.233.108 10.4.52.131 10.16.220.183 10.225.163.192
2026-09-27T14:10:13.858089Z Normal LeaderElection kube-proxy-46c07b became leader
2026-09-27T14:10:17.858089Z Normal Started Started container proxy
2026-09-27T14:10:20.858089Z Normal Started Started container proxy
2026-09-27T14:10:24.858089Z Normal ScalingReplicaSet Scaled up replica set ingress-nginx-controller-927bdb50 to 2 from 1
2026-09-27T14:10:27.858089Z Normal AddedInterface Add eth0 [10.48.168.65] from eni eni-f2778a0233de
2026-09-27T14:10:31.858089Z Normal Scheduled Successfully assigned kube-system/kube-proxy-5122b4 to ip-10-0-1-40.ec2.internal
2026-09-27T14:10:35.858089Z Normal ScalingReplicaSet Scaled up replica set oauth-635cfa2d to 4 from 2
2026-09-27T14:10:38.858089Z Normal Created Created container app
2026-09-27T14:10:42.858089Z Normal ScalingReplicaSet Scaled up replica set oauth-f154311d to 2 from 0
2026-09-27T14:10:45.858089Z Normal LeaderElection loki-f483ad became leader
2026-09-27T14:10:49.858089Z Normal Started Started container proxy
2026-09-27T14:10:53.858089Z Normal Created Created container app
2026-09-27T14:10:56.858089Z Normal Synced Successfully synced ingress-nginx-controller-d10420
2026-09-27T14:11:00.858089Z Normal Scheduled Successfully assigned auth/auth-api-0863bb to ip-10-0-2-20.ec2.internal
2026-09-27T14:11:03.858089Z Normal SuccessfulCreate Created pod: metrics-server-b8a0c0
2026-09-27T14:11:07.858089Z Normal Scheduled Successfully assigned ingress-nginx/ingress-nginx-controller-3bcdf8 to ip-10-0-3-10.ec2.internal
2026-09-27T14:11:11.858089Z Normal AddedInterface Add eth0 [10.144.223.180] from eni eni-44dab76149b8
2026-09-27T14:11:14.858089Z Normal ScalingReplicaSet Scaled up replica set oauth-5270b876 to 5 from 2
2026-09-27T14:11:18.858089Z Normal Scheduled Successfully assigned auth/oauth-c01548 to ip-10-0-1-30.ec2.internal
2026-09-27T14:11:21.858089Z Normal AddedInterface Add eth0 [10.10.104.243] from eni eni-ea90ae6bbab2
2026-09-27T14:11:25.858089Z Normal ScalingReplicaSet Scaled up replica set oauth-9ca1c536 to 2 from 2
2026-09-27T14:11:29.858089Z Warning FailedMount Unable to attach or mount volumes: timed out waiting for the condition
2026-09-27T14:11:32.858089Z Normal Started Started container agent
2026-09-27T14:11:36.858089Z Normal Started Started container app
2026-09-27T14:11:39.858089Z Normal AddedInterface Add eth0 [10.116.61.89] from eni eni-3d3f7980e27b
2026-09-27T14:11:43.858089Z Warning TLSHandshakeTimeout net/http: TLS handshake timeout
2026-09-27T14:11:47.858089Z Normal Synced Successfully synced aws-node-d7e851
2026-09-27T14:11:50.858089Z Normal SuccessfulCreate Created pod: oauth-2290c4
2026-09-27T14:11:54.858089Z Normal AddedInterface Add eth0 [10.53.253.35] from eni eni-d960d29dd51d
2026-09-27T14:11:57.858089Z Normal LeaderElection ingress-nginx-controller-73382b became leader
2026-09-27T14:12:01.858089Z Normal LeaderElection aws-node-1531e0 became leader
2026-09-27T14:12:05.858089Z Warning Unhealthy Readiness probe failed: Get "http://10.47.141.90:9090/health": dial tcp 10.47.141.90:9090: i/o timeout
2026-09-27T14:12:08.858089Z Normal Scheduled Successfully assigned ingress-nginx/ingress-nginx-controller-41fa97 to ip-10-0-4-10.ec2.internal
2026-09-27T14:12:12.858089Z Normal AddedInterface Add eth0 [10.82.141.79] from eni eni-316bbdf8a500
2026-09-27T14:12:15.858089Z Normal ScalingReplicaSet Scaled up replica set web-bb40ea1c to 6 from 1
2026-09-27T14:12:19.858089Z Normal Started Started container proxy
2026-09-27T14:12:23.858089Z Normal ScalingReplicaSet Scaled up replica set aws-node-b7e23622 to 5 from 2
2026-09-27T14:12:26.858089Z Normal SuccessfulCreate Created pod: grafana-3d26b2
2026-09-27T14:12:30.858089Z Normal ScalingReplicaSet Scaled up replica set coredns-0b393ddb to 2 from 1
2026-09-27T14:12:33.858089Z Normal Scheduled Successfully assigned default/api-62a52c to ip-10-0-2-10.ec2.internal
2026-09-27T14:12:37.858089Z Normal LeaderElection grafana-1110bb became leader
2026-09-27T14:12:41.858089Z Normal AddedInterface Add eth0 [10.1.103.251] from eni eni-1c88ed0f6c4d
2026-09-27T14:12:44.858089Z Normal Started Started container sidecar
2026-09-27T14:12:48.858089Z Normal AddedInterface Add eth0 [10.114.103.63] from eni eni-dc457ca39e4d
2026-09-27T14:12:51.858089Z Normal Started Started container proxy
2026-09-27T14:12:55.858089Z Normal Started Started container agent
2026-09-27T14:12:59.858089Z Normal LeaderElection pay-api-42dd42 became leader
2026-09-27T14:13:02.858089Z Normal Created Created container sidecar
2026-09-27T14:13:06.858089Z Normal Synced Successfully synced ingress-nginx-controller-ff95d2
2026-09-27T14:13:09.858089Z Normal LeaderElection pay-api-1ae1b0 became leader
2026-09-27T14:13:13.858089Z Normal Created Created container app
2026-09-27T14:13:17.858089Z Normal LeaderElection pay-api-cde17f became leader
2026-09-27T14:13:20.858089Z Normal SuccessfulCreate Created pod: oauth-d011c0
2026-09-27T14:13:24.858089Z Normal ScalingReplicaSet Scaled up replica set kube-proxy-481279db to 5 from 0
2026-09-27T14:13:27.858089Z Normal ScalingReplicaSet Scaled up replica set pay-worker-e3965910 to 6 from 0
2026-09-27T14:13:31.858089Z Normal Pulled Container image "ghcr.io/company/auth-api:1.9.0" already present on machine
2026-09-27T14:13:35.858089Z Normal Started Started container proxy
2026-09-27T14:13:38.858089Z Normal Created Created container proxy
2026-09-27T14:13:42.858089Z Normal Scheduled Successfully assigned ingress-nginx/ingress-nginx-controller-03edef to ip-10-0-2-50.ec2.internal
2026-09-27T14:13:45.858089Z Normal Synced Successfully synced pay-api-f53736
2026-09-27T14:13:49.858089Z Normal LeaderElection auth-api-9340a8 became leader
2026-09-27T14:13:53.858089Z Warning Unhealthy Readiness probe failed: Get "http://10.19.254.88:80/health": dial tcp 10.19.254.88:80: i/o timeout
2026-09-27T14:13:56.858089Z Normal Synced Successfully synced coredns-33dd3d
2026-09-27T14:14:00.858089Z Normal Scheduled Successfully assigned auth/auth-api-b54a2a to ip-10-0-2-20.ec2.internal
2026-09-27T14:14:03.858089Z Normal Started Started container proxy
2026-09-27T14:14:07.858089Z Normal Scheduled Successfully assigned ingress-nginx/ingress-nginx-controller-3cdd57 to ip-10-0-1-50.ec2.internal
2026-09-27T14:14:11.858089Z Normal AddedInterface Add eth0 [10.141.160.34] from eni eni-70142d79a4d3
2026-09-27T14:14:14.858089Z Normal AddedInterface Add eth0 [10.95.146.15] from eni eni-e42572c76cc3
2026-09-27T14:14:18.858089Z Warning FailedCreate Error creating: pods "grafana-00e575" is forbidden: error looking up service account observability/default: serviceaccount "default" not found
2026-09-27T14:14:21.858089Z Normal Synced Successfully synced auth-api-99cc3d
2026-09-27T14:14:25.858089Z Normal SuccessfulCreate Created pod: pay-worker-f4e5e5
2026-09-27T14:14:29.858089Z Normal Scheduled Successfully assigned payments/pay-api-76da92 to ip-10-0-3-20.ec2.internal
2026-09-27T14:14:32.858089Z Normal AddedInterface Add eth0 [10.28.184.8] from eni eni-1c126b03372e
2026-09-27T14:14:36.858089Z Normal Started Started container proxy
2026-09-27T14:14:39.858089Z Normal ScalingReplicaSet Scaled up replica set oauth-13eb0ce5 to 3 from 0
2026-09-27T14:14:43.858089Z Normal SuccessfulCreate Created pod: ingress-nginx-controller-effb11
2026-09-27T14:14:47.858089Z Normal Created Created container app
2026-09-27T14:14:50.858089Z Normal SuccessfulCreate Created pod: pay-api-b3a951
2026-09-27T14:14:54.858089Z Normal Created Created container app
2026-09-27T14:14:57.858089Z Normal AddedInterface Add eth0 [10.163.206.247] from eni eni-d7f193dfbe27
2026-09-27T14:15:01.858089Z Normal Started Started container app
2026-09-27T14:15:05.858089Z Normal Pulled Container image "nginx:1.25" already present on machine
2026-09-27T14:15:08.858089Z Normal Pulled Container image "busybox:1.36" already present on machine
2026-09-27T14:15:12.858089Z Warning DNSConfigForming Nameserver limits were exceeded, some nameservers have been omitted, the applied nameserver line is: 10.186.212.216 10.72.202.101 10.219.185.75 10.160.170.61 10.204.112.128
2026-09-27T14:15:15.858089Z Normal Created Created container agent
2026-09-27T14:15:19.858089Z Normal Pulled Container image "registry.k8s.io/coredns/coredns:v1.11.1" already present on machine
2026-09-27T14:15:23.858089Z Normal Scheduled Successfully assigned payments/pay-api-296729 to ip-10-0-2-50.ec2.internal
2026-09-27T14:15:26.858089Z Normal Pulled Container image "nginx:1.25" already present on machine
2026-09-27T14:15:30.858089Z Normal Started Started container agent
2026-09-27T14:15:33.858089Z Normal Created Created container app
2026-09-27T14:15:37.858089Z Normal Synced Successfully synced oauth-a2d938
2026-09-27T14:15:41.858089Z Normal LeaderElection oauth-d7ca1c became leader
2026-09-27T14:15:44.858089Z Normal Started Started container agent
2026-09-27T14:15:48.858089Z Normal Created Created container app
2026-09-27T14:15:51.858089Z Normal Pulled Container image "python:3.11-slim" already present on machine
2026-09-27T14:15:55.858089Z Normal ScalingReplicaSet Scaled up replica set ingress-nginx-controller-025cde67 to 3 from 0
2026-09-27T14:15:59.858089Z Normal ScalingReplicaSet Scaled up replica set worker-70863cb6 to 5 from 0
2026-09-27T14:16:02.858089Z Normal AddedInterface Add eth0 [10.45.103.69] from eni eni-976f18744925
2026-09-27T14:16:06.858089Z Normal SuccessfulCreate Created pod: auth-api-ef623d
2026-09-27T14:16:09.858089Z Normal Started Started container app
2026-09-27T14:16:13.858089Z Normal AddedInterface Add eth0 [10.39.25.137] from eni eni-b68e19cc414d
2026-09-27T14:16:17.858089Z Normal Scheduled Successfully assigned payments/pay-worker-8f902f to ip-10-0-4-20.ec2.internal
2026-09-27T14:16:20.858089Z Warning BackOff Back-off restarting failed container agent in pod default/frontend-096783
2026-09-27T14:16:24.858089Z Normal ScalingReplicaSet Scaled up replica set aws-node-5c9057dc to 2 from 1
2026-09-27T14:16:27.858089Z Normal Started Started container proxy
2026-09-27T14:16:31.858089Z Normal Synced Successfully synced metrics-server-55ecdc
2026-09-27T14:16:35.858089Z Warning Unhealthy Readiness probe failed: Get "http://10.222.151.38:9090/health": dial tcp 10.222.151.38:9090: i/o timeout
2026-09-27T14:16:38.858089Z Normal SuccessfulCreate Created pod: api-6d2ed8
2026-09-27T14:16:42.858089Z Normal Synced Successfully synced web-199aae
2026-09-27T14:16:45.858089Z Normal SuccessfulCreate Created pod: kube-proxy-4e9cdf
2026-09-27T14:16:49.858089Z Normal AddedInterface Add eth0 [10.181.203.94] from eni eni-4c1abb8af3a2
2026-09-27T14:16:53.858089Z Normal Synced Successfully synced oauth-39ad8e
2026-09-27T14:16:56.858089Z Normal Started Started container sidecar
2026-09-27T14:17:00.858089Z Normal Synced Successfully synced worker-0fc359
2026-09-27T14:17:03.858089Z Normal SuccessfulCreate Created pod: auth-api-3922ad
2026-09-27T14:17:07.858089Z Normal Synced Successfully synced auth-api-23f860
2026-09-27T14:17:11.858089Z Normal ScalingReplicaSet Scaled up replica set grafana-54555577 to 5 from 1
2026-09-27T14:17:14.858089Z Normal Created Created container app
2026-09-27T14:17:18.858089Z Normal Started Started container agent
2026-09-27T14:17:21.858089Z Normal LeaderElection kube-proxy-0608a3 became leader
2026-09-27T14:17:25.858089Z Normal Pulled Container image "registry.k8s.io/coredns/coredns:v1.11.1" already present on machine
2026-09-27T14:17:29.858089Z Normal Pulled Container image "ghcr.io/company/auth-api:1.9.0" already present on machine
2026-09-27T14:17:32.858089Z Normal LeaderElection pay-worker-3bca1b became leader
2026-09-27T14:17:36.858089Z Normal Synced Successfully synced api-67f977
2026-09-27T14:17:39.858089Z Normal Created Created container agent
2026-09-27T14:17:43.858089Z Normal Pulled Container image "public.ecr.aws/eks/aws-node:v1.14.1" already present on machine
2026-09-27T14:17:47.858089Z Normal Pulled Container image "registry.k8s.io/coredns/coredns:v1.11.1" already present on machine
2026-09-27T14:17:50.858089Z Normal Scheduled Successfully assigned auth/oauth-2bd8b5 to ip-10-0-2-40.ec2.internal
2026-09-27T14:17:54.858089Z Normal Synced Successfully synced prometheus-7204f3
2026-09-27T14:17:57.858089Z Normal AddedInterface Add eth0 [10.66.205.105] from eni eni-85de23c7a6ee
2026-09-27T14:18:01.858089Z Warning MemPressure Node ip-10-0-2-20.ec2.internal status is now: NodeHasMemoryPressure
2026-09-27T14:18:05.858089Z Warning MemPressure Node ip-10-0-2-20.ec2.internal status is now: NodeHasMemoryPressure
2026-09-27T14:18:08.858089Z Normal Scheduled Successfully assigned ingress-nginx/ingress-nginx-controller-5f6c9c to ip-10-0-2-10.ec2.internal
2026-09-27T14:18:12.858089Z Normal SuccessfulCreate Created pod: web-c18c75
2026-09-27T14:18:15.858089Z Normal LeaderElection worker-fbfff9 became leader
2026-09-27T14:18:19.858089Z Normal SuccessfulCreate Created pod: prometheus-ba7e2c
2026-09-27T14:18:23.858089Z Normal Scheduled Successfully assigned auth/auth-api-2a5bb8 to ip-10-0-2-50.ec2.internal
2026-09-27T14:18:26.858089Z Normal ScalingReplicaSet Scaled up replica set pay-worker-746550da to 3 from 1
2026-09-27T14:18:30.858089Z Normal LeaderElection pay-api-3d8163 became leader
2026-09-27T14:18:33.858089Z Normal Synced Successfully synced prometheus-f199ce
2026-09-27T14:18:37.858089Z Warning ErrImagePull Failed to pull image "public.ecr.aws/eks/aws-node:v1.14.1": rpc error: code = Unknown desc = Error response from daemon: pull access denied
2026-09-27T14:18:41.858089Z Normal Scheduled Successfully assigned observability/loki-bb00e6 to ip-10-0-3-50.ec2.internal
2026-09-27T14:18:44.858089Z Normal LeaderElection aws-node-030792 became leader
2026-09-27T14:18:48.858089Z Normal SuccessfulCreate Created pod: prometheus-87ceb6
2026-09-27T14:18:51.858089Z Normal Started Started container proxy
2026-09-27T14:18:55.858089Z Normal ScalingReplicaSet Scaled up replica set auth-api-03306b8c to 3 from 2
2026-09-27T14:18:59.858089Z Normal SuccessfulCreate Created pod: pay-worker-e6cfca
2026-09-27T14:19:02.858089Z Normal Synced Successfully synced aws-node-c0991f
2026-09-27T14:19:06.858089Z Normal Started Started container proxy
2026-09-27T14:19:09.858089Z Normal Pulled Container image "public.ecr.aws/eks/aws-node:v1.14.1" already present on machine
2026-09-27T14:19:13.858089Z Normal Scheduled Successfully assigned default/api-2479b6 to ip-10-0-2-50.ec2.internal
2026-09-27T14:19:17.858089Z Normal ScalingReplicaSet Scaled up replica set aws-node-15c960a1 to 3 from 1
2026-09-27T14:19:20.858089Z Normal Created Created container proxy
2026-09-27T14:19:24.858089Z Normal LeaderElection ingress-nginx-controller-686a96 became leader
2026-09-27T14:19:27.858089Z Normal Started Started container sidecar
2026-09-27T14:19:31.858089Z Normal LeaderElection pay-api-24240d became leader
2026-09-27T14:19:35.858089Z Normal Pulled Container image "ghcr.io/company/auth-api:1.9.0" already present on machine
2026-09-27T14:19:38.858089Z Normal AddedInterface Add eth0 [10.167.76.102] from eni eni-98ccd31b64a3
2026-09-27T14:19:42.858089Z Normal LeaderElection oauth-43b29d became leader
2026-09-27T14:19:45.858089Z Normal Synced Successfully synced ingress-nginx-controller-76fa79
2026-09-27T14:19:49.858089Z Normal Synced Successfully synced worker-830be9
2026-09-27T14:19:53.858089Z Normal ScalingReplicaSet Scaled up replica set coredns-95602648 to 6 from 1
2026-09-27T14:19:56.858089Z Normal Scheduled Successfully assigned ingress-nginx/ingress-nginx-controller-45b4f6 to ip-10-0-5-30.ec2.internal
2026-09-27T14:20:00.858089Z Normal Started Started container sidecar
2026-09-27T14:20:03.858089Z Normal Synced Successfully synced pay-worker-8dc2e8
2026-09-27T14:20:07.858089Z Normal SuccessfulCreate Created pod: metrics-server-6677ae
2026-09-27T14:20:11.858089Z Normal Scheduled Successfully assigned observability/loki-1ffec1 to ip-10-0-3-30.ec2.internal
2026-09-27T14:20:14.858089Z Normal AddedInterface Add eth0 [10.63.224.37] from eni eni-5363480f2e3c
2026-09-27T14:20:18.858089Z Normal SuccessfulCreate Created pod: coredns-591c6c
2026-09-27T14:20:21.858089Z Warning ErrImagePull Failed to pull image "ghcr.io/company/pay-api:2.3.1": rpc error: code = Unknown desc = Error response from daemon: pull access denied
2026-09-27T14:20:25.858089Z Normal SuccessfulCreate Created pod: prometheus-b8ee82
2026-09-27T14:20:29.858089Z Normal Scheduled Successfully assigned ingress-nginx/ingress-nginx-controller-8dd325 to ip-10-0-1-40.ec2.internal
2026-09-27T14:20:32.858089Z Normal ScalingReplicaSet Scaled up replica set ingress-nginx-controller-6b63930a to 6 from 1
2026-09-27T14:20:36.858089Z Normal Synced Successfully synced worker-b3359b
2026-09-27T14:20:39.858089Z Normal Pulled Container image "ghcr.io/company/pay-api:2.3.1" already present on machine
2026-09-27T14:20:43.858089Z Normal Pulled Container image "python:3.11-slim" already present on machine
2026-09-27T14:20:47.858089Z Normal ScalingReplicaSet Scaled up replica set auth-api-bfcb2ea0 to 3 from 1
2026-09-27T14:20:50.858089Z Normal AddedInterface Add eth0 [10.7.49.201] from eni eni-cacebfb4c940
2026-09-27T14:20:54.858089Z Normal Created Created container proxy
2026-09-27T14:20:57.858089Z Normal Started Started container agent
2026-09-27T14:21:01.858089Z Warning DNSConfigForming Nameserver limits were exceeded, some nameservers have been omitted, the applied nameserver line is: 10.242.119.254 10.0.15.48 10.84.48.56 10.58.40.179 10.152.88.80
2026-09-27T14:21:05.858089Z Normal SuccessfulCreate Created pod: ingress-nginx-controller-8f06b2
2026-09-27T14:21:08.858089Z Normal LeaderElection oauth-95da2f became leader
2026-09-27T14:21:12.858089Z Normal Pulled Container image "public.ecr.aws/eks/aws-node:v1.14.1" already present on machine
2026-09-27T14:21:15.858089Z Warning FailedCreate Error creating: pods "ingress-nginx-controller-e58596" is forbidden: error looking up service account ingress-nginx/default: serviceaccount "default" not found
2026-09-27T14:21:19.858089Z Warning ErrImagePull Failed to pull image "python:3.11-slim": rpc error: code = Unknown desc = Error response from daemon: pull access denied
2026-09-27T14:21:23.858089Z Warning BackOff Back-off restarting failed container proxy in pod auth/oauth-6f07a2
2026-09-27T14:21:26.858089Z Normal LeaderElection pay-api-91715e became leader
2026-09-27T14:21:30.858089Z Normal Created Created container app
2026-09-27T14:21:33.858089Z Normal Synced Successfully synced web-8599a8
2026-09-27T14:21:37.858089Z Normal Started Started container agent
2026-09-27T14:21:41.858089Z Normal AddedInterface Add eth0 [10.213.33.130] from eni eni-c95fb0f32733
2026-09-27T14:21:44.858089Z Normal Pulled Container image "python:3.11-slim" already present on machine
2026-09-27T14:21:48.858089Z Normal LeaderElection ingress-nginx-controller-cf371a became leader
2026-09-27T14:21:51.858089Z Normal Scheduled Successfully assigned observability/loki-c0e4c7 to ip-10-0-5-20.ec2.internal
2026-09-27T14:21:55.858089Z Normal Scheduled Successfully assigned payments/pay-worker-5d5771 to ip-10-0-1-20.ec2.internal
2026-09-27T14:21:59.858089Z Normal AddedInterface Add eth0 [10.57.98.197] from eni eni-1a61d1cf05f8
2026-09-27T14:22:02.858089Z Normal Synced Successfully synced pay-api-4ecead
2026-09-27T14:22:06.858089Z Normal Pulled Container image "busybox:1.36" already present on machine
2026-09-27T14:22:09.858089Z Normal Created Created container app
2026-09-27T14:22:13.858089Z Normal SuccessfulCreate Created pod: worker-27e855
2026-09-27T14:22:17.858089Z Normal Started Started container agent
2026-09-27T14:22:20.858089Z Normal AddedInterface Add eth0 [10.86.11.26] from eni eni-594bc53cf32f
2026-09-27T14:22:24.858089Z Normal AddedInterface Add eth0 [10.8.149.100] from eni eni-d622dc3d6f48
2026-09-27T14:22:27.858089Z Normal Started Started container proxy
2026-09-27T14:22:31.858089Z Normal Started Started container agent
2026-09-27T14:22:35.858089Z Normal Started Started container agent
2026-09-27T14:22:38.858089Z Warning BackOff Back-off restarting failed container app in pod auth/auth-api-961a31
2026-09-27T14:22:42.858089Z Warning BackOff Back-off restarting failed container app in pod auth/auth-api-37323e
2026-09-27T14:22:45.858089Z Normal Synced Successfully synced api-41fe18
2026-09-27T14:22:49.858089Z Normal Started Started container proxy
2026-09-27T14:22:53.858089Z Normal Synced Successfully synced loki-6e61fb
2026-09-27T14:22:56.858089Z Normal SuccessfulCreate Created pod: pay-worker-8947a6
2026-09-27T14:23:00.858089Z Normal ScalingReplicaSet Scaled up replica set metrics-server-27f86a11 to 6 from 1
2026-09-27T14:23:03.858089Z Normal Synced Successfully synced ingress-nginx-controller-85b530
2026-09-27T14:23:07.858089Z Normal AddedInterface Add eth0 [10.185.46.103] from eni eni-2b1a7bcd7f46
2026-09-27T14:23:11.858089Z Normal AddedInterface Add eth0 [10.201.123.67] from eni eni-ce602ba2f584
2026-09-27T14:23:14.858089Z Normal Scheduled Successfully assigned payments/pay-worker-d01ba1 to ip-10-0-2-50.ec2.internal
2026-09-27T14:23:18.858089Z Normal AddedInterface Add eth0 [10.249.214.248] from eni eni-03ba56ab32a9
2026-09-27T14:23:21.858089Z Normal ScalingReplicaSet Scaled up replica set ingress-nginx-controller-ee29b472 to 5 from 2
2026-09-27T14:23:25.858089Z Normal ScalingReplicaSet Scaled up replica set grafana-cb119713 to 2 from 2
2026-09-27T14:23:29.858089Z Normal Pulled Container image "public.ecr.aws/eks/aws-node:v1.14.1" already present on machine
2026-09-27T14:23:32.858089Z Normal Pulled Container image "busybox:1.36" already present on machine
2026-09-27T14:23:36.858089Z Normal Pulled Container image "nginx:1.25" already present on machine
2026-09-27T14:23:39.858089Z Normal ScalingReplicaSet Scaled up replica set ingress-nginx-controller-b870261b to 4 from 0
2026-09-27T14:23:43.858089Z Normal AddedInterface Add eth0 [10.231.100.236] from eni eni-a0ca36c3e89f
2026-09-27T14:23:47.858089Z Normal Scheduled Successfully assigned default/api-0d3e33 to ip-10-0-2-10.ec2.internal
2026-09-27T14:23:50.858089Z Normal ScalingReplicaSet Scaled up replica set ingress-nginx-controller-e7b0eea2 to 4 from 1
2026-09-27T14:23:54.858089Z Normal Pulled Container image "ghcr.io/company/pay-api:2.3.1" already present on machine
2026-09-27T14:23:57.858089Z Normal AddedInterface Add eth0 [10.199.134.160] from eni eni-7ffc1c7e50ce
2026-09-27T14:24:01.858089Z Normal ScalingReplicaSet Scaled up replica set grafana-b9149ece to 5 from 0
2026-09-27T14:24:05.858089Z Normal AddedInterface Add eth0 [10.27.73.67] from eni eni-4dc829e8f110
2026-09-27T14:24:08.858089Z Normal Started Started container app
2026-09-27T14:24:12.858089Z Normal SuccessfulCreate Created pod: metrics-server-9236a1
2026-09-27T14:24:15.858089Z Normal Started Started container agent
2026-09-27T14:24:19.858089Z Normal Pulled Container image "python:3.11-slim" already present on machine
2026-09-27T14:24:23.858089Z Normal LeaderElection ingress-nginx-controller-af4b78 became leader
2026-09-27T14:24:26.858089Z Warning BackOff Back-off restarting failed container app in pod kube-system/metrics-server-ff067e
2026-09-27T14:24:30.858089Z Normal AddedInterface Add eth0 [10.31.106.36] from eni eni-209c5853e8f2
2026-09-27T14:24:33.858089Z Normal AddedInterface Add eth0 [10.120.28.192] from eni eni-cc7be3ce7b51
2026-09-27T14:24:37.858089Z Normal Started Started container agent
2026-09-27T14:24:41.858089Z Warning NodeNotReady Node ip-10-0-1-50.ec2.internal status is now: NodeNotReady
2026-09-27T14:24:44.858089Z Normal LeaderElection pay-worker-9cbd6b became leader
2026-09-27T14:24:48.858089Z Normal LeaderElection coredns-d52604 became leader
2026-09-27T14:24:51.858089Z Normal Scheduled Successfully assigned observability/grafana-db4f31 to ip-10-0-4-20.ec2.internal
2026-09-27T14:24:55.858089Z Normal Synced Successfully synced oauth-316278
2026-09-27T14:24:59.858089Z Normal Scheduled Successfully assigned kube-system/metrics-server-9aaaa0 to ip-10-0-5-10.ec2.internal
2026-09-27T14:25:02.858089Z Normal SuccessfulCreate Created pod: oauth-1670f4
2026-09-27T14:25:06.858089Z Normal SuccessfulCreate Created pod: frontend-126e2a
2026-09-27T14:25:09.858089Z Normal Pulled Container image "python:3.11-slim" already present on machine
2026-09-27T14:25:13.858089Z Normal ScalingReplicaSet Scaled up replica set pay-api-b3e4b0f8 to 3 from 0
2026-09-27T14:25:17.858089Z Normal AddedInterface Add eth0 [10.183.196.253] from eni eni-c7a3928982db
2026-09-27T14:25:20.858089Z Normal Created Created container proxy
2026-09-27T14:25:24.858089Z Normal LeaderElection loki-2d3e55 became leader
2026-09-27T14:25:27.858089Z Normal Started Started container agent
2026-09-27T14:25:31.858089Z Normal Started Started container app
2026-09-27T14:25:35.858089Z Normal SuccessfulCreate Created pod: pay-api-772b30
2026-09-27T14:25:38.858089Z Normal Pulled Container image "registry.k8s.io/coredns/coredns:v1.11.1" already present on machine
2026-09-27T14:25:42.858089Z Normal Synced Successfully synced ingress-nginx-controller-d89f68
2026-09-27T14:25:45.858089Z Normal AddedInterface Add eth0 [10.91.97.246] from eni eni-f8d48ef67c21
2026-09-27T14:25:49.858089Z Normal Scheduled Successfully assigned payments/pay-worker-3f8e6d to ip-10-0-5-50.ec2.internal
2026-09-27T14:25:53.858089Z Normal LeaderElection prometheus-3ecd43 became leader
2026-09-27T14:25:56.858089Z Normal SuccessfulCreate Created pod: ingress-nginx-controller-88f386
2026-09-27T14:26:00.858089Z Normal LeaderElection aws-node-033c97 became leader
2026-09-27T14:26:03.858089Z Normal ScalingReplicaSet Scaled up replica set loki-02d195b7 to 5 from 1
2026-09-27T14:26:07.858089Z Normal AddedInterface Add eth0 [10.69.98.126] from eni eni-d66182609abe
2026-09-27T14:26:11.858089Z Normal ScalingReplicaSet Scaled up replica set grafana-865e8bcb to 4 from 0
2026-09-27T14:26:14.858089Z Normal Pulled Container image "python:3.11-slim" already present on machine
2026-09-27T14:26:18.858089Z Normal ScalingReplicaSet Scaled up replica set aws-node-59f4ed5c to 4 from 2
2026-09-27T14:26:21.858089Z Normal LeaderElection oauth-bbecf0 became leader
2026-09-27T14:26:25.858089Z Normal AddedInterface Add eth0 [10.0.222.178] from eni eni-04b161c15103
2026-09-27T14:26:29.858089Z Normal Created Created container agent
2026-09-27T14:26:32.858089Z Warning FailedMount Unable to attach or mount volumes: timed out waiting for the condition
2026-09-27T14:26:36.858089Z Normal Created Created container agent
2026-09-27T14:26:39.858089Z Normal ScalingReplicaSet Scaled up replica set pay-api-feb788ff to 6 from 0
2026-09-27T14:26:43.858089Z Normal Scheduled Successfully assigned ingress-nginx/ingress-nginx-controller-2e5b98 to ip-10-0-3-20.ec2.internal
2026-09-27T14:26:47.858089Z Normal Synced Successfully synced prometheus-37e36b
2026-09-27T14:26:50.858089Z Normal Synced Successfully synced prometheus-8062f1
2026-09-27T14:26:54.858089Z Normal LeaderElection web-3b179e became leader
2026-09-27T14:26:57.858089Z Normal Scheduled Successfully assigned observability/grafana-c58f95 to ip-10-0-3-50.ec2.internal
2026-09-27T14:27:01.858089Z Normal AddedInterface Add eth0 [10.30.86.185] from eni eni-9f7654d818ea
2026-09-27T14:27:05.858089Z Normal AddedInterface Add eth0 [10.126.82.28] from eni eni-aa736045408c
2026-09-27T14:27:08.858089Z Normal SuccessfulCreate Created pod: metrics-server-d9523d
2026-09-27T14:27:12.858089Z Normal Synced Successfully synced worker-489c53
2026-09-27T14:27:15.858089Z Normal Started Started container proxy
2026-09-27T14:27:19.858089Z Normal LeaderElection metrics-server-715807 became leader
2026-09-27T14:27:23.858089Z Normal AddedInterface Add eth0 [10.234.231.173] from eni eni-a98fff9b6a0c
2026-09-27T14:27:26.858089Z Normal ScalingReplicaSet Scaled up replica set pay-worker-28975295 to 6 from 1
2026-09-27T14:27:30.858089Z Normal LeaderElection pay-worker-3c86ff became leader
2026-09-27T14:27:33.858089Z Normal Pulled Container image "python:3.11-slim" already present on machine
2026-09-27T14:27:37.858089Z Normal LeaderElection pay-worker-84a941 became leader
2026-09-27T14:27:41.858089Z Normal ScalingReplicaSet Scaled up replica set ingress-nginx-controller-fa68bdb1 to 6 from 1
2026-09-27T14:27:44.858089Z Normal Started Started container app
2026-09-27T14:27:48.858089Z Normal Pulled Container image "registry.k8s.io/coredns/coredns:v1.11.1" already present on machine
2026-09-27T14:27:51.858089Z Warning NodeNotReady Node ip-10-0-5-50.ec2.internal status is now: NodeNotReady
2026-09-27T14:27:55.858089Z Warning DiskPressure Node ip-10-0-1-40.ec2.internal status is now: NodeHasDiskPressure
2026-09-27T14:27:59.858089Z Normal Scheduled Successfully assigned payments/pay-api-ad00c8 to ip-10-0-3-50.ec2.internal
2026-09-27T14:28:02.858089Z Warning BackOff Back-off restarting failed container sidecar in pod auth/auth-api-ea8d3c
2026-09-27T14:28:06.858089Z Normal SuccessfulCreate Created pod: prometheus-1679d7
2026-09-27T14:28:09.858089Z Normal LeaderElection loki-30fd70 became leader
2026-09-27T14:28:13.858089Z Normal ScalingReplicaSet Scaled up replica set pay-worker-973af3a8 to 2 from 0
2026-09-27T14:28:17.858089Z Normal LeaderElection auth-api-f57471 became leader
2026-09-27T14:28:20.858089Z Normal Created Created container app
2026-09-27T14:28:24.858089Z Normal SuccessfulCreate Created pod: oauth-ad50b0
2026-09-27T14:28:27.858089Z Normal SuccessfulCreate Created pod: ingress-nginx-controller-83112b
2026-09-27T14:28:31.858089Z Normal LeaderElection api-b03b64 became leader
2026-09-27T14:28:35.858089Z Normal ScalingReplicaSet Scaled up replica set oauth-af7e2e96 to 2 from 2
2026-09-27T14:28:38.858089Z Normal Started Started container sidecar
2026-09-27T14:28:42.858089Z Normal Started Started container app
2026-09-27T14:28:45.858089Z Normal Synced Successfully synced pay-api-9322ac
2026-09-27T14:28:49.858089Z Normal Created Created container app
2026-09-27T14:28:53.858089Z Normal Pulled Container image "busybox:1.36" already present on machine
2026-09-27T14:28:56.858089Z Normal Scheduled Successfully assigned observability/grafana-fd50d7 to ip-10-0-2-10.ec2.internal
2026-09-27T14:29:00.858089Z Normal LeaderElection ingress-nginx-controller-587965 became leader
2026-09-27T14:29:03.858089Z Normal Pulled Container image "public.ecr.aws/eks/aws-node:v1.14.1" already present on machine
2026-09-27T14:29:07.858089Z Normal Synced Successfully synced pay-api-b95dcb
2026-09-27T14:29:11.858089Z Normal AddedInterface Add eth0 [10.129.81.220] from eni eni-8f87826627c9
2026-09-27T14:29:14.858089Z Normal Synced Successfully synced auth-api-6b1fcd
2026-09-27T14:29:18.858089Z Normal SuccessfulCreate Created pod: pay-worker-fda056
2026-09-27T14:29:21.858089Z Normal ScalingReplicaSet Scaled up replica set prometheus-ae50d6e2 to 3 from 0
2026-09-27T14:29:25.858089Z Normal ScalingReplicaSet Scaled up replica set auth-api-a2e7bc54 to 2 from 2
2026-09-27T14:29:29.858089Z Normal AddedInterface Add eth0 [10.230.247.82] from eni eni-58feffd73f74
2026-09-27T14:29:32.858089Z Normal LeaderElection loki-9ff15c became leader
2026-09-27T14:29:36.858089Z Normal Synced Successfully synced worker-6c04ed
2026-09-27T14:29:39.858089Z Warning TLSHandshakeTimeout net/http: TLS handshake timeout
2026-09-27T14:29:43.858089Z Normal Created Created container sidecar
2026-09-27T14:29:47.858089Z Normal AddedInterface Add eth0 [10.11.7.204] from eni eni-9054b4b2bbd9
2026-09-27T14:29:50.858089Z Normal Created Created container agent
2026-09-27T14:29:54.858089Z Normal Pulled Container image "registry.k8s.io/coredns/coredns:v1.11.1" already present on machine
2026-09-27T14:29:57.858089Z Normal Created Created container agent
2026-09-27T14:30:01.858089Z Normal Scheduled Successfully assigned observability/prometheus-8279e9 to ip-10-0-3-20.ec2.internal
2026-09-27T14:30:05.858089Z Normal Scheduled Successfully assigned auth/oauth-5cc07c to ip-10-0-5-30.ec2.internal
2026-09-27T14:30:08.858089Z Normal Scheduled Successfully assigned observability/loki-0fc229 to ip-10-0-5-40.ec2.internal
2026-09-27T14:30:12.858089Z Normal Synced Successfully synced loki-a2e545
2026-09-27T14:30:15.858089Z Normal Pulled Container image "public.ecr.aws/eks/aws-node:v1.14.1" already present on machine
2026-09-27T14:30:19.858089Z Normal Started Started container app
2026-09-27T14:30:23.858089Z Warning ErrImagePull Failed to pull image "nginx:1.25": rpc error: code = Unknown desc = Error response from daemon: pull access denied
2026-09-27T14:30:26.858089Z Normal LeaderElection web-5e3936 became leader
2026-09-27T14:30:30.858089Z Normal AddedInterface Add eth0 [10.119.201.168] from eni eni-7826e34e51e0
2026-09-27T14:30:33.858089Z Normal Scheduled Successfully assigned kube-system/coredns-343d43 to ip-10-0-2-20.ec2.internal
2026-09-27T14:30:37.858089Z Normal SuccessfulCreate Created pod: frontend-a17b60
2026-09-27T14:30:41.858089Z Warning FailedMount Unable to attach or mount volumes: timed out waiting for the condition
2026-09-27T14:30:44.858089Z Normal AddedInterface Add eth0 [10.2.213.151] from eni eni-d6d5c8919b70
2026-09-27T14:30:48.858089Z Normal LeaderElection auth-api-b4c12b became leader
2026-09-27T14:30:51.858089Z Normal LeaderElection ingress-nginx-controller-c5184f became leader
2026-09-27T14:30:55.858089Z Normal LeaderElection auth-api-6897d3 became leader
2026-09-27T14:30:59.858089Z Normal SuccessfulCreate Created pod: worker-f258bd
2026-09-27T14:31:02.858089Z Normal LeaderElection loki-1a0a41 became leader
2026-09-27T14:31:06.858089Z Normal LeaderElection ingress-nginx-controller-f2e091 became leader
2026-09-27T14:31:09.858089Z Normal Synced Successfully synced auth-api-139052
2026-09-27T14:31:13.858089Z Normal AddedInterface Add eth0 [10.216.65.64] from eni eni-30627a895abc
2026-09-27T14:31:17.858089Z Normal AddedInterface Add eth0 [10.214.50.226] from eni eni-4a5c18432160
2026-09-27T14:31:20.858089Z Warning DNSConfigForming Nameserver limits were exceeded, some nameservers have been omitted, the applied nameserver line is: 10.176.227.226 10.210.161.128 10.47.94.87 10.131.152.224 10.179.154.205
2026-09-27T14:31:24.858089Z Normal SuccessfulCreate Created pod: prometheus-0af681
2026-09-27T14:31:27.858089Z Normal ScalingReplicaSet Scaled up replica set auth-api-40e7a024 to 3 from 0
2026-09-27T14:31:31.858089Z Normal LeaderElection pay-worker-60e25d became leader
2026-09-27T14:31:35.858089Z Normal Synced Successfully synced ingress-nginx-controller-144b99
2026-09-27T14:31:38.858089Z Normal Synced Successfully synced loki-d2ed7b
2026-09-27T14:31:42.858089Z Normal Created Created container app
2026-09-27T14:31:45.858089Z Warning FailedMount Unable to attach or mount volumes: timed out waiting for the condition
2026-09-27T14:31:49.858089Z Normal Started Started container sidecar
2026-09-27T14:31:53.858089Z Normal Pulled Container image "nginx:1.25" already present on machine
2026-09-27T14:31:56.858089Z Normal Pulled Container image "public.ecr.aws/eks/aws-node:v1.14.1" already present on machine
2026-09-27T14:32:00.858089Z Normal LeaderElection auth-api-b236bd became leader
2026-09-27T14:32:03.858089Z Normal Started Started container app
2026-09-27T14:32:07.858089Z Normal Pulled Container image "registry.k8s.io/coredns/coredns:v1.11.1" already present on machine
2026-09-27T14:32:11.858089Z Normal Started Started container app
2026-09-27T14:32:14.858089Z Normal Synced Successfully synced web-701a3f
2026-09-27T14:32:18.858089Z Normal Pulled Container image "python:3.11-slim" already present on machine
2026-09-27T14:32:21.858089Z Normal ScalingReplicaSet Scaled up replica set kube-proxy-abb96b6b to 6 from 2
2026-09-27T14:32:25.858089Z Normal Synced Successfully synced aws-node-a4392a
2026-09-27T14:32:29.858089Z Normal Synced Successfully synced pay-worker-b9f226
2026-09-27T14:32:32.858089Z Normal Started Started container sidecar
2026-09-27T14:32:36.858089Z Normal Started Started container agent
2026-09-27T14:32:39.858089Z Normal Created Created container app
2026-09-27T14:32:43.858089Z Normal ScalingReplicaSet Scaled up replica set oauth-8af71f85 to 3 from 1
2026-09-27T14:32:47.858089Z Normal Started Started container proxy
2026-09-27T14:32:50.858089Z Normal LeaderElection loki-6f44bb became leader
2026-09-27T14:32:54.858089Z Normal Created Created container sidecar
2026-09-27T14:32:57.858089Z Normal SuccessfulCreate Created pod: ingress-nginx-controller-873de4
2026-09-27T14:33:01.858089Z Normal SuccessfulCreate Created pod: ingress-nginx-controller-8fb977
2026-09-27T14:33:05.858089Z Normal ScalingReplicaSet Scaled up replica set ingress-nginx-controller-ba1b0925 to 2 from 2
2026-09-27T14:33:08.858089Z Normal Scheduled Successfully assigned observability/prometheus-d30f38 to ip-10-0-1-40.ec2.internal
2026-09-27T14:33:12.858089Z Normal LeaderElection aws-node-2076c4 became leader
2026-09-27T14:33:15.858089Z Normal Synced Successfully synced kube-proxy-17aa2c
2026-09-27T14:33:19.858089Z Normal AddedInterface Add eth0 [10.235.13.62] from eni eni-a759253fdb12
2026-09-27T14:33:23.858089Z Normal Created Created container sidecar
2026-09-27T14:33:26.858089Z Normal SuccessfulCreate Created pod: auth-api-d295d3
2026-09-27T14:33:30.858089Z Normal SuccessfulCreate Created pod: grafana-a70aa1
2026-09-27T14:33:33.858089Z Normal Synced Successfully synced pay-worker-105974
2026-09-27T14:33:37.858089Z Normal SuccessfulCreate Created pod: coredns-349763
2026-09-27T14:33:41.858089Z Normal SuccessfulCreate Created pod: pay-worker-96ea22
2026-09-27T14:33:44.858089Z Normal Started Started container app
2026-09-27T14:33:48.858089Z Normal Created Created container sidecar
2026-09-27T14:33:51.858089Z Warning TLSHandshakeTimeout net/http: TLS handshake timeout
2026-09-27T14:33:55.858089Z Normal Created Created container proxy
2026-09-27T14:33:59.858089Z Normal Started Started container app
2026-09-27T14:34:02.858089Z Normal SuccessfulCreate Created pod: grafana-040be7
2026-09-27T14:34:06.858089Z Normal ScalingReplicaSet Scaled up replica set coredns-390a0311 to 5 from 0
2026-09-27T14:34:09.858089Z Normal ScalingReplicaSet Scaled up replica set worker-236b3851 to 4 from 0
2026-09-27T14:34:13.858089Z Normal Scheduled Successfully assigned kube-system/metrics-server-ea1931 to ip-10-0-4-50.ec2.internal
2026-09-27T14:34:17.858089Z Normal AddedInterface Add eth0 [10.76.208.225] from eni eni-10c48825115b
2026-09-27T14:34:20.858089Z Normal Scheduled Successfully assigned default/frontend-10d70f to ip-10-0-5-10.ec2.internal
2026-09-27T14:34:24.858089Z Normal Scheduled Successfully assigned ingress-nginx/ingress-nginx-controller-4f6085 to ip-10-0-5-40.ec2.internal
2026-09-27T14:34:27.858089Z Normal SuccessfulCreate Created pod: metrics-server-045684
2026-09-27T14:34:31.858089Z Normal Pulled Container image "registry.k8s.io/coredns/coredns:v1.11.1" already present on machine
2026-09-27T14:34:35.858089Z Normal SuccessfulCreate Created pod: worker-1e524d
2026-09-27T14:34:38.858089Z Normal Pulled Container image "ghcr.io/company/pay-api:2.3.1" already present on machine
2026-09-27T14:34:42.858089Z Normal LeaderElection pay-api-1368d0 became leader
2026-09-27T14:34:45.858089Z Normal SuccessfulCreate Created pod: loki-d7752e
2026-09-27T14:34:49.858089Z Normal LeaderElection auth-api-7a8e86 became leader
2026-09-27T14:34:53.858089Z Normal Synced Successfully synced prometheus-81ae2c
2026-09-27T14:34:56.858089Z Warning FailedCreate Error creating: pods "pay-api-015f89" is forbidden: error looking up service account payments/default: serviceaccount "default" not found
2026-09-27T14:35:00.858089Z Normal Scheduled Successfully assigned payments/pay-api-6d322c to ip-10-0-2-40.ec2.internal
2026-09-27T14:35:03.858089Z Warning CrashLoopBackOff pod/auth-api-dfb895 CrashLoopBackOff
2026-09-27T14:35:07.858089Z Normal AddedInterface Add eth0 [10.78.134.220] from eni eni-da3b35b7b91d
2026-09-27T14:35:11.858089Z Normal SuccessfulCreate Created pod: pay-api-f89544
2026-09-27T14:35:14.858089Z Normal Pulled Container image "ghcr.io/company/pay-api:2.3.1" already present on machine
2026-09-27T14:35:18.858089Z Normal Created Created container proxy
2026-09-27T14:35:21.858089Z Normal SuccessfulCreate Created pod: ingress-nginx-controller-b17298
2026-09-27T14:35:25.858089Z Normal ScalingReplicaSet Scaled up replica set oauth-9ab32288 to 5 from 2
2026-09-27T14:35:29.858089Z Normal Created Created container agent
2026-09-27T14:35:32.858089Z Normal Synced Successfully synced ingress-nginx-controller-bcdfe8
2026-09-27T14:35:36.858089Z Normal AddedInterface Add eth0 [10.9.220.6] from eni eni-182b8601c695
2026-09-27T14:35:39.858089Z Normal AddedInterface Add eth0 [10.241.4.108] from eni eni-d3c2983b2811
2026-09-27T14:35:43.858089Z Normal Pulled Container image "python:3.11-slim" already present on machine
2026-09-27T14:35:47.858089Z Normal Created Created container app
2026-09-27T14:35:50.858089Z Normal AddedInterface Add eth0 [10.70.137.19] from eni eni-944823ffd7b3
2026-09-27T14:35:54.858089Z Normal AddedInterface Add eth0 [10.85.84.55] from eni eni-78ef27b11dc6
2026-09-27T14:35:57.858089Z Normal Pulled Container image "nginx:1.25" already present on machine
2026-09-27T14:36:01.858089Z Normal ScalingReplicaSet Scaled up replica set metrics-server-29a0a4b2 to 4 from 1
2026-09-27T14:36:05.858089Z Normal SuccessfulCreate Created pod: pay-api-0e684f
2026-09-27T14:36:08.858089Z Normal ScalingReplicaSet Scaled up replica set ingress-nginx-controller-3f00f227 to 2 from 2
2026-09-27T14:36:12.858089Z Normal AddedInterface Add eth0 [10.25.26.103] from eni eni-f57fe8cead86
2026-09-27T14:36:15.858089Z Normal ScalingReplicaSet Scaled up replica set ingress-nginx-controller-b83828d6 to 6 from 2
2026-09-27T14:36:19.858089Z Normal AddedInterface Add eth0 [10.119.115.60] from eni eni-fbaa5846ad09
2026-09-27T14:36:23.858089Z Normal SuccessfulCreate Created pod: auth-api-9b0509
2026-09-27T14:36:26.858089Z Normal AddedInterface Add eth0 [10.22.236.156] from eni eni-dcd6d7f77506
2026-09-27T14:36:30.858089Z Normal Synced Successfully synced oauth-84d9c3
2026-09-27T14:36:33.858089Z Normal ScalingReplicaSet Scaled up replica set coredns-380ecb16 to 4 from 2
2026-09-27T14:36:37.858089Z Normal Synced Successfully synced pay-worker-89b693
2026-09-27T14:36:41.858089Z Normal Synced Successfully synced loki-1361fb
2026-09-27T14:36:44.858089Z Normal Scheduled Successfully assigned ingress-nginx/ingress-nginx-controller-1c1c45 to ip-10-0-2-30.ec2.internal
2026-09-27T14:36:48.858089Z Normal Scheduled Successfully assigned kube-system/aws-node-fa40db to ip-10-0-2-50.ec2.internal
2026-09-27T14:36:51.858089Z Normal Pulled Container image "busybox:1.36" already present on machine
2026-09-27T14:36:55.858089Z Normal AddedInterface Add eth0 [10.189.14.204] from eni eni-4d8f051ff188
2026-09-27T14:36:59.858089Z Normal Created Created container agent
2026-09-27T14:37:02.858089Z Normal LeaderElection api-dab49d became leader
2026-09-27T14:37:06.858089Z Normal Pulled Container image "python:3.11-slim" already present on machine
2026-09-27T14:37:09.858089Z Normal SuccessfulCreate Created pod: oauth-babae5
2026-09-27T14:37:13.858089Z Normal Created Created container app
2026-09-27T14:37:17.858089Z Normal Created Created container app
2026-09-27T14:37:20.858089Z Normal ScalingReplicaSet Scaled up replica set aws-node-71d0b770 to 3 from 1
2026-09-27T14:37:24.858089Z Warning Unhealthy Readiness probe failed: Get "http://10.61.136.57:8080/health": dial tcp 10.61.136.57:8080: i/o timeout
2026-09-27T14:37:27.858089Z Normal AddedInterface Add eth0 [10.225.146.230] from eni eni-470715c876c5
2026-09-27T14:37:31.858089Z Normal Created Created container proxy
2026-09-27T14:37:35.858089Z Normal AddedInterface Add eth0 [10.9.166.62] from eni eni-725635e18b82
2026-09-27T14:37:38.858089Z Normal AddedInterface Add eth0 [10.241.121.250] from eni eni-f485cc34e122
2026-09-27T14:37:42.858089Z Normal Scheduled Successfully assigned payments/pay-api-23d5ba to ip-10-0-4-10.ec2.internal
2026-09-27T14:37:45.858089Z Normal SuccessfulCreate Created pod: auth-api-49d40e
2026-09-27T14:37:49.858089Z Normal Synced Successfully synced grafana-5f362c
2026-09-27T14:37:53.858089Z Normal Scheduled Successfully assigned observability/prometheus-5995f1 to ip-10-0-3-40.ec2.internal
2026-09-27T14:37:56.858089Z Normal Started Started container sidecar
2026-09-27T14:38:00.858089Z Normal Pulled Container image "busybox:1.36" already present on machine
2026-09-27T14:38:03.858089Z Normal LeaderElection kube-proxy-d8d6c3 became leader
2026-09-27T14:38:07.858089Z Normal AddedInterface Add eth0 [10.102.98.82] from eni eni-61f4f4b6c8d3
2026-09-27T14:38:11.858089Z Normal ScalingReplicaSet Scaled up replica set metrics-server-0a5e07d7 to 3 from 0
2026-09-27T14:38:14.858089Z Normal Synced Successfully synced worker-4e4a9e
2026-09-27T14:38:18.858089Z Normal SuccessfulCreate Created pod: ingress-nginx-controller-7f36d1
2026-09-27T14:38:21.858089Z Normal SuccessfulCreate Created pod: auth-api-e475bb
2026-09-27T14:38:25.858089Z Warning FailedCreate Error creating: pods "oauth-6f4d11" is forbidden: error looking up service account auth/default: serviceaccount "default" not found
2026-09-27T14:38:29.858089Z Normal ScalingReplicaSet Scaled up replica set frontend-a040bc43 to 5 from 2
2026-09-27T14:38:32.858089Z Normal Created Created container sidecar
2026-09-27T14:38:36.858089Z Normal ScalingReplicaSet Scaled up replica set grafana-0f093d62 to 6 from 0
2026-09-27T14:38:39.858089Z Normal Synced Successfully synced grafana-28ff34
2026-09-27T14:38:43.858089Z Normal Created Created container agent
2026-09-27T14:38:47.858089Z Normal Pulled Container image "registry.k8s.io/coredns/coredns:v1.11.1" already present on machine
2026-09-27T14:38:50.858089Z Normal Scheduled Successfully assigned observability/loki-d62a59 to ip-10-0-1-10.ec2.internal
2026-09-27T14:38:54.858089Z Warning MemPressure Node ip-10-0-3-30.ec2.internal status is now: NodeHasMemoryPressure
2026-09-27T14:38:57.858089Z Normal SuccessfulCreate Created pod: pay-worker-02ba3f
2026-09-27T14:39:01.858089Z Normal Pulled Container image "python:3.11-slim" already present on machine
2026-09-27T14:39:05.858089Z Normal SuccessfulCreate Created pod: pay-api-bb49ea
2026-09-27T14:39:08.858089Z Normal ScalingReplicaSet Scaled up replica set oauth-8f2d07bd to 6 from 1
2026-09-27T14:39:12.858089Z Normal Scheduled Successfully assigned kube-system/metrics-server-82f28d to ip-10-0-4-40.ec2.internal
2026-09-27T14:39:15.858089Z Normal Synced Successfully synced prometheus-3ef49f
2026-09-27T14:39:19.858089Z Normal ScalingReplicaSet Scaled up replica set grafana-5b8da68f to 4 from 2
2026-09-27T14:39:23.858089Z Normal Synced Successfully synced ingress-nginx-controller-8ef6a3
2026-09-27T14:39:26.858089Z Warning CrashLoopBackOff pod/web-ca06f8 CrashLoopBackOff
2026-09-27T14:39:30.858089Z Normal Started Started container proxy
2026-09-27T14:39:33.858089Z Normal Started Started container sidecar
2026-09-27T14:39:37.858089Z Normal ScalingReplicaSet Scaled up replica set loki-e38f5355 to 3 from 1
2026-09-27T14:39:41.858089Z Warning BackOff Back-off restarting failed container app in pod payments/pay-worker-16cc3f
2026-09-27T14:39:44.858089Z Normal Created Created container app
2026-09-27T14:39:48.858089Z Normal Pulled Container image "python:3.11-slim" already present on machine
2026-09-27T14:39:51.858089Z Normal Scheduled Successfully assigned payments/pay-worker-84f086 to ip-10-0-1-40.ec2.internal
2026-09-27T14:39:55.858089Z Normal Scheduled Successfully assigned default/frontend-65aced to ip-10-0-5-20.ec2.internal
2026-09-27T14:39:59.858089Z Warning NodeNotReady Node ip-10-0-3-30.ec2.internal status is now: NodeNotReady
2026-09-27T14:40:02.858089Z Normal LeaderElection ingress-nginx-controller-cf9962 became leader
2026-09-27T14:40:06.858089Z Warning TLSHandshakeTimeout net/http: TLS handshake timeout
2026-09-27T14:40:09.858089Z Normal LeaderElection prometheus-2d50dc became leader
2026-09-27T14:40:13.858089Z Normal Created Created container agent
2026-09-27T14:40:17.858089Z Warning DNSConfigForming Nameserver limits were exceeded, some nameservers have been omitted, the applied nameserver line is: 10.11.147.242 10.67.34.37 10.50.3.9 10.146.208.139 10.248.241.91
2026-09-27T14:40:20.858089Z Normal AddedInterface Add eth0 [10.153.89.89] from eni eni-85716871c5d4
2026-09-27T14:40:24.858089Z Normal Scheduled Successfully assigned kube-system/aws-node-664fcb to ip-10-0-4-50.ec2.internal
2026-09-27T14:40:27.858089Z Normal Scheduled Successfully assigned payments/pay-api-d1d458 to ip-10-0-4-50.ec2.internal
2026-09-27T14:40:31.858089Z Normal Created Created container sidecar
2026-09-27T14:40:35.858089Z Normal Synced Successfully synced pay-worker-23a683
2026-09-27T14:40:38.858089Z Normal LeaderElection grafana-168e5f became leader
2026-09-27T14:40:42.858089Z Normal Started Started container sidecar
2026-09-27T14:40:45.858089Z Normal ScalingReplicaSet Scaled up replica set grafana-7af5c951 to 4 from 0
2026-09-27T14:40:49.858089Z Normal Pulled Container image "nginx:1.25" already present on machine
2026-09-27T14:40:53.858089Z Normal Scheduled Successfully assigned observability/prometheus-cd40da to ip-10-0-2-20.ec2.internal
2026-09-27T14:40:56.858089Z Normal SuccessfulCreate Created pod: ingress-nginx-controller-112059
2026-09-27T14:41:00.858089Z Normal SuccessfulCreate Created pod: prometheus-cb1efa
2026-09-27T14:41:03.858089Z Normal ScalingReplicaSet Scaled up replica set auth-api-e953be77 to 3 from 2
2026-09-27T14:41:07.858089Z Normal ScalingReplicaSet Scaled up replica set pay-worker-39e237df to 3 from 0
2026-09-27T14:41:11.858089Z Normal Started Started container proxy
2026-09-27T14:41:14.858089Z Normal AddedInterface Add eth0 [10.90.129.13] from eni eni-62797ec6a74f
2026-09-27T14:41:18.858089Z Normal Synced Successfully synced metrics-server-e3b749
2026-09-27T14:41:21.858089Z Normal Synced Successfully synced grafana-fa5a24
2026-09-27T14:41:25.858089Z Normal Synced Successfully synced loki-51bab2
2026-09-27T14:41:29.858089Z Normal Scheduled Successfully assigned auth/auth-api-fe849f to ip-10-0-2-40.ec2.internal
2026-09-27T14:41:32.858089Z Warning ImagePullBackOff Back-off pulling image "nginx:1.25"
2026-09-27T14:41:36.858089Z Normal SuccessfulCreate Created pod: ingress-nginx-controller-875991
2026-09-27T14:41:39.858089Z Normal Scheduled Successfully assigned payments/pay-api-f62318 to ip-10-0-3-20.ec2.internal
2026-09-27T14:41:43.858089Z Normal SuccessfulCreate Created pod: kube-proxy-cae9ef
2026-09-27T14:41:47.858089Z Warning DNSConfigForming Nameserver limits were exceeded, some nameservers have been omitted, the applied nameserver line is: 10.126.64.88 10.231.187.160 10.71.61.241 10.92.122.208 10.18.103.221
2026-09-27T14:41:50.858089Z Normal Pulled Container image "ghcr.io/company/pay-api:2.3.1" already present on machine
2026-09-27T14:41:54.858089Z Normal Synced Successfully synced ingress-nginx-controller-1bb937
2026-09-27T14:41:57.858089Z Normal Started Started container sidecar
2026-09-27T14:42:01.858089Z Normal Pulled Container image "public.ecr.aws/eks/aws-node:v1.14.1" already present on machine
2026-09-27T14:42:05.858089Z Normal Synced Successfully synced ingress-nginx-controller-610641
2026-09-27T14:42:08.858089Z Normal SuccessfulCreate Created pod: oauth-1226de
2026-09-27T14:42:12.858089Z Normal Synced Successfully synced oauth-4aca09
2026-09-27T14:42:15.858089Z Normal Synced Successfully synced ingress-nginx-controller-de4714
2026-09-27T14:42:19.858089Z Normal Started Started container app
2026-09-27T14:42:23.858089Z Warning DNSConfigForming Nameserver limits were exceeded, some nameservers have been omitted, the applied nameserver line is: 10.98.7.107 10.106.141.76 10.102.250.27 10.9.131.43 10.169.227.225
2026-09-27T14:42:26.858089Z Normal LeaderElection metrics-server-71b0de became leader
2026-09-27T14:42:30.858089Z Normal Created Created container sidecar
2026-09-27T14:42:33.858089Z Normal Synced Successfully synced loki-5615d0
2026-09-27T14:42:37.858089Z Normal Created Created container proxy
2026-09-27T14:42:41.858089Z Normal AddedInterface Add eth0 [10.143.68.248] from eni eni-5a92757d978d
2026-09-27T14:42:44.858089Z Normal LeaderElection kube-proxy-44beec became leader
2026-09-27T14:42:48.858089Z Normal SuccessfulCreate Created pod: metrics-server-172f49
2026-09-27T14:42:51.858089Z Normal ScalingReplicaSet Scaled up replica set oauth-7071a0ea to 4 from 0
2026-09-27T14:42:55.858089Z Normal Created Created container proxy
2026-09-27T14:42:59.858089Z Normal AddedInterface Add eth0 [10.204.117.63] from eni eni-8e99380d4333
2026-09-27T14:43:02.858089Z Normal Synced Successfully synced web-804386
2026-09-27T14:43:06.858089Z Normal SuccessfulCreate Created pod: loki-cec2fa
2026-09-27T14:43:09.858089Z Normal ScalingReplicaSet Scaled up replica set prometheus-2569b047 to 2 from 0
2026-09-27T14:43:13.858089Z Normal ScalingReplicaSet Scaled up replica set auth-api-e2d531ae to 5 from 1
2026-09-27T14:43:17.858089Z Normal Scheduled Successfully assigned default/worker-cf5806 to ip-10-0-5-30.ec2.internal
2026-09-27T14:43:20.858089Z Normal AddedInterface Add eth0 [10.221.42.43] from eni eni-6473e4de7389
2026-09-27T14:43:24.858089Z Normal Created Created container agent
2026-09-27T14:43:27.858089Z Normal AddedInterface Add eth0 [10.109.173.164] from eni eni-b8e98e6f9e79
2026-09-27T14:43:31.858089Z Normal SuccessfulCreate Created pod: ingress-nginx-controller-acc368
2026-09-27T14:43:35.858089Z Normal LeaderElection pay-worker-e31a8d became leader
2026-09-27T14:43:38.858089Z Normal Pulled Container image "registry.k8s.io/coredns/coredns:v1.11.1" already present on machine
2026-09-27T14:43:42.858089Z Normal SuccessfulCreate Created pod: ingress-nginx-controller-6d7a57
2026-09-27T14:43:45.858089Z Normal SuccessfulCreate Created pod: ingress-nginx-controller-1a9340
2026-09-27T14:43:49.858089Z Normal ScalingReplicaSet Scaled up replica set pay-worker-50643b89 to 6 from 2
2026-09-27T14:43:53.858089Z Normal SuccessfulCreate Created pod: ingress-nginx-controller-1dd6d5
2026-09-27T14:43:56.858089Z Normal Pulled Container image "public.ecr.aws/eks/aws-node:v1.14.1" already present on machine
2026-09-27T14:44:00.858089Z Warning CrashLoopBackOff pod/ingress-nginx-controller-52557b CrashLoopBackOff
2026-09-27T14:44:03.858089Z Normal LeaderElection aws-node-2bea94 became leader
2026-09-27T14:44:07.858089Z Warning DiskPressure Node ip-10-0-1-30.ec2.internal status is now: NodeHasDiskPressure
2026-09-27T14:44:11.858089Z Normal ScalingReplicaSet Scaled up replica set oauth-a52cec76 to 4 from 2
2026-09-27T14:44:14.858089Z Normal SuccessfulCreate Created pod: pay-api-1a53e7
2026-09-27T14:44:18.858089Z Normal LeaderElection oauth-5b1eea became leader
2026-09-27T14:44:21.858089Z Normal Scheduled Successfully assigned auth/oauth-7a005d to ip-10-0-2-30.ec2.internal
2026-09-27T14:44:25.858089Z Normal ScalingReplicaSet Scaled up replica set pay-api-7e022e11 to 5 from 2
2026-09-27T14:44:29.858089Z Normal Synced Successfully synced prometheus-cd37f1
2026-09-27T14:44:32.858089Z Normal Scheduled Successfully assigned default/frontend-c013fb to ip-10-0-3-10.ec2.internal
2026-09-27T14:44:36.858089Z Normal Started Started container proxy
2026-09-27T14:44:39.858089Z Normal Created Created container sidecar
2026-09-27T14:44:43.858089Z Normal Scheduled Successfully assigned kube-system/metrics-server-f9a775 to ip-10-0-4-50.ec2.internal
2026-09-27T14:44:47.858089Z Normal ScalingReplicaSet Scaled up replica set aws-node-73daa0ee to 6 from 0
2026-09-27T14:44:50.858089Z Warning FailedScheduling 0/4 nodes are available: 0/5 nodes available: pod has unbound immediate PersistentVolumeClaims
2026-09-27T14:44:54.858089Z Normal Created Created container proxy
2026-09-27T14:44:57.858089Z Normal Started Started container app
2026-09-27T14:45:01.858089Z Normal Pulled Container image "nginx:1.25" already present on machine
2026-09-27T14:45:05.858089Z Warning FailedCreate Error creating: pods "grafana-5e5ae3" is forbidden: error looking up service account observability/default: serviceaccount "default" not found
2026-09-27T14:45:08.858089Z Normal Synced Successfully synced auth-api-f70d4a
2026-09-27T14:45:12.858089Z Normal AddedInterface Add eth0 [10.158.136.32] from eni eni-d32d8a8fe220
2026-09-27T14:45:15.858089Z Normal SuccessfulCreate Created pod: grafana-a71bfe
2026-09-27T14:45:19.858089Z Normal AddedInterface Add eth0 [10.255.22.40] from eni eni-bbc8cf722b6f
2026-09-27T14:45:23.858089Z Normal Synced Successfully synced web-928c41
2026-09-27T14:45:26.858089Z Warning DiskPressure Node ip-10-0-2-50.ec2.internal status is now: NodeHasDiskPressure
2026-09-27T14:45:30.858089Z Normal Synced Successfully synced frontend-d11eba
2026-09-27T14:45:33.858089Z Normal Created Created container app
2026-09-27T14:45:37.858089Z Normal Created Created container app
2026-09-27T14:45:41.858089Z Normal SuccessfulCreate Created pod: prometheus-8d393f
2026-09-27T14:45:44.858089Z Normal Created Created container agent
2026-09-27T14:45:48.858089Z Normal Created Created container proxy
2026-09-27T14:45:51.858089Z Normal Pulled Container image "python:3.11-slim" already present on machine
2026-09-27T14:45:55.858089Z Normal Scheduled Successfully assigned payments/pay-worker-aa7efe to ip-10-0-1-10.ec2.internal
2026-09-27T14:45:59.858089Z Normal AddedInterface Add eth0 [10.189.242.230] from eni eni-919ff8526f37
2026-09-27T14:46:02.858089Z Normal SuccessfulCreate Created pod: oauth-5dd7a6
2026-09-27T14:46:06.858089Z Normal SuccessfulCreate Created pod: loki-52c28e
2026-09-27T14:46:09.858089Z Normal Scheduled Successfully assigned observability/loki-7287f9 to ip-10-0-2-30.ec2.internal
2026-09-27T14:46:13.858089Z Normal Created Created container agent
2026-09-27T14:46:17.858089Z Normal Started Started container agent
2026-09-27T14:46:20.858089Z Normal ScalingReplicaSet Scaled up replica set api-b470a5b4 to 2 from 0
2026-09-27T14:46:24.858089Z Normal Created Created container app
2026-09-27T14:46:27.858089Z Normal ScalingReplicaSet Scaled up replica set prometheus-57a94768 to 6 from 0
2026-09-27T14:46:31.858089Z Normal AddedInterface Add eth0 [10.58.135.11] from eni eni-25ab886d28c5
2026-09-27T14:46:35.858089Z Normal Scheduled Successfully assigned default/web-7ce04a to ip-10-0-3-50.ec2.internal
2026-09-27T14:46:38.858089Z Normal Pulled Container image "ghcr.io/company/auth-api:1.9.0" already present on machine
2026-09-27T14:46:42.858089Z Normal Created Created container proxy
2026-09-27T14:46:45.858089Z Normal Started Started container sidecar
2026-09-27T14:46:49.858089Z Normal SuccessfulCreate Created pod: loki-75d7a5
2026-09-27T14:46:53.858089Z Normal AddedInterface Add eth0 [10.133.69.235] from eni eni-2997f524daa1
2026-09-27T14:46:56.858089Z Warning FailedCreate Error creating: pods "metrics-server-397241" is forbidden: error looking up service account kube-system/default: serviceaccount "default" not found
2026-09-27T14:47:00.858089Z Normal SuccessfulCreate Created pod: pay-api-9ed4b1
2026-09-27T14:47:03.858089Z Normal Synced Successfully synced loki-8ff54e
2026-09-27T14:47:07.858089Z Warning CrashLoopBackOff pod/loki-c4b8c2 CrashLoopBackOff
2026-09-27T14:47:11.858089Z Normal Synced Successfully synced loki-6f1812
2026-09-27T14:47:14.858089Z Normal Pulled Container image "busybox:1.36" already present on machine
2026-09-27T14:47:18.858089Z Normal ScalingReplicaSet Scaled up replica set ingress-nginx-controller-7982f485 to 4 from 1
2026-09-27T14:47:21.858089Z Normal Created Created container proxy
2026-09-27T14:47:25.858089Z Normal Created Created container sidecar
2026-09-27T14:47:29.858089Z Normal AddedInterface Add eth0 [10.175.165.158] from eni eni-bb234aeb3217
2026-09-27T14:47:32.858089Z Normal Scheduled Successfully assigned kube-system/aws-node-5eaced to ip-10-0-1-40.ec2.internal
2026-09-27T14:47:36.858089Z Normal SuccessfulCreate Created pod: ingress-nginx-controller-31bc98
2026-09-27T14:47:39.858089Z Normal Created Created container agent
2026-09-27T14:47:43.858089Z Normal Started Started container agent
2026-09-27T14:47:47.858089Z Normal Pulled Container image "public.ecr.aws/eks/aws-node:v1.14.1" already present on machine
2026-09-27T14:47:50.858089Z Normal Created Created container proxy
2026-09-27T14:47:54.858089Z Normal SuccessfulCreate Created pod: ingress-nginx-controller-356559
2026-09-27T14:47:57.858089Z Normal Created Created container proxy
2026-09-27T14:48:01.858089Z Normal Started Started container sidecar
2026-09-27T14:48:05.858089Z Normal ScalingReplicaSet Scaled up replica set coredns-be464ef1 to 6 from 0
2026-09-27T14:48:08.858089Z Normal ScalingReplicaSet Scaled up replica set worker-a584f181 to 4 from 1
2026-09-27T14:48:12.858089Z Normal Created Created container agent
2026-09-27T14:48:15.858089Z Normal Started Started container app
2026-09-27T14:48:19.858089Z Normal Created Created container proxy
2026-09-27T14:48:23.858089Z Normal AddedInterface Add eth0 [10.211.232.217] from eni eni-1b35295bdc05
2026-09-27T14:48:26.858089Z Normal LeaderElection metrics-server-5c5f04 became leader
2026-09-27T14:48:30.858089Z Normal Pulled Container image "ghcr.io/company/pay-api:2.3.1" already present on machine
2026-09-27T14:48:33.858089Z Normal Synced Successfully synced pay-worker-ea01c1
2026-09-27T14:48:37.858089Z Normal LeaderElection pay-api-acab0d became leader
2026-09-27T14:48:41.858089Z Normal AddedInterface Add eth0 [10.88.106.182] from eni eni-ce45fce02445
2026-09-27T14:48:44.858089Z Warning NodeNotReady Node ip-10-0-5-50.ec2.internal status is now: NodeNotReady
2026-09-27T14:48:48.858089Z Normal LeaderElection prometheus-fd37e3 became leader
2026-09-27T14:48:51.858089Z Normal LeaderElection pay-api-cd76bd became leader
2026-09-27T14:48:55.858089Z Normal Started Started container proxy
2026-09-27T14:48:59.858089Z Normal Started Started container agent
2026-09-27T14:49:02.858089Z Warning MemPressure Node ip-10-0-1-40.ec2.internal status is now: NodeHasMemoryPressure
2026-09-27T14:49:06.858089Z Normal LeaderElection api-46055f became leader
2026-09-27T14:49:09.858089Z Normal LeaderElection ingress-nginx-controller-c35e91 became leader
2026-09-27T14:49:13.858089Z Warning DiskPressure Node ip-10-0-2-20.ec2.internal status is now: NodeHasDiskPressure
2026-09-27T14:49:17.858089Z Warning DiskPressure Node ip-10-0-5-20.ec2.internal status is now: NodeHasDiskPressure
2026-09-27T14:49:20.858089Z Normal LeaderElection coredns-191cb1 became leader
2026-09-27T14:49:24.858089Z Normal Created Created container app
2026-09-27T14:49:27.858089Z Normal LeaderElection grafana-65e438 became leader
2026-09-27T14:49:31.858089Z Normal Pulled Container image "python:3.11-slim" already present on machine
2026-09-27T14:49:35.858089Z Normal LeaderElection oauth-bf823e became leader
2026-09-27T14:49:38.858089Z Normal AddedInterface Add eth0 [10.165.13.213] from eni eni-e501c3e75792
2026-09-27T14:49:42.858089Z Normal LeaderElection loki-a70706 became leader
2026-09-27T14:49:45.858089Z Normal AddedInterface Add eth0 [10.148.231.11] from eni eni-e8c8d4810a43
2026-09-27T14:49:49.858089Z Normal Pulled Container image "nginx:1.25" already present on machine
2026-09-27T14:49:53.858089Z Normal Pulled Container image "registry.k8s.io/coredns/coredns:v1.11.1" already present on machine
2026-09-27T14:49:56.858089Z Normal AddedInterface Add eth0 [10.97.255.86] from eni eni-3952dd780e0f
2026-09-27T14:50:00.858089Z Normal Synced Successfully synced kube-proxy-994578
2026-09-27T14:50:03.858089Z Normal SuccessfulCreate Created pod: auth-api-ea4e07
2026-09-27T14:50:07.858089Z Normal LeaderElection worker-44b07d became leader
2026-09-27T14:50:11.858089Z Normal Created Created container agent
2026-09-27T14:50:14.858089Z Normal ScalingReplicaSet Scaled up replica set grafana-4b415d1a to 2 from 2
2026-09-27T14:50:18.858089Z Normal Created Created container agent
2026-09-27T14:50:21.858089Z Normal LeaderElection coredns-376b94 became leader
2026-09-27T14:50:25.858089Z Normal AddedInterface Add eth0 [10.104.19.11] from eni eni-786faf63d058
2026-09-27T14:50:29.858089Z Normal SuccessfulCreate Created pod: pay-api-6e46d9
2026-09-27T14:50:32.858089Z Normal AddedInterface Add eth0 [10.52.163.238] from eni eni-985a2aca98ac
2026-09-27T14:50:36.858089Z Warning MemPressure Node ip-10-0-1-20.ec2.internal status is now: NodeHasMemoryPressure
2026-09-27T14:50:39.858089Z Normal Started Started container proxy
2026-09-27T14:50:43.858089Z Normal ScalingReplicaSet Scaled up replica set api-aa75cb2a to 5 from 2
2026-09-27T14:50:47.858089Z Normal Pulled Container image "registry.k8s.io/coredns/coredns:v1.11.1" already present on machine
2026-09-27T14:50:50.858089Z Normal AddedInterface Add eth0 [10.56.171.98] from eni eni-0dd01aa98041
2026-09-27T14:50:54.858089Z Normal AddedInterface Add eth0 [10.58.66.156] from eni eni-f8a55c3db75b
2026-09-27T14:50:57.858089Z Normal ScalingReplicaSet Scaled up replica set prometheus-354ad014 to 4 from 1
2026-09-27T14:51:01.858089Z Normal AddedInterface Add eth0 [10.171.22.100] from eni eni-6885172ff68c
2026-09-27T14:51:05.858089Z Normal LeaderElection oauth-60fabf became leader
2026-09-27T14:51:08.858089Z Normal Scheduled Successfully assigned auth/oauth-72a5c6 to ip-10-0-4-50.ec2.internal
2026-09-27T14:51:12.858089Z Normal LeaderElection pay-api-101016 became leader
2026-09-27T14:51:15.858089Z Normal Created Created container proxy
2026-09-27T14:51:19.858089Z Normal AddedInterface Add eth0 [10.112.127.36] from eni eni-b29d69229a59
2026-09-27T14:51:23.858089Z Normal Created Created container app
2026-09-27T14:51:26.858089Z Normal Pulled Container image "public.ecr.aws/eks/aws-node:v1.14.1" already present on machine
2026-09-27T14:51:30.858089Z Normal Synced Successfully synced ingress-nginx-controller-709065
2026-09-27T14:51:33.858089Z Normal Created Created container agent
2026-09-27T14:51:37.858089Z Normal Pulled Container image "ghcr.io/company/pay-api:2.3.1" already present on machine
2026-09-27T14:51:41.858089Z Normal ScalingReplicaSet Scaled up replica set pay-worker-a8612f10 to 2 from 0
2026-09-27T14:51:44.858089Z Normal Synced Successfully synced coredns-329f29
2026-09-27T14:51:48.858089Z Warning ImagePullBackOff Back-off pulling image "registry.k8s.io/coredns/coredns:v1.11.1"
2026-09-27T14:51:51.858089Z Normal Started Started container sidecar
2026-09-27T14:51:55.858089Z Normal Started Started container sidecar
2026-09-27T14:51:59.858089Z Normal Created Created container agent
2026-09-27T14:52:02.858089Z Normal Scheduled Successfully assigned ingress-nginx/ingress-nginx-controller-7be652 to ip-10-0-4-50.ec2.internal
2026-09-27T14:52:06.858089Z Normal SuccessfulCreate Created pod: oauth-bd3a46
2026-09-27T14:52:09.858089Z Normal LeaderElection loki-1bfbb9 became leader
2026-09-27T14:52:13.858089Z Normal Created Created container app
2026-09-27T14:52:17.858089Z Normal Pulled Container image "nginx:1.25" already present on machine
2026-09-27T14:52:20.858089Z Warning Unhealthy Readiness probe failed: Get "http://10.216.36.223:9090/health": dial tcp 10.216.36.223:9090: i/o timeout
2026-09-27T14:52:24.858089Z Normal Started Started container sidecar
2026-09-27T14:52:27.858089Z Normal Pulled Container image "ghcr.io/company/auth-api:1.9.0" already present on machine
2026-09-27T14:52:31.858089Z Normal Pulled Container image "ghcr.io/company/auth-api:1.9.0" already present on machine
2026-09-27T14:52:35.858089Z Normal AddedInterface Add eth0 [10.37.159.178] from eni eni-c1052f34866b
2026-09-27T14:52:38.858089Z Normal Synced Successfully synced pay-worker-7af109
2026-09-27T14:52:42.858089Z Normal Pulled Container image "busybox:1.36" already present on machine
2026-09-27T14:52:45.858089Z Normal ScalingReplicaSet Scaled up replica set pay-api-4297c4a7 to 3 from 2
2026-09-27T14:52:49.858089Z Warning Unhealthy Readiness probe failed: Get "http://10.153.237.197:9090/health": dial tcp 10.153.237.197:9090: i/o timeout
2026-09-27T14:52:53.858089Z Normal ScalingReplicaSet Scaled up replica set api-9b5f0ebc to 2 from 0
2026-09-27T14:52:56.858089Z Normal ScalingReplicaSet Scaled up replica set auth-api-47b660fb to 3 from 1
2026-09-27T14:53:00.858089Z Normal LeaderElection worker-55f38a became leader
2026-09-27T14:53:03.858089Z Normal AddedInterface Add eth0 [10.161.80.165] from eni eni-c06dd2dd8ce8
2026-09-27T14:53:07.858089Z Normal AddedInterface Add eth0 [10.250.28.44] from eni eni-5d56882fda87
2026-09-27T14:53:11.858089Z Normal LeaderElection ingress-nginx-controller-2b1cfc became leader
2026-09-27T14:53:14.858089Z Normal Pulled Container image "ghcr.io/company/auth-api:1.9.0" already present on machine
2026-09-27T14:53:18.858089Z Normal SuccessfulCreate Created pod: aws-node-1df35b
2026-09-27T14:53:21.858089Z Normal LeaderElection kube-proxy-1097cc became leader
2026-09-27T14:53:25.858089Z Normal AddedInterface Add eth0 [10.1.196.79] from eni eni-e3d5b39ff80f
2026-09-27T14:53:29.858089Z Normal SuccessfulCreate Created pod: pay-api-036e1f
2026-09-27T14:53:32.858089Z Normal Synced Successfully synced frontend-017c96
2026-09-27T14:53:36.858089Z Normal ScalingReplicaSet Scaled up replica set frontend-7b15656c to 5 from 1
2026-09-27T14:53:39.858089Z Normal Scheduled Successfully assigned auth/oauth-2713fc to ip-10-0-2-20.ec2.internal
2026-09-27T14:53:43.858089Z Normal Pulled Container image "registry.k8s.io/coredns/coredns:v1.11.1" already present on machine
2026-09-27T14:53:47.858089Z Normal Scheduled Successfully assigned payments/pay-worker-8d3623 to ip-10-0-4-40.ec2.internal
2026-09-27T14:53:50.858089Z Normal Synced Successfully synced aws-node-b2ffb7
2026-09-27T14:53:54.858089Z Normal Synced Successfully synced pay-worker-2f1836
2026-09-27T14:53:57.858089Z Normal ScalingReplicaSet Scaled up replica set frontend-5a3c14b7 to 2 from 0
2026-09-27T14:54:01.858089Z Warning CrashLoopBackOff pod/pay-worker-a7d805 CrashLoopBackOff
2026-09-27T14:54:05.858089Z Normal AddedInterface Add eth0 [10.211.89.78] from eni eni-14ea59b6f7df
2026-09-27T14:54:08.858089Z Normal ScalingReplicaSet Scaled up replica set web-b45c426b to 5 from 2
2026-09-27T14:54:12.858089Z Normal SuccessfulCreate Created pod: worker-147e4f
2026-09-27T14:54:15.858089Z Warning MemPressure Node ip-10-0-2-40.ec2.internal status is now: NodeHasMemoryPressure
2026-09-27T14:54:19.858089Z Normal Pulled Container image "ghcr.io/company/auth-api:1.9.0" already present on machine
2026-09-27T14:54:23.858089Z Normal AddedInterface Add eth0 [10.146.73.1] from eni eni-9e5eede658b6
2026-09-27T14:54:26.858089Z Normal Scheduled Successfully assigned default/frontend-b16ce7 to ip-10-0-1-10.ec2.internal
2026-09-27T14:54:30.858089Z Normal SuccessfulCreate Created pod: pay-worker-dd7eae
2026-09-27T14:54:33.858089Z Normal LeaderElection loki-e35f06 became leader
2026-09-27T14:54:37.858089Z Normal Scheduled Successfully assigned ingress-nginx/ingress-nginx-controller-1f2e7a to ip-10-0-2-30.ec2.internal
2026-09-27T14:54:41.858089Z Normal SuccessfulCreate Created pod: web-2d0ee7
2026-09-27T14:54:44.858089Z Normal Synced Successfully synced kube-proxy-20708d
2026-09-27T14:54:48.858089Z Normal Synced Successfully synced ingress-nginx-controller-9eb1d7
2026-09-27T14:54:51.858089Z Normal Created Created container proxy
2026-09-27T14:54:55.858089Z Normal Pulled Container image "ghcr.io/company/auth-api:1.9.0" already present on machine
2026-09-27T14:54:59.858089Z Normal ScalingReplicaSet Scaled up replica set auth-api-056b65d3 to 2 from 2
2026-09-27T14:55:02.858089Z Normal Pulled Container image "ghcr.io/company/pay-api:2.3.1" already present on machine
2026-09-27T14:55:06.858089Z Normal Scheduled Successfully assigned payments/pay-api-3109c1 to ip-10-0-4-50.ec2.internal
2026-09-27T14:55:09.858089Z Normal Synced Successfully synced loki-ee39b7
2026-09-27T14:55:13.858089Z Normal Scheduled Successfully assigned payments/pay-worker-4e608a to ip-10-0-2-10.ec2.internal
2026-09-27T14:55:17.858089Z Normal Created Created container app
2026-09-27T14:55:20.858089Z Normal Created Created container proxy
2026-09-27T14:55:24.858089Z Normal AddedInterface Add eth0 [10.197.33.142] from eni eni-7d04a901780a
2026-09-27T14:55:27.858089Z Normal Synced Successfully synced loki-5d3b73
2026-09-27T14:55:31.858089Z Warning MemPressure Node ip-10-0-5-40.ec2.internal status is now: NodeHasMemoryPressure
2026-09-27T14:55:35.858089Z Normal ScalingReplicaSet Scaled up replica set coredns-39febade to 6 from 0
2026-09-27T14:55:38.858089Z Normal SuccessfulCreate Created pod: grafana-629172
2026-09-27T14:55:42.858089Z Normal LeaderElection auth-api-486cb7 became leader
2026-09-27T14:55:45.858089Z Normal Pulled Container image "python:3.11-slim" already present on machine
2026-09-27T14:55:49.858089Z Normal Scheduled Successfully assigned payments/pay-api-9259ed to ip-10-0-1-40.ec2.internal
2026-09-27T14:55:53.858089Z Normal Started Started container app
2026-09-27T14:55:56.858089Z Normal AddedInterface Add eth0 [10.118.40.59] from eni eni-0f29ea44432b
2026-09-27T14:56:00.858089Z Normal LeaderElection metrics-server-5a8d8d became leader
2026-09-27T14:56:03.858089Z Normal Synced Successfully synced ingress-nginx-controller-70026e
2026-09-27T14:56:07.858089Z Normal Pulled Container image "python:3.11-slim" already present on machine
2026-09-27T14:56:11.858089Z Normal Created Created container agent
2026-09-27T14:56:14.858089Z Warning NodeNotReady Node ip-10-0-1-20.ec2.internal status is now: NodeNotReady
2026-09-27T14:56:18.858089Z Normal ScalingReplicaSet Scaled up replica set oauth-9e6e0b0e to 3 from 2
2026-09-27T14:56:21.858089Z Normal Synced Successfully synced auth-api-dbd137
2026-09-27T14:56:25.858089Z Normal SuccessfulCreate Created pod: ingress-nginx-controller-08ed4a
2026-09-27T14:56:29.858089Z Normal Scheduled Successfully assigned kube-system/coredns-645d9e to ip-10-0-3-40.ec2.internal
2026-09-27T14:56:32.858089Z Normal Scheduled Successfully assigned ingress-nginx/ingress-nginx-controller-a267c0 to ip-10-0-2-40.ec2.internal
2026-09-27T14:56:36.858089Z Normal ScalingReplicaSet Scaled up replica set pay-api-87cfb50d to 3 from 1
2026-09-27T14:56:39.858089Z Normal Scheduled Successfully assigned payments/pay-worker-cf5399 to ip-10-0-1-40.ec2.internal
2026-09-27T14:56:43.858089Z Normal Pulled Container image "python:3.11-slim" already present on machine
2026-09-27T14:56:47.858089Z Normal SuccessfulCreate Created pod: coredns-349e2e
2026-09-27T14:56:50.858089Z Normal Synced Successfully synced kube-proxy-22cc4d
2026-09-27T14:56:54.858089Z Normal LeaderElection worker-317daf became leader
2026-09-27T14:56:57.858089Z Warning FailedScheduling 0/4 nodes are available: node(s) had taint {node.kubernetes.io/not-ready: }
2026-09-27T14:57:01.858089Z Normal Started Started container sidecar
2026-09-27T14:57:05.858089Z Normal ScalingReplicaSet Scaled up replica set ingress-nginx-controller-aa79f44e to 5 from 0
2026-09-27T14:57:08.858089Z Warning DNSConfigForming Nameserver limits were exceeded, some nameservers have been omitted, the applied nameserver line is: 10.35.55.227 10.124.220.174 10.138.30.177 10.211.170.243 10.16.184.191
2026-09-27T14:57:12.858089Z Normal AddedInterface Add eth0 [10.123.181.10] from eni eni-9c63f1b3f62e
2026-09-27T14:57:15.858089Z Normal Started Started container app
2026-09-27T14:57:19.858089Z Normal Pulled Container image "public.ecr.aws/eks/aws-node:v1.14.1" already present on machine
2026-09-27T14:57:23.858089Z Normal Scheduled Successfully assigned kube-system/coredns-2dbfbd to ip-10-0-2-30.ec2.internal
2026-09-27T14:57:26.858089Z Normal Started Started container proxy
2026-09-27T14:57:30.858089Z Normal LeaderElection oauth-b26e9d became leader
2026-09-27T14:57:33.858089Z Normal Started Started container agent
2026-09-27T14:57:37.858089Z Normal Created Created container proxy
2026-09-27T14:57:41.858089Z Normal Created Created container sidecar
2026-09-27T14:57:44.858089Z Normal LeaderElection coredns-5ea7ee became leader
2026-09-27T14:57:48.858089Z Normal Synced Successfully synced metrics-server-1f3e13
2026-09-27T14:57:51.858089Z Normal Created Created container sidecar
2026-09-27T14:57:55.858089Z Normal Scheduled Successfully assigned ingress-nginx/ingress-nginx-controller-396b76 to ip-10-0-3-50.ec2.internal
2026-09-27T14:57:59.858089Z Normal SuccessfulCreate Created pod: ingress-nginx-controller-d76bc0
2026-09-27T14:58:02.858089Z Warning ImagePullBackOff Back-off pulling image "nginx:1.25"
2026-09-27T14:58:06.858089Z Warning CrashLoopBackOff pod/web-f934c5 CrashLoopBackOff
2026-09-27T14:58:09.858089Z Normal Synced Successfully synced aws-node-fa6941
2026-09-27T14:58:13.858089Z Normal Started Started container sidecar
2026-09-27T14:58:17.858089Z Normal Created Created container agent
2026-09-27T14:58:20.858089Z Normal SuccessfulCreate Created pod: prometheus-bf2b35
2026-09-27T14:58:24.858089Z Normal LeaderElection worker-e574e2 became leader
2026-09-27T14:58:27.858089Z Normal LeaderElection loki-378579 became leader
2026-09-27T14:58:31.858089Z Normal AddedInterface Add eth0 [10.24.51.84] from eni eni-c6e506ad4213
2026-09-27T14:58:35.858089Z Warning ErrImagePull Failed to pull image "busybox:1.36": rpc error: code = Unknown desc = Error response from daemon: pull access denied
2026-09-27T14:58:38.858089Z Normal Synced Successfully synced api-b67b63
2026-09-27T14:58:42.858089Z Normal Started Started container agent
2026-09-27T14:58:45.858089Z Normal SuccessfulCreate Created pod: coredns-de1da9
2026-09-27T14:58:49.858089Z Normal LeaderElection pay-worker-7790a5 became leader
2026-09-27T14:58:53.858089Z Normal Started Started container proxy
2026-09-27T14:58:56.858089Z Normal Started Started container agent
2026-09-27T14:59:00.858089Z Normal Synced Successfully synced coredns-f5ab24
2026-09-27T14:59:03.858089Z Normal Synced Successfully synced ingress-nginx-controller-6a421f
2026-09-27T14:59:07.858089Z Warning NodeNotReady Node ip-10-0-3-40.ec2.internal status is now: NodeNotReady
2026-09-27T14:59:11.858089Z Normal Synced Successfully synced oauth-a9ca8d
2026-09-27T14:59:14.858089Z Normal Created Created container agent
2026-09-27T14:59:18.858089Z Normal AddedInterface Add eth0 [10.5.57.234] from eni eni-4ee27dcbc6eb
2026-09-27T14:59:21.858089Z Normal AddedInterface Add eth0 [10.186.186.91] from eni eni-9e9d10d74d6b
2026-09-27T14:59:25.858089Z Normal LeaderElection pay-worker-db78fb became leader
2026-09-27T14:59:29.858089Z Normal LeaderElection ingress-nginx-controller-715042 became leader
2026-09-27T14:59:32.858089Z Normal Synced Successfully synced api-07c92b
2026-09-27T14:59:36.858089Z Normal ScalingReplicaSet Scaled up replica set coredns-50c9bc15 to 5 from 1
2026-09-27T14:59:39.858089Z Normal Pulled Container image "python:3.11-slim" already present on machine
2026-09-27T14:59:43.858089Z Normal Synced Successfully synced web-9c0177
2026-09-27T14:59:47.858089Z Normal Pulled Container image "public.ecr.aws/eks/aws-node:v1.14.1" already present on machine
2026-09-27T14:59:50.858089Z Normal Synced Successfully synced ingress-nginx-controller-9a6853
2026-09-27T14:59:54.858089Z Normal Synced Successfully synced coredns-6161a5
2026-09-27T14:59:57.858089Z Normal Created Created container agent
2026-09-27T15:00:01.858089Z Normal Started Started container agent
2026-09-27T15:00:05.858089Z Normal AddedInterface Add eth0 [10.82.140.216] from eni eni-82420557a505
2026-09-27T15:00:08.858089Z Normal LeaderElection metrics-server-37cb0d became leader
2026-09-27T15:00:12.858089Z Normal Pulled Container image "public.ecr.aws/eks/aws-node:v1.14.1" already present on machine
2026-09-27T15:00:15.858089Z Normal AddedInterface Add eth0 [10.47.179.227] from eni eni-758463c328a0
2026-09-27T15:00:19.858089Z Normal ScalingReplicaSet Scaled up replica set metrics-server-b0ffce0a to 2 from 0
2026-09-27T15:00:23.858089Z Normal Scheduled Successfully assigned kube-system/kube-proxy-3e7166 to ip-10-0-5-30.ec2.internal
2026-09-27T15:00:26.858089Z Normal Scheduled Successfully assigned payments/pay-worker-6958e9 to ip-10-0-4-30.ec2.internal
2026-09-27T15:00:30.858089Z Normal SuccessfulCreate Created pod: web-7a5158
2026-09-27T15:00:33.858089Z Normal SuccessfulCreate Created pod: grafana-e93ccf
2026-09-27T15:00:37.858089Z Normal ScalingReplicaSet Scaled up replica set pay-worker-fe474193 to 4 from 2
2026-09-27T15:00:41.858089Z Normal LeaderElection ingress-nginx-controller-f16e23 became leader
2026-09-27T15:00:44.858089Z Normal SuccessfulCreate Created pod: pay-api-10d829
2026-09-27T15:00:48.858089Z Normal Pulled Container image "nginx:1.25" already present on machine
2026-09-27T15:00:51.858089Z Normal SuccessfulCreate Created pod: worker-924c1f
2026-09-27T15:00:55.858089Z Normal Pulled Container image "ghcr.io/company/pay-api:2.3.1" already present on machine
2026-09-27T15:00:59.858089Z Normal Pulled Container image "busybox:1.36" already present on machine
2026-09-27T15:01:02.858089Z Normal AddedInterface Add eth0 [10.25.220.111] from eni eni-4d6c3d60cae6
2026-09-27T15:01:06.858089Z Normal SuccessfulCreate Created pod: frontend-d10968
2026-09-27T15:01:09.858089Z Normal AddedInterface Add eth0 [10.188.9.103] from eni eni-c6db4d694d5c
2026-09-27T15:01:13.858089Z Normal ScalingReplicaSet Scaled up replica set web-853b1879 to 2 from 2
2026-09-27T15:01:17.858089Z Normal LeaderElection loki-4695ef became leader
2026-09-27T15:01:20.858089Z Normal AddedInterface Add eth0 [10.102.147.247] from eni eni-186ddfbabc59
2026-09-27T15:01:24.858089Z Normal Scheduled Successfully assigned ingress-nginx/ingress-nginx-controller-29a630 to ip-10-0-4-40.ec2.internal
2026-09-27T15:01:27.858089Z Normal Scheduled Successfully assigned auth/oauth-46a2e6 to ip-10-0-3-20.ec2.internal
2026-09-27T15:01:31.858089Z Normal LeaderElection oauth-aa97f2 became leader
2026-09-27T15:01:35.858089Z Normal ScalingReplicaSet Scaled up replica set frontend-4fd85a07 to 3 from 1
2026-09-27T15:01:38.858089Z Normal Created Created container app
2026-09-27T15:01:42.858089Z Normal Scheduled Successfully assigned payments/pay-worker-1687f5 to ip-10-0-3-20.ec2.internal
2026-09-27T15:01:45.858089Z Normal AddedInterface Add eth0 [10.130.191.252] from eni eni-e8a144e49c0f
2026-09-27T15:01:49.858089Z Normal Scheduled Successfully assigned ingress-nginx/ingress-nginx-controller-cd19ef to ip-10-0-4-30.ec2.internal
2026-09-27T15:01:53.858089Z Normal Pulled Container image "busybox:1.36" already present on machine
2026-09-27T15:01:56.858089Z Normal AddedInterface Add eth0 [10.229.74.1] from eni eni-9ad01d4302d4
2026-09-27T15:02:00.858089Z Normal Pulled Container image "busybox:1.36" already present on machine
2026-09-27T15:02:03.858089Z Normal Created Created container sidecar
2026-09-27T15:02:07.858089Z Normal Scheduled Successfully assigned kube-system/aws-node-c6cb80 to ip-10-0-1-40.ec2.internal
2026-09-27T15:02:11.858089Z Normal AddedInterface Add eth0 [10.254.12.204] from eni eni-13f4fbb9c420
2026-09-27T15:02:14.858089Z Normal AddedInterface Add eth0 [10.15.233.27] from eni eni-0dfda791a621
2026-09-27T15:02:18.858089Z Normal AddedInterface Add eth0 [10.67.252.164] from eni eni-bcbc0ba39ce0
2026-09-27T15:02:21.858089Z Normal Created Created container proxy
2026-09-27T15:02:25.858089Z Normal Synced Successfully synced metrics-server-259576
2026-09-27T15:02:29.858089Z Normal LeaderElection ingress-nginx-controller-40798b became leader
2026-09-27T15:02:32.858089Z Normal Created Created container app
2026-09-27T15:02:36.858089Z Warning DNSConfigForming Nameserver limits were exceeded, some nameservers have been omitted, the applied nameserver line is: 10.83.209.188 10.92.47.97 10.138.240.47 10.9.80.13 10.194.99.18
2026-09-27T15:02:39.858089Z Warning ErrImagePull Failed to pull image "python:3.11-slim": rpc error: code = Unknown desc = Error response from daemon: pull access denied
2026-09-27T15:02:43.858089Z Warning FailedMount Unable to attach or mount volumes: timed out waiting for the condition
2026-09-27T15:02:47.858089Z Normal Created Created container app
2026-09-27T15:02:50.858089Z Normal Started Started container sidecar
2026-09-27T15:02:54.858089Z Normal Synced Successfully synced grafana-a6969a
2026-09-27T15:02:57.858089Z Normal SuccessfulCreate Created pod: ingress-nginx-controller-e20976
2026-09-27T15:03:01.858089Z Normal Created Created container sidecar
2026-09-27T15:03:05.858089Z Normal LeaderElection aws-node-c52fb7 became leader
2026-09-27T15:03:08.858089Z Normal Pulled Container image "registry.k8s.io/coredns/coredns:v1.11.1" already present on machine
2026-09-27T15:03:12.858089Z Normal LeaderElection ingress-nginx-controller-a58cdf became leader
2026-09-27T15:03:15.858089Z Normal LeaderElection prometheus-1c858c became leader
2026-09-27T15:03:19.858089Z Normal AddedInterface Add eth0 [10.21.27.86] from eni eni-bc7dbf8b4381
2026-09-27T15:03:23.858089Z Normal Started Started container agent
2026-09-27T15:03:26.858089Z Normal Started Started container proxy
2026-09-27T15:03:30.858089Z Normal SuccessfulCreate Created pod: web-af0d8b
2026-09-27T15:03:33.858089Z Normal Scheduled Successfully assigned kube-system/metrics-server-533230 to ip-10-0-2-40.ec2.internal
2026-09-27T15:03:37.858089Z Normal ScalingReplicaSet Scaled up replica set oauth-f44ae7b1 to 6 from 2
2026-09-27T15:03:41.858089Z Normal ScalingReplicaSet Scaled up replica set ingress-nginx-controller-fdc2c280 to 3 from 1
2026-09-27T15:03:44.858089Z Normal Started Started container app
2026-09-27T15:03:48.858089Z Normal Created Created container sidecar
2026-09-27T15:03:51.858089Z Normal LeaderElection pay-worker-75f7f4 became leader
2026-09-27T15:03:55.858089Z Normal Started Started container app
2026-09-27T15:03:59.858089Z Normal Pulled Container image "public.ecr.aws/eks/aws-node:v1.14.1" already present on machine
2026-09-27T15:04:02.858089Z Normal LeaderElection coredns-991d9d became leader
2026-09-27T15:04:06.858089Z Normal SuccessfulCreate Created pod: api-d71ac9
2026-09-27T15:04:09.858089Z Normal AddedInterface Add eth0 [10.57.67.3] from eni eni-d7574ded1206
2026-09-27T15:04:13.858089Z Warning ImagePullBackOff Back-off pulling image "public.ecr.aws/eks/aws-node:v1.14.1"
2026-09-27T15:04:17.858089Z Normal Started Started container agent
2026-09-27T15:04:20.858089Z Normal Scheduled Successfully assigned auth/oauth-cdd890 to ip-10-0-1-30.ec2.internal
2026-09-27T15:04:24.858089Z Normal LeaderElection web-ac5572 became leader
2026-09-27T15:04:27.858089Z Normal Synced Successfully synced api-b8a50a
2026-09-27T15:04:31.858089Z Normal Started Started container app
2026-09-27T15:04:35.858089Z Normal ScalingReplicaSet Scaled up replica set oauth-63719646 to 6 from 1
2026-09-27T15:04:38.858089Z Normal Scheduled Successfully assigned default/worker-24be91 to ip-10-0-1-20.ec2.internal
2026-09-27T15:04:42.858089Z Normal SuccessfulCreate Created pod: auth-api-1b8493
2026-09-27T15:04:45.858089Z Warning FailedCreate Error creating: pods "prometheus-71bb8e" is forbidden: error looking up service account observability/default: serviceaccount "default" not found
2026-09-27T15:04:49.858089Z Normal SuccessfulCreate Created pod: ingress-nginx-controller-5e1b11
2026-09-27T15:04:53.858089Z Normal Pulled Container image "public.ecr.aws/eks/aws-node:v1.14.1" already present on machine
2026-09-27T15:04:56.858089Z Normal SuccessfulCreate Created pod: ingress-nginx-controller-5aec97
2026-09-27T15:05:00.858089Z Normal Synced Successfully synced coredns-ab4dd0
2026-09-27T15:05:03.858089Z Normal AddedInterface Add eth0 [10.241.73.91] from eni eni-d6c5183c9b30
2026-09-27T15:05:07.858089Z Normal Pulled Container image "nginx:1.25" already present on machine
2026-09-27T15:05:11.858089Z Normal ScalingReplicaSet Scaled up replica set oauth-c324ffbd to 5 from 2
2026-09-27T15:05:14.858089Z Normal Created Created container agent
2026-09-27T15:05:18.858089Z Warning FailedScheduling 0/7 nodes are available: node(s) had taint {node.kubernetes.io/not-ready: }
2026-09-27T15:05:21.858089Z Normal Created Created container agent
2026-09-27T15:05:25.858089Z Normal SuccessfulCreate Created pod: oauth-ec4c0b
2026-09-27T15:05:29.858089Z Normal Started Started container proxy
2026-09-27T15:05:32.858089Z Warning MemPressure Node ip-10-0-3-50.ec2.internal status is now: NodeHasMemoryPressure
2026-09-27T15:05:36.858089Z Normal Scheduled Successfully assigned observability/loki-1e2c73 to ip-10-0-3-40.ec2.internal
2026-09-27T15:05:39.858089Z Normal Synced Successfully synced api-be7862
2026-09-27T15:05:43.858089Z Normal AddedInterface Add eth0 [10.170.115.248] from eni eni-6b6383134570
2026-09-27T15:05:47.858089Z Normal Synced Successfully synced oauth-90abf7
2026-09-27T15:05:50.858089Z Normal Synced Successfully synced web-c51207
2026-09-27T15:05:54.858089Z Warning BackOff Back-off restarting failed container app in pod observability/prometheus-a5de7d
2026-09-27T15:05:57.858089Z Normal Created Created container agent
2026-09-27T15:06:01.858089Z Normal Pulled Container image "python:3.11-slim" already present on machine
2026-09-27T15:06:05.858089Z Normal Scheduled Successfully assigned auth/oauth-154d13 to ip-10-0-5-10.ec2.internal
2026-09-27T15:06:08.858089Z Normal Synced Successfully synced pay-api-b06479
2026-09-27T15:06:12.858089Z Normal SuccessfulCreate Created pod: auth-api-0c74df
2026-09-27T15:06:15.858089Z Normal SuccessfulCreate Created pod: web-3fd46f
2026-09-27T15:06:19.858089Z Normal Created Created container sidecar
2026-09-27T15:06:23.858089Z Warning ImagePullBackOff Back-off pulling image "python:3.11-slim"
2026-09-27T15:06:26.858089Z Normal LeaderElection ingress-nginx-controller-b11fec became leader
2026-09-27T15:06:30.858089Z Normal Pulled Container image "nginx:1.25" already present on machine
2026-09-27T15:06:33.858089Z Normal AddedInterface Add eth0 [10.111.2.119] from eni eni-885dc05b1647
2026-09-27T15:06:37.858089Z Normal SuccessfulCreate Created pod: auth-api-dc7677
2026-09-27T15:06:41.858089Z Normal AddedInterface Add eth0 [10.216.6.215] from eni eni-34ff2d6f8c9b
2026-09-27T15:06:44.858089Z Normal Scheduled Successfully assigned payments/pay-api-ae0c2b to ip-10-0-1-20.ec2.internal
2026-09-27T15:06:48.858089Z Normal Synced Successfully synced worker-c433ec
2026-09-27T15:06:51.858089Z Normal Created Created container agent
2026-09-27T15:06:55.858089Z Normal Scheduled Successfully assigned auth/auth-api-49ca89 to ip-10-0-1-30.ec2.internal
2026-09-27T15:06:59.858089Z Normal Created Created container proxy
2026-09-27T15:07:02.858089Z Normal ScalingReplicaSet Scaled up replica set oauth-54dcec5a to 4 from 2
2026-09-27T15:07:06.858089Z Normal Pulled Container image "ghcr.io/company/pay-api:2.3.1" already present on machine
2026-09-27T15:07:09.858089Z Warning OOMKilled Container proxy in pod auth/auth-api-321271 was killed due to OOM
2026-09-27T15:07:13.858089Z Normal Scheduled Successfully assigned payments/pay-worker-3feb3e to ip-10-0-1-50.ec2.internal
2026-09-27T15:07:17.858089Z Normal Synced Successfully synced ingress-nginx-controller-d792e7
2026-09-27T15:07:20.858089Z Normal Synced Successfully synced oauth-10f688
2026-09-27T15:07:24.858089Z Normal Pulled Container image "ghcr.io/company/auth-api:1.9.0" already present on machine
2026-09-27T15:07:27.858089Z Normal AddedInterface Add eth0 [10.197.92.123] from eni eni-398c06c51a4a
2026-09-27T15:07:31.858089Z Normal LeaderElection ingress-nginx-controller-a98b11 became leader
2026-09-27T15:07:35.858089Z Normal Scheduled Successfully assigned auth/oauth-68117c to ip-10-0-4-20.ec2.internal
2026-09-27T15:07:38.858089Z Normal Scheduled Successfully assigned kube-system/coredns-b00505 to ip-10-0-4-10.ec2.internal
2026-09-27T15:07:42.858089Z Normal Started Started container app
2026-09-27T15:07:45.858089Z Warning FailedScheduling 0/8 nodes are available: 0/5 nodes available: pod has unbound immediate PersistentVolumeClaims
2026-09-27T15:07:49.858089Z Warning NodeNotReady Node ip-10-0-3-40.ec2.internal status is now: NodeNotReady
2026-09-27T15:07:53.858089Z Normal ScalingReplicaSet Scaled up replica set pay-worker-d662dba5 to 2 from 0
2026-09-27T15:07:56.858089Z Normal ScalingReplicaSet Scaled up replica set oauth-1a4a840f to 2 from 1
2026-09-27T15:08:00.858089Z Normal Pulled Container image "registry.k8s.io/coredns/coredns:v1.11.1" already present on machine
2026-09-27T15:08:03.858089Z Normal LeaderElection pay-api-11893e became leader
2026-09-27T15:08:07.858089Z Normal LeaderElection ingress-nginx-controller-227845 became leader
2026-09-27T15:08:11.858089Z Normal Created Created container app
2026-09-27T15:08:14.858089Z Normal Synced Successfully synced pay-api-74baaa
2026-09-27T15:08:18.858089Z Warning MemPressure Node ip-10-0-2-40.ec2.internal status is now: NodeHasMemoryPressure
2026-09-27T15:08:21.858089Z Normal Synced Successfully synced web-60101c
2026-09-27T15:08:25.858089Z Normal LeaderElection metrics-server-96670a became leader
2026-09-27T15:08:29.858089Z Normal Started Started container agent
2026-09-27T15:08:32.858089Z Normal AddedInterface Add eth0 [10.197.19.204] from eni eni-c2c584fe001f
2026-09-27T15:08:36.858089Z Normal Scheduled Successfully assigned auth/oauth-800888 to ip-10-0-3-50.ec2.internal
2026-09-27T15:08:39.858089Z Normal Started Started container app
2026-09-27T15:08:43.858089Z Normal ScalingReplicaSet Scaled up replica set loki-98841d06 to 3 from 2
2026-09-27T15:08:47.858089Z Normal Pulled Container image "ghcr.io/company/auth-api:1.9.0" already present on machine
2026-09-27T15:08:50.858089Z Normal Started Started container sidecar
2026-09-27T15:08:54.858089Z Normal Started Started container agent
2026-09-27T15:08:57.858089Z Normal ScalingReplicaSet Scaled up replica set metrics-server-62a2da6f to 3 from 2
2026-09-27T15:09:01.858089Z Normal Started Started container app
2026-09-27T15:09:05.858089Z Normal AddedInterface Add eth0 [10.216.10.42] from eni eni-4d471e8ecfb6
2026-09-27T15:09:08.858089Z Normal AddedInterface Add eth0 [10.61.136.61] from eni eni-5e1d904f2a20
2026-09-27T15:09:12.858089Z Normal Synced Successfully synced auth-api-07b84d
2026-09-27T15:09:15.858089Z Normal ScalingReplicaSet Scaled up replica set pay-api-33d6767f to 6 from 2
2026-09-27T15:09:19.858089Z Normal Synced Successfully synced ingress-nginx-controller-cdd088
2026-09-27T15:09:23.858089Z Normal AddedInterface Add eth0 [10.18.46.78] from eni eni-e932a789540f
2026-09-27T15:09:26.858089Z Normal Started Started container proxy
2026-09-27T15:09:30.858089Z Normal Created Created container agent
2026-09-27T15:09:33.858089Z Normal LeaderElection kube-proxy-a16463 became leader
2026-09-27T15:09:37.858089Z Normal ScalingReplicaSet Scaled up replica set ingress-nginx-controller-eb62c589 to 5 from 0
2026-09-27T15:09:41.858089Z Normal Created Created container proxy
2026-09-27T15:09:44.858089Z Normal ScalingReplicaSet Scaled up replica set loki-a5103fa2 to 2 from 2
2026-09-27T15:09:48.858089Z Normal LeaderElection ingress-nginx-controller-2987eb became leader
2026-09-27T15:09:51.858089Z Normal Started Started container agent
2026-09-27T15:09:55.858089Z Normal ScalingReplicaSet Scaled up replica set ingress-nginx-controller-7609c134 to 6 from 2
2026-09-27T15:09:59.858089Z Normal Scheduled Successfully assigned default/frontend-a49d7e to ip-10-0-3-50.ec2.internal
2026-09-27T15:10:02.858089Z Normal SuccessfulCreate Created pod: ingress-nginx-controller-ce65dd
2026-09-27T15:10:06.858089Z Normal Pulled Container image "ghcr.io/company/pay-api:2.3.1" already present on machine
2026-09-27T15:10:09.858089Z Normal Scheduled Successfully assigned observability/prometheus-ce8faf to ip-10-0-5-40.ec2.internal
2026-09-27T15:10:13.858089Z Warning FailedCreate Error creating: pods "ingress-nginx-controller-ed5a2c" is forbidden: error looking up service account ingress-nginx/default: serviceaccount "default" not found
2026-09-27T15:10:17.858089Z Normal Synced Successfully synced metrics-server-e80f8a
2026-09-27T15:10:20.858089Z Normal Pulled Container image "ghcr.io/company/auth-api:1.9.0" already present on machine
2026-09-27T15:10:24.858089Z Normal SuccessfulCreate Created pod: oauth-824614
2026-09-27T15:10:27.858089Z Normal Started Started container app
2026-09-27T15:10:31.858089Z Normal Synced Successfully synced grafana-e5bc5f
2026-09-27T15:10:35.858089Z Normal Created Created container app
2026-09-27T15:10:38.858089Z Normal Scheduled Successfully assigned observability/grafana-96a35b to ip-10-0-5-50.ec2.internal
2026-09-27T15:10:42.858089Z Normal Created Created container agent
2026-09-27T15:10:45.858089Z Normal AddedInterface Add eth0 [10.234.231.83] from eni eni-bc0f5ddfc3fb
2026-09-27T15:10:49.858089Z Normal Scheduled Successfully assigned default/worker-9d7bc7 to ip-10-0-1-50.ec2.internal
2026-09-27T15:10:53.858089Z Normal Created Created container proxy
2026-09-27T15:10:56.858089Z Normal AddedInterface Add eth0 [10.252.21.183] from eni eni-60fbb21923f0
2026-09-27T15:11:00.858089Z Normal Started Started container sidecar
2026-09-27T15:11:03.858089Z Normal LeaderElection prometheus-c97e30 became leader
2026-09-27T15:11:07.858089Z Warning ImagePullBackOff Back-off pulling image "ghcr.io/company/pay-api:2.3.1"
2026-09-27T15:11:11.858089Z Normal SuccessfulCreate Created pod: kube-proxy-321c44
2026-09-27T15:11:14.858089Z Normal AddedInterface Add eth0 [10.236.91.169] from eni eni-b4a3f024cd6b
2026-09-27T15:11:18.858089Z Normal Synced Successfully synced frontend-7419ae
2026-09-27T15:11:21.858089Z Normal Scheduled Successfully assigned kube-system/aws-node-2f424a to ip-10-0-1-10.ec2.internal
2026-09-27T15:11:25.858089Z Normal Scheduled Successfully assigned kube-system/kube-proxy-c19e82 to ip-10-0-4-10.ec2.internal
2026-09-27T15:11:29.858089Z Normal Scheduled Successfully assigned auth/oauth-cdb56d to ip-10-0-1-10.ec2.internal
2026-09-27T15:11:32.858089Z Normal Pulled Container image "nginx:1.25" already present on machine
2026-09-27T15:11:36.858089Z Warning CrashLoopBackOff pod/ingress-nginx-controller-7ec484 CrashLoopBackOff
2026-09-27T15:11:39.858089Z Normal Created Created container agent
2026-09-27T15:11:43.858089Z Normal ScalingReplicaSet Scaled up replica set auth-api-b8649e99 to 2 from 0
2026-09-27T15:11:47.858089Z Warning TLSHandshakeTimeout net/http: TLS handshake timeout
2026-09-27T15:11:50.858089Z Normal Pulled Container image "busybox:1.36" already present on machine
2026-09-27T15:11:54.858089Z Normal Scheduled Successfully assigned ingress-nginx/ingress-nginx-controller-2f6a1b to ip-10-0-1-40.ec2.internal
2026-09-27T15:11:57.858089Z Normal LeaderElection prometheus-7b9886 became leader
2026-09-27T15:12:01.858089Z Normal ScalingReplicaSet Scaled up replica set ingress-nginx-controller-3dfa6833 to 3 from 2
2026-09-27T15:12:05.858089Z Normal LeaderElection ingress-nginx-controller-71c71e became leader
2026-09-27T15:12:08.858089Z Normal Scheduled Successfully assigned ingress-nginx/ingress-nginx-controller-c81a95 to ip-10-0-5-50.ec2.internal
2026-09-27T15:12:12.858089Z Normal Synced Successfully synced worker-9bc330
2026-09-27T15:12:15.858089Z Normal Created Created container proxy
2026-09-27T15:12:19.858089Z Warning Unhealthy Readiness probe failed: Get "http://10.176.147.12:8080/health": dial tcp 10.176.147.12:8080: i/o timeout
2026-09-27T15:12:23.858089Z Normal Synced Successfully synced pay-api-f6509c
2026-09-27T15:12:26.858089Z Normal AddedInterface Add eth0 [10.49.247.38] from eni eni-3f392515d929
2026-09-27T15:12:30.858089Z Warning MemPressure Node ip-10-0-2-40.ec2.internal status is now: NodeHasMemoryPressure
2026-09-27T15:12:33.858089Z Normal ScalingReplicaSet Scaled up replica set loki-6abe97bb to 5 from 1
2026-09-27T15:12:37.858089Z Normal SuccessfulCreate Created pod: ingress-nginx-controller-5bc438
2026-09-27T15:12:41.858089Z Normal Pulled Container image "ghcr.io/company/auth-api:1.9.0" already present on machine
2026-09-27T15:12:44.858089Z Normal Created Created container proxy
2026-09-27T15:12:48.858089Z Normal Scheduled Successfully assigned kube-system/kube-proxy-084b83 to ip-10-0-5-20.ec2.internal
2026-09-27T15:12:51.858089Z Normal Pulled Container image "busybox:1.36" already present on machine
2026-09-27T15:12:55.858089Z Normal Pulled Container image "nginx:1.25" already present on machine
2026-09-27T15:12:59.858089Z Normal ScalingReplicaSet Scaled up replica set ingress-nginx-controller-d6bbd322 to 5 from 0
2026-09-27T15:13:02.858089Z Normal Scheduled Successfully assigned ingress-nginx/ingress-nginx-controller-180e7d to ip-10-0-2-30.ec2.internal
2026-09-27T15:13:06.858089Z Normal Pulled Container image "ghcr.io/company/pay-api:2.3.1" already present on machine
2026-09-27T15:13:09.858089Z Normal ScalingReplicaSet Scaled up replica set ingress-nginx-controller-4660ef1a to 5 from 1
2026-09-27T15:13:13.858089Z Normal Synced Successfully synced loki-a6cd72
2026-09-27T15:13:17.858089Z Normal Pulled Container image "registry.k8s.io/coredns/coredns:v1.11.1" already present on machine
2026-09-27T15:13:20.858089Z Normal Started Started container proxy
2026-09-27T15:13:24.858089Z Normal AddedInterface Add eth0 [10.161.42.89] from eni eni-cedda78ca51f
2026-09-27T15:13:27.858089Z Normal Started Started container proxy
2026-09-27T15:13:31.858089Z Normal SuccessfulCreate Created pod: web-13f58c
2026-09-27T15:13:35.858089Z Normal LeaderElection kube-proxy-17003d became leader
2026-09-27T15:13:38.858089Z Normal SuccessfulCreate Created pod: grafana-639cf5
2026-09-27T15:13:42.858089Z Normal Pulled Container image "public.ecr.aws/eks/aws-node:v1.14.1" already present on machine
2026-09-27T15:13:45.858089Z Normal Started Started container sidecar
2026-09-27T15:13:49.858089Z Normal Synced Successfully synced pay-api-dabb6b
2026-09-27T15:13:53.858089Z Normal Scheduled Successfully assigned observability/grafana-202ac1 to ip-10-0-5-30.ec2.internal
2026-09-27T15:13:56.858089Z Normal ScalingReplicaSet Scaled up replica set pay-api-85420d2c to 5 from 0
2026-09-27T15:14:00.858089Z Normal SuccessfulCreate Created pod: loki-a62871
2026-09-27T15:14:03.858089Z Normal Scheduled Successfully assigned default/web-8fecdb to ip-10-0-4-40.ec2.internal
2026-09-27T15:14:07.858089Z Warning FailedScheduling 0/3 nodes are available: Insufficient memory
2026-09-27T15:14:11.858089Z Normal Scheduled Successfully assigned default/api-d7f4d9 to ip-10-0-1-10.ec2.internal
2026-09-27T15:14:14.858089Z Normal ScalingReplicaSet Scaled up replica set frontend-da5303bc to 4 from 2
2026-09-27T15:14:18.858089Z Normal Scheduled Successfully assigned observability/prometheus-2541e7 to ip-10-0-4-40.ec2.internal
2026-09-27T15:14:21.858089Z Normal Started Started container proxy
2026-09-27T15:14:25.858089Z Normal SuccessfulCreate Created pod: api-c4026d
2026-09-27T15:14:29.858089Z Normal ScalingReplicaSet Scaled up replica set auth-api-d42ba0b6 to 3 from 1
2026-09-27T15:14:32.858089Z Normal LeaderElection worker-e27680 became leader
2026-09-27T15:14:36.858089Z Normal LeaderElection pay-api-31042e became leader
2026-09-27T15:14:39.858089Z Normal ScalingReplicaSet Scaled up replica set pay-api-23ccc3af to 5 from 0
2026-09-27T15:14:43.858089Z Normal LeaderElection ingress-nginx-controller-4bffbe became leader
2026-09-27T15:14:47.858089Z Normal Started Started container agent
2026-09-27T15:14:50.858089Z Normal Started Started container sidecar
2026-09-27T15:14:54.858089Z Warning ImagePullBackOff Back-off pulling image "busybox:1.36"
2026-09-27T15:14:57.858089Z Normal Synced Successfully synced oauth-c45a2a
2026-09-27T15:15:01.858089Z Normal Pulled Container image "python:3.11-slim" already present on machine
2026-09-27T15:15:05.858089Z Normal LeaderElection ingress-nginx-controller-fd4dcd became leader
2026-09-27T15:15:08.858089Z Normal Scheduled Successfully assigned payments/pay-worker-738be8 to ip-10-0-3-50.ec2.internal
2026-09-27T15:15:12.858089Z Normal SuccessfulCreate Created pod: ingress-nginx-controller-1de1c8
2026-09-27T15:15:15.858089Z Normal Started Started container proxy
2026-09-27T15:15:19.858089Z Normal Synced Successfully synced oauth-776f65
2026-09-27T15:15:23.858089Z Warning NodeNotReady Node ip-10-0-4-50.ec2.internal status is now: NodeNotReady
2026-09-27T15:15:26.858089Z Warning ImagePullBackOff Back-off pulling image "public.ecr.aws/eks/aws-node:v1.14.1"
2026-09-27T15:15:30.858089Z Normal Scheduled Successfully assigned kube-system/aws-node-333745 to ip-10-0-5-20.ec2.internal
2026-09-27T15:15:33.858089Z Normal Started Started container sidecar
2026-09-27T15:15:37.858089Z Normal LeaderElection worker-4705a0 became leader
2026-09-27T15:15:41.858089Z Normal Created Created container proxy
2026-09-27T15:15:44.858089Z Normal SuccessfulCreate Created pod: loki-2fe3de
2026-09-27T15:15:48.858089Z Normal AddedInterface Add eth0 [10.20.177.134] from eni eni-0b71b6ed3b4f
2026-09-27T15:15:51.858089Z Normal Pulled Container image "busybox:1.36" already present on machine
2026-09-27T15:15:55.858089Z Normal Started Started container proxy
2026-09-27T15:15:59.858089Z Normal LeaderElection kube-proxy-7e46b7 became leader
2026-09-27T15:16:02.858089Z Normal Scheduled Successfully assigned observability/grafana-f548d6 to ip-10-0-4-30.ec2.internal
2026-09-27T15:16:06.858089Z Normal Synced Successfully synced web-ce17f9
2026-09-27T15:16:09.858089Z Normal Created Created container app
2026-09-27T15:16:13.858089Z Warning DiskPressure Node ip-10-0-4-30.ec2.internal status is now: NodeHasDiskPressure
2026-09-27T15:16:17.858089Z Normal AddedInterface Add eth0 [10.176.199.236] from eni eni-48835eb74441
2026-09-27T15:16:20.858089Z Normal ScalingReplicaSet Scaled up replica set worker-b85d42fc to 6 from 0
2026-09-27T15:16:24.858089Z Normal Pulled Container image "python:3.11-slim" already present on machine
2026-09-27T15:16:27.858089Z Normal Scheduled Successfully assigned auth/auth-api-242125 to ip-10-0-5-20.ec2.internal
2026-09-27T15:16:31.858089Z Warning TLSHandshakeTimeout net/http: TLS handshake timeout
2026-09-27T15:16:35.858089Z Normal Pulled Container image "public.ecr.aws/eks/aws-node:v1.14.1" already present on machine
2026-09-27T15:16:38.858089Z Normal AddedInterface Add eth0 [10.88.202.169] from eni eni-3c5dc935be50
2026-09-27T15:16:42.858089Z Normal Synced Successfully synced ingress-nginx-controller-c7fe2f
2026-09-27T15:16:45.858089Z Normal SuccessfulCreate Created pod: auth-api-46820d
2026-09-27T15:16:49.858089Z Normal AddedInterface Add eth0 [10.85.6.203] from eni eni-da7f1dfd9c2f
2026-09-27T15:16:53.858089Z Normal Pulled Container image "registry.k8s.io/coredns/coredns:v1.11.1" already present on machine
2026-09-27T15:16:56.858089Z Normal Created Created container agent
2026-09-27T15:17:00.858089Z Normal Scheduled Successfully assigned payments/pay-worker-1aa781 to ip-10-0-2-40.ec2.internal
2026-09-27T15:17:03.858089Z Normal AddedInterface Add eth0 [10.186.247.199] from eni eni-0b4ca5e03403
2026-09-27T15:17:07.858089Z Normal Synced Successfully synced kube-proxy-3ba002
2026-09-27T15:17:11.858089Z Normal AddedInterface Add eth0 [10.54.32.184] from eni eni-a6149cf1c185
2026-09-27T15:17:14.858089Z Normal Synced Successfully synced oauth-a45e2e
2026-09-27T15:17:18.858089Z Normal Created Created container agent
2026-09-27T15:17:21.858089Z Normal LeaderElection web-17d42b became leader
2026-09-27T15:17:25.858089Z Normal SuccessfulCreate Created pod: auth-api-d447ae
2026-09-27T15:17:29.858089Z Normal AddedInterface Add eth0 [10.235.150.45] from eni eni-e14349a796b4
2026-09-27T15:17:32.858089Z Normal LeaderElection ingress-nginx-controller-c6292d became leader
2026-09-27T15:17:36.858089Z Normal LeaderElection grafana-42c5fe became leader
2026-09-27T15:17:39.858089Z Normal Scheduled Successfully assigned default/api-0b6c4d to ip-10-0-2-50.ec2.internal
2026-09-27T15:17:43.858089Z Normal AddedInterface Add eth0 [10.9.103.31] from eni eni-98e92b76014c
2026-09-27T15:17:47.858089Z Normal SuccessfulCreate Created pod: loki-ef91b6
2026-09-27T15:17:50.858089Z Normal Started Started container agent
2026-09-27T15:17:54.858089Z Normal Synced Successfully synced pay-api-417f34
2026-09-27T15:17:57.858089Z Warning ErrImagePull Failed to pull image "nginx:1.25": rpc error: code = Unknown desc = Error response from daemon: pull access denied
2026-09-27T15:18:01.858089Z Normal LeaderElection ingress-nginx-controller-7e89b1 became leader
2026-09-27T15:18:05.858089Z Normal SuccessfulCreate Created pod: ingress-nginx-controller-f7d0d4
2026-09-27T15:18:08.858089Z Normal Created Created container proxy
2026-09-27T15:18:12.858089Z Normal Pulled Container image "python:3.11-slim" already present on machine
2026-09-27T15:18:15.858089Z Normal Scheduled Successfully assigned payments/pay-worker-02a1d0 to ip-10-0-1-30.ec2.internal
2026-09-27T15:18:19.858089Z Normal AddedInterface Add eth0 [10.159.26.35] from eni eni-55308eb267de
2026-09-27T15:18:23.858089Z Normal Synced Successfully synced metrics-server-da4160
2026-09-27T15:18:26.858089Z Normal Pulled Container image "registry.k8s.io/coredns/coredns:v1.11.1" already present on machine
2026-09-27T15:18:30.858089Z Normal ScalingReplicaSet Scaled up replica set ingress-nginx-controller-c76cfeb7 to 2 from 2
2026-09-27T15:18:33.858089Z Normal ScalingReplicaSet Scaled up replica set ingress-nginx-controller-4a2dba75 to 5 from 2
2026-09-27T15:18:37.858089Z Normal Pulled Container image "nginx:1.25" already present on machine
2026-09-27T15:18:41.858089Z Warning DiskPressure Node ip-10-0-2-30.ec2.internal status is now: NodeHasDiskPressure
2026-09-27T15:18:44.858089Z Normal Scheduled Successfully assigned kube-system/aws-node-ae6114 to ip-10-0-5-30.ec2.internal
2026-09-27T15:18:48.858089Z Normal Pulled Container image "busybox:1.36" already present on machine
2026-09-27T15:18:51.858089Z Normal AddedInterface Add eth0 [10.224.174.178] from eni eni-0b7f218955c3
2026-09-27T15:18:55.858089Z Normal Created Created container agent
2026-09-27T15:18:59.858089Z Normal Pulled Container image "registry.k8s.io/coredns/coredns:v1.11.1" already present on machine
2026-09-27T15:19:02.858089Z Normal SuccessfulCreate Created pod: loki-36a1a8
2026-09-27T15:19:06.858089Z Normal LeaderElection ingress-nginx-controller-9c142b became leader
2026-09-27T15:19:09.858089Z Normal LeaderElection auth-api-b6bdea became leader
2026-09-27T15:19:13.858089Z Normal Scheduled Successfully assigned auth/auth-api-a93077 to ip-10-0-1-50.ec2.internal
2026-09-27T15:19:17.858089Z Normal AddedInterface Add eth0 [10.125.8.123] from eni eni-a0b6be6d7f2f
2026-09-27T15:19:20.858089Z Normal Created Created container app
2026-09-27T15:19:24.858089Z Normal Scheduled Successfully assigned default/web-a40744 to ip-10-0-3-50.ec2.internal
2026-09-27T15:19:27.858089Z Normal Pulled Container image "nginx:1.25" already present on machine
2026-09-27T15:19:31.858089Z Normal Created Created container sidecar
2026-09-27T15:19:35.858089Z Normal Started Started container sidecar
2026-09-27T15:19:38.858089Z Normal SuccessfulCreate Created pod: pay-api-76b9ed
2026-09-27T15:19:42.858089Z Normal SuccessfulCreate Created pod: pay-api-84ae05
2026-09-27T15:19:45.858089Z Normal Created Created container app
2026-09-27T15:19:49.858089Z Normal Scheduled Successfully assigned auth/auth-api-7457aa to ip-10-0-3-20.ec2.internal
2026-09-27T15:19:53.858089Z Normal ScalingReplicaSet Scaled up replica set pay-api-164d94ca to 6 from 1
2026-09-27T15:19:56.858089Z Normal Synced Successfully synced auth-api-104d75
2026-09-27T15:20:00.858089Z Normal Scheduled Successfully assigned payments/pay-worker-13460c to ip-10-0-3-40.ec2.internal
2026-09-27T15:20:03.858089Z Normal AddedInterface Add eth0 [10.178.119.144] from eni eni-31769d14b2ea
2026-09-27T15:20:07.858089Z Normal LeaderElection oauth-956288 became leader
2026-09-27T15:20:11.858089Z Normal SuccessfulCreate Created pod: worker-e4a7dd
2026-09-27T15:20:14.858089Z Normal Created Created container sidecar
2026-09-27T15:20:18.858089Z Normal SuccessfulCreate Created pod: oauth-7c7d5d
2026-09-27T15:20:21.858089Z Normal ScalingReplicaSet Scaled up replica set prometheus-2beb53f7 to 6 from 2
2026-09-27T15:20:25.858089Z Normal Synced Successfully synced oauth-f8d71f
2026-09-27T15:20:29.858089Z Normal Synced Successfully synced frontend-e249f2
2026-09-27T15:20:32.858089Z Normal ScalingReplicaSet Scaled up replica set loki-fc580f0b to 2 from 2
2026-09-27T15:20:36.858089Z Normal Scheduled Successfully assigned observability/grafana-cdd45a to ip-10-0-5-30.ec2.internal
2026-09-27T15:20:39.858089Z Warning MemPressure Node ip-10-0-5-40.ec2.internal status is now: NodeHasMemoryPressure
2026-09-27T15:20:43.858089Z Normal Created Created container app
2026-09-27T15:20:47.858089Z Warning FailedScheduling 0/5 nodes are available: Insufficient cpu
2026-09-27T15:20:50.858089Z Normal Pulled Container image "public.ecr.aws/eks/aws-node:v1.14.1" already present on machine
2026-09-27T15:20:54.858089Z Normal ScalingReplicaSet Scaled up replica set coredns-b7ddf12e to 5 from 1
2026-09-27T15:20:57.858089Z Normal LeaderElection ingress-nginx-controller-417f04 became leader
2026-09-27T15:21:01.858089Z Normal ScalingReplicaSet Scaled up replica set metrics-server-240b5833 to 2 from 0
2026-09-27T15:21:05.858089Z Warning DiskPressure Node ip-10-0-4-10.ec2.internal status is now: NodeHasDiskPressure
2026-09-27T15:21:08.858089Z Normal SuccessfulCreate Created pod: ingress-nginx-controller-0f0020
2026-09-27T15:21:12.858089Z Normal Started Started container proxy
2026-09-27T15:21:15.858089Z Normal Pulled Container image "nginx:1.25" already present on machine
2026-09-27T15:21:19.858089Z Normal Scheduled Successfully assigned payments/pay-worker-68644b to ip-10-0-1-40.ec2.internal
2026-09-27T15:21:23.858089Z Normal Started Started container proxy
2026-09-27T15:21:26.858089Z Normal LeaderElection ingress-nginx-controller-aab8a6 became leader
2026-09-27T15:21:30.858089Z Normal Started Started container sidecar
2026-09-27T15:21:33.858089Z Normal AddedInterface Add eth0 [10.49.113.27] from eni eni-a70067ccff0a
2026-09-27T15:21:37.858089Z Normal ScalingReplicaSet Scaled up replica set grafana-b686c1d6 to 3 from 0
2026-09-27T15:21:41.858089Z Normal LeaderElection pay-api-2e1c62 became leader
2026-09-27T15:21:44.858089Z Normal Synced Successfully synced prometheus-ce9f56
2026-09-27T15:21:48.858089Z Normal AddedInterface Add eth0 [10.81.40.180] from eni eni-21ab95a8811a
2026-09-27T15:21:51.858089Z Normal Pulled Container image "public.ecr.aws/eks/aws-node:v1.14.1" already present on machine
2026-09-27T15:21:55.858089Z Normal LeaderElection metrics-server-2c3db5 became leader
2026-09-27T15:21:59.858089Z Warning MemPressure Node ip-10-0-5-50.ec2.internal status is now: NodeHasMemoryPressure
2026-09-27T15:22:02.858089Z Normal Synced Successfully synced grafana-9c8b46
2026-09-27T15:22:06.858089Z Normal Pulled Container image "nginx:1.25" already present on machine
2026-09-27T15:22:09.858089Z Normal Scheduled Successfully assigned auth/oauth-ef000b to ip-10-0-2-40.ec2.internal
2026-09-27T15:22:13.858089Z Normal Pulled Container image "registry.k8s.io/coredns/coredns:v1.11.1" already present on machine
2026-09-27T15:22:17.858089Z Normal LeaderElection web-a2fc29 became leader
2026-09-27T15:22:20.858089Z Normal Scheduled Successfully assigned kube-system/aws-node-d9d4c1 to ip-10-0-4-50.ec2.internal
2026-09-27T15:22:24.858089Z Normal Pulled Container image "busybox:1.36" already present on machine
2026-09-27T15:22:27.858089Z Normal LeaderElection auth-api-49fdef became leader
2026-09-27T15:22:31.858089Z Normal Scheduled Successfully assigned auth/oauth-fe5c5a to ip-10-0-4-10.ec2.internal
2026-09-27T15:22:35.858089Z Normal ScalingReplicaSet Scaled up replica set worker-01791538 to 4 from 1
2026-09-27T15:22:38.858089Z Normal SuccessfulCreate Created pod: loki-314878
2026-09-27T15:22:42.858089Z Normal AddedInterface Add eth0 [10.12.149.152] from eni eni-82854f307625
2026-09-27T15:22:45.858089Z Normal AddedInterface Add eth0 [10.38.184.62] from eni eni-b6750d6254e1
2026-09-27T15:22:49.858089Z Normal Pulled Container image "busybox:1.36" already present on machine
2026-09-27T15:22:53.858089Z Normal AddedInterface Add eth0 [10.253.129.58] from eni eni-87a045ad6416
2026-09-27T15:22:56.858089Z Normal Created Created container proxy
2026-09-27T15:23:00.858089Z Normal Synced Successfully synced prometheus-1c24f7
2026-09-27T15:23:03.858089Z Warning MemPressure Node ip-10-0-2-30.ec2.internal status is now: NodeHasMemoryPressure
2026-09-27T15:23:07.858089Z Normal Created Created container app
2026-09-27T15:23:11.858089Z Normal Started Started container proxy
2026-09-27T15:23:14.858089Z Normal Synced Successfully synced loki-a3e2db
2026-09-27T15:23:18.858089Z Normal Synced Successfully synced worker-1eb585
2026-09-27T15:23:21.858089Z Normal Started Started container sidecar
2026-09-27T15:23:25.858089Z Normal Started Started container proxy
2026-09-27T15:23:29.858089Z Normal LeaderElection pay-worker-af141c became leader
2026-09-27T15:23:32.858089Z Normal Started Started container proxy
2026-09-27T15:23:36.858089Z Normal AddedInterface Add eth0 [10.190.172.5] from eni eni-c6bd790efe84
2026-09-27T15:23:39.858089Z Normal Created Created container agent
2026-09-27T15:23:43.858089Z Normal LeaderElection ingress-nginx-controller-0cdb3c became leader
2026-09-27T15:23:47.858089Z Warning DiskPressure Node ip-10-0-5-10.ec2.internal status is now: NodeHasDiskPressure
2026-09-27T15:23:50.858089Z Normal Synced Successfully synced oauth-845b45
2026-09-27T15:23:54.858089Z Warning CrashLoopBackOff pod/metrics-server-eb8212 CrashLoopBackOff
2026-09-27T15:23:57.858089Z Normal Created Created container proxy
2026-09-27T15:24:01.858089Z Warning BackOff Back-off restarting failed container proxy in pod payments/pay-worker-a44d93
2026-09-27T15:24:05.858089Z Normal Scheduled Successfully assigned kube-system/coredns-a27b95 to ip-10-0-1-10.ec2.internal
2026-09-27T15:24:08.858089Z Normal Scheduled Successfully assigned observability/prometheus-e965da to ip-10-0-4-20.ec2.internal
2026-09-27T15:24:12.858089Z Normal Pulled Container image "nginx:1.25" already present on machine
2026-09-27T15:24:15.858089Z Normal Synced Successfully synced frontend-d1f34c
2026-09-27T15:24:19.858089Z Normal Pulled Container image "nginx:1.25" already present on machine
2026-09-27T15:24:23.858089Z Normal Pulled Container image "python:3.11-slim" already present on machine
2026-09-27T15:24:26.858089Z Normal Created Created container agent
2026-09-27T15:24:30.858089Z Normal Started Started container agent
2026-09-27T15:24:33.858089Z Normal Started Started container proxy
2026-09-27T15:24:37.858089Z Normal Synced Successfully synced kube-proxy-010e14
2026-09-27T15:24:41.858089Z Normal Started Started container sidecar
2026-09-27T15:24:44.858089Z Normal SuccessfulCreate Created pod: loki-f291f2
2026-09-27T15:24:48.858089Z Normal Scheduled Successfully assigned payments/pay-worker-e4b5f0 to ip-10-0-1-30.ec2.internal
2026-09-27T15:24:51.858089Z Normal Created Created container proxy
2026-09-27T15:24:55.858089Z Normal AddedInterface Add eth0 [10.63.14.139] from eni eni-b8271d3c5285
2026-09-27T15:24:59.858089Z Normal Scheduled Successfully assigned kube-system/coredns-978850 to ip-10-0-2-30.ec2.internal
2026-09-27T15:25:02.858089Z Normal LeaderElection ingress-nginx-controller-33e173 became leader
2026-09-27T15:25:06.858089Z Normal LeaderElection grafana-f5ba58 became leader
2026-09-27T15:25:09.858089Z Normal LeaderElection pay-worker-5202f8 became leader
2026-09-27T15:25:13.858089Z Normal Synced Successfully synced ingress-nginx-controller-9a7a31
2026-09-27T15:25:17.858089Z Normal AddedInterface Add eth0 [10.197.126.93] from eni eni-d14dd5ebf945
2026-09-27T15:25:20.858089Z Normal ScalingReplicaSet Scaled up replica set pay-api-59569790 to 3 from 0
2026-09-27T15:25:24.858089Z Normal AddedInterface Add eth0 [10.243.68.97] from eni eni-0576dafb47be
2026-09-27T15:25:27.858089Z Warning TLSHandshakeTimeout net/http: TLS handshake timeout
2026-09-27T15:25:31.858089Z Warning FailedScheduling 0/5 nodes are available: Insufficient cpu
2026-09-27T15:25:35.858089Z Normal SuccessfulCreate Created pod: api-045ee0
2026-09-27T15:25:38.858089Z Normal Scheduled Successfully assigned default/worker-bfc5e0 to ip-10-0-1-40.ec2.internal
2026-09-27T15:25:42.858089Z Normal LeaderElection oauth-620cd5 became leader
2026-09-27T15:25:45.858089Z Normal LeaderElection coredns-579fdf became leader
2026-09-27T15:25:49.858089Z Normal Started Started container app
2026-09-27T15:25:53.858089Z Normal Scheduled Successfully assigned auth/auth-api-d4ec7a to ip-10-0-2-30.ec2.internal
2026-09-27T15:25:56.858089Z Normal SuccessfulCreate Created pod: ingress-nginx-controller-9181b8
2026-09-27T15:26:00.858089Z Normal AddedInterface Add eth0 [10.199.43.94] from eni eni-cc55d522362e
2026-09-27T15:26:03.858089Z Normal SuccessfulCreate Created pod: ingress-nginx-controller-0a7c2b
2026-09-27T15:26:07.858089Z Normal Started Started container app
2026-09-27T15:26:11.858089Z Normal Started Started container proxy
2026-09-27T15:26:14.858089Z Normal LeaderElection kube-proxy-05cae3 became leader
2026-09-27T15:26:18.858089Z Normal Created Created container app
2026-09-27T15:26:21.858089Z Normal SuccessfulCreate Created pod: auth-api-80442f
2026-09-27T15:26:25.858089Z Normal LeaderElection pay-api-533bdd became leader
2026-09-27T15:26:29.858089Z Warning Unhealthy Readiness probe failed: Get "http://10.224.34.80:9090/health": dial tcp 10.224.34.80:9090: i/o timeout
2026-09-27T15:26:32.858089Z Normal Created Created container proxy
2026-09-27T15:26:36.858089Z Warning TLSHandshakeTimeout net/http: TLS handshake timeout
2026-09-27T15:26:39.858089Z Normal ScalingReplicaSet Scaled up replica set auth-api-4348c035 to 6 from 0
2026-09-27T15:26:43.858089Z Normal Created Created container sidecar
2026-09-27T15:26:47.858089Z Normal Started Started container agent
2026-09-27T15:26:50.858089Z Normal Created Created container agent
2026-09-27T15:26:54.858089Z Normal Started Started container sidecar
2026-09-27T15:26:57.858089Z Normal Scheduled Successfully assigned observability/prometheus-fe0467 to ip-10-0-2-30.ec2.internal
2026-09-27T15:27:01.858089Z Normal SuccessfulCreate Created pod: ingress-nginx-controller-a97a65
2026-09-27T15:27:05.858089Z Normal Scheduled Successfully assigned kube-system/kube-proxy-39b0c7 to ip-10-0-3-20.ec2.internal
2026-09-27T15:27:08.858089Z Warning BackOff Back-off restarting failed container proxy in pod auth/auth-api-14df7e
2026-09-27T15:27:12.858089Z Normal Synced Successfully synced frontend-482928
2026-09-27T15:27:15.858089Z Normal ScalingReplicaSet Scaled up replica set ingress-nginx-controller-1a6c6627 to 2 from 2
2026-09-27T15:27:19.858089Z Normal Synced Successfully synced grafana-c1b96f
2026-09-27T15:27:23.858089Z Normal Started Started container proxy
2026-09-27T15:27:26.858089Z Normal Created Created container app
2026-09-27T15:27:30.858089Z Normal Created Created container sidecar
2026-09-27T15:27:33.858089Z Normal Scheduled Successfully assigned payments/pay-worker-27cecb to ip-10-0-3-30.ec2.internal
2026-09-27T15:27:37.858089Z Normal Synced Successfully synced auth-api-315a12
2026-09-27T15:27:41.858089Z Normal AddedInterface Add eth0 [10.21.97.68] from eni eni-a5d48e7d52ee
2026-09-27T15:27:44.858089Z Normal Scheduled Successfully assigned default/frontend-f5e1a2 to ip-10-0-3-30.ec2.internal
2026-09-27T15:27:48.858089Z Warning BackOff Back-off restarting failed container sidecar in pod observability/loki-adf115
2026-09-27T15:27:51.858089Z Normal Started Started container app
2026-09-27T15:27:55.858089Z Normal LeaderElection oauth-60de7e became leader
2026-09-27T15:27:59.858089Z Normal Started Started container sidecar
2026-09-27T15:28:02.858089Z Normal Synced Successfully synced pay-worker-6fd981
2026-09-27T15:28:06.858089Z Normal SuccessfulCreate Created pod: aws-node-c72778
2026-09-27T15:28:09.858089Z Normal LeaderElection grafana-c5105d became leader
2026-09-27T15:28:13.858089Z Normal Pulled Container image "registry.k8s.io/coredns/coredns:v1.11.1" already present on machine
2026-09-27T15:28:17.858089Z Normal SuccessfulCreate Created pod: prometheus-c021fa
2026-09-27T15:28:20.858089Z Normal Created Created container agent
2026-09-27T15:28:24.858089Z Normal Created Created container sidecar
2026-09-27T15:28:27.858089Z Normal ScalingReplicaSet Scaled up replica set auth-api-a67f3c4d to 2 from 0
2026-09-27T15:28:31.858089Z Normal Scheduled Successfully assigned default/api-e538cf to ip-10-0-5-20.ec2.internal
2026-09-27T15:28:35.858089Z Normal AddedInterface Add eth0 [10.247.133.160] from eni eni-aee1e004a809
2026-09-27T15:28:38.858089Z Warning TLSHandshakeTimeout net/http: TLS handshake timeout
2026-09-27T15:28:42.858089Z Warning DiskPressure Node ip-10-0-5-30.ec2.internal status is now: NodeHasDiskPressure
2026-09-27T15:28:45.858089Z Normal Created Created container proxy
2026-09-27T15:28:49.858089Z Normal AddedInterface Add eth0 [10.148.159.58] from eni eni-e76e743bb6d0
2026-09-27T15:28:53.858089Z Normal Created Created container sidecar
2026-09-27T15:28:56.858089Z Normal Scheduled Successfully assigned default/worker-cc6d73 to ip-10-0-3-40.ec2.internal
2026-09-27T15:29:00.858089Z Normal Scheduled Successfully assigned observability/loki-8861fb to ip-10-0-1-20.ec2.internal
2026-09-27T15:29:03.858089Z Normal Created Created container sidecar
2026-09-27T15:29:07.858089Z Normal SuccessfulCreate Created pod: ingress-nginx-controller-db8855
2026-09-27T15:29:11.858089Z Normal Pulled Container image "registry.k8s.io/coredns/coredns:v1.11.1" already present on machine
2026-09-27T15:29:14.858089Z Normal Pulled Container image "registry.k8s.io/coredns/coredns:v1.11.1" already present on machine
2026-09-27T15:29:18.858089Z Normal Pulled Container image "busybox:1.36" already present on machine
2026-09-27T15:29:21.858089Z Normal Created Created container agent
2026-09-27T15:29:25.858089Z Normal Scheduled Successfully assigned payments/pay-api-c8df4a to ip-10-0-5-20.ec2.internal
2026-09-27T15:29:29.858089Z Normal Created Created container app
2026-09-27T15:29:32.858089Z Warning ImagePullBackOff Back-off pulling image "ghcr.io/company/pay-api:2.3.1"
2026-09-27T15:29:36.858089Z Normal Pulled Container image "ghcr.io/company/pay-api:2.3.1" already present on machine
2026-09-27T15:29:39.858089Z Normal LeaderElection loki-64d678 became leader
2026-09-27T15:29:43.858089Z Normal Pulled Container image "ghcr.io/company/pay-api:2.3.1" already present on machine
2026-09-27T15:29:47.858089Z Normal LeaderElection ingress-nginx-controller-220732 became leader
2026-09-27T15:29:50.858089Z Normal Scheduled Successfully assigned kube-system/metrics-server-81c940 to ip-10-0-5-50.ec2.internal
2026-09-27T15:29:54.858089Z Normal Synced Successfully synced aws-node-b5d368
2026-09-27T15:29:57.858089Z Normal Scheduled Successfully assigned ingress-nginx/ingress-nginx-controller-d017c1 to ip-10-0-1-50.ec2.internal
2026-09-27T15:30:01.858089Z Normal Scheduled Successfully assigned observability/prometheus-360551 to ip-10-0-2-30.ec2.internal
2026-09-27T15:30:05.858089Z Normal Scheduled Successfully assigned ingress-nginx/ingress-nginx-controller-dcaf55 to ip-10-0-1-50.ec2.internal
2026-09-27T15:30:08.858089Z Warning Unhealthy Readiness probe failed: Get "http://10.7.205.142:80/health": dial tcp 10.7.205.142:80: i/o timeout
2026-09-27T15:30:12.858089Z Normal Scheduled Successfully assigned kube-system/metrics-server-15fba4 to ip-10-0-1-10.ec2.internal
2026-09-27T15:30:15.858089Z Normal Scheduled Successfully assigned auth/auth-api-7c7eab to ip-10-0-3-50.ec2.internal
2026-09-27T15:30:19.858089Z Normal LeaderElection frontend-61e12c became leader
2026-09-27T15:30:23.858089Z Normal Synced Successfully synced worker-3f14ac
2026-09-27T15:30:26.858089Z Normal LeaderElection loki-28a176 became leader
2026-09-27T15:30:30.858089Z Normal Scheduled Successfully assigned kube-system/coredns-5697ee to ip-10-0-2-50.ec2.internal
2026-09-27T15:30:33.858089Z Normal Created Created container agent
2026-09-27T15:30:37.858089Z Normal SuccessfulCreate Created pod: ingress-nginx-controller-68c654
2026-09-27T15:30:41.858089Z Normal LeaderElection auth-api-49de17 became leader
2026-09-27T15:30:44.858089Z Normal Synced Successfully synced ingress-nginx-controller-d34fc6
2026-09-27T15:30:48.858089Z Normal Synced Successfully synced aws-node-5f7e90
2026-09-27T15:30:51.858089Z Normal LeaderElection pay-worker-e07920 became leader
2026-09-27T15:30:55.858089Z Normal Started Started container agent
2026-09-27T15:30:59.858089Z Normal Created Created container app
2026-09-27T15:31:02.858089Z Normal Scheduled Successfully assigned kube-system/metrics-server-6ec7e3 to ip-10-0-3-40.ec2.internal
2026-09-27T15:31:06.858089Z Normal Created Created container agent
2026-09-27T15:31:09.858089Z Normal Synced Successfully synced prometheus-823234
2026-09-27T15:31:13.858089Z Normal LeaderElection worker-c67876 became leader
2026-09-27T15:31:17.858089Z Normal Pulled Container image "busybox:1.36" already present on machine
2026-09-27T15:31:20.858089Z Normal AddedInterface Add eth0 [10.48.103.125] from eni eni-fb02b44c778b
2026-09-27T15:31:24.858089Z Normal AddedInterface Add eth0 [10.134.207.243] from eni eni-f688ff0bafa6
2026-09-27T15:31:27.858089Z Normal ScalingReplicaSet Scaled up replica set oauth-1bed91e6 to 5 from 0
2026-09-27T15:31:31.858089Z Normal Created Created container sidecar
2026-09-27T15:31:35.858089Z Normal ScalingReplicaSet Scaled up replica set web-da0d900c to 5 from 0
2026-09-27T15:31:38.858089Z Normal SuccessfulCreate Created pod: metrics-server-37b316
2026-09-27T15:31:42.858089Z Normal Synced Successfully synced coredns-fa03c6
2026-09-27T15:31:45.858089Z Normal SuccessfulCreate Created pod: grafana-3cf6a9
2026-09-27T15:31:49.858089Z Normal Scheduled Successfully assigned observability/grafana-e3ac5c to ip-10-0-5-30.ec2.internal
2026-09-27T15:31:53.858089Z Normal Created Created container agent
2026-09-27T15:31:56.858089Z Warning FailedMount Unable to attach or mount volumes: timed out waiting for the condition
2026-09-27T15:32:00.858089Z Normal Created Created container app
2026-09-27T15:32:03.858089Z Normal SuccessfulCreate Created pod: grafana-32d997
2026-09-27T15:32:07.858089Z Normal Scheduled Successfully assigned payments/pay-api-8e5a04 to ip-10-0-5-20.ec2.internal
2026-09-27T15:32:11.858089Z Normal ScalingReplicaSet Scaled up replica set aws-node-44cff7c3 to 2 from 1
2026-09-27T15:32:14.858089Z Normal Started Started container agent
2026-09-27T15:32:18.858089Z Normal ScalingReplicaSet Scaled up replica set web-21fde76b to 2 from 1
2026-09-27T15:32:21.858089Z Normal LeaderElection prometheus-7796f2 became leader
2026-09-27T15:32:25.858089Z Normal Started Started container sidecar
2026-09-27T15:32:29.858089Z Normal Synced Successfully synced web-dc7cb5
2026-09-27T15:32:32.858089Z Normal Created Created container proxy
2026-09-27T15:32:36.858089Z Normal Synced Successfully synced prometheus-98734b
2026-09-27T15:32:39.858089Z Normal AddedInterface Add eth0 [10.47.12.205] from eni eni-9797551b05ba
2026-09-27T15:32:43.858089Z Warning TLSHandshakeTimeout net/http: TLS handshake timeout
2026-09-27T15:32:47.858089Z Normal Pulled Container image "nginx:1.25" already present on machine
2026-09-27T15:32:50.858089Z Normal SuccessfulCreate Created pod: aws-node-227f94
2026-09-27T15:32:54.858089Z Normal Synced Successfully synced grafana-9e45be
2026-09-27T15:32:57.858089Z Normal Synced Successfully synced coredns-ad284f
2026-09-27T15:33:01.858089Z Normal LeaderElection kube-proxy-dd8ba2 became leader
2026-09-27T15:33:05.858089Z Warning FailedMount Unable to attach or mount volumes: timed out waiting for the condition
2026-09-27T15:33:08.858089Z Normal Synced Successfully synced ingress-nginx-controller-86e813
2026-09-27T15:33:12.858089Z Normal LeaderElection ingress-nginx-controller-e04efe became leader
2026-09-27T15:33:15.858089Z Normal SuccessfulCreate Created pod: oauth-74573d
2026-09-27T15:33:19.858089Z Normal ScalingReplicaSet Scaled up replica set ingress-nginx-controller-d0f81ae6 to 2 from 1
2026-09-27T15:33:23.858089Z Normal ScalingReplicaSet Scaled up replica set grafana-c5982629 to 4 from 1
2026-09-27T15:33:26.858089Z Normal SuccessfulCreate Created pod: oauth-625376
2026-09-27T15:33:30.858089Z Normal Scheduled Successfully assigned auth/oauth-189854 to ip-10-0-4-30.ec2.internal
2026-09-27T15:33:33.858089Z Normal ScalingReplicaSet Scaled up replica set coredns-90ff0411 to 2 from 2
2026-09-27T15:33:37.858089Z Normal Pulled Container image "ghcr.io/company/pay-api:2.3.1" already present on machine
2026-09-27T15:33:41.858089Z Warning BackOff Back-off restarting failed container app in pod observability/prometheus-1ec6d5
2026-09-27T15:33:44.858089Z Normal ScalingReplicaSet Scaled up replica set pay-api-d38cbc92 to 4 from 2
2026-09-27T15:33:48.858089Z Normal AddedInterface Add eth0 [10.73.7.93] from eni eni-76ff242035b7
2026-09-27T15:33:51.858089Z Normal Synced Successfully synced pay-api-505d16
2026-09-27T15:33:55.858089Z Normal Synced Successfully synced auth-api-de1eaa
2026-09-27T15:33:59.858089Z Warning ErrImagePull Failed to pull image "python:3.11-slim": rpc error: code = Unknown desc = Error response from daemon: pull access denied
2026-09-27T15:34:02.858089Z Normal Synced Successfully synced worker-8b0111
2026-09-27T15:34:06.858089Z Normal SuccessfulCreate Created pod: oauth-2abdc2
2026-09-27T15:34:09.858089Z Normal Started Started container sidecar
2026-09-27T15:34:13.858089Z Normal ScalingReplicaSet Scaled up replica set oauth-b2f545e4 to 3 from 1
2026-09-27T15:34:17.858089Z Normal SuccessfulCreate Created pod: grafana-049559
2026-09-27T15:34:20.858089Z Normal LeaderElection auth-api-62f420 became leader
2026-09-27T15:34:24.858089Z Normal Started Started container agent
2026-09-27T15:34:27.858089Z Normal Started Started container agent
2026-09-27T15:34:31.858089Z Normal AddedInterface Add eth0 [10.209.25.170] from eni eni-dd60fdea9a3d
2026-09-27T15:34:35.858089Z Normal Started Started container app
2026-09-27T15:34:38.858089Z Warning NodeNotReady Node ip-10-0-4-20.ec2.internal status is now: NodeNotReady
2026-09-27T15:34:42.858089Z Normal Pulled Container image "ghcr.io/company/pay-api:2.3.1" already present on machine
2026-09-27T15:34:45.858089Z Normal AddedInterface Add eth0 [10.7.228.65] from eni eni-fb73a66f37e9
2026-09-27T15:34:49.858089Z Normal Pulled Container image "ghcr.io/company/auth-api:1.9.0" already present on machine
2026-09-27T15:34:53.858089Z Normal AddedInterface Add eth0 [10.217.166.218] from eni eni-03a21d30041a
2026-09-27T15:34:56.858089Z Normal Pulled Container image "registry.k8s.io/coredns/coredns:v1.11.1" already present on machine
2026-09-27T15:35:00.858089Z Normal Scheduled Successfully assigned payments/pay-api-3de7ff to ip-10-0-2-30.ec2.internal
2026-09-27T15:35:03.858089Z Normal ScalingReplicaSet Scaled up replica set pay-api-e17234ea to 2 from 0
2026-09-27T15:35:07.858089Z Normal Created Created container agent
2026-09-27T15:35:11.858089Z Normal Scheduled Successfully assigned payments/pay-api-5523c7 to ip-10-0-4-30.ec2.internal
2026-09-27T15:35:14.858089Z Normal LeaderElection pay-api-a94459 became leader
2026-09-27T15:35:18.858089Z Normal Pulled Container image "busybox:1.36" already present on machine
2026-09-27T15:35:21.858089Z Normal SuccessfulCreate Created pod: coredns-3fe08d
2026-09-27T15:35:25.858089Z Normal LeaderElection ingress-nginx-controller-b2e367 became leader
2026-09-27T15:35:29.858089Z Normal Created Created container sidecar
2026-09-27T15:35:32.858089Z Normal Pulled Container image "ghcr.io/company/pay-api:2.3.1" already present on machine
2026-09-27T15:35:36.858089Z Normal SuccessfulCreate Created pod: pay-worker-5b6f9e
2026-09-27T15:35:39.858089Z Normal Pulled Container image "nginx:1.25" already present on machine
2026-09-27T15:35:43.858089Z Warning MemPressure Node ip-10-0-5-40.ec2.internal status is now: NodeHasMemoryPressure
2026-09-27T15:35:47.858089Z Normal Started Started container proxy
2026-09-27T15:35:50.858089Z Normal Pulled Container image "python:3.11-slim" already present on machine
2026-09-27T15:35:54.858089Z Normal ScalingReplicaSet Scaled up replica set loki-9bb96397 to 3 from 1
2026-09-27T15:35:57.858089Z Normal AddedInterface Add eth0 [10.104.6.195] from eni eni-90c79fb577dc
2026-09-27T15:36:01.858089Z Warning MemPressure Node ip-10-0-1-40.ec2.internal status is now: NodeHasMemoryPressure
2026-09-27T15:36:05.858089Z Normal Scheduled Successfully assigned payments/pay-api-bd1893 to ip-10-0-5-40.ec2.internal
2026-09-27T15:36:08.858089Z Normal AddedInterface Add eth0 [10.226.54.82] from eni eni-43c5ffe210ea
2026-09-27T15:36:12.858089Z Normal AddedInterface Add eth0 [10.134.200.151] from eni eni-d4f3f75ca0a6
2026-09-27T15:36:15.858089Z Normal Created Created container sidecar
2026-09-27T15:36:19.858089Z Normal Synced Successfully synced worker-26573c
2026-09-27T15:36:23.858089Z Normal Created Created container proxy
2026-09-27T15:36:26.858089Z Normal Synced Successfully synced oauth-f3e636
2026-09-27T15:36:30.858089Z Normal Scheduled Successfully assigned default/worker-307a32 to ip-10-0-5-10.ec2.internal
2026-09-27T15:36:33.858089Z Normal AddedInterface Add eth0 [10.201.222.182] from eni eni-fb18e3355f6b
2026-09-27T15:36:37.858089Z Normal Synced Successfully synced web-b37fc5
2026-09-27T15:36:41.858089Z Normal Started Started container sidecar
2026-09-27T15:36:44.858089Z Normal SuccessfulCreate Created pod: web-9757cf
2026-09-27T15:36:48.858089Z Normal Synced Successfully synced web-a305fe
2026-09-27T15:36:51.858089Z Normal SuccessfulCreate Created pod: pay-api-1d8d58
2026-09-27T15:36:55.858089Z Normal Created Created container agent
2026-09-27T15:36:59.858089Z Normal AddedInterface Add eth0 [10.227.173.239] from eni eni-f0a15c378f66
2026-09-27T15:37:02.858089Z Warning MemPressure Node ip-10-0-1-20.ec2.internal status is now: NodeHasMemoryPressure
2026-09-27T15:37:06.858089Z Normal Created Created container sidecar
2026-09-27T15:37:09.858089Z Normal Pulled Container image "nginx:1.25" already present on machine
2026-09-27T15:37:13.858089Z Normal Synced Successfully synced pay-api-4c3aac
2026-09-27T15:37:17.858089Z Normal AddedInterface Add eth0 [10.134.31.223] from eni eni-e40aba0dbcc1
2026-09-27T15:37:20.858089Z Normal Started Started container app
2026-09-27T15:37:24.858089Z Warning ErrImagePull Failed to pull image "python:3.11-slim": rpc error: code = Unknown desc = Error response from daemon: pull access denied
2026-09-27T15:37:27.858089Z Warning ErrImagePull Failed to pull image "public.ecr.aws/eks/aws-node:v1.14.1": rpc error: code = Unknown desc = Error response from daemon: pull access denied
2026-09-27T15:37:31.858089Z Normal AddedInterface Add eth0 [10.71.22.248] from eni eni-9f944e113e8b
2026-09-27T15:37:35.858089Z Normal Synced Successfully synced auth-api-7f0696
2026-09-27T15:37:38.858089Z Normal Started Started container app
2026-09-27T15:37:42.858089Z Warning ErrImagePull Failed to pull image "busybox:1.36": rpc error: code = Unknown desc = Error response from daemon: pull access denied
2026-09-27T15:37:45.858089Z Normal AddedInterface Add eth0 [10.76.65.35] from eni eni-09552d3d9d9d
2026-09-27T15:37:49.858089Z Warning TLSHandshakeTimeout net/http: TLS handshake timeout
2026-09-27T15:37:53.858089Z Normal SuccessfulCreate Created pod: ingress-nginx-controller-4a5974
2026-09-27T15:37:56.858089Z Normal LeaderElection ingress-nginx-controller-c8073e became leader
2026-09-27T15:38:00.858089Z Normal Started Started container sidecar
2026-09-27T15:38:03.858089Z Normal Created Created container app
2026-09-27T15:38:07.858089Z Normal AddedInterface Add eth0 [10.102.216.29] from eni eni-825fbc385261
2026-09-27T15:38:11.858089Z Normal ScalingReplicaSet Scaled up replica set auth-api-9f9a557d to 2 from 0
2026-09-27T15:38:14.858089Z Normal Started Started container sidecar
2026-09-27T15:38:18.858089Z Normal Synced Successfully synced oauth-8730ed
2026-09-27T15:38:21.858089Z Normal Synced Successfully synced prometheus-db15ea
2026-09-27T15:38:25.858089Z Warning NodeNotReady Node ip-10-0-1-20.ec2.internal status is now: NodeNotReady
2026-09-27T15:38:29.858089Z Normal ScalingReplicaSet Scaled up replica set oauth-a8d9c660 to 2 from 2
2026-09-27T15:38:32.858089Z Normal Pulled Container image "ghcr.io/company/auth-api:1.9.0" already present on machine
2026-09-27T15:38:36.858089Z Warning DiskPressure Node ip-10-0-4-50.ec2.internal status is now: NodeHasDiskPressure
2026-09-27T15:38:39.858089Z Normal SuccessfulCreate Created pod: auth-api-ad3f84
2026-09-27T15:38:43.858089Z Warning FailedMount Unable to attach or mount volumes: timed out waiting for the condition
2026-09-27T15:38:47.858089Z Normal AddedInterface Add eth0 [10.89.13.5] from eni eni-8ace22611502
2026-09-27T15:38:50.858089Z Normal ScalingReplicaSet Scaled up replica set oauth-ce32e62c to 4 from 1
2026-09-27T15:38:54.858089Z Warning DNSConfigForming Nameserver limits were exceeded, some nameservers have been omitted, the applied nameserver line is: 10.8.152.143 10.67.208.5 10.145.214.41 10.28.255.60 10.156.112.36
2026-09-27T15:38:57.858089Z Normal Created Created container sidecar
2026-09-27T15:39:01.858089Z Normal ScalingReplicaSet Scaled up replica set worker-047da2a8 to 4 from 1
2026-09-27T15:39:05.858089Z Normal SuccessfulCreate Created pod: grafana-80d051
2026-09-27T15:39:08.858089Z Normal Scheduled Successfully assigned auth/auth-api-c8312b to ip-10-0-4-10.ec2.internal
2026-09-27T15:39:12.858089Z Normal Created Created container sidecar
2026-09-27T15:39:15.858089Z Normal LeaderElection oauth-7a0928 became leader
2026-09-27T15:39:19.858089Z Normal Created Created container app
2026-09-27T15:39:23.858089Z Normal Synced Successfully synced pay-api-fd49ad
2026-09-27T15:39:26.858089Z Normal Pulled Container image "busybox:1.36" already present on machine
2026-09-27T15:39:30.858089Z Normal Pulled Container image "busybox:1.36" already present on machine
2026-09-27T15:39:33.858089Z Normal Started Started container agent
2026-09-27T15:39:37.858089Z Normal AddedInterface Add eth0 [10.102.112.217] from eni eni-48edc0bd3286
2026-09-27T15:39:41.858089Z Normal Pulled Container image "registry.k8s.io/coredns/coredns:v1.11.1" already present on machine
2026-09-27T15:39:44.858089Z Normal LeaderElection ingress-nginx-controller-ee9b5b became leader
2026-09-27T15:39:48.858089Z Normal ScalingReplicaSet Scaled up replica set oauth-bfc5c488 to 4 from 0
2026-09-27T15:39:51.858089Z Normal Pulled Container image "public.ecr.aws/eks/aws-node:v1.14.1" already present on machine
2026-09-27T15:39:55.858089Z Normal AddedInterface Add eth0 [10.11.242.157] from eni eni-a08838ca1b3e
2026-09-27T15:39:59.858089Z Normal LeaderElection metrics-server-6824a7 became leader
2026-09-27T15:40:02.858089Z Normal ScalingReplicaSet Scaled up replica set frontend-eb8c3f78 to 3 from 2
2026-09-27T15:40:06.858089Z Normal Started Started container proxy
2026-09-27T15:40:09.858089Z Normal Started Started container sidecar
2026-09-27T15:40:13.858089Z Warning CrashLoopBackOff pod/pay-api-cd4ceb CrashLoopBackOff
2026-09-27T15:40:17.858089Z Warning CrashLoopBackOff pod/auth-api-04290c CrashLoopBackOff
2026-09-27T15:40:20.858089Z Normal LeaderElection coredns-7073e0 became leader
2026-09-27T15:40:24.858089Z Normal Synced Successfully synced auth-api-b60560
2026-09-27T15:40:27.858089Z Normal Scheduled Successfully assigned kube-system/aws-node-e44644 to ip-10-0-3-30.ec2.internal
2026-09-27T15:40:31.858089Z Normal Scheduled Successfully assigned auth/oauth-39180d to ip-10-0-4-10.ec2.internal
2026-09-27T15:40:35.858089Z Normal Created Created container app
2026-09-27T15:40:38.858089Z Normal SuccessfulCreate Created pod: pay-api-0bb5ea
2026-09-27T15:40:42.858089Z Normal Created Created container sidecar
2026-09-27T15:40:45.858089Z Normal ScalingReplicaSet Scaled up replica set ingress-nginx-controller-43c42200 to 2 from 1
2026-09-27T15:40:49.858089Z Normal LeaderElection api-360b1d became leader
2026-09-27T15:40:53.858089Z Normal SuccessfulCreate Created pod: aws-node-aea1a5
2026-09-27T15:40:56.858089Z Normal Created Created container agent
2026-09-27T15:41:00.858089Z Normal Pulled Container image "registry.k8s.io/coredns/coredns:v1.11.1" already present on machine
2026-09-27T15:41:03.858089Z Normal Scheduled Successfully assigned payments/pay-worker-81c2e2 to ip-10-0-2-50.ec2.internal
2026-09-27T15:41:07.858089Z Normal ScalingReplicaSet Scaled up replica set grafana-8315d1cc to 3 from 0
2026-09-27T15:41:11.858089Z Normal ScalingReplicaSet Scaled up replica set oauth-4cc7df04 to 5 from 2
2026-09-27T15:41:14.858089Z Normal ScalingReplicaSet Scaled up replica set auth-api-1b0b8be3 to 2 from 0
2026-09-27T15:41:18.858089Z Warning FailedMount Unable to attach or mount volumes: timed out waiting for the condition
2026-09-27T15:41:21.858089Z Normal Created Created container sidecar
2026-09-27T15:41:25.858089Z Normal LeaderElection web-6b3cb1 became leader
2026-09-27T15:41:29.858089Z Normal Synced Successfully synced prometheus-e549dc
2026-09-27T15:41:32.858089Z Normal ScalingReplicaSet Scaled up replica set aws-node-6074d487 to 3 from 2
2026-09-27T15:41:36.858089Z Normal AddedInterface Add eth0 [10.64.136.29] from eni eni-7ec2362a3ab1
2026-09-27T15:41:39.858089Z Normal LeaderElection api-1ed338 became leader
2026-09-27T15:41:43.858089Z Normal Created Created container agent
2026-09-27T15:41:47.858089Z Normal ScalingReplicaSet Scaled up replica set kube-proxy-879d3307 to 2 from 2
2026-09-27T15:41:50.858089Z Normal Scheduled Successfully assigned default/worker-f825f4 to ip-10-0-1-50.ec2.internal
2026-09-27T15:41:54.858089Z Normal LeaderElection kube-proxy-6cc957 became leader
2026-09-27T15:41:57.858089Z Warning OOMKilled Container sidecar in pod payments/pay-api-6268b5 was killed due to OOM
2026-09-27T15:42:01.858089Z Normal Started Started container sidecar
2026-09-27T15:42:05.858089Z Normal Created Created container app
2026-09-27T15:42:08.858089Z Normal Pulled Container image "nginx:1.25" already present on machine
2026-09-27T15:42:12.858089Z Normal ScalingReplicaSet Scaled up replica set aws-node-1a13bba1 to 6 from 1
2026-09-27T15:42:15.858089Z Normal LeaderElection kube-proxy-5eea21 became leader
2026-09-27T15:42:19.858089Z Normal LeaderElection metrics-server-db0953 became leader
2026-09-27T15:42:23.858089Z Normal Scheduled Successfully assigned auth/auth-api-cc31f6 to ip-10-0-2-10.ec2.internal
2026-09-27T15:42:26.858089Z Normal Created Created container agent
2026-09-27T15:42:30.858089Z Normal Synced Successfully synced aws-node-9095d2
2026-09-27T15:42:33.858089Z Warning TLSHandshakeTimeout net/http: TLS handshake timeout
2026-09-27T15:42:37.858089Z Normal ScalingReplicaSet Scaled up replica set prometheus-27f6b151 to 6 from 0
2026-09-27T15:42:41.858089Z Normal Pulled Container image "public.ecr.aws/eks/aws-node:v1.14.1" already present on machine
2026-09-27T15:42:44.858089Z Normal LeaderElection ingress-nginx-controller-a0b4f2 became leader
2026-09-27T15:42:48.858089Z Normal LeaderElection auth-api-1ba420 became leader
2026-09-27T15:42:51.858089Z Normal Scheduled Successfully assigned default/frontend-ec7131 to ip-10-0-2-50.ec2.internal
2026-09-27T15:42:55.858089Z Normal Synced Successfully synced oauth-09494c
2026-09-27T15:42:59.858089Z Normal AddedInterface Add eth0 [10.8.104.28] from eni eni-c3ba19088a53
2026-09-27T15:43:02.858089Z Normal LeaderElection ingress-nginx-controller-27ed10 became leader
2026-09-27T15:43:06.858089Z Normal Created Created container sidecar
2026-09-27T15:43:09.858089Z Warning BackOff Back-off restarting failed container sidecar in pod ingress-nginx/ingress-nginx-controller-d0d174
2026-09-27T15:43:13.858089Z Normal ScalingReplicaSet Scaled up replica set pay-api-d940dde9 to 4 from 0
2026-09-27T15:43:17.858089Z Normal SuccessfulCreate Created pod: grafana-b9948c
2026-09-27T15:43:20.858089Z Normal ScalingReplicaSet Scaled up replica set loki-b872f61a to 2 from 2
2026-09-27T15:43:24.858089Z Warning FailedScheduling 0/4 nodes are available: Insufficient memory
2026-09-27T15:43:27.858089Z Warning OOMKilled Container app in pod default/worker-d8724e was killed due to OOM
2026-09-27T15:43:31.858089Z Normal Created Created container app
2026-09-27T15:43:35.858089Z Normal Created Created container sidecar
2026-09-27T15:43:38.858089Z Normal ScalingReplicaSet Scaled up replica set kube-proxy-c9c6626b to 5 from 0
2026-09-27T15:43:42.858089Z Normal Started Started container app
2026-09-27T15:43:45.858089Z Normal Synced Successfully synced grafana-608e35
2026-09-27T15:43:49.858089Z Normal Created Created container proxy
2026-09-27T15:43:53.858089Z Normal LeaderElection pay-worker-59f9a0 became leader
2026-09-27T15:43:56.858089Z Normal Created Created container agent
2026-09-27T15:44:00.858089Z Normal Synced Successfully synced oauth-75cca1
2026-09-27T15:44:03.858089Z Normal AddedInterface Add eth0 [10.79.161.204] from eni eni-fcf4b7e01069
2026-09-27T15:44:07.858089Z Normal Created Created container proxy
2026-09-27T15:44:11.858089Z Normal LeaderElection auth-api-18c5d8 became leader
2026-09-27T15:44:14.858089Z Normal ScalingReplicaSet Scaled up replica set ingress-nginx-controller-495ecaa3 to 5 from 2
2026-09-27T15:44:18.858089Z Normal LeaderElection oauth-a4a68c became leader
2026-09-27T15:44:21.858089Z Normal SuccessfulCreate Created pod: pay-api-4a6e1a
2026-09-27T15:44:25.858089Z Normal AddedInterface Add eth0 [10.181.165.171] from eni eni-9c0a92a2dee2
2026-09-27T15:44:29.858089Z Normal Started Started container agent
2026-09-27T15:44:32.858089Z Normal Pulled Container image "public.ecr.aws/eks/aws-node:v1.14.1" already present on machine
2026-09-27T15:44:36.858089Z Normal Synced Successfully synced ingress-nginx-controller-d37fd2
2026-09-27T15:44:39.858089Z Normal Created Created container sidecar
2026-09-27T15:44:43.858089Z Normal Synced Successfully synced aws-node-27be28
2026-09-27T15:44:47.858089Z Normal LeaderElection oauth-f0c1a9 became leader
2026-09-27T15:44:50.858089Z Normal Pulled Container image "ghcr.io/company/pay-api:2.3.1" already present on machine
2026-09-27T15:44:54.858089Z Normal Scheduled Successfully assigned observability/grafana-5ebbca to ip-10-0-2-40.ec2.internal
2026-09-27T15:44:57.858089Z Normal Scheduled Successfully assigned payments/pay-api-e68b6a to ip-10-0-1-10.ec2.internal
2026-09-27T15:45:01.858089Z Normal LeaderElection pay-api-6ddf56 became leader
2026-09-27T15:45:05.858089Z Normal SuccessfulCreate Created pod: frontend-c4d80b
2026-09-27T15:45:08.858089Z Normal Synced Successfully synced ingress-nginx-controller-d36a89
2026-09-27T15:45:12.858089Z Normal AddedInterface Add eth0 [10.86.246.138] from eni eni-26c87355b5ed
2026-09-27T15:45:15.858089Z Normal Scheduled Successfully assigned kube-system/kube-proxy-d641cc to ip-10-0-1-50.ec2.internal
2026-09-27T15:45:19.858089Z Normal SuccessfulCreate Created pod: worker-52d538
2026-09-27T15:45:23.858089Z Normal AddedInterface Add eth0 [10.247.110.47] from eni eni-391898da2156
2026-09-27T15:45:26.858089Z Normal Created Created container sidecar
2026-09-27T15:45:30.858089Z Normal Started Started container sidecar
2026-09-27T15:45:33.858089Z Normal AddedInterface Add eth0 [10.140.16.173] from eni eni-8f849ee41e03
2026-09-27T15:45:37.858089Z Normal Synced Successfully synced auth-api-32b70b
2026-09-27T15:45:41.858089Z Normal Created Created container sidecar
2026-09-27T15:45:44.858089Z Normal AddedInterface Add eth0 [10.241.255.117] from eni eni-084da110e745
2026-09-27T15:45:48.858089Z Normal AddedInterface Add eth0 [10.224.19.163] from eni eni-fff910b1bca8
2026-09-27T15:45:51.858089Z Normal ScalingReplicaSet Scaled up replica set worker-752e467d to 4 from 1
2026-09-27T15:45:55.858089Z Normal LeaderElection api-252de6 became leader
2026-09-27T15:45:59.858089Z Normal ScalingReplicaSet Scaled up replica set worker-52d24b54 to 2 from 0
2026-09-27T15:46:02.858089Z Normal Created Created container app
2026-09-27T15:46:06.858089Z Warning CrashLoopBackOff pod/ingress-nginx-controller-5cfc50 CrashLoopBackOff
2026-09-27T15:46:09.858089Z Normal Scheduled Successfully assigned auth/oauth-91050f to ip-10-0-3-20.ec2.internal
2026-09-27T15:46:13.858089Z Normal AddedInterface Add eth0 [10.51.164.67] from eni eni-b0d9b98c2fec
2026-09-27T15:46:17.858089Z Normal Started Started container proxy
2026-09-27T15:46:20.858089Z Normal Synced Successfully synced pay-worker-5d4fef
2026-09-27T15:46:24.858089Z Normal AddedInterface Add eth0 [10.129.2.241] from eni eni-34648c579ccb
2026-09-27T15:46:27.858089Z Normal Created Created container agent
2026-09-27T15:46:31.858089Z Normal ScalingReplicaSet Scaled up replica set oauth-c8e456d1 to 5 from 0
2026-09-27T15:46:35.858089Z Normal SuccessfulCreate Created pod: kube-proxy-2a9e08
2026-09-27T15:46:38.858089Z Normal Scheduled Successfully assigned default/web-166638 to ip-10-0-2-50.ec2.internal
2026-09-27T15:46:42.858089Z Normal Scheduled Successfully assigned default/frontend-abec55 to ip-10-0-5-30.ec2.internal
2026-09-27T15:46:45.858089Z Normal LeaderElection pay-worker-218b88 became leader
2026-09-27T15:46:49.858089Z Normal LeaderElection metrics-server-8fa4cd became leader
2026-09-27T15:46:53.858089Z Normal Synced Successfully synced metrics-server-5a8d61
2026-09-27T15:46:56.858089Z Normal AddedInterface Add eth0 [10.201.250.15] from eni eni-030e0dfb1ea3
2026-09-27T15:47:00.858089Z Normal LeaderElection ingress-nginx-controller-fd3af1 became leader
2026-09-27T15:47:03.858089Z Normal Created Created container sidecar
2026-09-27T15:47:07.858089Z Normal LeaderElection auth-api-b04603 became leader
2026-09-27T15:47:11.858089Z Normal LeaderElection oauth-973dad became leader
2026-09-27T15:47:14.858089Z Normal Synced Successfully synced aws-node-687b3d
2026-09-27T15:47:18.858089Z Normal Synced Successfully synced prometheus-be6490
2026-09-27T15:47:21.858089Z Normal AddedInterface Add eth0 [10.26.123.41] from eni eni-b66aaf8a66dd
2026-09-27T15:47:25.858089Z Normal LeaderElection metrics-server-193427 became leader
2026-09-27T15:47:29.858089Z Normal Created Created container app
2026-09-27T15:47:32.858089Z Normal Created Created container proxy
2026-09-27T15:47:36.858089Z Normal Pulled Container image "registry.k8s.io/coredns/coredns:v1.11.1" already present on machine
2026-09-27T15:47:39.858089Z Warning TLSHandshakeTimeout net/http: TLS handshake timeout
2026-09-27T15:47:43.858089Z Normal Synced Successfully synced ingress-nginx-controller-0a69c9
2026-09-27T15:47:47.858089Z Normal Created Created container sidecar
2026-09-27T15:47:50.858089Z Normal Pulled Container image "busybox:1.36" already present on machine
2026-09-27T15:47:54.858089Z Normal ScalingReplicaSet Scaled up replica set grafana-0b01fae0 to 4 from 2
2026-09-27T15:47:57.858089Z Normal Synced Successfully synced web-893f38
2026-09-27T15:48:01.858089Z Normal Scheduled Successfully assigned kube-system/coredns-24a315 to ip-10-0-2-20.ec2.internal
2026-09-27T15:48:05.858089Z Warning MemPressure Node ip-10-0-4-10.ec2.internal status is now: NodeHasMemoryPressure
2026-09-27T15:48:08.858089Z Warning FailedScheduling 0/3 nodes are available: node(s) had taint {node.kubernetes.io/not-ready: }
2026-09-27T15:48:12.858089Z Normal Started Started container agent
2026-09-27T15:48:15.858089Z Normal Scheduled Successfully assigned auth/auth-api-959457 to ip-10-0-5-20.ec2.internal
2026-09-27T15:48:19.858089Z Normal Synced Successfully synced auth-api-6cede3
2026-09-27T15:48:23.858089Z Warning MemPressure Node ip-10-0-2-40.ec2.internal status is now: NodeHasMemoryPressure
2026-09-27T15:48:26.858089Z Warning CrashLoopBackOff pod/ingress-nginx-controller-114018 CrashLoopBackOff
2026-09-27T15:48:30.858089Z Normal Synced Successfully synced prometheus-73fa0f
2026-09-27T15:48:33.858089Z Normal Scheduled Successfully assigned kube-system/kube-proxy-3ef75d to ip-10-0-2-30.ec2.internal
2026-09-27T15:48:37.858089Z Warning OOMKilled Container proxy in pod kube-system/aws-node-628ba2 was killed due to OOM
2026-09-27T15:48:41.858089Z Normal AddedInterface Add eth0 [10.194.140.230] from eni eni-30d46996ab9d
2026-09-27T15:48:44.858089Z Normal Pulled Container image "python:3.11-slim" already present on machine
2026-09-27T15:48:48.858089Z Normal Scheduled Successfully assigned observability/loki-fe0916 to ip-10-0-2-20.ec2.internal
2026-09-27T15:48:51.858089Z Normal Scheduled Successfully assigned ingress-nginx/ingress-nginx-controller-3afb81 to ip-10-0-4-50.ec2.internal
2026-09-27T15:48:55.858089Z Normal Scheduled Successfully assigned auth/oauth-f36558 to ip-10-0-5-10.ec2.internal
2026-09-27T15:48:59.858089Z Warning FailedCreate Error creating: pods "kube-proxy-31e512" is forbidden: error looking up service account kube-system/default: serviceaccount "default" not found
2026-09-27T15:49:02.858089Z Normal Created Created container app
2026-09-27T15:49:06.858089Z Normal Pulled Container image "registry.k8s.io/coredns/coredns:v1.11.1" already present on machine
2026-09-27T15:49:09.858089Z Normal SuccessfulCreate Created pod: api-58368f
2026-09-27T15:49:13.858089Z Normal Synced Successfully synced metrics-server-dc68a7
2026-09-27T15:49:17.858089Z Normal Started Started container sidecar
2026-09-27T15:49:20.858089Z Normal LeaderElection kube-proxy-ec5664 became leader
2026-09-27T15:49:24.858089Z Normal Synced Successfully synced ingress-nginx-controller-333878
2026-09-27T15:49:27.858089Z Normal AddedInterface Add eth0 [10.122.187.187] from eni eni-aaff9b42b0aa
2026-09-27T15:49:31.858089Z Normal Pulled Container image "ghcr.io/company/pay-api:2.3.1" already present on machine
2026-09-27T15:49:35.858089Z Normal Created Created container app
2026-09-27T15:49:38.858089Z Normal Synced Successfully synced grafana-17c828
2026-09-27T15:49:42.858089Z Normal AddedInterface Add eth0 [10.43.245.34] from eni eni-a2549e6f8c42
2026-09-27T15:49:45.858089Z Normal ScalingReplicaSet Scaled up replica set auth-api-bee70eb4 to 3 from 1
2026-09-27T15:49:49.858089Z Normal Pulled Container image "public.ecr.aws/eks/aws-node:v1.14.1" already present on machine
2026-09-27T15:49:53.858089Z Normal Pulled Container image "ghcr.io/company/pay-api:2.3.1" already present on machine
2026-09-27T15:49:56.858089Z Normal AddedInterface Add eth0 [10.99.74.243] from eni eni-9dbaded1fa12
2026-09-27T15:50:00.858089Z Normal Pulled Container image "public.ecr.aws/eks/aws-node:v1.14.1" already present on machine
2026-09-27T15:50:03.858089Z Normal Pulled Container image "nginx:1.25" already present on machine
2026-09-27T15:50:07.858089Z Normal LeaderElection kube-proxy-47a7c4 became leader
2026-09-27T15:50:11.858089Z Normal AddedInterface Add eth0 [10.148.203.58] from eni eni-0cb26d85f473
2026-09-27T15:50:14.858089Z Normal Synced Successfully synced oauth-c141f5
2026-09-27T15:50:18.858089Z Normal Synced Successfully synced aws-node-fcaa4f
2026-09-27T15:50:21.858089Z Warning FailedCreate Error creating: pods "pay-api-4b1277" is forbidden: error looking up service account payments/default: serviceaccount "default" not found
2026-09-27T15:50:25.858089Z Normal Pulled Container image "ghcr.io/company/pay-api:2.3.1" already present on machine
2026-09-27T15:50:29.858089Z Normal SuccessfulCreate Created pod: worker-142d8e
2026-09-27T15:50:32.858089Z Normal Scheduled Successfully assigned kube-system/kube-proxy-dfbf98 to ip-10-0-1-20.ec2.internal
2026-09-27T15:50:36.858089Z Normal Started Started container agent
2026-09-27T15:50:39.858089Z Normal Created Created container app
2026-09-27T15:50:43.858089Z Normal Pulled Container image "python:3.11-slim" already present on machine
2026-09-27T15:50:47.858089Z Normal SuccessfulCreate Created pod: pay-api-bcd786
2026-09-27T15:50:50.858089Z Normal Scheduled Successfully assigned payments/pay-api-5902fb to ip-10-0-4-50.ec2.internal
2026-09-27T15:50:54.858089Z Normal Pulled Container image "registry.k8s.io/coredns/coredns:v1.11.1" already present on machine
2026-09-27T15:50:57.858089Z Normal Pulled Container image "busybox:1.36" already present on machine
2026-09-27T15:51:01.858089Z Normal ScalingReplicaSet Scaled up replica set metrics-server-32d5024c to 5 from 2
2026-09-27T15:51:05.858089Z Normal Created Created container proxy
2026-09-27T15:51:08.858089Z Normal Started Started container app
2026-09-27T15:51:12.858089Z Normal Synced Successfully synced coredns-9df9fe
2026-09-27T15:51:15.858089Z Normal Started Started container proxy
2026-09-27T15:51:19.858089Z Normal Scheduled Successfully assigned auth/auth-api-52805f to ip-10-0-3-30.ec2.internal
2026-09-27T15:51:23.858089Z Normal Pulled Container image "ghcr.io/company/auth-api:1.9.0" already present on machine
2026-09-27T15:51:26.858089Z Normal Synced Successfully synced pay-api-59fad8
2026-09-27T15:51:30.858089Z Normal AddedInterface Add eth0 [10.135.152.75] from eni eni-23c9c5a9b2b2
2026-09-27T15:51:33.858089Z Normal Synced Successfully synced loki-d15fbe
2026-09-27T15:51:37.858089Z Normal Pulled Container image "registry.k8s.io/coredns/coredns:v1.11.1" already present on machine
2026-09-27T15:51:41.858089Z Normal Scheduled Successfully assigned payments/pay-api-4f4df1 to ip-10-0-1-40.ec2.internal
2026-09-27T15:51:44.858089Z Normal Started Started container proxy
2026-09-27T15:51:48.858089Z Normal AddedInterface Add eth0 [10.23.55.30] from eni eni-5453efd3ee02
2026-09-27T15:51:51.858089Z Normal Started Started container agent
2026-09-27T15:51:55.858089Z Warning FailedScheduling 0/7 nodes are available: preemption: 0/5 nodes are available: No preemption victims found for incoming pod
2026-09-27T15:51:59.858089Z Normal ScalingReplicaSet Scaled up replica set kube-proxy-ad358f88 to 5 from 1
2026-09-27T15:52:02.858089Z Normal SuccessfulCreate Created pod: pay-worker-838fd1
2026-09-27T15:52:06.858089Z Normal LeaderElection oauth-9dbf90 became leader
2026-09-27T15:52:09.858089Z Normal Pulled Container image "public.ecr.aws/eks/aws-node:v1.14.1" already present on machine
2026-09-27T15:52:13.858089Z Normal SuccessfulCreate Created pod: ingress-nginx-controller-9e85fa
2026-09-27T15:52:17.858089Z Warning ErrImagePull Failed to pull image "ghcr.io/company/auth-api:1.9.0": rpc error: code = Unknown desc = Error response from daemon: pull access denied
2026-09-27T15:52:20.858089Z Normal ScalingReplicaSet Scaled up replica set oauth-5b58054b to 5 from 2
2026-09-27T15:52:24.858089Z Normal LeaderElection auth-api-f9ac4f became leader
2026-09-27T15:52:27.858089Z Normal Scheduled Successfully assigned ingress-nginx/ingress-nginx-controller-8bb545 to ip-10-0-1-20.ec2.internal
2026-09-27T15:52:31.858089Z Normal SuccessfulCreate Created pod: kube-proxy-d7f5b1
2026-09-27T15:52:35.858089Z Normal Created Created container agent
2026-09-27T15:52:38.858089Z Normal AddedInterface Add eth0 [10.82.52.250] from eni eni-f8ba58f3f67c
2026-09-27T15:52:42.858089Z Warning OOMKilled Container app in pod observability/prometheus-f9c478 was killed due to OOM
2026-09-27T15:52:45.858089Z Normal LeaderElection oauth-c449ab became leader
2026-09-27T15:52:49.858089Z Normal Pulled Container image "ghcr.io/company/pay-api:2.3.1" already present on machine
2026-09-27T15:52:53.858089Z Normal Created Created container agent
2026-09-27T15:52:56.858089Z Normal Scheduled Successfully assigned default/api-7ec6b1 to ip-10-0-3-40.ec2.internal
2026-09-27T15:53:00.858089Z Normal SuccessfulCreate Created pod: ingress-nginx-controller-60a3b4
2026-09-27T15:53:03.858089Z Normal Scheduled Successfully assigned payments/pay-api-3055c2 to ip-10-0-3-20.ec2.internal
2026-09-27T15:53:07.858089Z Normal Scheduled Successfully assigned observability/loki-42a803 to ip-10-0-3-50.ec2.internal
2026-09-27T15:53:11.858089Z Normal Started Started container sidecar
2026-09-27T15:53:14.858089Z Normal Started Started container proxy
2026-09-27T15:53:18.858089Z Normal SuccessfulCreate Created pod: frontend-b15ccd
2026-09-27T15:53:21.858089Z Normal Pulled Container image "python:3.11-slim" already present on machine
2026-09-27T15:53:25.858089Z Normal Scheduled Successfully assigned ingress-nginx/ingress-nginx-controller-95d410 to ip-10-0-1-10.ec2.internal
2026-09-27T15:53:29.858089Z Warning FailedMount Unable to attach or mount volumes: timed out waiting for the condition
2026-09-27T15:53:32.858089Z Normal Created Created container proxy
2026-09-27T15:53:36.858089Z Normal AddedInterface Add eth0 [10.166.81.36] from eni eni-7b4c8caa86f1
2026-09-27T15:53:39.858089Z Normal LeaderElection frontend-25633b became leader
2026-09-27T15:53:43.858089Z Normal ScalingReplicaSet Scaled up replica set pay-api-768caec7 to 2 from 0
2026-09-27T15:53:47.858089Z Normal LeaderElection ingress-nginx-controller-5ad19c became leader
2026-09-27T15:53:50.858089Z Normal Synced Successfully synced loki-befb71
2026-09-27T15:53:54.858089Z Normal Started Started container proxy
2026-09-27T15:53:57.858089Z Normal AddedInterface Add eth0 [10.72.6.83] from eni eni-3c981cb50d60
2026-09-27T15:54:01.858089Z Normal Created Created container agent
2026-09-27T15:54:05.858089Z Normal ScalingReplicaSet Scaled up replica set pay-worker-a05b9141 to 2 from 2
2026-09-27T15:54:08.858089Z Normal Created Created container app
2026-09-27T15:54:12.858089Z Normal Created Created container proxy
2026-09-27T15:54:15.858089Z Normal ScalingReplicaSet Scaled up replica set grafana-fa536d88 to 5 from 1
2026-09-27T15:54:19.858089Z Normal SuccessfulCreate Created pod: oauth-9f7392
2026-09-27T15:54:23.858089Z Normal Pulled Container image "public.ecr.aws/eks/aws-node:v1.14.1" already present on machine
2026-09-27T15:54:26.858089Z Normal Created Created container agent
2026-09-27T15:54:30.858089Z Normal LeaderElection worker-bdfc9e became leader
2026-09-27T15:54:33.858089Z Normal Scheduled Successfully assigned auth/auth-api-912220 to ip-10-0-5-10.ec2.internal
2026-09-27T15:54:37.858089Z Normal Synced Successfully synced grafana-bfa6c1
2026-09-27T15:54:41.858089Z Normal Pulled Container image "public.ecr.aws/eks/aws-node:v1.14.1" already present on machine
2026-09-27T15:54:44.858089Z Normal Created Created container sidecar
2026-09-27T15:54:48.858089Z Normal Pulled Container image "ghcr.io/company/auth-api:1.9.0" already present on machine
2026-09-27T15:54:51.858089Z Normal Scheduled Successfully assigned kube-system/kube-proxy-6f7632 to ip-10-0-2-30.ec2.internal
2026-09-27T15:54:55.858089Z Normal Started Started container agent
2026-09-27T15:54:59.858089Z Warning DNSConfigForming Nameserver limits were exceeded, some nameservers have been omitted, the applied nameserver line is: 10.250.211.176 10.89.121.129 10.218.183.137 10.67.207.60 10.13.49.182
2026-09-27T15:55:02.858089Z Normal SuccessfulCreate Created pod: api-edb9c4
2026-09-27T15:55:06.858089Z Normal Started Started container proxy
2026-09-27T15:55:09.858089Z Normal Scheduled Successfully assigned auth/auth-api-6bcd4e to ip-10-0-5-30.ec2.internal
2026-09-27T15:55:13.858089Z Normal AddedInterface Add eth0 [10.59.233.152] from eni eni-9b3b95e7167b
2026-09-27T15:55:17.858089Z Normal SuccessfulCreate Created pod: oauth-c44b8c
2026-09-27T15:55:20.858089Z Normal ScalingReplicaSet Scaled up replica set worker-35326d1a to 6 from 2
2026-09-27T15:55:24.858089Z Normal Created Created container app
2026-09-27T15:55:27.858089Z Normal LeaderElection grafana-467558 became leader
2026-09-27T15:55:31.858089Z Normal ScalingReplicaSet Scaled up replica set pay-api-11d250c4 to 3 from 1
2026-09-27T15:55:35.858089Z Normal Pulled Container image "public.ecr.aws/eks/aws-node:v1.14.1" already present on machine
2026-09-27T15:55:38.858089Z Normal Created Created container sidecar
2026-09-27T15:55:42.858089Z Normal Pulled Container image "busybox:1.36" already present on machine
2026-09-27T15:55:45.858089Z Normal Pulled Container image "nginx:1.25" already present on machine
2026-09-27T15:55:49.858089Z Normal Started Started container sidecar
2026-09-27T15:55:53.858089Z Normal AddedInterface Add eth0 [10.149.14.160] from eni eni-e199c63bb7cf
2026-09-27T15:55:56.858089Z Normal Pulled Container image "registry.k8s.io/coredns/coredns:v1.11.1" already present on machine
2026-09-27T15:56:00.858089Z Normal AddedInterface Add eth0 [10.245.221.75] from eni eni-d19ef3b6aac1
2026-09-27T15:56:03.858089Z Normal LeaderElection pay-worker-4da3ab became leader
2026-09-27T15:56:07.858089Z Normal Scheduled Successfully assigned payments/pay-worker-16a51c to ip-10-0-2-10.ec2.internal
2026-09-27T15:56:11.858089Z Normal Synced Successfully synced web-d49f02
2026-09-27T15:56:14.858089Z Normal Synced Successfully synced ingress-nginx-controller-85f390
2026-09-27T15:56:18.858089Z Normal LeaderElection frontend-e87522 became leader
2026-09-27T15:56:21.858089Z Normal Synced Successfully synced loki-34bd47
2026-09-27T15:56:25.858089Z Normal AddedInterface Add eth0 [10.26.207.69] from eni eni-598f210e0737
2026-09-27T15:56:29.858089Z Normal AddedInterface Add eth0 [10.69.146.88] from eni eni-a02b8c327b13
2026-09-27T15:56:32.858089Z Normal Created Created container proxy
2026-09-27T15:56:36.858089Z Normal Synced Successfully synced pay-worker-fb3b98
2026-09-27T15:56:39.858089Z Warning Unhealthy Readiness probe failed: Get "http://10.55.211.133:8080/health": dial tcp 10.55.211.133:8080: i/o timeout
2026-09-27T15:56:43.858089Z Normal ScalingReplicaSet Scaled up replica set prometheus-8239023a to 2 from 0
2026-09-27T15:56:47.858089Z Normal SuccessfulCreate Created pod: pay-api-c667a9
2026-09-27T15:56:50.858089Z Normal SuccessfulCreate Created pod: oauth-13a6fb
2026-09-27T15:56:54.858089Z Normal Created Created container proxy
2026-09-27T15:56:57.858089Z Normal AddedInterface Add eth0 [10.176.79.158] from eni eni-ffc14cccd643
2026-09-27T15:57:01.858089Z Normal LeaderElection ingress-nginx-controller-f0b8ab became leader
2026-09-27T15:57:05.858089Z Normal ScalingReplicaSet Scaled up replica set kube-proxy-c091e488 to 5 from 0
2026-09-27T15:57:08.858089Z Normal Pulled Container image "ghcr.io/company/auth-api:1.9.0" already present on machine
2026-09-27T15:57:12.858089Z Normal ScalingReplicaSet Scaled up replica set kube-proxy-c6705079 to 5 from 0
2026-09-27T15:57:15.858089Z Normal Synced Successfully synced pay-worker-85cfa3
2026-09-27T15:57:19.858089Z Normal Pulled Container image "busybox:1.36" already present on machine
2026-09-27T15:57:23.858089Z Normal Pulled Container image "nginx:1.25" already present on machine
2026-09-27T15:57:26.858089Z Normal Created Created container agent
2026-09-27T15:57:30.858089Z Normal Pulled Container image "busybox:1.36" already present on machine
2026-09-27T15:57:33.858089Z Normal Synced Successfully synced ingress-nginx-controller-77b5cd
2026-09-27T15:57:37.858089Z Warning Unhealthy Readiness probe failed: Get "http://10.23.51.120:9090/health": dial tcp 10.23.51.120:9090: i/o timeout
2026-09-27T15:57:41.858089Z Normal Created Created container proxy
2026-09-27T15:57:44.858089Z Warning TLSHandshakeTimeout net/http: TLS handshake timeout
2026-09-27T15:57:48.858089Z Normal ScalingReplicaSet Scaled up replica set frontend-566238af to 6 from 0
2026-09-27T15:57:51.858089Z Warning OOMKilled Container proxy in pod kube-system/kube-proxy-bd2d94 was killed due to OOM
2026-09-27T15:57:55.858089Z Normal Synced Successfully synced aws-node-df01f1
2026-09-27T15:57:59.858089Z Normal Pulled Container image "ghcr.io/company/auth-api:1.9.0" already present on machine
2026-09-27T15:58:02.858089Z Normal Pulled Container image "registry.k8s.io/coredns/coredns:v1.11.1" already present on machine
2026-09-27T15:58:06.858089Z Normal Created Created container app
2026-09-27T15:58:09.858089Z Normal LeaderElection loki-310e43 became leader
2026-09-27T15:58:13.858089Z Warning Unhealthy Readiness probe failed: Get "http://10.169.179.70:443/health": dial tcp 10.169.179.70:443: i/o timeout
2026-09-27T15:58:17.858089Z Normal Synced Successfully synced frontend-b2b2cc
2026-09-27T15:58:20.858089Z Warning FailedMount Unable to attach or mount volumes: timed out waiting for the condition
2026-09-27T15:58:24.858089Z Normal Started Started container app
2026-09-27T15:58:27.858089Z Normal Created Created container app
2026-09-27T15:58:31.858089Z Normal LeaderElection prometheus-a63eae became leader
2026-09-27T15:58:35.858089Z Normal Pulled Container image "ghcr.io/company/pay-api:2.3.1" already present on machine
2026-09-27T15:58:38.858089Z Warning FailedScheduling 0/8 nodes are available: Insufficient memory
2026-09-27T15:58:42.858089Z Normal SuccessfulCreate Created pod: loki-3dc1c7
2026-09-27T15:58:45.858089Z Normal ScalingReplicaSet Scaled up replica set oauth-00546e87 to 5 from 0
2026-09-27T15:58:49.858089Z Normal Pulled Container image "public.ecr.aws/eks/aws-node:v1.14.1" already present on machine
2026-09-27T15:58:53.858089Z Normal SuccessfulCreate Created pod: pay-api-c66f66
2026-09-27T15:58:56.858089Z Warning ImagePullBackOff Back-off pulling image "ghcr.io/company/pay-api:2.3.1"
2026-09-27T15:59:00.858089Z Normal Scheduled Successfully assigned auth/oauth-4269f9 to ip-10-0-5-50.ec2.internal
2026-09-27T15:59:03.858089Z Normal LeaderElection auth-api-40ad39 became leader
2026-09-27T15:59:07.858089Z Normal SuccessfulCreate Created pod: prometheus-9432cd
2026-09-27T15:59:11.858089Z Normal Pulled Container image "registry.k8s.io/coredns/coredns:v1.11.1" already present on machine
2026-09-27T15:59:14.858089Z Normal Started Started container agent
2026-09-27T15:59:18.858089Z Normal SuccessfulCreate Created pod: oauth-d91b20
2026-09-27T15:59:21.858089Z Normal Started Started container app
2026-09-27T15:59:25.858089Z Warning FailedCreate Error creating: pods "pay-api-b457ef" is forbidden: error looking up service account payments/default: serviceaccount "default" not found
2026-09-27T15:59:29.858089Z Normal SuccessfulCreate Created pod: aws-node-60fc6a
2026-09-27T15:59:32.858089Z Normal Scheduled Successfully assigned auth/auth-api-61ac59 to ip-10-0-1-10.ec2.internal
2026-09-27T15:59:36.858089Z Normal ScalingReplicaSet Scaled up replica set auth-api-eff75bf5 to 5 from 1
2026-09-27T15:59:39.858089Z Normal SuccessfulCreate Created pod: coredns-8b66a4
2026-09-27T15:59:43.858089Z Normal Synced Successfully synced frontend-e76052
2026-09-27T15:59:47.858089Z Normal SuccessfulCreate Created pod: ingress-nginx-controller-0afe6f
2026-09-27T15:59:50.858089Z Normal Synced Successfully synced prometheus-bd2aad
2026-09-27T15:59:54.858089Z Normal Synced Successfully synced grafana-0cb4f4
2026-09-27T15:59:57.858089Z Normal Created Created container proxy
2026-09-27T16:00:01.858089Z Normal Started Started container sidecar
2026-09-27T16:00:05.858089Z Normal Started Started container sidecar
2026-09-27T16:00:08.858089Z Normal ScalingReplicaSet Scaled up replica set metrics-server-2893361e to 6 from 0
2026-09-27T16:00:12.858089Z Normal ScalingReplicaSet Scaled up replica set web-61ed5078 to 5 from 0
2026-09-27T16:00:15.858089Z Normal Started Started container app
2026-09-27T16:00:19.858089Z Normal Created Created container proxy
2026-09-27T16:00:23.858089Z Normal Created Created container agent
2026-09-27T16:00:26.858089Z Normal Pulled Container image "python:3.11-slim" already present on machine
2026-09-27T16:00:30.858089Z Normal LeaderElection aws-node-07df47 became leader
2026-09-27T16:00:33.858089Z Normal Synced Successfully synced pay-worker-271f05
2026-09-27T16:00:37.858089Z Normal Scheduled Successfully assigned observability/grafana-e8f103 to ip-10-0-4-10.ec2.internal
2026-09-27T16:00:41.858089Z Normal Synced Successfully synced aws-node-965140
2026-09-27T16:00:44.858089Z Normal ScalingReplicaSet Scaled up replica set prometheus-e839a3fd to 2 from 1
2026-09-27T16:00:48.858089Z Normal Pulled Container image "public.ecr.aws/eks/aws-node:v1.14.1" already present on machine
2026-09-27T16:00:51.858089Z Normal Started Started container app
2026-09-27T16:00:55.858089Z Normal ScalingReplicaSet Scaled up replica set kube-proxy-b4b15bec to 5 from 0
2026-09-27T16:00:59.858089Z Normal ScalingReplicaSet Scaled up replica set frontend-b7bdff23 to 6 from 1
2026-09-27T16:01:02.858089Z Normal Pulled Container image "registry.k8s.io/coredns/coredns:v1.11.1" already present on machine
2026-09-27T16:01:06.858089Z Normal Synced Successfully synced api-f842ec
2026-09-27T16:01:09.858089Z Normal Pulled Container image "registry.k8s.io/coredns/coredns:v1.11.1" already present on machine
2026-09-27T16:01:13.858089Z Normal Started Started container sidecar
2026-09-27T16:01:17.858089Z Normal Synced Successfully synced pay-api-d55f69
2026-09-27T16:01:20.858089Z Warning DNSConfigForming Nameserver limits were exceeded, some nameservers have been omitted, the applied nameserver line is: 10.39.211.194 10.189.102.177 10.174.185.188 10.32.186.165 10.102.79.16
2026-09-27T16:01:24.858089Z Normal Created Created container agent
2026-09-27T16:01:27.858089Z Normal Started Started container proxy
2026-09-27T16:01:31.858089Z Normal Pulled Container image "busybox:1.36" already present on machine
2026-09-27T16:01:35.858089Z Normal SuccessfulCreate Created pod: pay-worker-89c30d
2026-09-27T16:01:38.858089Z Normal ScalingReplicaSet Scaled up replica set loki-ee9fde69 to 2 from 0
2026-09-27T16:01:42.858089Z Normal Pulled Container image "registry.k8s.io/coredns/coredns:v1.11.1" already present on machine
2026-09-27T16:01:45.858089Z Normal Started Started container proxy
2026-09-27T16:01:49.858089Z Normal Started Started container sidecar
2026-09-27T16:01:53.858089Z Normal Started Started container proxy
2026-09-27T16:01:56.858089Z Warning NodeNotReady Node ip-10-0-2-40.ec2.internal status is now: NodeNotReady
2026-09-27T16:02:00.858089Z Normal AddedInterface Add eth0 [10.241.6.166] from eni eni-64db18e56a86
2026-09-27T16:02:03.858089Z Normal AddedInterface Add eth0 [10.113.88.221] from eni eni-c6846b0bcefd
2026-09-27T16:02:07.858089Z Normal Started Started container sidecar
2026-09-27T16:02:11.858089Z Normal Started Started container proxy
2026-09-27T16:02:14.858089Z Normal LeaderElection pay-worker-f908a5 became leader
2026-09-27T16:02:18.858089Z Normal AddedInterface Add eth0 [10.190.169.190] from eni eni-00ab8cfa9fb0
2026-09-27T16:02:21.858089Z Normal Scheduled Successfully assigned ingress-nginx/ingress-nginx-controller-63ed6b to ip-10-0-1-40.ec2.internal
2026-09-27T16:02:25.858089Z Normal Started Started container proxy
2026-09-27T16:02:29.858089Z Normal Started Started container agent
2026-09-27T16:02:32.858089Z Normal Started Started container sidecar
2026-09-27T16:02:36.858089Z Normal AddedInterface Add eth0 [10.255.45.170] from eni eni-adfd65b24eec
2026-09-27T16:02:39.858089Z Normal LeaderElection pay-worker-4aba1c became leader
2026-09-27T16:02:43.858089Z Normal Scheduled Successfully assigned kube-system/metrics-server-8afcf0 to ip-10-0-5-40.ec2.internal
2026-09-27T16:02:47.858089Z Normal ScalingReplicaSet Scaled up replica set auth-api-df0f6295 to 5 from 2
2026-09-27T16:02:50.858089Z Normal AddedInterface Add eth0 [10.45.142.46] from eni eni-e4421f71dc79
2026-09-27T16:02:54.858089Z Normal Pulled Container image "nginx:1.25" already present on machine
2026-09-27T16:02:57.858089Z Normal SuccessfulCreate Created pod: web-ca5dc8
2026-09-27T16:03:01.858089Z Normal ScalingReplicaSet Scaled up replica set auth-api-2ce60395 to 4 from 0
2026-09-27T16:03:05.858089Z Normal AddedInterface Add eth0 [10.149.139.92] from eni eni-5fd4adc5dc1e
2026-09-27T16:03:08.858089Z Normal Scheduled Successfully assigned payments/pay-worker-41cfa8 to ip-10-0-4-30.ec2.internal
2026-09-27T16:03:12.858089Z Normal LeaderElection web-44bed9 became leader
2026-09-27T16:03:15.858089Z Normal Synced Successfully synced pay-worker-ded52e
2026-09-27T16:03:19.858089Z Normal LeaderElection grafana-c087db became leader
2026-09-27T16:03:23.858089Z Normal AddedInterface Add eth0 [10.171.91.35] from eni eni-4feecc73ab8f
2026-09-27T16:03:26.858089Z Normal Synced Successfully synced auth-api-bbe5e0
2026-09-27T16:03:30.858089Z Normal Started Started container app
2026-09-27T16:03:33.858089Z Normal SuccessfulCreate Created pod: grafana-6e1fa0
2026-09-27T16:03:37.858089Z Normal LeaderElection auth-api-7d860e became leader
2026-09-27T16:03:41.858089Z Normal Scheduled Successfully assigned auth/oauth-daa945 to ip-10-0-1-20.ec2.internal
2026-09-27T16:03:44.858089Z Warning FailedCreate Error creating: pods "pay-worker-98bfda" is forbidden: error looking up service account payments/default: serviceaccount "default" not found
2026-09-27T16:03:48.858089Z Normal Scheduled Successfully assigned observability/grafana-806355 to ip-10-0-3-30.ec2.internal
2026-09-27T16:03:51.858089Z Normal LeaderElection grafana-b269bc became leader
2026-09-27T16:03:55.858089Z Warning NodeNotReady Node ip-10-0-4-20.ec2.internal status is now: NodeNotReady
2026-09-27T16:03:59.858089Z Normal Synced Successfully synced api-28cb5c
2026-09-27T16:04:02.858089Z Normal Started Started container proxy
2026-09-27T16:04:06.858089Z Normal Synced Successfully synced oauth-0ff1ff
2026-09-27T16:04:09.858089Z Normal AddedInterface Add eth0 [10.216.224.69] from eni eni-2688eb18c748
2026-09-27T16:04:13.858089Z Normal Scheduled Successfully assigned auth/oauth-3b58ea to ip-10-0-1-50.ec2.internal
2026-09-27T16:04:17.858089Z Normal AddedInterface Add eth0 [10.162.76.40] from eni eni-e8e5cc998c83
2026-09-27T16:04:20.858089Z Normal Pulled Container image "public.ecr.aws/eks/aws-node:v1.14.1" already present on machine
2026-09-27T16:04:24.858089Z Normal Pulled Container image "python:3.11-slim" already present on machine
2026-09-27T16:04:27.858089Z Normal ScalingReplicaSet Scaled up replica set ingress-nginx-controller-419ae1c7 to 2 from 1
2026-09-27T16:04:31.858089Z Normal AddedInterface Add eth0 [10.204.188.138] from eni eni-791f88744c64
2026-09-27T16:04:35.858089Z Normal LeaderElection ingress-nginx-controller-00c9e2 became leader
2026-09-27T16:04:38.858089Z Normal SuccessfulCreate Created pod: pay-api-af95af
2026-09-27T16:04:42.858089Z Normal ScalingReplicaSet Scaled up replica set pay-worker-17643e0d to 6 from 2
2026-09-27T16:04:45.858089Z Warning Unhealthy Readiness probe failed: Get "http://10.7.47.3:80/health": dial tcp 10.7.47.3:80: i/o timeout
2026-09-27T16:04:49.858089Z Normal ScalingReplicaSet Scaled up replica set pay-api-63bfe6c7 to 6 from 2
2026-09-27T16:04:53.858089Z Normal SuccessfulCreate Created pod: auth-api-f66118
2026-09-27T16:04:56.858089Z Warning DNSConfigForming Nameserver limits were exceeded, some nameservers have been omitted, the applied nameserver line is: 10.53.140.83 10.104.82.238 10.100.122.44 10.46.110.184 10.18.35.217
2026-09-27T16:05:00.858089Z Normal SuccessfulCreate Created pod: pay-api-769534
2026-09-27T16:05:03.858089Z Normal ScalingReplicaSet Scaled up replica set worker-f0bca853 to 3 from 0
2026-09-27T16:05:07.858089Z Normal Started Started container agent
2026-09-27T16:05:11.858089Z Normal LeaderElection frontend-ecfc70 became leader
2026-09-27T16:05:14.858089Z Normal SuccessfulCreate Created pod: grafana-ded492
2026-09-27T16:05:18.858089Z Normal Started Started container app
2026-09-27T16:05:21.858089Z Normal Created Created container app
2026-09-27T16:05:25.858089Z Normal Pulled Container image "registry.k8s.io/coredns/coredns:v1.11.1" already present on machine
2026-09-27T16:05:29.858089Z Normal Started Started container proxy
2026-09-27T16:05:32.858089Z Normal Scheduled Successfully assigned auth/oauth-f096b9 to ip-10-0-1-50.ec2.internal
2026-09-27T16:05:36.858089Z Normal Synced Successfully synced pay-api-1e09e7
2026-09-27T16:05:39.858089Z Normal Synced Successfully synced web-9baf18
2026-09-27T16:05:43.858089Z Normal Created Created container sidecar
2026-09-27T16:05:47.858089Z Normal AddedInterface Add eth0 [10.85.47.145] from eni eni-fcd85955d8b4
2026-09-27T16:05:50.858089Z Normal Scheduled Successfully assigned ingress-nginx/ingress-nginx-controller-a6ed04 to ip-10-0-4-40.ec2.internal
2026-09-27T16:05:54.858089Z Normal Scheduled Successfully assigned auth/auth-api-521192 to ip-10-0-3-20.ec2.internal
2026-09-27T16:05:57.858089Z Normal Pulled Container image "registry.k8s.io/coredns/coredns:v1.11.1" already present on machine
2026-09-27T16:06:01.858089Z Normal Scheduled Successfully assigned payments/pay-api-583b95 to ip-10-0-2-10.ec2.internal
2026-09-27T16:06:05.858089Z Warning FailedScheduling 0/3 nodes are available: Insufficient memory
2026-09-27T16:06:08.858089Z Normal AddedInterface Add eth0 [10.46.101.100] from eni eni-e1d3d52cd1c3
2026-09-27T16:06:12.858089Z Normal LeaderElection metrics-server-212b1a became leader
2026-09-27T16:06:15.858089Z Warning MemPressure Node ip-10-0-1-30.ec2.internal status is now: NodeHasMemoryPressure
2026-09-27T16:06:19.858089Z Normal ScalingReplicaSet Scaled up replica set grafana-96fd3084 to 4 from 0
2026-09-27T16:06:23.858089Z Normal Pulled Container image "ghcr.io/company/pay-api:2.3.1" already present on machine
2026-09-27T16:06:26.858089Z Normal Started Started container agent
2026-09-27T16:06:30.858089Z Normal Started Started container app
2026-09-27T16:06:33.858089Z Normal Scheduled Successfully assigned kube-system/kube-proxy-964951 to ip-10-0-3-40.ec2.internal
2026-09-27T16:06:37.858089Z Normal Scheduled Successfully assigned payments/pay-api-38edd6 to ip-10-0-3-50.ec2.internal
2026-09-27T16:06:41.858089Z Normal Scheduled Successfully assigned payments/pay-api-ba343c to ip-10-0-5-30.ec2.internal
2026-09-27T16:06:44.858089Z Normal Pulled Container image "registry.k8s.io/coredns/coredns:v1.11.1" already present on machine
2026-09-27T16:06:48.858089Z Warning DiskPressure Node ip-10-0-3-50.ec2.internal status is now: NodeHasDiskPressure
2026-09-27T16:06:51.858089Z Normal ScalingReplicaSet Scaled up replica set web-76cc672a to 6 from 0
2026-09-27T16:06:55.858089Z Normal Scheduled Successfully assigned kube-system/coredns-26f9e4 to ip-10-0-2-10.ec2.internal
2026-09-27T16:06:59.858089Z Normal SuccessfulCreate Created pod: oauth-ef8b5e
2026-09-27T16:07:02.858089Z Normal Synced Successfully synced auth-api-a684a5
2026-09-27T16:07:06.858089Z Normal SuccessfulCreate Created pod: pay-api-4ce343
2026-09-27T16:07:09.858089Z Normal SuccessfulCreate Created pod: oauth-9d2291
2026-09-27T16:07:13.858089Z Warning TLSHandshakeTimeout net/http: TLS handshake timeout
2026-09-27T16:07:17.858089Z Normal ScalingReplicaSet Scaled up replica set auth-api-a733da63 to 2 from 2
2026-09-27T16:07:20.858089Z Normal LeaderElection ingress-nginx-controller-36d2d1 became leader
2026-09-27T16:07:24.858089Z Normal Pulled Container image "registry.k8s.io/coredns/coredns:v1.11.1" already present on machine
2026-09-27T16:07:27.858089Z Normal AddedInterface Add eth0 [10.75.190.105] from eni eni-4d1d09081e9b
2026-09-27T16:07:31.858089Z Warning MemPressure Node ip-10-0-5-30.ec2.internal status is now: NodeHasMemoryPressure
2026-09-27T16:07:35.858089Z Normal Scheduled Successfully assigned payments/pay-api-16acc0 to ip-10-0-3-10.ec2.internal
2026-09-27T16:07:38.858089Z Normal AddedInterface Add eth0 [10.181.208.229] from eni eni-f04b63a58353
2026-09-27T16:07:42.858089Z Normal AddedInterface Add eth0 [10.224.76.219] from eni eni-c9f95b812137
2026-09-27T16:07:45.858089Z Normal Created Created container proxy
2026-09-27T16:07:49.858089Z Normal Created Created container sidecar
2026-09-27T16:07:53.858089Z Normal LeaderElection pay-worker-ffec6c became leader
2026-09-27T16:07:56.858089Z Normal Created Created container proxy
2026-09-27T16:08:00.858089Z Normal LeaderElection oauth-39dc99 became leader
2026-09-27T16:08:03.858089Z Normal ScalingReplicaSet Scaled up replica set pay-api-395e0889 to 2 from 1
2026-09-27T16:08:07.858089Z Normal ScalingReplicaSet Scaled up replica set pay-worker-5626c799 to 3 from 0
2026-09-27T16:08:11.858089Z Normal ScalingReplicaSet Scaled up replica set api-4941a4be to 4 from 2
2026-09-27T16:08:14.858089Z Normal Created Created container app
2026-09-27T16:08:18.858089Z Normal Synced Successfully synced oauth-67fdcc
2026-09-27T16:08:21.858089Z Normal Started Started container app
2026-09-27T16:08:25.858089Z Normal AddedInterface Add eth0 [10.21.24.77] from eni eni-6d1591ee63b6
2026-09-27T16:08:29.858089Z Normal AddedInterface Add eth0 [10.99.4.248] from eni eni-5dcc4936414b
2026-09-27T16:08:32.858089Z Normal Started Started container proxy
2026-09-27T16:08:36.858089Z Normal Synced Successfully synced ingress-nginx-controller-88dd1a
2026-09-27T16:08:39.858089Z Normal Pulled Container image "ghcr.io/company/auth-api:1.9.0" already present on machine
2026-09-27T16:08:43.858089Z Normal Synced Successfully synced pay-api-6b554d
